organization_name,department_name,department_name_harmonised
Alfred-Wegener-Institut Helmholtz-Zentrum für Polar- und Meeresforschung,AWI – Alfred Wegener Institute,Alfred-Wegener-Institut Helmholtz-Zentrum für Polar- und Meeresforschung
Alfred-Wegener-Institut Helmholtz-Zentrum für Polar- und Meeresforschung,AWI),Alfred-Wegener-Institut Helmholtz-Zentrum für Polar- und Meeresforschung
Alfred-Wegener-Institut Helmholtz-Zentrum für Polar- und Meeresforschung,Alfred Wegener Institute,Alfred-Wegener-Institut Helmholtz-Zentrum für Polar- und Meeresforschung
Alfred-Wegener-Institut Helmholtz-Zentrum für Polar- und Meeresforschung,Alfred Wegener Institute Helmholtz Center for Polar and Marine Research,Alfred-Wegener-Institut Helmholtz-Zentrum für Polar- und Meeresforschung
Alfred-Wegener-Institut Helmholtz-Zentrum für Polar- und Meeresforschung,Alfred Wegener Institute Helmholtz Centre for Polar and Marine Research,Alfred-Wegener-Institut Helmholtz-Zentrum für Polar- und Meeresforschung
Alfred-Wegener-Institut Helmholtz-Zentrum für Polar- und Meeresforschung,Alfred Wegener Institute Helmholtz Zentrum für Polar‐ und Meeresforschung,Alfred-Wegener-Institut Helmholtz-Zentrum für Polar- und Meeresforschung
Alfred-Wegener-Institut Helmholtz-Zentrum für Polar- und Meeresforschung,Alfred Wegener Institute for Polar and Marine Research,Alfred-Wegener-Institut Helmholtz-Zentrum für Polar- und Meeresforschung
Alfred-Wegener-Institut Helmholtz-Zentrum für Polar- und Meeresforschung,Alfred Wegener Institute for Polar and Marine Research Bremerhaven Germany,Alfred-Wegener-Institut Helmholtz-Zentrum für Polar- und Meeresforschung
Alfred-Wegener-Institut Helmholtz-Zentrum für Polar- und Meeresforschung,Alfred Wegener Institute for Polar and Marine Research Bremerhaven and Universität Bremen,Alfred-Wegener-Institut Helmholtz-Zentrum für Polar- und Meeresforschung
Alfred-Wegener-Institut Helmholtz-Zentrum für Polar- und Meeresforschung,Alfred Wegener Institute for Polar and Marine Science,Alfred-Wegener-Institut Helmholtz-Zentrum für Polar- und Meeresforschung
Alfred-Wegener-Institut Helmholtz-Zentrum für Polar- und Meeresforschung,Alfred Wegener Institute – Helmholz Centre for Polar and Marine Research (AWI),Alfred-Wegener-Institut Helmholtz-Zentrum für Polar- und Meeresforschung
Alfred-Wegener-Institut Helmholtz-Zentrum für Polar- und Meeresforschung,Alfred-Wegener Institute,Alfred-Wegener-Institut Helmholtz-Zentrum für Polar- und Meeresforschung
Alfred-Wegener-Institut Helmholtz-Zentrum für Polar- und Meeresforschung,Alfred-Wegener Institute for Polar and Marine Research,Alfred-Wegener-Institut Helmholtz-Zentrum für Polar- und Meeresforschung
Alfred-Wegener-Institut Helmholtz-Zentrum für Polar- und Meeresforschung,Alfred-Wegener-Institut,Alfred-Wegener-Institut Helmholtz-Zentrum für Polar- und Meeresforschung
Alfred-Wegener-Institut Helmholtz-Zentrum für Polar- und Meeresforschung,Alfred-Wegener-Institut Helmholtz-Zentrum für Polar-und Meeresforschung,Alfred-Wegener-Institut Helmholtz-Zentrum für Polar- und Meeresforschung
Alfred-Wegener-Institut Helmholtz-Zentrum für Polar- und Meeresforschung,Alfred-Wegener-Institut für Polar- und Meeresforschung,Alfred-Wegener-Institut Helmholtz-Zentrum für Polar- und Meeresforschung
Alfred-Wegener-Institut Helmholtz-Zentrum für Polar- und Meeresforschung,Alfred-Wegener-Institut für Polar- und Meeresforschung; Bremerhaven Germany,Alfred-Wegener-Institut Helmholtz-Zentrum für Polar- und Meeresforschung
Alfred-Wegener-Institut Helmholtz-Zentrum für Polar- und Meeresforschung,Alfred-Wegener-Institute,Alfred-Wegener-Institut Helmholtz-Zentrum für Polar- und Meeresforschung
Alfred-Wegener-Institut Helmholtz-Zentrum für Polar- und Meeresforschung,Alfred-Wegener-Institute (AWI),Alfred-Wegener-Institut Helmholtz-Zentrum für Polar- und Meeresforschung
Alfred-Wegener-Institut Helmholtz-Zentrum für Polar- und Meeresforschung,Alfred-Wegener-Institute Helmholtz Centre for Polar and Marine Research,Alfred-Wegener-Institut Helmholtz-Zentrum für Polar- und Meeresforschung
Alfred-Wegener-Institut Helmholtz-Zentrum für Polar- und Meeresforschung,Alfred-Wegner-Institute - Helmholtz Centre for Polar and Marine Research,Alfred-Wegener-Institut Helmholtz-Zentrum für Polar- und Meeresforschung
Alfred-Wegener-Institut Helmholtz-Zentrum für Polar- und Meeresforschung,Alfred‐Wegener‐Institut Helmholtz‐Zentrum für Polar‐ und Meeresforschung,Alfred-Wegener-Institut Helmholtz-Zentrum für Polar- und Meeresforschung
Alfred-Wegener-Institut Helmholtz-Zentrum für Polar- und Meeresforschung,Department of Marine Geology Alfred‐Wegener‐Institut Helmholtz‐Zentrum für Polar‐ und Meeresforschung,Department for Marine Geology
Alfred-Wegener-Institut Helmholtz-Zentrum für Polar- und Meeresforschung,MARUM—Center for Marine Environmental Sciences and Faculty of Geosciences,MARUM
Alfred-Wegener-Institute,IPCC WGII Technical Support Unit,IPCC WGII Technical Support Unit
Arizona State University,GEOMAR Helmholtz Centre for Ocean Research Kiel; Kiel Germany,GEOMAR
Asklepios,Vascular and Endovascular Surgery,Department of Vascular & Endovascular Surgery
Asklepios Klinik Wandsbek,Department of Vascular and Endovascular Surgery,Department of Vascular & Endovascular Surgery
Beiersdorf AG,Supply Chain Controlling / Supply Chain,Supply Chain & Supply Chain Controlling
Beijing Institute of Technology,School of Management & Economics,School of Management and Economics
Berlin Institute of Health at Charité - Universitätsmedizin Berlin,Berlin Institute of Health,Berlin Institute of Health at Charité - Universitätsmedizin Berlin
Berlin Institute of Health at Charité - Universitätsmedizin Berlin,Berlin Institute of Health at Charité – Universitätsmedizin Berlin (BIH),Berlin Institute of Health at Charité - Universitätsmedizin Berlin
Bernhard Nocht Institute for Tropical Medicine,BNITM),Bernhard Nocht Institute for Tropical Medicine
Bernhard Nocht Institute for Tropical Medicine,Bernhard Nocht Centre for Clinical Trials (BNCCT),Bernhard Nocht Institute for Tropical Medicine
Bernhard Nocht Institute for Tropical Medicine,Bernhard Nocht Institut für Tropenmedizin (BNITM) & Universitätsklinikum Hamburg-Eppendorf (UKE),Bernhard Nocht Institute for Tropical Medicine
Bernhard Nocht Institute for Tropical Medicine,Bernhard-Nocht-Institut für Tropenmedizin,Bernhard Nocht Institute for Tropical Medicine
Bernhard Nocht Institute for Tropical Medicine,Bernhard-Nocht-Institut für Tropenmedizin Hamburg,Bernhard Nocht Institute for Tropical Medicine
Bernhard Nocht Institute for Tropical Medicine,Bernhard-Nocht-Institute for Tropical Medicine,Bernhard Nocht Institute for Tropical Medicine
Bernhard-Nocht-Institut für Tropenmedizin,Department of Clinical Immunology of Infectious Diseases,Department of Clinical Immunology of Infectious Diseases
Bernhard-Nocht-Institut für Tropenmedizin,Department of Clinical Research,Department of Clinical Research
Bernhard-Nocht-Institut für Tropenmedizin,Infectious Disease Epidemiology,Infectious Disease Epidemiology
Bernhard-Nocht-Institut für Tropenmedizin,Virology,Department of Virology
Bernhard-Nocht-Institut für Tropenmedizin,Virology / WHO Collaborating Centre for Arboviruses and Hemorrhagic Fever Reference and Research,Department of Virology
Bethesda Hospital Bergedorf,Clinic for Psychiatry and Psychotherapy,Clinic for Psychiatry and Psychotherapy
Bundesforschungsanstalt für Forst- und Holzwirtschaft,Institut für Holzphysik und mechanische Technologie des Holzes,Institut für Holzphysik und mechanische Technologie des Holzes
CAU Kiel,Agricultural Economics,Department of Agricultural Economics
CAU Kiel,Agricultural economics,Department of Agricultural Economics
CAU Kiel,Animal Nutrition and Physiology,Institute of Animal Nutrition and Physiology
CAU Kiel,"Animal hygiene & health, Food Microbiology","Animal Hygiene & health, Food microbiology"
CAU Kiel,Archaeological Stable Isotope Laboratory (ASIL),Archaeological Stable Isotope Laboratory
CAU Kiel,Art history,Institute for Art History
CAU Kiel,Biochemical  Institute,Biochemisches Institut
CAU Kiel,Biology,Institute of Biology Education
CAU Kiel,Botanisches Institut,Botanical Institute & Garden
CAU Kiel,CAU - Christian-Albrechts-Universität zu Kiel = Christian-Albrechts University of Kiel = Université Christian-Albrechts de Kiel (Christian-Albrechts-Platz 4,CAU Kiel
CAU Kiel,CESifo (Center for Economic Studies and Ifo Institute),CESifo
CAU Kiel,CRC1266: Dimension of Transformation,Dimensions of Transformation
CAU Kiel,Center for Ocean and Society,Center for Ocean and Society
CAU Kiel,Center for Ocean and Society (CeOS) /  Institute of Geosciences,Center for Ocean and Society
CAU Kiel,Chair of Power Electronics,Power Electronics Chair
CAU Kiel,Chinazentrum,China Centre
CAU Kiel,Chinazentrum der Christian-Albrechts-Universität zu Kiel,China Centre
CAU Kiel,Christian Albrecht University of Kiel,CAU Kiel
CAU Kiel,Christian Albrechts Universitat Kiel,CAU Kiel
CAU Kiel,Christian Albrechts University Kiel,CAU Kiel
CAU Kiel,Christian Albrechts University of Kiel,CAU Kiel
CAU Kiel,Christian Albrechts-University of Kiel - Department of Soil and Plant Microbiome,Department of Soil and Plant Microbiome
CAU Kiel,Christian-Albrecht University,CAU Kiel
CAU Kiel,Christian-Albrechts Univ.,CAU Kiel
CAU Kiel,Christian-Albrechts Universitaet,CAU Kiel
CAU Kiel,Christian-Albrechts University,CAU Kiel
CAU Kiel,Christian-Albrechts University of Kiel,CAU Kiel
CAU Kiel,Christian-Albrechts University.,CAU Kiel
CAU Kiel,Christian-Albrechts-Universitat zu Kiel,CAU Kiel
CAU Kiel,Christian-Albrechts-Universitat zu Kiel (IfG),CAU Kiel
CAU Kiel,Christian-Albrechts-UniversitÄt zu Kiel,CAU Kiel
CAU Kiel,Christian-Albrechts-Universität,CAU Kiel
CAU Kiel,Christian-Albrechts-Universität Kiel,CAU Kiel
CAU Kiel,Christian-Albrechts-Universität zu Kiel (CAU),CAU Kiel
CAU Kiel,Christiana Albertina University of Kiel,CAU Kiel
CAU Kiel,Christian‐Albrechts‐ Universität Kiel Germany,CAU Kiel
CAU Kiel,Chris­ti­an-Al­brechts-Uni­ver­si­tät zu Kiel,CAU Kiel
CAU Kiel,Cluster of Excellence “The Future Ocean”,"Cluster of Excellence ""The Future Ocean"""
CAU Kiel,Co-Chief Scientist Institute of Geosciences Christian-Albrechts Universität zu Kiel Ludewig-Meyn-Strasse 10-14 D-24118 Kiel Germany,Institute of Geosciences
CAU Kiel,College of Resource and Environment Science,College of Resource and Environmental Science
CAU Kiel,Department for Philosophy and Environmental Ethics,Department for Philosophy and Environmental Ethics
CAU Kiel,Department of Agricultural Economics,Department of Agricultural Economics
CAU Kiel,Department of Animal Nutrition and Feed Science/Organic Agriculture,Department of Animal Nutrition and Feed Science/Organic Agriculture
CAU Kiel,Department of Economics,Department of Economics
CAU Kiel,Department of Electrical and Information Engineering,Department of Electrical and Information Engineering
CAU Kiel,Department of General Internal Medicine Christian-Albrechts-University,Department of General Internal Medicine
CAU Kiel,Department of General and Thoracic Surgery Christian-Albrechts-University,Department of General and Thoracic Surgery
CAU Kiel,Department of Geology,Department of Geology
CAU Kiel,Department of Hydrology and Water Resources Management,Department of Hydrology and Water Resources Management
CAU Kiel,Department of Hydrology and Water Resources Management Christian‐Albrechts‐Universität zu Kiel Kiel Germany,Department of Hydrology and Water Resources and Management
CAU Kiel,Department of Hydrology and Water Resources Management Christian‐Albrechts‐Unversität Kiel,Department of Hydrology and Water Resources and Management
CAU Kiel,Department of Hydrology and Water Resources Management Institute for Natural Resource Conservation Christian‐Albrechts‐Universität zu Kiel,Department of Hydrology and Water Resources and Management
CAU Kiel,Department of Hydrology and Water Resources and Management,Department of Hydrology and Water Resources and Management
CAU Kiel,Department of Marketing,Department of Marketing
CAU Kiel,Department of Neurology,Department of Neurology
CAU Kiel,Department of Neurology Universitätsklinikum Schleswig‐Holstein Christian‐Albrechts University Kiel Germany,Department of Neurology
CAU Kiel,Department of Political Science,Department of Political Science
CAU Kiel,Department of Research on Teaching and Teacher Education,Department of Research on Teaching and Teacher Education
CAU Kiel,Department of Soil-Plant-Microbiome,Department of Soil and Plant Microbiome
CAU Kiel,Dept. Hydrology and Water Resources Management,Department of Hydrology and Water Resources and Management
CAU Kiel,Dept. Soil and Plant Microbiome,Department of Soil and Plant Microbiome
CAU Kiel,Economics,Department of Economics
CAU Kiel,Engineering Faculty,Faculty of Engineering
CAU Kiel,Environmental Genomics group,Environmental Genomics group
CAU Kiel,Evolutionary Ecology & Genetics,Evolutionary Ecology & Genetics
CAU Kiel,Evolutionary Ecology and Genetics,Evolutionary Ecology & Genetics
CAU Kiel,Experimental Physics,Institute of Experimental and Applied Physics
CAU Kiel,Faculty for Mathematics and Natural Sciences,Faculty of Mathematics and Natural Sciences
CAU Kiel,Faculty of Agricultural and Nutritional Sciences,Faculty of Agricultural and Nutritional Sciences
CAU Kiel,Faculty of Arts and Humanities,Faculty of Arts and Humanities
CAU Kiel,Faculty of Business Administration,Faculty of Business Administration
CAU Kiel,"Faculty of Engineering, Institute of Material Sciences, Chair of Functional Nanomaterials",Functional Nanomaterials Chair
CAU Kiel,"Faculty of Law, Institute of East European Law",Institute of East European Law
CAU Kiel,Faculty of Mathematics and Natural Sciences GEOMAR Helmholtz Centre for Ocean Research Kiel Christian‐Albrechts Universität zu Kiel,Faculty of Mathematics and Natural Sciences
CAU Kiel,Faculty of Medicine / UKSH,Faculty of Medicine
CAU Kiel,"Faculty of Medicine, Institute of Physiology",Institute of Physiology
CAU Kiel,Faculty of Natural Science,Faculty pf Mathematics & Natural Science
CAU Kiel,Faculty pf Mathematics & Natural Science,Faculty of Mathematics & Natural Science
CAU Kiel,Fakultät für Chemie und Naturwissenschaften,Faculty pf Mathematics & Natural Science
CAU Kiel,Functional Morphology & Biomechanics,Functional Morphology & Biomechanics
CAU Kiel,Functional Morphology and Biomechanics,Functional Morphology & Biomechanics
CAU Kiel,Functional Nanomaterials,Functional Nanomaterials Chair
CAU Kiel,Functional Nanomaterials Chair,Functional Nanomaterials Chair
CAU Kiel,GEOMAR - Helmholtz Centre for Ocean Research [Kiel] (Wischhofstr. 1-3,GEOMAR
CAU Kiel,GEOMAR Helmholtz Center for Ocean Research,GEOMAR
CAU Kiel,"GEOMAR Helmholtz Centre for Ocean Research Kiel and Kiel
University",GEOMAR
CAU Kiel,"GEOMAR Helmholtz Centre for Ocean Research Kiel and Kiel
University",GEOMAR
CAU Kiel,GEOMAR Helmholz Centre for Ocean Research Kiel,GEOMAR
CAU Kiel,GEOMAR Research Center for Marine Geosciences,GEOMAR
CAU Kiel,GEOMAR‐Research Centre for Marine Geosciences Wischhofstrasse 1–3,GEOMAR
CAU Kiel,Geography,Institute of Geography
CAU Kiel,Geology,Department of Geology
CAU Kiel,Geosciences,Institute of Geosciences
CAU Kiel,Geosciences/Geophysics,Institute of Geosciences
CAU Kiel,Germanistisches Seminar,Institute for German Studies
CAU Kiel,Graduate School 'Human Development in Landscapes',Graduate School 'Human Development in Landscapes'
CAU Kiel,Graduate School Human Development in Landscapes,Graduate School 'Human Development in Landscapes'
CAU Kiel,Graduate School of Human Development in Landscapes,Graduate School 'Human Development in Landscapes'
CAU Kiel,Graduate School ‘Human Development in Landscapes',Graduate School 'Human Development in Landscapes'
CAU Kiel,Graduate School “Human Development in Landscapes”,Graduate School 'Human Development in Landscapes'
CAU Kiel,Helmholtz Centre for Ocean Research,GEOMAR
CAU Kiel,Helmholtz Centre for Ocean Research at,GEOMAR
CAU Kiel,Human Geography,Human Geography
CAU Kiel,Hydrology and Water Resources Management,Department of Hydrology and Water Resources Management
CAU Kiel,ISOS,Integrated School of Ocean Sciences
CAU Kiel,Informatics,Institute for Computer Science
CAU Kiel,Informatik,Institute for Computer Science
CAU Kiel,Insitute of Geosciences,Institute of Geosciences
CAU Kiel,Institut fu ¨r Meereskunde an der Universita ¨t Kiel,GEOMAR
CAU Kiel,Institut fuer Geowissenchaften der Christian Albrechts Universitaet zu Kiel,Institute of Geosciences
CAU Kiel,Institut fuer Geowissenschaften,Institute of Geosciences
CAU Kiel,Institut für Allgemeine Mikrobiologie,Institut für Allgemeine Mikrobiologie
CAU Kiel,Institut für Geowissenschaften,Institute of Geosciences
CAU Kiel,Institut für Allgemeine Mikrobiologie AG Schmitz-Streit,Institute for General Microbiology
CAU Kiel,Institut für Experimentall und Angewandte Physik,Institute of Experimental and Applied Physics
CAU Kiel,Institut für Geowissenschaften,Institute of Geosciences
CAU Kiel,Institut für Geowissenschaften Christian‐Albrechts Universität zu Kiel Kiel Germany,Institute of Geosciences
CAU Kiel,Institut für Geowissenschaften Christian‐Albrechts‐Universität zu Kiel,Institute of Geosciences
CAU Kiel,Institut für Geowissenschaften University of Kiel,Institute of Geosciences
CAU Kiel,Institut für Geowissenschaften Universität Kiel Germany,Institute of Geosciences
CAU Kiel,Institut für Geowissenschaften and SFB 574,Institute of Geosciences
CAU Kiel,Institut für Geowissenschaften der Christian-Albrechts Universität zu Kiel,Institute of Geosciences
CAU Kiel,Institut für Gesellschaftswissenschaften und ihre Didaktiken,Institute for Social sciences and their didactics
CAU Kiel,Institut für Pädagogik,Institute for Pedagogy
CAU Kiel,"Institut für Skandinavistik, Frisistik und Allgemeine Sprachwissenschaft","Institute for Scandinavian Studies, Frisian Studies and General Linguistics"
CAU Kiel,Institut für Sozialwissenschaften,Institute for Sociology
CAU Kiel,Institut für Sozialwissenschften,Institute for Sociology
CAU Kiel,Institut für Soziologie,Institute for Sociology
CAU Kiel,Institute for Ecosystem Research,Institute for Ecosystem Research
CAU Kiel,Institute for Geoscience,Institute of Geosciences
CAU Kiel,Institute for Geosciences,Institute of Geosciences
CAU Kiel,Institute for Geosciences Christian-Albrechts-Universität Kiel 24118 Kiel Germany uni-kiel.de,Institute of Geosciences
CAU Kiel,Institute for Geosciences University Kiel 24118 Kiel Germany,Institute of Geosciences
CAU Kiel,Institute for Materials Science,Institute of Materials Science
CAU Kiel,Institute for Physical Chemistry,Institute for Physical Chemistry
CAU Kiel,Institute for Plant Nutrition Soil Science,Institute for Plant Nutrition and Soil Science
CAU Kiel,Institute for Polar Ecology,Institute for Polar Ecology
CAU Kiel,Institute for Pre- and Proto-Historical Archaeology,Institute for Pre- and Protohistoric Archaeology
CAU Kiel,Institute for Pre- and Protohistoric Archaeology,Institute for Pre- and Protohistoric Archaeology
CAU Kiel,Institute for Pre- and Protohistory,Institute for Pre- and Protohistoric Archaeology
CAU Kiel,Institute for Pre-and Protohistoric Archaeology,Institute for Pre- and Protohistoric Archaeology
CAU Kiel,Institute for Prehistoric and Protohistoric Archaeology,Institute for Pre- and Protohistoric Archaeology
CAU Kiel,Institute for Prehistoric and Protohistoric Archaeology. Christian-Albrechts-Universität,Institute for Pre- and Protohistoric Archaeology
CAU Kiel,Institute for Psychology of Learning and Instruction (IPL),Institute for Psychology of Learning and Instruction
CAU Kiel,Institute of Agricultural Economics,Department of Agricultural Economics
CAU Kiel,Institute of Animal Breeding and Husbandry Christian‐Albrechts‐University Kiel Hermann‐Rodewald‐Straße 6 24118 Kiel Germany,Institute of Animal Breeding and Husbandry
CAU Kiel,Institute of Animal Nutrition and Physiology,Institute of Animal Nutrition and Physiology
CAU Kiel,Institute of Biology Education,Institute of Biology Education
CAU Kiel,Institute of Clinical Molecular Biology,Institute of Clinical Molecular Biology
CAU Kiel,Institute of Clinical Molecular Biology (IKMB),Institute of Clinical Molecular Biology
CAU Kiel,Institute of Clinical Molecular Biology Christian-Albrechts University Kiel Germany,Institute of Clinical Molecular Biology
CAU Kiel,Institute of Clinical Molecular Biology Christian-Albrechts-University,Institute of Clinical Molecular Biology
CAU Kiel,Institute of Clinical Molecular Biology Christian‐Albrechts‐University 24105 Kiel Germany,Institute of Clinical Molecular Biology
CAU Kiel,Institute of Crop Science and Plant Breeding,Institute of Crop Sciences and Plant Breeding
CAU Kiel,Institute of Crop Science and Plant Breeding - Grass and Forage Science/Organic Agriculture,Institute of Crop Sciences and Plant Breeding
CAU Kiel,Institute of Crop Science and Plant Breeding – Grass and Forage Science/Organic Agriculture,Institute of Crop Sciences and Plant Breeding
CAU Kiel,Institute of Crop Science and Plant Breeding-Grass and Forage Science/Organic Agriculture,Institute of Crop Sciences and Plant Breeding
CAU Kiel,Institute of Crop Science and Plant Breeding–Grass and Forage Science/Organic Agriculture,Institute of Crop Sciences and Plant Breeding
CAU Kiel,Institute of Crop Science and Plant Breeding—Grass and Forage Science/Organic Agriculture,Institute of Crop Sciences and Plant Breeding
CAU Kiel,Institute of Crop Sciences and Plant Breeding,Institute of Crop Sciences and Plant Breeding
CAU Kiel,Institute of Electrical and Information Engineering,Department of Electrical and Information Engineering
CAU Kiel,Institute of Experimental and Applied Physics,Institute of Experimental and Applied Physics
CAU Kiel,Institute of Experimental and Clinical Pharmacology,Institute of Experimental and Clinical Pharmacology
CAU Kiel,"Institute of Geography, Kiel University",Institute of Geography
CAU Kiel,Institute of Geoscience,Institute of Geosciences
CAU Kiel,Institute of Geosciences,Institute of Geosciences
CAU Kiel,Institute of Geosciences / AG Gottschalk,Institute of Geosciences
CAU Kiel,Institute of Geosciences Christian Albrechts University,Institute of Geosciences
CAU Kiel,Institute of Geosciences Christian‐Albrechts University,Institute of Geosciences
CAU Kiel,Institute of Geosciences Christian‐Albrechts University of Kiel Kiel Germany,Institute of Geosciences
CAU Kiel,Institute of Geosciences Christian‐Albrechts‐University,Institute of Geosciences
CAU Kiel,Institute of Geosciences Christian‐Albrechts‐Universität zu Kiel,Institute of Geosciences
CAU Kiel,Institute of Geosciences Sedimentology,Institute of Geosciences
CAU Kiel,Institute of Geosciences University of Kiel Otto-Hahn-Platz 1 D-24118 Kiel Germany,Institute of Geosciences
CAU Kiel,Institute of Geosciences — Sedimentology,Institute of Geosciences
CAU Kiel,"Institute of Geosciences, Coastal Geology and Sedimentologyelf Research",Coastal Geology and Sedimentology
CAU Kiel,Institute of Geosciences; Christian Albrechts University; Kiel Germany,Institute of Geosciences
CAU Kiel,Institute of Geosciences; Christian-Albrechts Universität zu Kiel; Kiel Germany,Institute of Geosciences
CAU Kiel,Institute of Geosciences; Christian-Albrechts-Universität; Kiel Germany,Institute of Geosciences
CAU Kiel,Institute of Geosciences; University of Kiel; Kiel Germany.,Institute of Geosciences
CAU Kiel,Institute of Inorganic Chemistry,Institute of Inorganic Chemistry
CAU Kiel,Institute of Materials Science,Institute of Materials Science
CAU Kiel,Institute of Plant Nutrition,Institute of Plant Nutrition
CAU Kiel,Institute of Plant Nutrition and Soil Science,Institute of Plant Nutrition and Soil Science
CAU Kiel,Institute of Plant Nutrition and Soil Science Christian‐Albrechts‐Univ. zu Kiel Hermann‐Rodewald‐Str.2 D‐24118 Kiel Germany,Institute of Plant Nutrition and Soil Science
CAU Kiel,Institute of Pre and Protohistorical Archaeology,Institute for Pre- and Protohistoric Archaeology
CAU Kiel,Institute of Pre- and Protohistoric Archaeology,Institute for Pre- and Protohistoric Archaeology
CAU Kiel,Institute of Pre- and Protohistory,Institute for Pre- and Protohistoric Archaeology
CAU Kiel,Institute of Prehistoric and Protohistoric Archaeology,Institute for Pre- and Protohistoric Archaeology
CAU Kiel,Institute of Social Sciences,Institute of Social Sciences
CAU Kiel,Institute of Theoretical Phsics and Astrophysics,Institute of Theoretical Physics and Astrophysics
CAU Kiel,Institute of Theoretical Physics and Astrophysics,Institute of Theoretical Physics and Astrophysics
CAU Kiel,Institute of plant nutrition and soil science,Institute of Plant Nutrition and Soil Science
CAU Kiel,Institute of pre- and protohistorical Archaeology,Institute for Pre- and Protohistoric Archaeology
CAU Kiel,Internal Medicine 1 / Institute of Clinical Molecular Biology,Institute of Clinical Molecular Biology
CAU Kiel,Johanna Mestorf Academy,Johanna Mestorf Academy 
CAU Kiel,Kiel Institute for Responsible Innovation,Institute for Responsible Innovation
CAU Kiel,Kiel Marine Science,Marine Science
CAU Kiel,Kontaktstudium nach Beruf und Familie,Kontaktstudium nach Beruf und Familie
CAU Kiel,Landscape Ecology,Landscape Ecology
CAU Kiel,Leibniz Institut für Meereswissenschaften an der Universität Kiel Kiel Germany,Leibniz Institute of Marine Sciences
CAU Kiel,Leibniz Institute of Marine Sciences at,Leibniz Institute of Marine Sciences
CAU Kiel,Leibniz Laboratory for Radiometric Dating and Stable Isotope Research,Laboratory for Radiometric Dating and Stable Isotope Research
CAU Kiel,Leibniz Laboratory for Radiometric Dating and Stable Isotope Research Christian Albrechts Universität zu Kiel,Laboratory for Radiometric Dating and Stable Isotope Research
CAU Kiel,Leibniz Laboratory for Radiometric Dating and Stable Isotope Research; Christian Albrechts University; Kiel Germany,Leibniz Laboratory for Radiometric Dating and Stable Isotope Research
CAU Kiel,Leibniz-Institute of Marine Sciences at,Leibniz Institute of Marine Sciences
CAU Kiel,Leibniz‐Institut für Meereswissenschaften an der Universität Kiel,Leibniz Institute of Marine Sciences
CAU Kiel,Leibniz‐Laboratory for Radiometric Dating and Isotope Research Christian‐Albrechts Universität zu Kiel Kiel Germany,Leibniz Laboratory for Radiometric Dating and Stable Isotope Research
CAU Kiel,Linguistics and Phonetics (ISFAS),Linguistics and Phonetics
CAU Kiel,"Marine Geophysics and Hydroacoustics, Institute of Geosciences",Institute of Geosciences
CAU Kiel,Marine Micropaleontology,Marine Micropaleontology
CAU Kiel,Materials Science,Institute of Materials Science
CAU Kiel,Mathematics & Natural Sciences,Mathematisch-Naturwissenschaftliche Fakultät
CAU Kiel,Mathematics; Geometry,Geometry
CAU Kiel,Medicine,Medicine
CAU Kiel,Meereskunde an der Universität Kiel,Marine Science
CAU Kiel,N##TAB##TAB##TAB##TAB#5 Institut für Geowissenschaften,Institute of Geosciences
CAU Kiel,N#3 Institute of Molecular Phytopathology,Institute of Geosciences
CAU Kiel,Ocean Circulation and Climate Dynamics,Ocean Circulation and Climate Dynamics
CAU Kiel,Otto Diels-Institut für Organische Chemie der Christian-Albrechts-Universität zu Kiel,Otto Diels Institute of Organic Chemistry
CAU Kiel,Otto Diels-Institut für Organische Chemie der Christian-Albrechts-Universität zu Kiel; Otto-Hahn-Platz 3 24098 Kiel Deutschland,Otto Diels Institute of Organic Chemistry
CAU Kiel,Otto-Diels-Institute for Organic Chemistry,Institute of Organic Chemistry
CAU Kiel,POPGEN Biobank project Christian-Albrechts-University,POPGEN Biobank Project
CAU Kiel,Pharmaceutical Biology,Pharmaceutical Biology
CAU Kiel,Pharmaceutical Institut,Institute of Pharmacy
CAU Kiel,Physiology,Institute of Physiology
CAU Kiel,Plant Breeding,Plant Breeding
CAU Kiel,Plant Breeding Institute,Plant Breeding
CAU Kiel,Political Science,Department of Political Science
CAU Kiel,Pre and Protohistoric Archaeology,Institute for Pre- and Protohistoric Archaeology
CAU Kiel,Psychology,Department of Psychology
CAU Kiel,Research Group Medical Systems Biology,Medical Systems Biology Research Group
CAU Kiel,SFB 95,SFB 95
CAU Kiel,Sozialwissenschaftliches Institut,Institute for Sociology
CAU Kiel,Teaching and Teacher Education,Teaching and Teacher Education
CAU Kiel,Theology,Faculty of Theology
CAU Kiel,UNIVERSITY OF KIEL,CAU Kiel
CAU Kiel,Universität Kiel,CAU Kiel
CAU Kiel,University Library - E-Medien,University Library
CAU Kiel,University of Kiel (CAU),CAU Kiel
CAU Kiel,University of Kiel- Faculty of Economics and Social Sciences,Faculty of Economics and Social Sciences
CAU Kiel,Universität Kiel (ISPK) Institut für Sicherheitspolitik Kiel Deutschland,Institut für Sicherheitspolitik Kiel Deutschland
CAU Kiel,Universitätsbibliothek,University Library
CAU Kiel,Walther Schücking Institute for International Law,Institute for International Law
CAU Kiel,Zoological Institute,Zoological Institute
CAU Kiel,Zoological Institute / Structural Biology,Zoological Institute - Structural Biology
CAU Kiel,Zoological Museum,Zoological Museum
CAU Kiel,Zoological Museum Kiel,Zoological Museum
CAU Kiel,Zoological Museum of,Zoological Museum
CAU Kiel,Zoologisches Institut der Christian-Albrechts-Universität Kiel,Zoological Institute
CAU Kiel,Zoologisches Institut und Zoologisches Museum,Zoological Institute
CAU Kiel,Zoology,Zoological Institute
CAU Kiel,a GEOMAR Helmholtz Centre for Ocean Research Kiel,GEOMAR
CAU Kiel,aInstitut für Geowissenschaften der Christian-Albrechts-Universität zu Kiel,Institut für Geowissenschaften
CAU Kiel,and GIGA Institute of Asian Studies,GIGA Institute of Asian Studies
Caritas,Senior citizens advisory service,Senior citizens advisory service
Carl von Ossietzky Universitat Oldenburg,Department of Chemistry,Department of Chemistry
Carl von Ossietzky Universitat Oldenburg Institut für Sozialwissenschaften,Political System of Germany,Political System of Germany
Carl von Ossietzky Universitat Oldenburg Institut für Sozialwissenschaften,Positive Political Theory / Political Economy,Political Economy
Carl von Ossietzky Universitat Oldenburg Institut für Sozialwissenschaften,School for Educational and Social Sciences,School for Educational and Social Sciences
Carl von Ossietzky University Oldenburg,Institute of Sport Science,Institute of Sport Science
Carl von Ossietzky Universität Oldenburg,"AG Quantenmaterialien, Institute of Physics",Quantum Materials
Carl von Ossietzky Universität Oldenburg,Alfred-Wegener Institute,Alfred Wegener Institute
Carl von Ossietzky Universität Oldenburg,Bibliotheks- und Informationssystem BIS,University Library
Carl von Ossietzky Universität Oldenburg,"Business Administration, Economics, and Law","Department of Business Administration, Economics and Law"
Carl von Ossietzky Universität Oldenburg,Carl von Ossietzky Universitat Oldenburg,Carl von Ossietzky Universität Oldenburg
Carl von Ossietzky Universität Oldenburg,Carl von Ossietzky Universitat Oldenburg Fakultat fur Medizin und Gesundheitswissenschaften,Fakultat fur Medizin und Gesundheitswissenschaften
Carl von Ossietzky Universität Oldenburg,Carl von Ossietzky-Univ. Oldenburg,Carl von Ossietzky Universität Oldenburg
Carl von Ossietzky Universität Oldenburg,Carl von Ossietzky-Universitat Oldenburg,Carl von Ossietzky Universität Oldenburg
Carl von Ossietzky Universität Oldenburg,Carl von Ossietzky-University Oldenburg,Carl von Ossietzky Universität Oldenburg
Carl von Ossietzky Universität Oldenburg,Carl von Ossietzky‐Universität Oldenburg,Carl von Ossietzky Universität Oldenburg
Carl von Ossietzky Universität Oldenburg,Carl-von-Ossietzky Universität Oldenburg,Carl von Ossietzky Universität Oldenburg
Carl von Ossietzky Universität Oldenburg,Carl-von-Ossietzky University Oldenburg,Carl von Ossietzky Universität Oldenburg
Carl von Ossietzky Universität Oldenburg,Carl-von-Ossietzky University Oldenburg Animal Physiology and Behavior Group,Animal Physiology and Behavior Group
Carl von Ossietzky Universität Oldenburg,Carl-von-Ossietzky University Oldenburg Department of Biology and Environmental Sciences,Department of Biology and Environmental Sciences
Carl von Ossietzky Universität Oldenburg,Department for Health Services Research,Department for Health Services Research
Carl von Ossietzky Universität Oldenburg,Department of Biology and Environmental Sciences (IBU),Department of Biology and Environmental Sciences
Carl von Ossietzky Universität Oldenburg,Department of Biology and Environmental Sciences Carl-von-Ossietzky University of Oldenburg,Department of Biology and Environmental Sciences
Carl von Ossietzky Universität Oldenburg,Department of Computer Science,Department of Computer Science
Carl von Ossietzky Universität Oldenburg,Department of Computing Science,Department of Computer Science
Carl von Ossietzky Universität Oldenburg,Department of Educational Sciences,Department of Educational Sciences
Carl von Ossietzky Universität Oldenburg,Department of Health Services Research,Department for Health Services Research
Carl von Ossietzky Universität Oldenburg,Department of Mathematics and Natural Sciences,Department of Mathematics and Natural Sciences
Carl von Ossietzky Universität Oldenburg,Department of Music,Department of Music
Carl von Ossietzky Universität Oldenburg,Department of Neuroscience,Department of Neurosciences
Carl von Ossietzky Universität Oldenburg,Department of Neurosurgery,Department of Neurosurgery
Carl von Ossietzky Universität Oldenburg,Department of Psychology,Department of Psychology
Carl von Ossietzky Universität Oldenburg,Department of Special Needs Education and Rehabilitation,Department of Special Needs Education and Rehabilitation
Carl von Ossietzky Universität Oldenburg,"Dutch Studies, Intercultural Education",Institute of Dutch Studies & Intercultural Education
Carl von Ossietzky Universität Oldenburg,EU - Research Office,EU - Research Office
Carl von Ossietzky Universität Oldenburg,Environmental Biochemistry,Environmental Biochemistry
Carl von Ossietzky Universität Oldenburg,"FK II - Dep. WiRe, VWL","Department of Business Administration, Economics and Law"
Carl von Ossietzky Universität Oldenburg,Faculty of Education and Social Sciences,Faculty of Education and Social Sciences
Carl von Ossietzky Universität Oldenburg,Fakulty II,"Department of Business Administration, Economics and Law"
Carl von Ossietzky Universität Oldenburg,Fakultät 1 Bildungs- und Sozialwissenschaften,Faculty of Education and Social Sciences
Carl von Ossietzky Universität Oldenburg,"Fakultät V, Insitut für Mathematik",Institute for Mathematics
Carl von Ossietzky Universität Oldenburg,Functional Ecology,Functional Ecology
Carl von Ossietzky Universität Oldenburg,Helmholtz Institute for Functional Marine Biodiversity (HIFMB),Helmholtz Institute for Functional Marine Biodiversity
Carl von Ossietzky Universität Oldenburg,Helmholtz Institute for Functional Marine Biodiversity (HIFMB) at the Carl von Ossietzky University of Oldenburg,Helmholtz Institute for Functional Marine Biodiversity
Carl von Ossietzky Universität Oldenburg,Helmholtz Institute for Functional Marine Biodiversity (HIFMB) at the University of Oldenburg,Helmholtz Institute for Functional Marine Biodiversity
Carl von Ossietzky Universität Oldenburg,Helmholtz Institute for Functional Marine Biodiversity at the University of Oldenburg (HIFMB),Helmholtz Institute for Functional Marine Biodiversity
Carl von Ossietzky Universität Oldenburg,IBU,Institute of Biology and Environmental Sciences
Carl von Ossietzky Universität Oldenburg,ICBM,Institute for Chemistry and Biology of the Marine Environment
Carl von Ossietzky Universität Oldenburg,ICBM-MPI Bridging Group,Institute for Chemistry and Biology of the Marine Environment
Carl von Ossietzky Universität Oldenburg,Insitute for Chemistry and Biology of the Marine Environment,Institute for Chemistry and Biology of the Marine Environment
Carl von Ossietzky Universität Oldenburg,Inst. of Biology and Environmental Sciences,Institute for Biology and Environmental Sciences
Carl von Ossietzky Universität Oldenburg,Institue for Social Sciences,Institute of Social Sciences
Carl von Ossietzky Universität Oldenburg,Institut für Biologie und Umweltwissenschaften,Institute of Biology and Environmental Sciences
Carl von Ossietzky Universität Oldenburg,Institut für Biologie und Umweltwissenschaften AG Funktionelle Ökologie der Pflanzen Oldenburg Germany,Institute for Biology and Environmental Sciences
Carl von Ossietzky Universität Oldenburg,Institut für Chemie und Biologie des Meeres (ICBM),Institute for Chemistry and Biology of the Marine Environment
Carl von Ossietzky Universität Oldenburg,Institut für Materielle Kultur,Institute for Material Culture
Carl von Ossietzky Universität Oldenburg,Institut für Physik,Institute of Physics
Carl von Ossietzky Universität Oldenburg,"Institut für Physik, ForWind",Wind energy
Carl von Ossietzky Universität Oldenburg,Institut für Slavistik,Institute for Slavonic Studies
Carl von Ossietzky Universität Oldenburg,Institut of Chemistry and Biology of the Marine Environment,Institute for Chemistry and Biology of the Marine Environment
Carl von Ossietzky Universität Oldenburg,Institute and Chemistry and Biology of the Marine Environment,Institute for Chemistry and Biology of the Marine Environment
Carl von Ossietzky Universität Oldenburg,Institute for Biology and Environmental Science,Institute of Biology and Environmental Sciences
Carl von Ossietzky Universität Oldenburg,Institute for Biology and Environmental Sciences (IBU),Institute for Biology and Environmental Sciences
Carl von Ossietzky Universität Oldenburg,Institute for Biology and Environmental Sciences Carl von Ossietzky Universität,Institute for Biology and Environmental Sciences
Carl von Ossietzky Universität Oldenburg,Institute for Biology and Environmental Sciences Carl von Ossietzky‐University Oldenburg,Institute for Biology and Environmental Sciences
Carl von Ossietzky Universität Oldenburg,Institute for Biology and Environmental Sciences IBU,Institute for Biology and Environmental Sciences
Carl von Ossietzky Universität Oldenburg,Institute for Chemistry and Biology of the Marine Environment,Institute for Chemistry and Biology of the Marine Environment
Carl von Ossietzky Universität Oldenburg,Institute for Chemistry and Biology of the Marine Environment (ICBM),Institute for Chemistry and Biology of the Marine Environment
Carl von Ossietzky Universität Oldenburg,Institute for Chemistry and Biology of the Marine Environment (ICBM) at the Carl Von Ossietzky University of Oldenburg,Institute for Chemistry and Biology of the Marine Environment
Carl von Ossietzky Universität Oldenburg,Institute for Chemistry and Biology of the Marine Environment (ICBM) at the Carl von Ossietzky University Oldenburg,Institute for Chemistry and Biology of the Marine Environment
Carl von Ossietzky Universität Oldenburg,Institute for Chemistry and Biology of the Marine Environment (ICBM) at the University of Oldenburg,Institute for Chemistry and Biology of the Marine Environment
Carl von Ossietzky Universität Oldenburg,Institute for Chemistry and Biology of the Marine Environment Terramare,Institute for Chemistry and Biology of the Marine Environment
Carl von Ossietzky Universität Oldenburg,Institute for Chemistry and Biology of the Marine environment (ICBM),Institute for Chemistry and Biology of the Marine Environment
Carl von Ossietzky Universität Oldenburg,Institute for Chemistry and Biology of the Marine environment (ICBM) Carl‐von‐Ossietzky University,Institute for Chemistry and Biology of the Marine Environment
Carl von Ossietzky Universität Oldenburg,Institute for Mathematics,Institute for Mathematics
Carl von Ossietzky Universität Oldenburg,Institute for Medical Microbiology and Virology,Institute for Medical Microbiology and Virology
Carl von Ossietzky Universität Oldenburg,Institute of Biology and Environmental Sciences,Institute of Biology and Environmental Sciences
Carl von Ossietzky Universität Oldenburg,Institute of Biology and Environmental Sciences (IBU),Institute for Biology and Environmental Sciences
Carl von Ossietzky Universität Oldenburg,Institute of Chemistry,Institute for Chemistry and Biology of the Marine Environment
Carl von Ossietzky Universität Oldenburg,Institute of Chemistry and Biology of the Marine Environment,Institute for Chemistry and Biology of the Marine Environment
Carl von Ossietzky Universität Oldenburg,Institute of Chemistry and Biology of the Marine Environment (ICBM); Carl von Ossietzky University of Oldenburg; P. O. Box 2503 D-26111 Oldenburg Germany,Institute for Chemistry and Biology of the Marine Environment
Carl von Ossietzky Universität Oldenburg,Institute of Physics,Institute of Physics
Carl von Ossietzky Universität Oldenburg,Institute of Sport Science,Institute of Social Sciences
Carl von Ossietzky Universität Oldenburg,Institute of Sports,Institute of Sports
Carl von Ossietzky Universität Oldenburg,Knowledge Transfer and Learning with New Technologies,Knowledge Transfer & Learning with New Technologies
Carl von Ossietzky Universität Oldenburg,Marine Isotope Geochemistry,Isotope Geochemistry
Carl von Ossietzky Universität Oldenburg,Marine Perception Research Department,Marine Perception Research Group
Carl von Ossietzky Universität Oldenburg,"Marine Sensor Systems Group, Institute for Chemistry and Biology of the Marine Environment",Institute for Chemistry and Biology of the Marine Environment
Carl von Ossietzky Universität Oldenburg,"Max Planck Research Group for Marine Isotope Geochemistry, Institute for Chemistry and Biology of the Marine Environment (ICBM)",Institute for Chemistry and Biology of the Marine Environment
Carl von Ossietzky Universität Oldenburg,Microbiogeochemistry,Microbiogeochemistry
Carl von Ossietzky Universität Oldenburg,N# 5Carl von Ossietzky University,Carl von Ossietzky Universität Oldenburg
Carl von Ossietzky Universität Oldenburg,Neurosurgery,Department of Neurosurgery
Carl von Ossietzky Universität Oldenburg,OFFIS - Carl Von Ossietzky Universität Oldenburg = Carl von Ossietzky University of Oldenburg (Ammerländer Heerstr. 114-118,Carl von Ossietzky Universität Oldenburg
Carl von Ossietzky Universität Oldenburg,Oldenburg University,Carl von Ossietzky Universität Oldenburg
Carl von Ossietzky Universität Oldenburg,Research Group for Marine Geochemistry (ICBM-MPI Bridging Group),Research Group for Marine Geochemistry (ICBM-MPI Bridging Group)
Carl von Ossietzky Universität Oldenburg,Research Group for Marine Geochemistry (ICBM-MPI Bridging Group) University of Olden-burg,Research Group for Marine Geochemistry (ICBM-MPI Bridging Group)
Carl von Ossietzky Universität Oldenburg,Research Group for Marine Geochemistry (ICBM-MPI Bridging group),Research Group for Marine Geochemistry (ICBM-MPI Bridging Group)
Carl von Ossietzky Universität Oldenburg,"Research Group for Marine Geochemistry (MPI-ICBM Bridging
Group)",Research Group for Marine Geochemistry (ICBM-MPI Bridging Group)
Carl von Ossietzky Universität Oldenburg,"Research Group for Marine Geochemistry (MPI-ICBM Bridging
Group)",Research Group for Marine Geochemistry (ICBM-MPI Bridging Group)
Carl von Ossietzky Universität Oldenburg,Research Group for Marine Geochemistry (MPI-ICBM Bridging Group),Research Group for Marine Geochemistry (ICBM-MPI Bridging Group)
Carl von Ossietzky Universität Oldenburg,Research Group for Marine Geochemistry at Institute for Chemistry and Biology of the Marine Environment (ICBM),Institute for Chemistry and Biology of the Marine Environment
Carl von Ossietzky Universität Oldenburg,"Research Group for Marine Isotope Geochemistry, Institute for Chemistry and Biology of the Marine Environment (ICBM)",Institute for Chemistry and Biology of the Marine Environment
Carl von Ossietzky Universität Oldenburg,SEOS project,Science Education through Earth Observation
Carl von Ossietzky Universität Oldenburg,Safety-Security-Interaction,Safety-Security-Interaction
Carl von Ossietzky Universität Oldenburg,Slavonic Studies,Institute for Slavonic Studies
Carl von Ossietzky Universität Oldenburg,Sport & Erziehung,Sports & Education
Carl von Ossietzky Universität Oldenburg,The Institute for Marine Chemistry and Biology (ICBM),Institute for Chemistry and Biology of the Marine Environment
Carl von Ossietzky Universität Oldenburg,Univ. of Oldenburg,Carl von Ossietzky Universität Oldenburg
Carl von Ossietzky Universität Oldenburg,Universität Oldenburg),Carl von Ossietzky Universität Oldenburg
Carl von Ossietzky Universität Oldenburg,institut für physik,Institute of Physics
Carl von Ossietzky Universität Oldenburg,to Dr Stefan Debener,Carl von Ossietzky Universität Oldenburg
Center for Behavioral Brain Sciences,CBBS),CBBS
Center for International Forestry Research,CIFOR),CIFOR
Centre National de la Recherche Scientifique,GEOMAR Helmholtz-Centre for Ocean Research Kiel,GEOMAR
Centre National de la Recherche Scientifique,GEOMAR—Helmholtz Center for Ocean Research,GEOMAR
Centre for Economic Policy Research,CEPR),CEPR
Centre for European Economic Research,ZEW),ZEW
Centre for Marine Socioecology,CMS),CMS
Centre for Structural Systems Biology,CSSB),CSSB
Charité - Universitätsmedizin Berlin,Department of Diagnostic and Interventional Radiology and Nuclear Medicine University Medical Center Hamburg‐Eppendorf Hamburg Germany,Department of Diagnostic and Interventional Radiology and Nuclear Medicine University Medical Center Hamburg‐Eppendorf
Chiba University,Japan),Chiba University
China-EU School of Law,Law School,Law School
Chinese Academy of Sciences,GEOMAR Helmholtz Centre for Ocean Research Kiel Kiel Germany,GEOMAR
Chinese Academy of Sciences,Graduate School of Human Development in Landscapes,Graduate School “Human Development in Landscapes”
Chinese Academy of Sciences,Key Laboratory of Tibetan Environment Changes and Land Surface Processes (TEL),Key Laboratory of Tibetan Environment Changes and Land Surface Processes
Chinese Academy of Sciences,State Key Laboratory of Soil Erosion and Dryland Farming on the Loess Plateau Northwest A&amp;F University Yangling China,State Key Laboratory of Soil Erosion and Dryland Farming on the Loess Plateau
Chinese Academy of Social Sciences,GmbH & Co. KG Postfach 2040 D-72010 Tübingen,Chinese Academy of Social Sciences
Christian-Albrechts-Universität zu Kiel / Kiel University,"Institute of Materials Science, Faculty of Engineering",Institute of Materials Science
Clinical Research Center Kiel,Kiel,Clinical Research Center Kiel
Constructor University,Bremen International Graduate School of Social Sciences (BIGSSS),Bremen International Graduate School of Social Sciences
Constructor University,Bremen University and,Constructor University
Constructor University,Health Psychology & Behavioral Medicine,Health Psychology & Behavioral Medicine
Constructor University,Psychology & Methods,Psychology & Methods
Constructor University,Research Project ‘Cooperation of European firms with Chinese universities: Forms and Effects’,Research Project ‘Cooperation of European firms with Chinese universities: Forms and Effects’
Constructor University,School of Science,School of Science
Conway School of Landscape Design,Department of Marine Science Coastal Carolina University,Department of Marine Science
Curtin University,Institute of Geoscience,Institute for Geosciences
Cyprus Institute,Center for Marine Environmental Sciences (MARUM),MARUM
Cyprus Institute,Center of Marine Environmental Sciences,MARUM
Cyprus Institute,Center of Marine Environmental Sciences (MARUM),MARUM
Cyprus Institute,Center of Marine Environmental Sciences – MARUM,MARUM
Cyprus Institute,Center of Marine Environmental Sciences (MARUM),MARUM
DFG-Collaborative Research Centre 1266: “Scales of Transformation - Human-Environmental Interaction in Prehistoric and Archaic Societies”,"Institute of Geography, Kiel University",Institute of Geography
DLR Institute of Networked Energy Systems,Urban and Residential Technologies,Urban & Residential Technologies
DLR Institute of Networked Energy Systems,Urban and Residential Tehnologies,Urban & Residential Technologies
Dana-Farber/Harvard Cancer Center,Harvard Kennedy School (email: ),Harvard Kennedy School
Deutsche Elektronen-Synchrotron DESY,High Energy Physics Division,High Energy Physics Division
Deutsche Rentenversicherung Oldenburg-Bremen,Social Medicine,Social Medicine
Deutsches Elektronen-Synchrotron,CMS,Compact Muon Solenoid - Experiment
Deutsches Elektronen-Synchrotron,Center for Free-Electron Laser Science,Centre for Free-Electron Laser Science
Deutsches Elektronen-Synchrotron,Experimental Particle Physics,Experimental Particle Physics
Deutsches Elektronen-Synchrotron,FS-PETRA,PETRA project
Deutsches Elektronen-Synchrotron,HASYLAB,HASYLAB
Deutsches Elektronen-Synchrotron,Theory Group,Theory Group
Deutsches Elektronen-Synchrotron DESY,GWAT,GWAT
Deutsches Elektronen-Synchrotron DESY,Photon Science,Photon Science
Deutsches Forschungszentrum für Künstliche Intelligenz,RD Sicher-Kognitive-Systeme (until 2011) and Cyber-Physical Systems (2011-2021),Department for Cyber-Physical Systems
"Deutsches Forschungszentrum für Künstliche Intelligenz GmbH, Standort Bremen",RD Cyber-Physical-Systems,Department for Cyber-Physical Systems
"Deutsches Forschungszentrum für Künstliche Intelligenz, Standort Bremen",RD Cyber-Physical-Systems,Department for Cyber-Physical Systems
Deutsches Zentrum für Luft- und Raumfahrt,Institute for satellite geodesy and inertial sensing,Institute for satellite geodesy and inertial sensing
Deutsches Zentrum für Luft- und Raumfahrt,Institute of Space Systems,Institute of Space Systems
Deutsches Zentrum für Luft- und Raumfahrt DLR Standort Hamburg,High Performance Computing,High Performance Computing
Deutsches Zentrum für Luft- und Raumfahrt e. V. (DLR),Deutsches Zentrum für Luft-und Raumfahrt (DLR),Deutsches Zentrum für Luft- und Raumfahrt (DLR)
Deutsches Zentrum für Luft- und Raumfahrt eV,Relativistic Modelling,Relativistic Modelling
Diponegoro University,MARUM – Center for Marine Environmental Sciences University of Bremen Bremen Germany,MARUM
Ernst-Moritz-Arndt Universität Greifswald,Nanostructure at the Center for Innovation Competence for Humoral Immune Responses in Cardiovascular Disease,Nanostructure
Ernst-Moritz-Arndt Universität Greifswald,Zoologisches Institut und Museum,Zoological Institute
Ernst-Moritz-Arndt Universität Greifswald Mathematisch-Naturwissenschaftliche Fakultät,Institut für Biochemie,Institute of Biochemistry
Eurofins (Germany),Contaminants,Contaminants
Europa-Universität Flensburg,Abteilung Erziehungswissenschaft,Institute for Educational Sciences
Europa-Universität Flensburg,American Studies,Institute for English & American Studies
Europa-Universität Flensburg,Department for Sustainable Energy Transition,Department for Sustainable Energy Transition
Europa-Universität Flensburg,Department of Energy and Environmental,Department of Energy and Development
Europa-Universität Flensburg,Dept. Health Psychology and Health Education,Department of Health Psychology & Health Education
Europa-Universität Flensburg,Education,Institute of Educational Sciences
Europa-Universität Flensburg,Energy and Development,Energy and Development
Europa-Universität Flensburg,Energy and Environmental Management,Energy & Environmental Management
Europa-Universität Flensburg,English and American Studies,Institute for English & American Studies
Europa-Universität Flensburg,Europa Universität Flensburg),Europa-Universität Flensburg
Europa-Universität Flensburg,Europa-Universitat Flensburg,Europa-Universität Flensburg
Europa-Universität Flensburg,Europa‐Universität Flensburg,Europa-Universität Flensburg
Europa-Universität Flensburg,Flensburg University,Europa-Universität Flensburg
Europa-Universität Flensburg,Institut für Erziehungswissenschaft/Institute for educational science,Institute for Educational Sciences
Europa-Universität Flensburg,Institut für Sportwissenschaft,Institute of Sports
Europa-Universität Flensburg,Institut für Ästhetisch-Kulturelle Bildung,Institute for Aesthetic-Cultural Science and Practice
Europa-Universität Flensburg,Institute for Special Education,Institute for Special Education
Europa-Universität Flensburg,Institute of Educational Sciences,Institute of Educational Sciences
Europa-Universität Flensburg,Interdisciplinary Centre for European Studies (ICES),Centre for European Studies
Europa-Universität Flensburg,Seminar für Geschichte und Geschichtsdidaktik,History & History didactics
Europa-Universität Flensburg,Sport Science,Institute of Sports
Europa-Universität Flensburg,Sport Science Education,Sport Science
Europa-Universität Flensburg Institut für Sprache Literatur und Medien,"Institut für Sprache, Literatur und Medien","Institute for Language, Literature & Media"
"Europa-Universität Flensburg Institut für Ästhetisch-Kulturelle Bildung, Fach Kunst & visuelle Medien,",Art & visual Media,Art & visual Media
Ev. Diakonie-Krankenhaus Bremen,Department of Hematology and Oncology,Department of Hematology and Oncology
Fachhochschule Flensburg,School of Business,School of Business
Fachhochschule Kiel,Department of Media,Department of Media
Fachhochschule Kiel,Fachbereich Soziale Arbeit und Gesundheit,Department of Social Work & Health
Fachhochschule Kiel,Fachbereich Sozialwesen,Social welfare
Fahrenheit (Germany),Leibniz Center for Tropical Marine Ecology (ZMT),Leibniz Center for Tropical Marine Research
Fahrenheit (Germany),Leibniz Center for Tropical Marine Ecology (ZMT) GmbH,Leibniz Center for Tropical Marine Research
Faserinstitut Bremen eV,Measurement Systems & Monitoring,Measurement Systems & Monitoring
Forschungszentrum Energiespeichertechnologien,Energy Research Center of Lower Saxony (EFZN),Energy Research Centre of Lower Saxony
Free University of Bozen-Bolzano,Faculty of Science and Technology Free University of Bozen/Bolzano 39100 Bolzano Italy,Faculty of Science and Technology
Friedrich-Loeffler-Institut,Friedrich Loeffler-Institute of Medical Microbiology,Friedrich Loeffler Institute of Medical Microbiology
Friedrich-Loeffler-Institut,aFriedrich Loeffler Institute of Medical Microbiology,Friedrich Loeffler Institute of Medical Microbiology
Friedrich-Loeffler-Institut Bundesforschungsinstitut für Tiergesundheit,Institute of Epidemiology,Institute of Epidemiology
Fulda University of Applied Sciences,Center for Applied Health Science,Centre for Applied Health Science
Fulda University of Applied Sciences,Center for Applied Health Sciences,Centre for Applied Health Science
GEOMAR,Alfred-Wegener-Institut,Alfred Wegener Institute
GEOMAR,Alfred‐Wegener‐Institut Helmholtz‐Zentrum für Polar‐ und Meeresforschung,Alfred Wegener Institute
GEOMAR,Biogeochemical Modelling,Biogeochemical Modelling
GEOMAR,Biogeochemistry/Marine Geosystems,Biogeochemistry & Marine Geosystems
GEOMAR,Biological Oceanography,Biological Oceanography
GEOMAR,Biological oceanography,Biological Oceanography
GEOMAR,"Central Service ""Lithothek""",Lithothek
GEOMAR,Chemical Oceanography,Chemical Oceanography
GEOMAR,Chemical Paleoceanography,Chemical Paleoceanography
GEOMAR,Chemical oceanography,Chemical Oceanography
GEOMAR,Christian-Albrechts University of Kiel,CAU Kiel
GEOMAR,Christian-Albrechts Universität zu Kiel,CAU Kiel
GEOMAR,Christian-Albrechts-UniversitÃ¤t zu Kiel,CAU Kiel
GEOMAR,Christian‐Albrechts Universität zu Kiel,CAU Kiel
GEOMAR,Christian‐Albrechts‐Universität zu Kiel (CAU),CAU Kiel
GEOMAR,Christian–Albrechts Universität zu Kiel,CAU Kiel
GEOMAR,Department of Benthic Ecology GEOMAR Helmholtz‐Zentrum für Ozeanforschung 24105 Kiel Germany,Department of Benthic Ecology
GEOMAR,Department of Benthic Ecology GEOMAR Helmholtz‐Zentrum für Ozeanforschung Kiel 24105 Kiel Germany,Department of Benthic Ecology
GEOMAR,Directorate,Directorate
GEOMAR,Division of Dynamics of the Ocean Floor,Department of Dynamics of the Ocean floor
GEOMAR,Division of Marine Geosystems,Division of Marine Geosystems
GEOMAR,Dynamic of ocean floor,Department of Dynamics of the Ocean floor
GEOMAR,Dynamics of Ocean Floor,Department of Dynamics of the Ocean floor
GEOMAR,Earth Sciences,Earth Sciences
GEOMAR,Evolutionary Ecology of marine fishes,Evolutionary Ecology of marine fishes
GEOMAR,FB 4 Geodynamics,Marine Geodynamics
GEOMAR,FB2-Marine Biogeochemistry,Marine Biogeochemistry
GEOMAR,FB4,Marine Geodynamics
GEOMAR,FB4 Dynamics of the Ocean floor,Department of Dynamics of the Ocean floor
GEOMAR,Forschungsberech Marine Biogeochemie GEOMAR Helmholtz‐Zentrum für Ozeanforschung Kiel,Forschungsbereich Marine Biogeochemie
GEOMAR,GEOMAR - Helmholtz Centre for Ocean Research [Kiel] (Wischhofstr. 1-3,GEOMAR
GEOMAR,GEOMAR - Helmholtz Zentrum für Ozeanforschung; Kiel Germany,GEOMAR
GEOMAR,GEOMAR - Helmholtz-Zentrum für Ozeanforschung Kiel,GEOMAR
GEOMAR,GEOMAR -Helmholtz Zentrum für Ozeanforschung,GEOMAR
GEOMAR,GEOMAR Helmholtz Center for Ocean Research,GEOMAR
GEOMAR,GEOMAR Helmholtz Center for Ocean Research Kiel,GEOMAR
GEOMAR,GEOMAR Helmholtz Center for Ocean Research Kiel Kiel Schleswig‐Holstein Germany,GEOMAR
GEOMAR,GEOMAR Helmholtz Centre Ocean Research Kiel,GEOMAR
GEOMAR,GEOMAR Helmholtz Centre of Ocean Research,GEOMAR
GEOMAR,GEOMAR Helmholtz Centre of Ocean Research Kiel,GEOMAR
GEOMAR,GEOMAR Helmholtz centre for Ocean Research Kiel,GEOMAR
GEOMAR,GEOMAR Helmholtz-Centre for Ocean Research,GEOMAR
GEOMAR,GEOMAR Helmholtz-Centre for Ocean Research Kiel,GEOMAR
GEOMAR,GEOMAR Helmholtz-Centre for Ocean Sciences Kiel Kiel Germany,GEOMAR
GEOMAR,GEOMAR Helmholtz-Institute for Ocean Science,GEOMAR
GEOMAR,GEOMAR Helmholtz-Zentrum Für Ozeanforschung Kiel,GEOMAR
GEOMAR,GEOMAR Helmholtz-Zentrum f ür Ozeanforschung Kiel,GEOMAR
GEOMAR,GEOMAR Helmholtz-Zentrum for Ocean Research Kiel,GEOMAR
GEOMAR,GEOMAR Helmholtz-Zentrum fÃ¼r Ozeanforschung Kiel,GEOMAR
GEOMAR,GEOMAR Helmholtz-Zentrum für Ozean-forschung Kiel,GEOMAR
GEOMAR,GEOMAR Helmholtz-Zentrum für Ozeanforschung,GEOMAR
GEOMAR,GEOMAR Helmholtz-Zentrum für Ozeanforschung Kiel,GEOMAR
GEOMAR,GEOMAR Helmholtzzentrum für Ozeanforschung,GEOMAR
GEOMAR,GEOMAR Helmholtz‐Centre for Ocean Research Kiel,GEOMAR
GEOMAR,GEOMAR Helmholtz‐Zentrum für Ozeanforschung Kiel,GEOMAR
GEOMAR,GEOMAR Helmholtz‐Zentrum für Ozeanforschung Kiel Düsternbrooker Weg 20 Kiel 24105 Germany,GEOMAR
GEOMAR,GEOMAR Helmholtz‐Zentrum für Ozeanforschung Kiel Kiel Germany,GEOMAR
GEOMAR,GEOMAR Helmholz Centre for Ocean Research Kiel,GEOMAR
GEOMAR,GEOMAR Research Center for Marine Geosciences,GEOMAR
GEOMAR,GEOMAR Research Center for Marine Geosciences Kiel Germany,GEOMAR
GEOMAR,GEOMAR | Helmholtz Centre for Ocean Research Kiel,GEOMAR
GEOMAR,GEOMAR&ndash,GEOMAR
GEOMAR,"GEOMAR-Biotech, Marine Ecology, Natural Product Chemistry","Biotech, Marine Ecology, Natural Product Chemistry"
GEOMAR,GEOMAR-Helmholtz Center for Ocean Research,GEOMAR
GEOMAR,GEOMAR-Helmholtz Center for Ocean Research Kiel; Kiel Germany,GEOMAR
GEOMAR,GEOMAR-Helmholtz Centre for Ocean Research,GEOMAR
GEOMAR,GEOMAR. Helmholtz Centre for Ocean Research Kiel,GEOMAR
GEOMAR,GEOMAR: Helmholtz Center for Ocean Research,GEOMAR
GEOMAR,GEOMAR: Helmholtz-Zentrum fur Ozeanforschung Kiel,GEOMAR
GEOMAR,GEOMAR|Helmholtz Center for Ocean Research Kiel,GEOMAR
GEOMAR,GEOMAR–Helmholtz Centre for Ocean Research Kiel,GEOMAR
GEOMAR,GEOMAR–Helmholtz-Centre for Ocean Research Kiel,GEOMAR
GEOMAR,GEOMAR—Helmholtz Center for Ocean Research,GEOMAR
GEOMAR,GEOMAR—Helmholtz Centre for Ocean Research,GEOMAR
GEOMAR,Geodynamics,Marine Geodynamics
GEOMAR,Geomar,GEOMAR
GEOMAR,Geomar Helmholtz Centre for Ocean Research Kiel,GEOMAR
GEOMAR,Geomar: Helmholtz Centre for Ocean Research,GEOMAR
GEOMAR,Geomicrobiology,Geomicrobiology
GEOMAR,Helmeholtz Center for Ocean Research Kiel (GEOMAR),GEOMAR
GEOMAR,Helmholtz Center for Ocean Research,GEOMAR
GEOMAR,Helmholtz Centre for Ocean Research,GEOMAR
GEOMAR,Helmholtz Centre for Ocean Research (GEOMAR),GEOMAR
GEOMAR,Helmholtz Centre for Ocean Research GEOMAR,GEOMAR
GEOMAR,Helmholtz Centre for Ocean Research Kiel (GEOMAR),GEOMAR
GEOMAR,Helmholtz Centre for Ocean Research Kiel (GEOMAR) Kiel Germany,GEOMAR
GEOMAR,Helmholtz Centre for Ocean Research Kiel GEOMAR Kiel Germany,GEOMAR
GEOMAR,Helmholtz Centre for Ocean Research [Kiel],GEOMAR
GEOMAR,Helmholtz Centre for Ocean ResearchKiel,GEOMAR
GEOMAR,IDCC / Helmholtz Metadata Collaboration,Metadata Collaboration
GEOMAR,IFM-GEOMAR - Leibniz-Institut für Meereswissenschaften (24148 Kiel - Allemagne),GEOMAR
GEOMAR,IFM-GEOMAR - Leibniz-Institut für Meereswissenschaften (24148 Kiel - Germany),GEOMAR
GEOMAR,IFM-GEOMAR Leibniz Institute of Marine Sciences at the University of Kiel Kiel Germany,GEOMAR
GEOMAR,IFM-GEOMAR Wischhofstrasse 1-3,GEOMAR
GEOMAR,IFM-GEOMAR; Leibniz-Institute of Marine Sciences; Wischhofstrasse 1-3,GEOMAR
GEOMAR,IFM‐GEOMAR Kiel Germany,GEOMAR
GEOMAR,IFM–GEOMAR,GEOMAR
GEOMAR,IfM-GEOMAR Leibniz Institute of Marine Sciences,GEOMAR
GEOMAR,Kiel Germany,GEOMAR
GEOMAR,Leibniz Insitut für Meereswissenschaften,GEOMAR
GEOMAR,Leibniz Institut für Meereswissenschaften,GEOMAR
GEOMAR,Leibniz Institut für Meereswissenschaften Kiel,GEOMAR
GEOMAR,Leibniz Institute for Marine Science,GEOMAR
GEOMAR,Leibniz Institute for Marine Sciences,GEOMAR
GEOMAR,Leibniz Institute für Meereswisenschaften,GEOMAR
GEOMAR,Leibniz Institute of Marine Sciences,GEOMAR
GEOMAR,Leibniz Institute of Marine Sciences (IFM-GEOMAR),GEOMAR
GEOMAR,Leibniz Institute of Marine Sciences (IFM‐GEOMAR) University of Kiel,GEOMAR
GEOMAR,Leibniz Institute of Marine Sciences at Kiel University (IFM-GEOMAR),GEOMAR
GEOMAR,Leibniz Institute of Marine Sciences at University of Kiel (IFM-GEOMAR),GEOMAR
GEOMAR,Leibniz Institute of Marine Sciences at University of Kiel (IFM-GEOMAR) Kiel Germany,GEOMAR
GEOMAR,Leibniz Institute of Marine Sciences at University of Kiel (IFM‐GEOMAR),GEOMAR
GEOMAR,Leibniz Institute of Marine Sciences at the University of Kiel,GEOMAR
GEOMAR,Leibniz Institute of Marine Sciences at the University of Kiel (IFM-GEOMAR),GEOMAR
GEOMAR,Leibniz-Institut für Meereswissenschaften IFM-GEOMAR,GEOMAR
GEOMAR,Leibniz-Institut für Meereswissenschaften IfM-GEOMAR,GEOMAR
GEOMAR,Leibniz-Institut für Meereswissenschaften an der Universität Kiel (IFM-GEOMAR); Kiel; Germany,GEOMAR
GEOMAR,Leibniz-Institute for Marine Sciences,GEOMAR
GEOMAR,Leibniz-Institute for Marine Sciences at the University of Kiel,GEOMAR
GEOMAR,Leibniz-Institute of Marine Science IFM-GEOMAR,GEOMAR
GEOMAR,Leibniz-Institute of Marine Sciences (IFM-GEOMAR),GEOMAR
GEOMAR,Leibniz-Institute of Marine Sciences at Kiel University (IFM-GEOMAR),GEOMAR
GEOMAR,Leibniz-Institute of Marine Sciences at the University of Kiel,GEOMAR
GEOMAR,Leibniz‐Institut für Meereswissenschaften IFM‐GEOMAR,GEOMAR
GEOMAR,Leibniz‐Institut für Meereswissenschaften an der Universität Kiel (IFM‐GEOMAR),GEOMAR
GEOMAR,Leibniz‐Institut für Meereswissenschaften an der Universität zu Kiel (IFM‐GEOMAR),GEOMAR
GEOMAR,Leibniz‐Institute of Marine Sciences IFM‐GEOMAR Kiel Germany,GEOMAR
GEOMAR,Marine Benthic Ecology,Marine Benthic Ecology
GEOMAR,Marine Biogeochemistry Division,Marine Biogeochemistry
GEOMAR,Marine Biogeochemistry IFM-GEOMAR,Marine Biogeochemistry
GEOMAR,Marine Biogeochemistry Research Division,Marine Biogeochemistry
GEOMAR,Marine Ecology,Department of Marine Ecology
GEOMAR,Marine Ecology Division,Marine Ecology Department
GEOMAR,Marine Ecology Division GEOMAR Helmholtz‐Zentrum für Ozeanforschung Kiel,Marine Ecology Department
GEOMAR,Marine Ecology/Benthic Ecology,Benthic Ecology
GEOMAR,Marine Geodynamics,Marine Geodynamics
GEOMAR,Marine Geologie,Marine Geology
GEOMAR,Marine Meteorology,Marine Meteorology
GEOMAR,Marine Microbiology,Marine Microbiology
GEOMAR,Marine Symbioses,Marine Symbiosis Unit
GEOMAR,Marine Symbioses Research Unit,Marine Symbiosis Unit
GEOMAR,Marine Symbiosis,Marine Symbiosis Unit
GEOMAR,Marine and Environmental Geology,Marine & Environmental Geology
GEOMAR,Meteorology,Meteorology
GEOMAR,N##TAB##TAB##TAB##TAB#4 GEOMAR,GEOMAR
GEOMAR,Ocean Circulation and Climate Dynamics,Ocean Circulation and Climate Dynamics
GEOMAR,Ocean Dynamics,Ocean Dynamics
GEOMAR,Ocean Floor Dynamics,Ocean Floor Dynamics
GEOMAR,Ocean circulation anc climate dynamics,Ocean Circulation and Climate Dynamics
GEOMAR,Paleoceanography,Paleoceanography
GEOMAR,Physical Oceanography,Physical Oceanography
GEOMAR,RBS)Leibniz-Institute of Marine Sciences (IFM-GEOMAR),GEOMAR
GEOMAR,"RD2 Marine Biogeochemistry, Biological Oceanography","Department of Marine Biogeochemistry, Chemical Oceanography"
GEOMAR,"RD2 Marine Biogeochemistry, Biological Oceanography/Chemical Oceanography)","Department of Marine Biogeochemistry, Chemical Oceanography"
GEOMAR,"RD2 Marine Biogeochemistry, Chemical Oceanography","Department of Marine Biogeochemistry, Chemical Oceanography"
GEOMAR,RD3,Department of Marine Ecology
GEOMAR,RD3 Marine Symbioses,Department of Marine Ecology
GEOMAR,RD4 Dynamics of the Ocean Floor,Department of Dynamics of the Ocean floor
GEOMAR,RD4: Dynamics of the Ocean Floor,Department of Dynamics of the Ocean floor
GEOMAR,Research Center for Marine Geosciences (GEOMAR) Helmholtz Centre for Ocean Research Kiel,Marine Geosciences
GEOMAR,Universitaet Kiel,CAU Kiel
GEOMAR,"and Kiel
University",CAU Kiel
GEOMAR,e,GEOMAR
GIGA German Institute of Global and Area Studies,Institute of Asian Studies,Institute of Asian Studies
GIGA German Institute of Global and Area Studies,Project of the Alexander von Humboldt Foundation “War Economies and Postwar Crime”,Project of the Alexander von Humboldt Foundation “War Economies and Postwar Crime”
GIGA German Institute of Global and Area Studies,"Research project: “A Dangerous Liaison? Ethnicity, Natural Resources and Civil Conflict Onset” (DFG) [research on the interaction of resource extraction, ethnic identities, and (violent) conflict dynamics]","Research project: “A Dangerous Liaison? Ethnicity, Natural Resources and Civil Conflict Onset”"
GIGA German Institute of Global and Area Studies,Research project: “Is Resource Wealth a Risk Factor?” (DFG),Research project: “Is Resource Wealth a Risk Factor?”
German Aerospace Center,Exploration Systems,Exploration Systems
German Center for Infection Research,DZIF),German Center for Infection Research
German Center for Infection Research,DZIF) Hamburg–Lübeck– Borstel–Riems Site University of Lübeck Lübeck Germany,German Center for Infection Research
German Center for Infection Research (DZIF),Research area 'Emerging Infections',Emerging Infections
German Center for Lung Research,Airway Research Center North (ARCN),Airway Research Center North
German Center for Neurodegenerative Diseases,Deutsches Zentrum fuer Neurodegenerative Erkrankungen (DZNE),Deutsches Zentrum für Neurodegenerative Erkrankungen (DZNE)
German Centre for Integrative Biodiversity Research,iDiv) Halle–Jena–Leipzig,iDiv)
German Institute for Economic Research,DIW Berlin European University Institute &amp; Kiel Institute for the World Economy Berlin Germany,DIW Berlin
German Institute for Economic Research,DIW Berlin),DIW Berlin
German Institute for Global and Area Studies,GIGA German Institute of Global and Area Studies and University of Hamburg,German Institute of Global and Area Studies
German Institute for Global and Area Studies,German Institute of Global and Area Studies (GIGA) and University of Hamburg,German Institute of Global and Area Studies
German Institute for Global and Area Studies,Institute of Asian Studies,Institute of Asian Studies
German Institute for Global and Area Studies,Institute of Latin America Studies,Institute of Latin America Studies
German Institute for Global and Area Studies,Institute of Middle East Studies,Institute of Middle East Studies
German UNESCO Commission and UNESCO Institute for Education,Organization and Coordination in Germany of the International Literacy Year on behalf of the German UNESCOCommission,Organization and Coordination in Germany of the International Literacy Year on behalf of the German UNESCO Commission
HAW Hamburg,Centre for Sustainability & Climate Change Management,Centre for Sustainable Development & Climate Change Management
HAW Hamburg,Department Soziale Arbeit,Department of Social Work
HAW Hamburg,European School of Sustainability Science and Research (ESSSR),European School of Sustainability Science and Research
HAW Hamburg,Faculty Life Sciences,Faculty of Life Sciences
HAW Hamburg,Faculty of LIfe Sciences,Faculty of Life Sciences
HAW Hamburg,Hamburg University of Applied Sciences,HAW Hamburg
HAW Hamburg,Hamburg University of Applied Sciences (HAW),HAW Hamburg
HAW Hamburg,Hamburg University of Applied Sciences (HAW) - Research and Transfer Centre Sustainability and Climate Change Management,Research and Transfer Centre Sustainability and Climate Change Management
HAW Hamburg,Hamburg University of Applied Sciences: Hochschule fur Angewandte Wissenschaften Hamburg,HAW Hamburg
HAW Hamburg,Health Sciences,Health Sciences
HAW Hamburg,Life Science,Faculty of Life Sciences
HAW Hamburg,"Medientechnik, Digital Reality",Digital Reality
HAW Hamburg,"Research and Transfer Centre ""Sustainable development and Climate Change Management""","Research and Transfer Centre ""Sustainability and Climate Change Management"""
HAW Hamburg,Research and Transfer Centre Sustainable Development and Climate Change Management,Centre for Sustainable Development & Climate Change Management
HAW Hamburg,Research and Transfer Centre „Sustainability & Climate Change Management“ (FTZ-NK),Centre for Sustainability & Climate Change Management
HSBA Hamburg School of Business Administration,Finance and Accounting,Finance and Accounting
HafenCity University Hamburg,Architecture,Architecture
HafenCity University Hamburg,City Science Lab,City Science Lab
HafenCity University Hamburg,Geodesy and Geoinformatics,Geodesy & Geoinformatics
HafenCity University Hamburg,HCU),HafenCity University Hamburg
HafenCity University Hamburg,HOOU,Hamburg Open Online University
HafenCity University Hamburg,HafenCity University Hamburg,HafenCity University Hamburg
HafenCity University Hamburg,HafenCity Universität Hamburg,HafenCity University Hamburg
HafenCity University Hamburg,HafenCity Universität Hamburg: HafenCity Universitat Hamburg,HafenCity University Hamburg
HafenCity University Hamburg,"History and Theory of the City / DFG-RTG 2725 ""Urban future-making""",History and Theory of the City
HafenCity University Hamburg,Resource Efficiency in Architecture and Planning (REAP),Resource Efficiency in Architecture and Planning
HafenCity University Hamburg,eLearning/eAssessment,eLearning/eAssessment
HafenCity Universität Hamburg,Hydrography and Geodesy,Hydrography & Geodesy
HafenCity Universität Hamburg,Infrastructural Engineering,Infrastructural Engineering
HafenCity Universität Hamburg,Urban Planning,Urban Planning
Hamburg Institute of International Economics,HWWI),HWWI
Hamburg Institute of International Economics,HWWI) Neuer Jungfernstieg 21 | 20354 Hamburg | Germany,HWWI
Hamburg Institute of International Economics,Migration Research,Migration Research
Hamburg Institute of International Economics,Programme International Climate Policy,Programme “International Climate Policy”
Hamburg Institute of International Economics,Research Programme on International Climate,Research Programme on International Climate Policy
Hamburg University of Technology,Institut für Technologie- und Innovationsmanagement,Institute for Technology and Innovation Management
Hamburg University of Technology,Institute for Technology and Innovation Manageemnt,Institute for Technology and Innovation Management
Hamburg University of Technology,Institute for Technology and Innovation Management (TIM),Institute for Technology and Innovation Management
Hamburg University of Technology,Institute for Technology and Innovation Management at,Institute for Technology and Innovation Management
Hamburg University of Technology,Prof.,Hamburg University of Technology
Hamburg University of Technology,TUHH),Hamburg University of Technology
Hamburg University of Technology,Technical University Hamburg-Harburg,Hamburg University of Technology
Hamburg University of Technology,Technical University of Hamburg-Harburg,Hamburg University of Technology
Hamburger Fern-Hochschule,Fachbereich Gesundheitswissenschaften,Health Sciences
Hans-Bredow-Institut,World Hobbit Project,World Hobbit Project
Helmholtz Centre for Ocean Research Kiel,Physical Oceanography,Physical Oceanography
Helmholtz Institute for Functional Marine Biodiversity,Alfred-Wegener Institute,Alfred Wegener Institute
Helmholtz Institute for Functional Marine Biodiversity,HIFMB),HIFMB
Helmholtz Institute for Functional Marine Biodiversity,HIFMB) at the Carl von Ossietzky University of Oldenburg,HIFMB
Helmholtz Institute for Functional Marine Biodiversity,at the University of Oldenburg (HIFMB),HIFMB
Helmholtz Zentrum München,Helmholtz Zentrum,Helmholtz Zentrum München
Helmholtz Zentrum München,Helmholtz Zentrum MÃ¼nchen,Helmholtz Zentrum München
Helmholtz Zentrum München,Helmholtzzentrum,Helmholtz Zentrum München
Helmholtz Zentrum München,"JointMass Spectrometry Centre",Joint Mass Spectrometry Centre
Helmholtz Zentrum München,Joint Mass Spectrometry Center,Joint Mass Spectrometry Centre
Helmholtz Zentrum München,Joint Mass Spectrometry Center Cooperation Group Comprehensive Molecular Analytics,Joint Mass Spectrometry Centre
Helmholtz Zentrum München,Joint Mass Spectrometry Centre,Joint Mass Spectrometry Centre
Helmholtz Zentrum München,Joint Mass Spectrometry Centre (JMSC),Joint Mass Spectrometry Centre
Helmholtz Zentrum München,"Joint Mass Spectrometry Centre – Cooperation Group ""Comprehensive Molecular Analytics""",Joint Mass Spectrometry Centre
Helmholtz-Zentrum Hereon,"Departmentfor Environmental Chemistry",Department for Environmental Chemistry
Helmholtz-Zentrum Hereon,Helmholtz-Zentrum Geesthacht (HZG),Helmholtz-Zentrum Geesthacht
Helmholtz-Zentrum Hereon GERICS - Deutsches Institut für Klimaservices,Climate Service Center Germany (GERICS),Climate Service Center Germany
Helmut-Schmidt-Universität / UdB Hamburg,Economics,Faculty of Economic and Social Sciences
Helmut-Schmidt-Universität / UdB Hamburg,Experimental Psychology Unit,Experimental Psychology Unit
Helmut-Schmidt-Universität / UdB Hamburg,Fachbereich Erziehungswissenschaften,Educational Science
Helmut-Schmidt-Universität / UdB Hamburg,Faculty of Economic and Social Sciences,Faculty of Economic and Social Sciences
Helmut-Schmidt-Universität / UdB Hamburg,Fakultät für Geistes- und Sozialwissenschaften - Geschichte der Frühen Neuzeit unter besonderer Berücksichtigung der Sozial- und Wirtschaftsgeschichte,History of the Early Modern Period
Helmut-Schmidt-Universität / UdB Hamburg,Helmut-Schmidt-Universität,Helmut-Schmidt-Universität / UdB Hamburg
Helmut-Schmidt-Universität / UdB Hamburg,Helmut-Schmidt-Universität (Hamburgo,Helmut-Schmidt-Universität / UdB Hamburg
Helmut-Schmidt-Universität / UdB Hamburg,International Relations and Regional Governance,International Relations & Regional Governance
Helmut-Schmidt-Universität / UdB Hamburg,Maschinenbau,Mechanical Engineering
Helmut-Schmidt-Universität Universität der Bundeswehr Hamburg,Humanities and Social Sciences,Humanities & Social Sciences
Helmut-Schmidt-Universität Universität der Bundeswehr Hamburg,Metrology,Metrology
Hochschule Bremen,Biological Structures and Biomimetics,Biological Structures and Biomimetics
Hochschule Bremen,International Degree Programme Industrial and Environmental Biology,Industrial & Environmental Biology
Hochschule Bremen,International Summer School,International Summer School
Hochschule Bremen,"School of Architecture, Bremer Zentrum für Baukultur",School of Architecture
Hochschule Bremen,School of International Business,School of International Business
Hochschule Bremen,School of International Business (SiB),School of International Business
"Hochschule Bremen, City University of Applied Sciences",Biomimetics - The Biological Materials Group,Biomimetics
Hochschule Fresenius online plus GmbH,Hamburg Campus,Hamburg Campus
Hochschule für Angewandte Wissenschaften Hamburg,Computer Science,Department of Computer Science
Hochschule für Angewandte Wissenschaften Hamburg,Faculty of Life Sciences,Faculty of Life Sciences
Hochschule für Angewandte Wissenschaften Hamburg Fakultät Design Medien und Information,Dep. Information,"Department for Design, Media and Information"
Hochschule für Angewandte Wissenschaften Hamburg Fakultät Life Sciences,Public Health,Public Health
Hochschule für Musik und Theater,Cultural and Media Management,Cultural & Media Management
Hochschule für öffentliche Verwaltung Bremen,Steuerrecht,Tax Law
Huazhong Agricultural University,Associate Professor,Huazhong Agricultural University
HörTech gGmbH,Research & Development,Research & Development
IPN - Leibniz Institute for Science and Mathematics Education,Educational Research and Educational Psychology,Educational Research &  Educational Psychology
Ibero-American Institute,Publications Department,Department of Publications
Ifo Institute for Economic Research,CESifo (Center for Economic Studies and Ifo Institute),CESifo
Ifremer,GEOMAR—Helmholtz Center for Ocean Research,GEOMAR
Indian Institute of Technology Madras,Center for Atmospheric and Climate Sciences,Centre for Atmospheric and Climate Sciences
Indiana University – Purdue University Indianapolis,Andrea Strayer,Indiana University – Purdue University Indianapolis
Indiana University – Purdue University Indianapolis,Anne Christin Rahn,Indiana University – Purdue University Indianapolis
Institut de Recherche pour le Développement,GEOMAR Helmholtz-Centre for Ocean Research Kiel,GEOMAR
Institut de Recherche pour le Développement,GEOMAR—Helmholtz Center for Ocean Research,GEOMAR
Institut für Meereskunde an der Universität Kiel,Physical Oceanography,Physical Oceanography
"Institute for Hygiene and Environment, FH Hamburg",Air/Radioactivity,Air/Radioactivity
Institute for Marine Research,Maritime Meteorology,Maritime Meteorology
Institute for Peace Research and Security Policy,Researcher at the,Institute for Peace Research and Security Policy
Institute for Peace Research and Security Policy,at the University of Hamburg,Institute for Peace Research and Security Policy
Institute for Prevention Research and Social Medicine (BIPS),Epidemiological Methods and Field Work,Epidemiological Methods & Field Work
"Institute of Earth Sciences, Academia Sinica",Institute of Earth Sciences,"Institute of Earth Sciences, Academia Sinica"
"Institute of Earth Sciences, Academia Sinica",Institute of Earth Sciences Academia Sinica Taipei Taiwan,"Institute of Earth Sciences, Academia Sinica"
"Institute of Energy Research and Physical Technologies, TU-Clausthal",Surface Science (Prof. Dr. Ernst Bauer),Surface Science Chair
Institute of Geosciences,Kiel University;,CAU Kiel
Institute of Law,GmbH & Co. KG Postfach 2040 D-72010 Tübingen,Institute of Law
"Institute of Materials Science, Bremen",Process Engineering,Process Engineering
Institute of Oceanology,GEOMAR Helmholtz Centre for Ocean Research Kiel Kiel Germany,GEOMAR
Institute of Soil and Water Conservation,State Key Laboratory of Soil Erosion and Dryland Farming on the Loess Plateau Northwest A&amp;F University Yangling China,State Key Laboratory of Soil Erosion and Dryland Farming on the Loess Plateau
Institute of Tibetan Plateau Research,Key Laboratory of Tibetan Environment Changes and Land Surface Processes (TEL),Key Laboratory of Tibetan Environment Changes and Land Surface Processes
Instituto Español de Oceanografía,Helmholtz Centre for Ocean Research Kiel (GEOMAR),GEOMAR
International School of Management,Psychology & Management,Psychology & Management
International School of Management Campus Hamburg,HR,Human Relations
Jacobs University Bremen,Bremen International Graduate School of Social Sciences (BIGSSS),Bremen International Graduate School of Social Sciences
Justus-Liebig-Universität Gießen,Justus Liebig University Gießen,Justus-Liebig-Universität Gießen
Justus-Liebig-Universität Gießen,Justus Liebig Universität Giessen,Justus-Liebig-Universität Gießen
Justus-Liebig-Universität Gießen,Justus-Liebig-University Giessen,Justus-Liebig-Universität Gießen
Kathmandu University,Assistant Professor,Kathmandu University
Kiel Institut für Weltwirtschaft,Christian Albrecht University,CAU Kiel
Kiel Institut für Weltwirtschaft,Christian Albrecht University Kiel/Institute for the World Economy,Kiel Institut für Weltwirtschaft
Kiel Institut für Weltwirtschaft,Christian-Albrecht University of Kiel/Institute for the World Economy,Kiel Institut für Weltwirtschaft
Kiel Institut für Weltwirtschaft,Christian-Albrechts University,CAU Kiel
Kiel Institut für Weltwirtschaft,IFW,Kiel Institut für Weltwirtschaft
Kiel Institut für Weltwirtschaft,IfW),Kiel Institut für Weltwirtschaft
Kiel Institut für Weltwirtschaft,IfW) Hindenburgufer 66,Kiel Institut für Weltwirtschaft
Kiel Institut für Weltwirtschaft,Innovation and International Competition,Innovation and International Competition
Kiel Institut für Weltwirtschaft,Institute for World Economy Kiel,Kiel Institut für Weltwirtschaft
Kiel Institut für Weltwirtschaft,Kiel,Kiel Institut für Weltwirtschaft
Kiel Institut für Weltwirtschaft,Kiel Institute of World Economics,Kiel Institut für Weltwirtschaft
Kiel Institut für Weltwirtschaft,Professor,Kiel Institut für Weltwirtschaft
Kiel Institut für Weltwirtschaft,The Environment and Natural Resources,The Environment and Natural Resources
Kiel Institut für Weltwirtschaft,The Kiel Institute of World Economics,Kiel Institut für Weltwirtschaft
Kiel Institut für Weltwirtschaft,University of Kiel (CAU),CAU Kiel
Kiel Institut für Weltwirtschaft,VRCenter DEGIT,VRCenter DEGIT
Kiel Institut für Weltwirtschaft,and University of Kiel,CAU Kiel
King Abdullah University of Science and Technology,KAUST),KAUST
King Fahd University of Petroleum and Minerals,King Fadh University of Petroleum &amp; Minerals KFUPM Box 2263 Dhahran 31261 Saudi Arabia,King Fahd University of Petroleum and Minerals
Korea Institute of Geoscience and Mineral Resources,KIGAM(),KIGAM
Korea Institute of Geoscience and Mineral Resources,KIGAM),KIGAM
Krankenhaus Nordwest,Agong Lupat and Johannes Hengelbrock are joint first authors.,Krankenhaus Nordwest
Krankenhaus Salem,Laboratory of Alcohol Research (HKS),Laboratory of Alcohol Research
Laboratoire d'Océanographie et du Climat : Expérimentations et Approches Numériques,CNRS/IRD/MNHN,Laboratoire d'Océanographie et du Climat : Expérimentations et Approches Numériques
Laboratoire d'Océanographie et du Climat : Expérimentations et Approches Numériques,GEOMAR Helmholtz-Centre for Ocean Research Kiel,GEOMAR
Laboratoire d’Océanographie de Villefranche,GEOMAR - Helmholtz Centre for Ocean Research [Kiel] (Wischhofstr. 1-3,GEOMAR
Landscape Research Group,Peter Borchardt,Landscape Research Group
Leibniz Centre for Tropical Marine Research,Department of Social Sciences,Institute of Social Sciences
Leibniz Centre for Tropical Marine Research,Development and Knowledge Sociology,Development and Knowledge Sociology
Leibniz Centre for Tropical Marine Research,Faculty Biology and Chemistry,Faculty of Biology and Chemistry
Leibniz Centre for Tropical Marine Research,Faculty of Geoscience,Faculty of Geosciences
Leibniz Centre for Tropical Marine Research,Institute for Geology University of Hamburg,Institute for Geology
Leibniz Centre for Tropical Marine Research,Leibniz Center for Tropical Marine Ecology (ZMT),Leibniz Center for Tropical Marine Ecology
Leibniz Centre for Tropical Marine Research,Leibniz Center for Tropical Marine Ecology (ZMT) GmbH,Leibniz Center for Tropical Marine Ecology
Leibniz Centre for Tropical Marine Research,Science Management,Science Management
Leibniz Centre for Tropical Marine Research,Social Science,Institute of Social Sciences
Leibniz Centre for Tropical Marine Research,Social Sciences,Institute of Social Sciences
Leibniz Centre for Tropical Marine Research,Theoretical Ecology and Modelling,Theoretical Ecology and Modelling
Leibniz Centre for Tropical Marine Research,ZMT,ZMT
Leibniz Centre for Tropical Marine Research,ZMT),ZMT
Leibniz Centre for Tropical Marine Research,ZMT) GmbH,ZMT
Leibniz Centre for Tropical Marine Research,ZMT-,ZMT
Leibniz Institute for Baltic Sea Research,Warnemünde Rostock Germany,Warnemünde
Leibniz Institute for Neurobiology,Leibniz Institut für Meereswissenschaften IFM-GEOMAR,GEOMAR
Leibniz Institute for Prevention Research and Epidemiology - BIPS,Biometry and Data Management,Department of Biometry and Data Management
Leibniz Institute for Prevention Research and Epidemiology - BIPS,Department of Biometry and Data Management,Department of Biometry and Data Management
Leibniz Institute for Prevention Research and Epidemiology - BIPS,Epi Methods and Etiological Research,Epidemiological Methods & Etiological Research
Leibniz Institute for Prevention Research and Epidemiology - BIPS,Institut für Public Health und Pflegeforschung – IPP,Institute for Public Health and Nursing Research (IPP)
Leibniz Institute for Prevention Research and Epidemiology - BIPS,Leibniz Institute for Prevention Research and Epidemiol-ogy -BIPS,Leibniz-Institut für Präventionsforschung und Epidemiologie - BIPS
Leibniz Institute for Prevention Research and Epidemiology - BIPS,Prevention and Evaluation,Prevention and Evaluation
Leibniz Institute for Science and Mathematics Education,Biology Education,Biology Education
Leibniz Institute for Science and Mathematics Education,Educational Research and Educational Psychology,Educational Research & Educational Psychology
Leibniz Institute for the Analysis of Biodiversity Change,LIB Hamburg),Leibniz Institute for the Analysis of Biodiversity Change
Leibniz Institute for the Analysis of Biodiversity Change,LIB –,Leibniz Institute for the Analysis of Biodiversity Change
Leibniz Institute for the Analysis of Biodiversity Change,LIB),Leibniz Institute for the Analysis of Biodiversity Change
Leibniz Institute of Atmospheric Physics at the Rostock University,Leibniz Institute of Atmospheric Physics at the University of Rostock,Leibniz-Institute of Atmospheric Physics
Leibniz Institute of Atmospheric Physics at the Rostock University,Leibniz-Institute of Atmospheric Physics at the Rostock University,Leibniz-Institute of Atmospheric Physics
Leibniz-Institut für  Werkstofforientierte Technologien - IWT,"Multiphase Flow, Heat and Mass Transfer","Multiphase Flow, Heat and Mass Transfer"
Leibniz-Institut für Experimentelle Virologie,Integrative Virology,Integrative Virology
Leibniz-Institut für Medienforschung Hans-Bredow-Institut,(Social) Media Observatory,(Social) Media Observatory
Leibniz-Institut für Meereswissenschaften (IFM-Geomar),Physical Oceanography,Physical Oceanography
Leibniz-Institut für Präventionsforschung und Epidemiologie - BIPS GmbH,Epidemiological Methods and Etiological Research,Epidemiological Methods & Etiological Research
Leibniz-Institut für Virologie,Dynamics of viral Structures,Dynamics of viral Structures
Leibniz-Zentrum für Marine Tropenforschung (ZMT) GmbH,Experimental Aquaculture,Experimental Aquaculture
"Leibniz-Zentrum für Marine Tropenforschung GmbH: Bremen, Bremen, DE",WG Experimental Aquaculture,Experimental Aquaculture
Leuphana Universität Lüneburg,1 SWS,Leuphana Universität Lüneburg
Leuphana Universität Lüneburg,2 SWS,Leuphana Universität Lüneburg
Leuphana Universität Lüneburg,?,Leuphana Universität Lüneburg
Leuphana Universität Lüneburg,Center for Applied Health Science,Center for Applied Health Sciences
Leuphana Universität Lüneburg,Center for Digital Cultures (CDC) - Institute for Sociology and Cultural Organisation,Institute for Sociology and Cultural Organization
Leuphana Universität Lüneburg,Center for Methods,Centre for Methods
Leuphana Universität Lüneburg,Centre for Sustainability Management (CSM) Leuphana University,Centre for Sustainability Management
Leuphana Universität Lüneburg,Centre for Sustainability Management#R##N#Leuphana University of Lueneburg,Centre for Sustainability Management
Leuphana Universität Lüneburg,Chair of Sociology of Organization and Culture,Sociology of Organization & Culture Chair
Leuphana Universität Lüneburg,Department of Environmental Sciences,Department of Environmental Sciences
Leuphana Universität Lüneburg,Ecosystem Functions,Ecosystem Functions
Leuphana Universität Lüneburg,Faculty Sustainability,Faculty of Sustainability and Cultural Studies
Leuphana Universität Lüneburg,Faculty Sustainability / Institute for sustainability communication,Faculty of Sustainability and Cultural Studies
Leuphana Universität Lüneburg,Faculty Sustainability Institute of Ecology Leuphana University Lüneburg Scharnhorststr.1 21335 Lüneburg Germany,Institute of Ecology
Leuphana Universität Lüneburg,Faculty of Sustainability,Faculty of Sustainability and Cultural Studies
Leuphana Universität Lüneburg,Faculty of Sustainability Institute of Ecology Leuphana University Lüneburg Lüneburg Germany,Institute of Ecology
Leuphana Universität Lüneburg,Faculty of Sustainability Institute of Ecology Leuphana University Lüneburg Scharnhorststr. 1 D‐21335 Lüneburg Germany,Institute of Ecology
Leuphana Universität Lüneburg,Faculty of Sustainability Sciences,Faculty of Sustainability and Cultural Studies
Leuphana Universität Lüneburg,"Faculty of Sustainability Sciene, Centre for Sustainability Management (CSM)",Faculty of Sustainability and Cultural Studies
Leuphana Universität Lüneburg,"Faculty of Sustainability, Institue of Ecology",Institute of Ecology
Leuphana Universität Lüneburg,Faculty of Sustainablity and Cultural Studies,Faculty of Sustainability and Cultural Studies
Leuphana Universität Lüneburg,IMO,Institute for Management and Organization
Leuphana Universität Lüneburg,INSUGO,Institute of Sustainability Governance
Leuphana Universität Lüneburg,"Innovation Incubator (ERDF/European Regional Development Fund), Graduate School",Innovation Incubator
Leuphana Universität Lüneburg,Institute for Management and Organization,Institute for Management and Organization
Leuphana Universität Lüneburg,Institute for Sustainable Chemistry,Institute for Sustainable Chemistry
Leuphana Universität Lüneburg,Institute of Ecology,Institute of Ecology
Leuphana Universität Lüneburg,Institute of Ecology Leuphana University Lüneburg,Institute of Ecology
Leuphana Universität Lüneburg,Institute of Ecology Leuphana University Lüneburg Germany,Institute of Ecology
Leuphana Universität Lüneburg,Institute of Ecology Leuphana University Lüneburg Lüneburg Germany,Institute of Ecology
Leuphana Universität Lüneburg,Institute of Ecology Leuphana University Lüneburg Scharnhorststr. 1 D‐21335 Lüneburg Germany,Institute of Ecology
Leuphana Universität Lüneburg,Institute of Ecology Leuphana University Lüneburg Scharnhorststr. 1 Lüneburg D‐21335 Germany,Institute of Ecology
Leuphana Universität Lüneburg,Institute of Ecology; Leuphana University Lüneburg; Scharnhorststr. 1; D-21335; Lüneburg; Germany,Institute of Ecology
Leuphana Universität Lüneburg,Institute of English Studies,Institute of English Studies
Leuphana Universität Lüneburg,Institute of Environmental Chemistry Leuphana University Lüneburg Scharnhorststr. 1 Lüneburg D‐21335 Germany,Institute of Environmental Chemistry
Leuphana Universität Lüneburg,Institute of Management & Organization,Institute for Management and Organization
Leuphana Universität Lüneburg,Institute of Sustainability Governance (INSUGO),Institute of Sustainability Governance
Leuphana Universität Lüneburg,Leuphana U. Lüneburg,Leuphana Universität Lüneburg
Leuphana Universität Lüneburg,Leuphana Universitat Luneburg,Leuphana Universität Lüneburg
Leuphana Universität Lüneburg,Leuphana University Lueneburg,Leuphana Universität Lüneburg
Leuphana Universität Lüneburg,Leuphana University of Lueneburg,Leuphana Universität Lüneburg
Leuphana Universität Lüneburg,Leuphana University of Luneburg,Leuphana Universität Lüneburg
Leuphana Universität Lüneburg,Leuphana University.,Leuphana Universität Lüneburg
Leuphana Universität Lüneburg,Leuphana Universit�t L�neburg,Leuphana Universität Lüneburg
Leuphana Universität Lüneburg,Leuphana University of Lueneburg,Leuphana Universität Lüneburg
Leuphana Universität Lüneburg,Lichtenberg-Professor for Provenance Studies - Institute of Philosophy and Art History,Institute of Philosophy and Art History
Leuphana Universität Lüneburg,Project collaboration,Project collaboration
Leuphana Universität Lüneburg,School of Sustainability,Faculty of Sustainability and Cultural Studies
Leuphana Universität Lüneburg,School of Sustainability / Institute of Sustainability Governance (INSUGO),Institute of Sustainability Governance
Leuphana Universität Lüneburg,Social-Ecological Systems Institute,Institute for Social-Ecological Systems
Leuphana Universität Lüneburg,"Team teaching with Paik Nissen, circus pedagogue and director (2 SWS)",Leuphana Universität Lüneburg
Leuphana Universität Lüneburg,Univ. Lüneburg,Leuphana Universität Lüneburg
Leuphana Universität Lüneburg,Universidad Leuphana de Lüneburg,Leuphana Universität Lüneburg
Leuphana Universität Lüneburg,University of Lüneburg,Leuphana Universität Lüneburg
MARUM,Centre for Marine Environmental Sciences,MARUM
MARUM,Department of Geosciences,Institute of Geosciences
MPI for Marine Microbiology,HGF MPG Joint Research Group for Deep Sea Ecology and Technology,Deep Sea Ecology and Technology
MSH Medical School Hamburg,Department of Psychology,Department of Psychology
MSH Medical School Hamburg – University of Applied Sciences and Medical University,Department of art and arts therapies,Department of Art & Art Therapies
MSH Medical School Hamburg – University of Applied Sciences and Medical University,HAMBURG SCHOOL OF FOOD SCIENCE–Institute of Food Chemistry,Institute of Food Chemistry
MSH Medical School Hamburg – University of Applied Sciences and Medical University,Hamburg School of Food Science—Institute of Food Chemistry,Institute of Food Chemistry
MSH Medical School Hamburg – University of Applied Sciences and Medical University,MSH Medical School Hamburg,MSH Medical School
Maharashtra National Law University Mumbai,Assistant Professor of Economics,Economics
Mahidol University,Bremen Spatial Cognition Center (BSCC),Bremen Spatial Cognition Center
Marine Biodiversity Exploitation and Conservation,GEOMAR—Helmholtz Center for Ocean Research,GEOMAR
Max Planck Institut für Demografische Forschung,Social and Economic Demography,Social & Economic Demography
Max Planck Institute for Comparative and International Private Law,Associate Member,Max Planck Institute for Comparative and International Private Law
Max Planck Institute for Comparative and International Private Law,International Max Planck Research School on Earth System Modeling,International Max Planck Research School of Earth Systems Modelling
Max Planck Institute for Comparative and International Private Law,International Max Planck Research School on Earth System Modeling (IMPRS-ESM),International Max Planck Research School of Earth Systems Modelling
Max Planck Institute for Marine Microbiology,Biogeochemistry,Biogeochemistry
Max Planck Institute for Marine Microbiology,Marine Isotope Geochemistry,Marine Isotope Geochemistry
Max Planck Institute for Meteorology,Atmosphere in the Earth System,Atmosphere in the Earth System
Max Planck Institute for Meteorology,Ocean in the Earth System,Ocean in the Earth System
Max Planck Institute for Meteorology,Physics of the Oceans & Climate Dynamics,Physics of the Oceans & Climate Dynamics
Max Planck Institute for Plasma Physics - Greifswald,Max-Planck-Institut für Plasmaphysik 1,Institute for Plasmaphysics
Max Planck Institute for Plasma Physics - Greifswald,Max-Planck-Institut für Plasmaphysik Teilinstitut Greifswald,Institute for Plasmaphysics
Max Rubner-Institut Standort Kiel,Department of Microbiology and Biotechnology,Department of Microbiology and Biotechnology
Max-Planck-Institut für Plasmaphysik Teilinstitut Greifswald,Stellarator-Dynamik und -Transport,Institute for Plasmaphysics
Medical School Hamburg,Department of Psychology,Department of Psychology
Medical University Lübeck,Immunology and Transfusion Medicine,Immunology & Transfusion Medicine
Medical University Lübeck,Pediatrics,Pediatrics
Medizinisches Laserzentrum Lübeck (Germany),Medical Laser Center Luebeck,Medical Laser Center Lübeck GmbH
Millennium Institute of Oceanography,Departamento de OceanografÃ­a,Departamento de Oceanografía
Ministry of Water Resources of the People's Republic of China,State Key Laboratory of Soil Erosion and Dryland Farming on the Loess Plateau Northwest A&amp;F University Yangling China,State Key Laboratory of Soil Erosion and Dryland Farming on the Loess Plateau
Municipal Administration Kiel,Partnerschaft für Demokratie in Kiel,Partnerschaft für Demokratie in Kiel
Museum am Rothenbaum,Biocenter Grindel und Zoological Museum,Biocenter Grindel and Zoological Museum
Museum am Rothenbaum,Center of Natural History,Center of Natural History (CeNak)
Museum am Rothenbaum,Centrum für Naturkunde (CeNak),Center of Natural History (CeNak)
Museum am Rothenbaum,Centrum für Naturkunde (CeNak)–Center of Natural History,Center of Natural History (CeNak)
NOAA Pacific Marine Environmental Laboratory,Leibniz‐Institut für Meereswissenschaften an der Universität Kiel (IFM‐GEOMAR),GEOMAR
National Institute of Advanced Industrial Science and Technology,AIST),AIST
National Taiwan Ocean University,GEOMAR: Helmholtz Center for Ocean Research,GEOMAR
National Taiwan Ocean University,Institute of Earth Sciences Academia Sinica Taipei Taiwan,Institute of Earth Sciences
Next Energy EWE Research Center for Energy Technology,Photovoltaics,Photovoltaics
ORCID,Anne Christin Rahn,ORCID
ORCID,Lori Rhudy,ORCID
ORCID,Peter Nydahl,ORCID
ORCID,Sheena Ramazanu,ORCID
Ocean University of China,Helmholtz Centre for Ocean Research at Kiel University (GEOMAR),GEOMAR
Ocean University of China,Key Laboratory of Physical Oceanography; ; Qingdao Shandong China,Key Laboratory of Physical Oceanography
"Organization for Science, Education and Global Society",Scientific Department,Scientific Department
Pacific International Center for High Technology Research,Leibniz‐Institut für Meereswissenschaften an der Universität zu Kiel (IFM‐GEOMAR),GEOMAR
Queen's University Belfast,GEOMAR Helmholtz-Zentrum für Ozean-forschung Kiel,GEOMAR
Royal Netherlands Institute for Sea Research,MARUM – Center for Marine Environmental Sciences,MARUM
Royal Netherlands Institute for Sea Research,MARUM-Center for Marine Environmental Sciences; Bremen University; Bremen Germany,MARUM
Russian Academy of Sciences,GEOMAR Helmholtz Center for Ocean Research,GEOMAR
Russian Academy of Sciences,GEOMAR&ndash,GEOMAR
Schön Klinik Hamburg Eilbek,Department of Psychosomatic Medicine and Psychotherapy University Medical Centre Hamburg‐Eppendorf,Department of Psychosomatic Medicine and Psychotherapy
Second Institute of Oceanography,GEOMAR Helmholtz Centre for Ocean Research Kiel Kiel Germany,GEOMAR
Sichuan University,Energy Research Center of Lower Saxony (EFZN),Energy Research Centre of Lower Saxony
Sichuan University,Mental Health Center,Mental Health Centre
Sobell House,Annu Aggarwal and Susanne A. Schneider contributed equally and are shared first authors for this article.,Sobell House
Sorbonne Université,GEOMAR Helmholtz-Centre for Ocean Research Kiel,GEOMAR
Southern Marine Science and Engineering Guangdong Laboratory (Guangzhou),GEOMAR Helmholtz Centre for Ocean Research Kiel Kiel Germany,GEOMAR
Stockholm University,https://dx.doi.org/7675 Stockholm Sweden,Stockholm University
Swiss Federal Institute of Aquatic Science and Technology,Leibniz-Institute of Marine Science IFM-GEOMAR,GEOMAR
Swiss Tropical and Public Health Institute,Current address: GEOMAR Helmholtz Centre for Ocean Research Kiel,GEOMAR
Technical University of Applied Sciences Lübeck,Department of Architecture and Civil Engineering,Department of Architecture & Civil Engineering
Technical University of Applied Sciences Lübeck,Department of applied natural sciences,Department of Applied Natural Sciences
Technical university of Hamburg,Institute of Geo-Hydroinformatics,Institute of Geo-Hydroinformatics
Technische Universität Clausthal,Business Administration and Environmental Management,Business Administration & Environmental Management
Technische Universität Clausthal,China-Kompetenzzentrum,China Competence Center
Technische Universität Clausthal,College of Earth Science,College of Earth Sciences
Technische Universität Clausthal,Computer Science Deperatment,Department of Computer Science
Technische Universität Clausthal,Energy Research Center of Lower Saxony (EFZN),Energy Research Centre of Lower Saxony
Technische Universität Clausthal,Forschungszentrum Energiespeichertechnologien,energy storage technologies Centre
Technische Universität Clausthal,Geomechanics and Disposal Technology,Geomechanics & Disposal Technology
Technische Universität Clausthal,Geoscience,Geosciences
Technische Universität Clausthal,Inst. of Non-Metallic Materials,Institute of Non-Metallic Materials
Technische Universität Clausthal,Institut für Metallurgie,Metallurgy
Technische Universität Clausthal,Institute for Software and Systems Engineering at TU Clausthal,Institute for Software and Systems Engineering
Technische Universität Clausthal,Institute for theoretical Physics,Institute for theoretical Physics
Technische Universität Clausthal,Institute of Energy Research and Physical Technologies,Institute of Energy Research and Physical Technologies
Technische Universität Clausthal,"Institute of Mineral and Waste Processing, Recycling and Circular Economy Systems","Institute of Mineral and Waste Processing, Recycling and Circular Economy Systems"
Technische Universität Clausthal,Institute of Organic Chemistry,Institute of Organic Chemistry
Technische Universität Clausthal,Institute of Polymer Materials and Plastics Engineering,Institute of Polymer Materials and Plastics Engineering
Technische Universität Clausthal,Institüt für Informatik,Institute for Computer Science
Technische Universität Clausthal,Mineral Resources,Mineral Resources
Technische Universität Clausthal,Mining Engieering,Mining Engineering
Technische Universität Clausthal,Mining Engineering,Mining Engineering
Technische Universität Clausthal,Petroleum,Petroleum
Technische Universität Clausthal,Subsurface Energy Systems,Subsurface Energy Systems
Technische Universität Clausthal,TU-Clausthal,Technische Universität Clausthal
Technische Universität Clausthal,TUC),Technische Universität Clausthal
Technische Universität Clausthal,Technical University Clausthal; Institute for Geophysics; Arnold-Sommerfeld-Strasse 1 D-38678 Clausthal-Zellerfeld Germany,Technische Universität Clausthal
Technische Universität Clausthal,Technical University of Clausthal Clausthal,Technische Universität Clausthal
Technische Universität Clausthal,Technische Universität Clausthal (as Doctoral Student between 1996-2000),Technische Universität Clausthal
Technische Universität Clausthal,energy storage technologies Centre,Research Centre of Energy Storage Technologies
Technische Universität Clausthal Institut für Maschinelle Anlagentechnik und Betriebsfestigkeit,Institut für Maschinelle Anlagentechnik und Betriebsfestigkeit,Institute for Mechanical systems engineering and operational stability
Technische Universität Hamburg,Institut für Mathematik,Institute for Mathematics
Technische Universität Hamburg,Institut für Technische Bildung und Hochschuldidaktik (ITBH),Institute for Technical Education and University Didactics
Technische Universität Hamburg,Institute for Materials and X-Ray Physics (M-2),Institute for Materials and X-Ray Physics
Technische Universität Hamburg,Institute for Water Resources and Water Supply,Institute for Water Resources and Water Supply
Technische Universität Hamburg,Verfahrenstechnik,Process Engineering
Technische Universität Hamburg-Harburg,Institute for Water Resources and Water Supply,Institute for Water Resources and Water Supply
Tinbergen Institute,Joseph F. Francois is professor of economics and research fellow at the,Tinbergen Institute
Tongji University,MARUM — Zentrum für Marine Umweltwissenschaften,MARUM
Tongji University,MARUM-Center for Marine Environmental Sciences,MARUM
Tongji University,MARUM-Zentrum für Marine Umweltwissenschaften; University of Bremen; Bremen Germany,MARUM
Tongji University,TONGJI UNIVERSITY,Tongji University
TuTech Innovation GmbH und Hamburg Innovation GmbH,Life Sciences,Life Sciences
UKSH Gesellschaft für IT Services mbH,Clinical Processes,Clinical Processes
Univeristätsmedizin Greifswald,Institute for Social Medicine and Prevention,Institute for Social Medicine and Prevention
Universidad Nacional,University of Costa Rica,Universidad de Costa Rica
Universidad de Costa Rica,University of Costa Rica,Universidad de Costa Rica
Universitat Bremen,SfB 597 – Transformations of the State,Centre for Transformations of the State
Universitat Bremen Bremer Institut fur Produktion und Logistik GmbH,Intelligent Production and Logistics Systems,Intelligent Production and Logistics Systems
Universitat Hamburg,Institute of Geography,Institute of Geography
Universitat Hamburg,Institute of Law and Economics,Institute of Law and Economics
University Cancer Center Hamburg,UCCH)-Biobank,Biobank
University Clinic of Schleswig-Holstein (UKSH),Department of Neurology,Department of Neurology
University Hamburg,Institut of Wood Physics,Institute of Wood Physics
University Hamburg,Integrative Geography,Integrative Geography
University Heart Center Hamburg,Department for Vascular Medicine,Department of Vascular Medicine
University Heart and Vascular Center Hamburg,Cardiology,Clinic for Cardiology
University Heart and Vascular Center Hamburg,Clinic for Cardiology,Clinic for Cardiology
University Heart and Vascular Center Hamburg,Department of  Cardiology,Clinic for Cardiology
University Hospital,Medicien,Medicine
University Hospital Hamburg UKE,Institute of Physiology,Institute of Physiology
University Kiel,Microbiology,Microbiology
University Oldenburg,Insitute of Biology and Environmental Sciences,Institute of Biology and Environmental Sciences
University Rostock,Physiology of Plant Metabolism,Physiology of Plant Metabolism
University of Applied Sciences,Laboratory of Biomedical Engineering,Biomedical Engineering Laboratory
University of Bologna,Centre for the Study of Manuscript Cultures (CSMC),Centre for the Study of Manuscript Cultures
University of Copenhagen,Institut fu ¨r Meereskunde an der Universita ¨t Kiel,GEOMAR
University of Duisburg-Essen,University of Duisburg–Essen,University of Duisburg-Essen
University of Hawaii System,Leibniz‐Institut für Meereswissenschaften an der Universität zu Kiel (IFM‐GEOMAR),GEOMAR
University of Hawaiʻi at Mānoa,International Pacific Research Center Contribution Number 121 and School of Ocean and Earth Science and Technology Contribution,International Pacific Research Center
University of Hawaiʻi at Mānoa,Leibniz‐Institut für Meereswissenschaften an der Universität zu Kiel (IFM‐GEOMAR),GEOMAR
University of Livingstonia,Anne Christin Rahn,University of Livingstonia
University of London,Current address: GEOMAR Helmholtz Centre for Ocean Research Kiel,GEOMAR
University of Lubeck,Department of Neurology,Department of Neurology
University of Oslo,Helmholtz Centre for Ocean Research Kiel (GEOMAR),GEOMAR
University of Schleswig-Holstein Medical Center,Department of Orthopaedic Surgery and Traumatology,Department of Orthopaedic Surgery and Traumatology
University of Vienna,Department for Geodynamics and Sedimentology,Department of Geodynamics and Sedimentology
University of Vienna,Department für Geodynamik und Sedimentologie,Department of Geodynamics and Sedimentology
Universität Bremen,"""Life Course, Life Course Policy and Social Integration""","Life Course, Life Course Policy and Social Integration"
Universität Bremen,Advanced Ceramics,Advanced Ceramics
Universität Bremen,Aki Harima -. Adres do korespondencji: Wilhelm-Herbst-Straße 5,Aki Harima
Universität Bremen,Alfred Wegener Institute Helmholtz Center for Polar and Marine Research,Alfred Wegener Institute
Universität Bremen,Alfred Wegener Institute Helmholtz Centre for Polar and Marine Research,Alfred Wegener Institute
Universität Bremen,Alfred Wegener Institute for Polar and Marine Research,Alfred Wegener Institute
Universität Bremen,Alfred Wegener Institute for Polar and Marine Research Bremerhaven and Universität Bremen,Alfred Wegener Institute
Universität Bremen,Alfred Wegener Institute – Helmholz Centre for Polar and Marine Research (AWI),Alfred Wegener Institute
Universität Bremen,Alfred-Wegener Institute for Polar and Marine Research,Alfred Wegener Institute
Universität Bremen,Alfred-Wegener-Institut Helmholtz-Zentrum für Polar- und Meeresforschung (AWI),Alfred Wegener Institute
Universität Bremen,Alfred-Wegener-Institut für Polar- und Meeresforschung,Alfred Wegener Institute
Universität Bremen,Alfred-Wegener-Institute,Alfred Wegener Institute
Universität Bremen,Alfred-Wegener-Institute (AWI),Alfred Wegener Institute
Universität Bremen,Alfred-Wegener-Institute Helmholtz Centre for Polar and Marine Research,Alfred Wegener Institute
Universität Bremen,BIBA,Production & Logistics
Universität Bremen,BRISE Study,Bremen Initiative to Foster Early Childhood Development
Universität Bremen,Biology,Biology
Universität Bremen,Biology and Chemistry,Department of Biology & Chemistry
Universität Bremen,Bremen Institute for Prevention Research and Social Medicine (BIPS),Bremen Institute for Prevention Research and Social Medicine
Universität Bremen,Bremen International Graduate School of Social Sciences,School of Social Sciences
Universität Bremen,Bremen Spatial Cognition Center (BSCC),Bremen Spatial Cognition Center
Universität Bremen,Bremen Univ.,Universität Bremen
Universität Bremen,Bremen University,Universität Bremen
Universität Bremen,Bremer Institut für Präventionsforschung und Sozialmedizin (BIPS),Bremer Institut für Präventionsforschung und Sozialmedizin
Universität Bremen,CRC 1342 Global Dynamics of Social Policy,Global Dynamics of Social Policy
Universität Bremen,CRC 1342: Global Dynamics of Social Policy,Global Dynamics of Social Policy
Universität Bremen,CRC Global Dynamics of Social Policy,Social Policy
Universität Bremen,Center for Biomolecular Interactions,Center for Biomolecular Interactions
Universität Bremen,Center for Environmental Research and Sustainable Technology,Centre for Environmental Research & Sustainable Technology
Universität Bremen,Center for Industrial Mathematics,Center for Industrial Mathematics
Universität Bremen,Center for Industrial Mathematics (ZeTeM),Center for Industrial Mathematics
Universität Bremen,Center for Industrial Mathematics ZeTeM,Center for Industrial Mathematics
Universität Bremen,Center for Marine Environmental Science (MARUM),MARUM
Universität Bremen,Center for Marine Environmental Sciences,MARUM
Universität Bremen,Center for Marine Environmental Sciences (MARUM),MARUM
Universität Bremen,Center for Marine Environmental Sciences MARUM,MARUM
Universität Bremen,Center for Marine Environmental Sciences and Faculty of,MARUM
Universität Bremen,Center for Social Policy Research (CeS/ZeS),Center for Social Policy Research
Universität Bremen,Center of Marine Environmental Science,MARUM
Universität Bremen,Center of Marine Environmental Science (MARUM),MARUM
Universität Bremen,Center of Marine Environmental Sciences,MARUM
Universität Bremen,Center of Marine Environmental Sciences (MARUM),MARUM
Universität Bremen,Center of Marine Environmental Sciences – MARUM,MARUM
Universität Bremen,Center of Marine Environmental Sciences (MARUM),MARUM
Universität Bremen,Center of Marine Environmental SciencesÂ (MARUM),MARUM
Universität Bremen,Centre for Marine Environmental Sciences,MARUM
Universität Bremen,Centre for Marine Environmental Sciences (MARUM),MARUM
Universität Bremen,Centre for Media,"Centre for Media, Communication and Information Research"
Universität Bremen,"Centre for Media, Communication and Information Research (ZeMKI)","Centre for Media, Communication and Information Research"
Universität Bremen,Centre of applied space technology and microgravity (ZARM),Centre of Applied Space Technology and Microgravity
Universität Bremen,Chemistry,Department of Chemistry
Universität Bremen,Chemistry/Biology,Department of Biology & Chemistry
Universität Bremen,"Climate Lab, Institute of Geography",Climate Lab
Universität Bremen,Cognitive Systems FB3 Informatik,Cognitive Systems Lab
Universität Bremen,"Cognitive Systems Lab, Faculty 3 - Mathematics and Computer Science",Cognitive Systems Lab
Universität Bremen,"Collaborative Research Center 1342 ""Global Dynamics of Social Policy""",Global Dynamics of Social Policy
Universität Bremen,"Collaborative Research Centre 1342 ""Global Dynamics of Social Policy""",Global Dynamics of Social Policy
Universität Bremen,"Collaborative Research Centre 597 ""Transformations of the State""",Centre for Transformations of the State
Universität Bremen,Computer Science,Faculty of Mathematics & Computer Science
Universität Bremen,Computer Science and Electrical Engineering,Department of Computer Science & Electrical Engineering
Universität Bremen,Computer Science and Mathematics Dept.,Faculty of Mathematics & Computer Science
Universität Bremen,Creative Cognitive Systems FB3 Informatik,Cognitive Systems Lab
Universität Bremen,"DFG Forschungszentrum ""Ozeanränder""",DFG-Research Center Ocean Margins
Universität Bremen,DFG Forschungszentrum Ozeanränder—Research Center Ocean Margins (RCOM),DFG-Research Center Ocean Margins
Universität Bremen,DFG Research Center for Ocean Margins (RCOM),DFG-Research Center Ocean Margins
Universität Bremen,DFG‐Research Centre Ocean Margins (RCOM) and Geowissenschaften (FB5) Universität Bremen,DFG-Research Center Ocean Margins
Universität Bremen,Data Science Center,Data Science Center
Universität Bremen,Dep. of Biology and Chemistry,Department of Biology & Chemistry
Universität Bremen,Department for Research and Early Career Researcher,Department for Research and Early Career Researcher
Universität Bremen,Department of Biology & Chemistry,Department of Biology and Chemistry
Universität Bremen,Department of Business and Economics,Department of Business and Economics
Universität Bremen,Department of Communications Engineering,Department of Communications Engineering
Universität Bremen,Department of Economic Science,Department of Economic Science
Universität Bremen,Department of Geography at the,Department of Geography
Universität Bremen,Department of Geoscience,Department of Geosciences
Universität Bremen,Department of Geosciences,Department of Geosciences
Universität Bremen,Department of Geosciences / MARUM - Center for Marine Environmental Sciences,MARUM
Universität Bremen,Department of Geosciences Universität Bremen,Department of Geosciences
Universität Bremen,Department of Geosciences and MARUM-Center for Marine Environmental Sciences,Department of Geosciences / MARUM - Center for Marine Environmental Sciences
Universität Bremen,Department of Global Health,Global Health
Universität Bremen,Department of Physics and Electrical Engineering Institute of Environmental Physics,Department of Physics and Electrical Engineering
Universität Bremen,Department of Social Sciences,Department of Social Sciences
Universität Bremen,Department of Social Sciences & Humanities,Department of Social Sciences
Universität Bremen,Department of Sociology,Department of Sociology
Universität Bremen,Department of Student Affairs,Department of Student Affairs
Universität Bremen,Dept. Earth Sciences,Department of Earth Sciences
Universität Bremen,Earth Sciences,Department of Earth Sciences
Universität Bremen,Economic Science Department,Faculty of Business Studies & Economics
Universität Bremen,Economics,Faculty of Business Studies & Economics
Universität Bremen,Education in the Migration Society/ Intercultural Education,Education in the Migration Society & Intercultural Education
Universität Bremen,Elektrotechnik,Electrical Engineering
Universität Bremen,"FB 11, Institute for Public Health and Nursing",Institute for Public Health and Nursing
Universität Bremen,FB 2/ Institut für Anorganische Chemie und Kristallographie - Chemische Kristallographie fester Stoffe,Institute of Inorganic Chemistry and Crystallography
Universität Bremen,FB 3 Informatik,Faculty of Mathematics & Computer Science
Universität Bremen,FB02 Biologie/Chemie,Department of Biology & Chemistry
Universität Bremen,FB1,Faculty of Physics & Electrical Engineering
Universität Bremen,Facbereich 1 Physik/Elektrotechnik,Faculty of Physics & Electrical Engineering
Universität Bremen,Fachbereich 1,Faculty of Physics & Electrical Engineering
Universität Bremen,Fachbereich 12,Faculty of Pedagogy & Educational Sciences
Universität Bremen,Fachbereich 12 Erziehungs- und Bildungswissenschaften,Faculty of Pedagogy & Educational Sciences
Universität Bremen,Fachbereich 1: Institut für Umweltphysik / Fernerkundung,Institute for Environmental Physics
Universität Bremen,"Fachbereich 2, Institute for Organic and Analytical Chemistry",Institute for Organic and Analytical Chemistry
Universität Bremen,Fachbereich 3 Mathematik & Informatik,Faculty of Mathematics & Computer Science
Universität Bremen,Fachbereich Erziehungs- und Bildungswissenschaften,Faculty of Pedagogy & Educational Sciences
Universität Bremen,Fachbereich Geowissenschaften Universität Bremen,Fachbereich Geowissenschaften
Universität Bremen,Fachbereich Geowissenschaften Universität Bremen Bremen Germany,Fachbereich Geowissenschaften
Universität Bremen,Fachbereich Geowissenschaften/FB5,Department of Geosciences
Universität Bremen,Fachbereich Geowissenschaften; Universität Bremen; Bremen; Germany,Fachbereich Geowissenschaften
Universität Bremen,Faculty 03: Mathematics and Computer Science,Faculty of Mathematics & Computer Science
Universität Bremen,Faculty 07: Business Studies and Economics,Faculty of Business Studies & Economics
Universität Bremen,Faculty 08: Social Sciences,Department of Social Sciences
Universität Bremen,"Faculty 10, German Literature",German Literature
Universität Bremen,Faculty 10: Linguistics and Literature (FB10),Faculty of Linguistics & Literary Studies
Universität Bremen,Faculty 12; ZeMKI,"Centre for Media, Communication and Information Research"
Universität Bremen,Faculty 3 - Mathematics and Computer Science,Faculty of Mathematics & Computer Science
Universität Bremen,Faculty for Biology and Chemistry,Faculty of Biology and Chemistry
Universität Bremen,Faculty for Human and Health Sciences,Faculty for Human and Health Sciences
Universität Bremen,Faculty of Business Studies and Economics,Faculty of Business Studies & Economics
Universität Bremen,Faculty of Education Sciences / Institute Technology and Education,Institute of Technology & Education
Universität Bremen,Faculty of Geosciences,Department of Geosciences
Universität Bremen,Faculty of Geosciences & MARUM,Centre for Marine Environmental Sciences
Universität Bremen,Faculty of Geosciences; MARUM,Centre for Marine Environmental Sciences
Universität Bremen,Faculty of Liguistics and Literary Studies,Faculty of Linguistics & Literary Studies
Universität Bremen,Faculty of Linguistics & Literary Studies - English,Faculty of Linguistics & Literary Studies
Universität Bremen,Faculty of Physics and Electrical Engineering,Faculty of Physics & Electrical Engineering
Universität Bremen,"Faculty of Physics, Bremen Center for Computational Materials Science",Centre Computational Materials Science
Universität Bremen,Faculty of Production Engineering,Faculty of Production Engineering
Universität Bremen,"Faculty of Social Science, Institute for Geography",Institute of Geography
Universität Bremen,Faserinstitut Bremen e.V.,Faserinstitut Bremen e.V.
Universität Bremen,Focus Area Health,Focus Area Health
Universität Bremen,GEOPOLAR,GEOPOLAR
Universität Bremen,GEOPOLAR Institute of Geography,GEOPOLAR
Universität Bremen,Geography,Institute of Geography
Universität Bremen,"Geography, Climate LAB",Climate Lab
Universität Bremen,Geomorphologie und Polarforschung (GEOPOLAR),GEOPOLAR
Universität Bremen,Geomorphology and Polar Research (GEOPO-LAR),GEOPOLAR
Universität Bremen,Geomorphology and Polar Research (GEOPOLAR),GEOPOLAR
Universität Bremen,Geopolar,GEOPOLAR
Universität Bremen,Geoscience,Department of Geosciences
Universität Bremen,Geoscience Department,Department of Geosciences
Universität Bremen,Geosciences,Department of Geosciences
Universität Bremen,Geosciences FB05,Department of Geosciences
Universität Bremen,Geowissenschaften,Department of Geosciences
Universität Bremen,Global Health,Global Health
Universität Bremen,Health,Health Sciences Bremen
Universität Bremen,Health Sciences,Health Sciences
Universität Bremen,"Health, Long-Term Care and Pensions","Health, Long-Term Care and Pensions"
Universität Bremen,High-profile area Health Sciences Bremen,Health Sciences
Universität Bremen,History,History
Universität Bremen,Human and Health Science,Health Sciences
Universität Bremen,Humanities and Social Sciences,Department of Social Sciences
Universität Bremen,Hybrid Materials Interface Group,Hybrid Materials Interface Group
Universität Bremen,IFP - Institut für Festkörperphysik,Institute of Solid State Physics
Universität Bremen,IUP,Institute for Environmental Physics
Universität Bremen,IUP Bremen - Institut für Umweltphysik,Institute of Environmental Physics (IUP-UB)
Universität Bremen,IUP Bremen â Institut fÃ¼r Umweltphysik,Institute of Environmental Physics (IUP-UB)
Universität Bremen,IUP-Bremen,Institute of Environmental Physics (IUP-UB)
Universität Bremen,IUP-LAMOS & MARUM,Institute for Environmental Physics & Marine Environmental Sciences
Universität Bremen,InIIS,Institute of Intercultural and International Studies
Universität Bremen,"Inistitute of Environmental Physics, IUP",Institute for Environmental Physics
Universität Bremen,Insititute of Intercultural and International Studies (InIIS),Institute of Intercultural and International Studies
Universität Bremen,Inst. of Environ. Phys.,Institute of Environmental Physics (IUP-UB)
Universität Bremen,Inst. of Environmental Physics,Institute for Environmental Physics
Universität Bremen,Institude of Environmental Physics,Institute for Environmental Physics
Universität Bremen,Institut für Interkulturelle und Internationale Studien,Institute of Intercultural and International Studies
Universität Bremen,Institut für Umweltphysik,Institute for Environmental Physics
Universität Bremen,Institute Technology and Education (ITB),Institute of Technology & Education
Universität Bremen,Institute for Environmental Physics,Institute for Environmental Physics
Universität Bremen,Institute for Institutional and Innovation Economics (iino),Institute for Institutional and Innovation Economics (IINO)
Universität Bremen,Institute for Philosophy,Institute for Philosophy
Universität Bremen,Institute for Political Science,Institute for Political Science
Universität Bremen,Institute for Public Health and Nursing Research,Institute for Public Health and Nursing
Universität Bremen,Institute of Analytical and Organic Chemistry,Institute of Analytical & Organic Chemistry
Universität Bremen,Institute of Environmental Physics,Institute for Environmental Physics
Universität Bremen,Institute of Environmental Physics  IUP,Institute for Environmental Physics
Universität Bremen,Institute of Environmental Physics (IUP),Institute for Environmental Physics
Universität Bremen,Institute of Environmental Physics (IUP-UB),Institute for Environmental Physics
Universität Bremen,Institute of Environmental Physics - IUP,Institute for Environmental Physics
Universität Bremen,Institute of Environmental Physics and Remote Sensing,Institute of Environmental Physics and Remote Sensing
Universität Bremen,Institute of Environmental Physics and Remote sensing (IUP/Ife),Institute of Environmental Physics and Remote Sensing
Universität Bremen,"Institute of Environmental Physics, Dep. of Oceanography",Department of Oceanography
Universität Bremen,"Institute of Environmental Physics, IUP",Institute for Environmental Physics
Universität Bremen,Institute of Geography,Institute of Geography
Universität Bremen,Institute of Geography and MARUM,Institute for Geography & Marine Environmental Sciences
Universität Bremen,Institute of Geology and Paleontology University of Münster,Institute of Geology and Palaeontology
Universität Bremen,Institute of Inorganic Chemistry and Crystallography,Institute of Inorganic Chemistry and Crystallography
Universität Bremen,Institute of Physics,Institute of Physics
Universität Bremen,Institute of Public Health and Nursing Research,Institute for Public Health and Nursing
Universität Bremen,"Institute of Public Health and Nursing Research, Department of Social Epidemiology",Department of Social Epidemiology
Universität Bremen,Institute of Science Education - Biology Education (IDN-Bio),Biology Education
Universität Bremen,Institute of Solid State Physics,Institute of Solid State Physics
Universität Bremen,Interdisciplinary Ageing- and Nursing Sciences (iap),Interdisciplinary Ageing- and Nursing Sciences
Universität Bremen,International Studies of Aquatic Tropical Ecology (ISATEC),International Studies of Aquatic Tropical Ecology
Universität Bremen,Laboratory for Modeling and Observation of the Earth System,Laboratory for Modeling and Observation of the Earth System (LAMOS)
Universität Bremen,Laboratory for Modeling and Observation of the Earth System (LAMOS) Institute of Environmental Physics (IUP),Laboratory for Modeling and Observation of the Earth System (LAMOS)
Universität Bremen,Laboratory for Modeling and Observation of the Earth System (LAMOS),Laboratory for Modeling and Observation of the Earth System (LAMOS)
Universität Bremen,Laboratory for Modeling and Observation of the Earth SystemÂ (LAMOS),Laboratory for Modeling and Observation of the Earth System (LAMOS)
Universität Bremen,Laboratory of Applied Space Microbiology,Laboratory for Applied Space Microbiology
Universität Bremen,Law Department,Department of Law
Universität Bremen,Leibniz Centre for Tropical Marine Research,Leibniz Centre for Tropical Marine Research (ZMT)
Universität Bremen,Leibniz Centre for Tropical Marine Research (ZMT) GmbH,Leibniz Centre for Tropical Marine Research (ZMT)
Universität Bremen,Leibniz Institute for Prevention Research and Epidemiology,Institute for Prevention Research and Epidemiology
Universität Bremen,Lifelong Learning,Lifelong Learning
Universität Bremen,Linguistics,Faculty of Linguistics & Literary Studies
Universität Bremen,Linguistics and English,Faculty of Linguistics & Literary Studies - English
Universität Bremen,Linguistics and Literary Studies,Faculty of Linguistics & Literary Studies
Universität Bremen,Linguistik / Language Sciences,Faculty of Linguistics & Literary Studies
Universität Bremen,MAPEX - Center for Materials and Processes,Centre for Materials and Processes
Universität Bremen,MAPEX Center for Materials and Processes,Centre for Materials and Processes
Universität Bremen,MARM,MARUM
Universität Bremen,MARUM,MARUM
Universität Bremen,MARUM - Cener for Marine Environmental Sciences,MARUM
Universität Bremen,MARUM - Center for Marine Environemental Sciences,MARUM
Universität Bremen,MARUM - Center for Marine Environmental Science,MARUM
Universität Bremen,MARUM - Center for Marine Environmental Sciences,MARUM
Universität Bremen,MARUM - Center for Marine Environmental Sciences & Faculty of Geosciences,MARUM
Universität Bremen,MARUM - Center for Marine Environmental Sciences [Bremen] (Leo­bener Str. 8,MARUM
Universität Bremen,MARUM - Center for Marine Environmental Sciences and Department of Geosciences,MARUM
Universität Bremen,MARUM - Center for Marine Environmental Sciences and Faculty of Geosciences; ; Bremen Germany,MARUM
Universität Bremen,MARUM - Center for Marine Environmental Sciences; ; Bremen 28359 Germany,MARUM
Universität Bremen,MARUM - Centre for Marine Environmental Sciences,MARUM
Universität Bremen,MARUM -- Center for Marine Environmental Sciences,MARUM
Universität Bremen,MARUM -Center for Marine Environmental Sciences,MARUM
Universität Bremen,MARUM -Center for Marine Environmental Sciences and Faculty of Geosciences,MARUM
Universität Bremen,MARUM -Centre for Marine Environmental Sciences,MARUM
Universität Bremen,MARUM / Computer Science and Mathematics,Faculty of Mathematics & Computer Science
Universität Bremen,MARUM Center for Marine Environmental Sciences,Centre for Marine Environmental Sciences
Universität Bremen,MARUM Center for Marine Environmental Sciences Universität Bremen,MARUM
Universität Bremen,MARUM Center for Marine Environmental Sciences and Department of Geosciences,MARUM
Universität Bremen,MARUM Center for Marine Environmental Sciences and Faculty of Geosciences,MARUM
Universität Bremen,MARUM Center of Marine Environmental Sciences,MARUM
Universität Bremen,MARUM Zentrum für Marine Umweltwissenschaften,MARUM
Universität Bremen,MARUM and Department of Geosciences,MARUM
Universität Bremen,MARUM and Faculty of Geosciences,Centre for Marine Environmental Sciences
Universität Bremen,MARUM | RCOM,MARUM
Universität Bremen,MARUM â Center for Marine Environmental Sciences,MARUM
Universität Bremen,MARUM â Center for Marine Environmental Sciences and Faculty of Geosciences,MARUM
Universität Bremen,MARUM ‐ Center for Marine Environmental Research Universität Bremen Bremen Germany,MARUM
Universität Bremen,MARUM – Center for Marine Environmental Research,MARUM
Universität Bremen,MARUM – Center for Marine Environmental Science,MARUM
Universität Bremen,MARUM – Center for Marine Environmental Sciences,MARUM
Universität Bremen,MARUM – Center for Marine Environmental Sciences and Department of Geosciences,MARUM – Center for Marine Environmental Sciences and Faculty of Geosciences
Universität Bremen,MARUM – Center for Marine and Environmental Sciences and Department of Geosciences,MARUM – Center for Marine Environmental Sciences and Faculty of Geosciences
Universität Bremen,MARUM – Center for Marine and Environmental Sciences and Faculty of Geosciences,MARUM – Center for Marine Environmental Sciences and Faculty of Geosciences
Universität Bremen,"MARUM – Centre for Marine Environmental
Sciences",MARUM
Universität Bremen,"MARUM – Centre for Marine Environmental
Sciences",MARUM
Universität Bremen,MARUM – Centre for Marine Environmental Sciences,MARUM
Universität Bremen,MARUM – Centre of Marine Environmental Science,MARUM
Universität Bremen,MARUM – Zentrum für Marine Umweltwissenschaften/Center for Marine Environmental Sciences,MARUM
Universität Bremen,MARUM — Center for Marine Environmental Sciences,MARUM
Universität Bremen,MARUM — Center of Marine Environmental Science,MARUM
Universität Bremen,MARUM — Zentrum für Marine Umweltwissenschaften,MARUM
Universität Bremen,MARUM- Center for Marine Environmental Sciences,MARUM
Universität Bremen,MARUM-Center for Marine Environmental Sciences,MARUM
Universität Bremen,MARUM-Center for Marine Environmental Sciences and Department of Geosciences,MARUM – Center for Marine Environmental Sciences and Faculty of Geosciences
Universität Bremen,MARUM-Center for Marine Environmental Sciences and Faculty of Geosciences,MARUM – Center for Marine Environmental Sciences and Faculty of Geosciences
Universität Bremen,MARUM-Center for Marine Environmental Sciences; ; Bremen Germany,MARUM
Universität Bremen,MARUM-Center for Marine Environmental Sciences; Bremen University; Bremen Germany,MARUM
Universität Bremen,MARUM-Center for Marine and Environmental Sciences,MARUM
Universität Bremen,MARUM-Centre for Marine Environmental Science,MARUM
Universität Bremen,MARUM-Zentrum für Marine Umweltwissenschaften,MARUM
Universität Bremen,MARUM-Zentrum für Marine Umweltwissenschaften; ; Bremen Germany,MARUM
Universität Bremen,MARUM/: Center for Marine Environmental Sciences Universität Bremen,MARUM
Universität Bremen,MARUM: Center for Marine Environmental Sciences (Paleoceanography Group),MARUM
Universität Bremen,MARUM; ; PO Box 330440; D-28334; Bremen; Germany,MARUM
Universität Bremen,MARUM‐Center for Marine Environmental Sciences,MARUM
Universität Bremen,MARUM–Center for Marine Environmental Science,MARUM
Universität Bremen,MARUM–Center for Marine Environmental Sciences,MARUM
Universität Bremen,MARUM–Center for Marine and Environmental Sciences,MARUM
Universität Bremen,MARUM–Center for Marine and Environmental Sciences and Department of Geosciences,MARUM
Universität Bremen,MARUM—Center for Marine Environmental Sciences,MARUM
Universität Bremen,MARUM—Center for Marine Environmental Sciences &amp; Faculty of Geosciences,MARUM
Universität Bremen,MARUM—Center for Marine Environmental Sciences and Department of Geosciences,MARUM
Universität Bremen,MARUM—Center for Marine Environmental Sciences and Faculty of Geosciences,MARUM
Universität Bremen,MARUM—Center for Marine and Environmental Sciences,MARUM
Universität Bremen,Marine Botany,Marine Botany
Universität Bremen,Marine Ecology,Department of Marine Ecology
Universität Bremen,Marine Zoologie,Marine Zoology
Universität Bremen,"Marine Zoology, BreMarE Bremen Marine Ecology",Marine Zoology
Universität Bremen,Marum,MARUM
Universität Bremen,Marum / FB Geowissenschaften,MARUM
Universität Bremen,Marum Research Centre; ; Bremen; Germany,MARUM
Universität Bremen,Marum – Center for Marine Environmental Sciences,MARUM
Universität Bremen,Marum- Center for Marine Environmental Sciences,MARUM
Universität Bremen,Marum-Center for Marine Environmental Sciences,MARUM
Universität Bremen,Marum–Zentrum für Marine Umweltwissenschaften der Universität Bremen,MARUM
Universität Bremen,Marum—Center for Marine Environmental Sciences,MARUM
Universität Bremen,Mathematics & Compter Science,Faculty of Mathematics & Computer Science
Universität Bremen,Mathematics / Computer Science,Faculty of Mathematics & Computer Science
Universität Bremen,Mathematics and Computer Science,Faculty of Mathematics & Computer Science
Universität Bremen,Microbe-Plant Interactions,Microbe-Plant Interactions
Universität Bremen,PANGAEA,PANGAEA - Data Publisher for Earth & Environmental Science
Universität Bremen,Particles and Process Engineering,Particles and Process Engineering
Universität Bremen,Physical and Theoretical Chemistry,Physical & Theoretical Chemistry
Universität Bremen,Physics,Institute of Physics
Universität Bremen,Physics & Earth Sciences,Physics & Earth Sciences
Universität Bremen,Physics and Earth Sciences,Physics & Earth Sciences
Universität Bremen,Physics and Electrical Engineering,Faculty of Physics & Electrical Engineering
Universität Bremen,Physics and Environmental Engeneering,Physics & Environmental Engineering
Universität Bremen,Political Science,Institute for Political Science
Universität Bremen,Politics and Economics,Politics & Economics
Universität Bremen,Present address: DFG Research Center Ocean Margins,Research Center Ocean Margins
Universität Bremen,Production Engineering,Faculty of Production Engineering
Universität Bremen,Psychology and Methods,Psychology & Methods
Universität Bremen,RCOM (Research Center Ocean Margins) Universität Bremen,Research Center Ocean Margins
Universität Bremen,Research Center Ocean Margins,Research Center Ocean Margins
Universität Bremen,Research Center Ocean Margins Universität Bremen,Research Center Ocean Margins
Universität Bremen,Research Centre for East European Studies at the,Research Centre for East European Studies
Universität Bremen,Research Services,Research Services
Universität Bremen,SFB 597 – TRansformations of the State,Centre for Transformations of the State
Universität Bremen,SOCIUM,Inequality and Social Policy
Universität Bremen,SOCIUM - Research Center on Inequality and Social Policy,SOCIUM Research Center on Inequality and Social Policy
Universität Bremen,SOCIUM Research Center Inequality and Social Policy,SOCIUM Research Center on Inequality and Social Policy
Universität Bremen,"SOCIUM Research Center on Inequality and Social Policy and Collaborative Research Centre 1342 ""Global Dynamics of Social Policy""",SOCIUM Research Center on Inequality and Social Policy
Universität Bremen,SOCIUM – Research Center on Inequality and Social Policy,SOCIUM Research Center on Inequality and Social Policy
Universität Bremen,"School of Business, Social & Decision Sciences","School of Business, Social & Decision Sciences"
Universität Bremen,"Social Pedagogy, Health Sciences",Pedagogy & Health Sciences
Universität Bremen,Social Science Methods Centre,Centre for Social Science Methods
Universität Bremen,Social Sciences,Department of Social Sciences
Universität Bremen,Sociology,Department of Sociology
Universität Bremen,Sociology and Social Sciences,Department of Sociology
Universität Bremen,Socium,Inequality and Social Policy
Universität Bremen,Sustainability Research Center (artec),Sustainability Research Center
Universität Bremen,Sustainability Research Center (artec) /,Sustainability Research Center
Universität Bremen,Univeristy of Bremen,Universität Bremen
Universität Bremen,University of Bremen ǀ Institute of Public Health and Nursing Research ǀ Department for Health and Society,Department of Health and Society
Universität Bremen,Universität Bremen (Bibliothekstraße 1,Universität Bremen
Universität Bremen,Universität Bremen Institut für Festkörperphysik,Universität Bremen
Universität Bremen,Universität Bremen),Universität Bremen
Universität Bremen,Universität Bremen. Institut für angewandte und empirische Soziologie (EMPAS),Universität Bremen
Universität Bremen,Universitäts‐Boulevard 13 Bremen 28359 Germany,Universität Bremen
Universität Bremen,Universit�t Bremen,Universität Bremen
Universität Bremen,ZARM,Centre of Applied Space Technology and Microgravity
Universität Bremen,ZARM - Space Technology,Centre of Applied Space Technology and Microgravity
Universität Bremen,"ZeMKI, Centre for Media, Communication and Information Research","Centre for Media, Communication and Information Research"
Universität Bremen,Zentrum fur Marine Umweltwissenschaften,MAR#
Universität Bremen,Zentrum für Marine Umweltwissenschaften (MARUM) Universität Bremen,MARUM
Universität Bremen,Zoological Institute,Zoological Institute
Universität Bremen,artec - Sustainability Research Center,Centre for Sustainability Research
Universität Bremen,artec Sustainability Research Center,Centre for Sustainability Research
Universität Bremen,artec/Research Center for Sustainability Studies,Sustainability Research Center
Universität Bremen,d MARUM,MARUM
Universität Bremen,institute of Environmental Physics,Institute for Environmental Physics
Universität Bremen,social science,Department of Social Sciences
Universität Bremen Zentrum für Sozialpolitik (Socium),"Abteilung ""Gesundheit, Pflege und Alterssicherung""","Health, Long-term Care and Pensions"
"Universität Bremen: Bremen, Bremen, Germany",FB 3 Informatik,Faculty of Mathematics & Computer Science
Universität Greifswald,Center of Drug Absorption and Transport,Center of Drug Absorption and Transport
Universität Greifswald,Department of Biological Science,Department of Biological Sciences
Universität Greifswald,Department of Biotechnology and Enzyme Catalysis,Department of Biotechnology & Enzyme Catalysis
Universität Greifswald,Department of General Pharmacology,Department of General Pharmacology
Universität Greifswald,Department of Paediatric Dentistry,Department of Paediatric Dentistry
Universität Greifswald,Department of Psychology,Department of Psychology
Universität Greifswald,Dr.,Universität Greifswald
Universität Greifswald,Earth Observation and Geoinformation Science Lab University of Greifswald | Institute of Geography and Geology,Institute for Geography and Geology
Universität Greifswald,Economics,Department of Economics
Universität Greifswald,Ernst Moritz Arndt University,Universität Greifswald
Universität Greifswald,Ernst Moritz Arndt University Greifswald,Universität Greifswald
Universität Greifswald,Ernst Moritz Arndt University of Greifswald,Universität Greifswald
Universität Greifswald,Ernst-Moritz-Arndt University Greifswald,Universität Greifswald
Universität Greifswald,Ernst-Moritz-Arndt Universität,Universität Greifswald
Universität Greifswald,Ernst-Moritz-Arndt-,Universität Greifswald
Universität Greifswald,Ernst-Moritz-Arndt- (Allemagne),Universität Greifswald
Universität Greifswald,Ernst-Moritz-Arndt-University Greifswald,Universität Greifswald
Universität Greifswald,Ernst-Moritz-Arndt-University of Greifswald,Universität Greifswald
Universität Greifswald,Ernst-Moritz-Arndt-Universität,Universität Greifswald
Universität Greifswald,Faculty of Law and Economics & Institute of Botany and Landscape Ecology,Institute of Botany and Landscape Ecology
Universität Greifswald,Faculty of Law and Economics &amp; Institute of Botany and Landscape Ecology,Institute of Botany and Landscape Ecology
Universität Greifswald,Geology,Department of Geology
Universität Greifswald,"Geology, Palaeontology",Department of Geology
Universität Greifswald,Geosciences,Department of Geosciences
Universität Greifswald,Greifswald University Institute of Botany and Landscape Ecology,Institute of Botany and Landscape Ecology
Universität Greifswald,Historical Institute,Historisches Institut
Universität Greifswald,Institut für  Biochemie,Institute of Biochemistry
Universität Greifswald,Institut für Community Medicine,Institute for Community Medicine
Universität Greifswald,Institut für Deutsche Philologie,Institute for German Philology
Universität Greifswald,Institut für Geographie und Geologie,Institute for Geography and Geology
Universität Greifswald,"Institut für Geographie und Geologie, Lehrstuhl Bodengeographie und Geoökologie",Geoecology and Soil Geography
Universität Greifswald,"Institut für Geographie und Geologie, Lehrstuhl für Physische Geographie",Physical Geography Chair
Universität Greifswald,Institut für Mathematik und Informatik,Institute for Mathematics and Computer Science
Universität Greifswald,Institut of Geography,Institute of Geography
Universität Greifswald,Institut of Landscape Ecology and Natur Conservation,Institute of Landscape Ecology and Nature Conservation
Universität Greifswald,Institute for Botany and Landscape Ecology at the#R# Ernst Moritz Arndt University of Greifswald,Institute for Botany and Landscape Ecology
Universität Greifswald,Institute for Geography and Geology,Institute for Geography and Geology
Universität Greifswald,Institute for Mathematics and Computer Science,Institute for Mathematics and Computer Science
Universität Greifswald,Institute of Biochemistry,Institute of Biochemistry
Universität Greifswald,"Institute of Biochemistry, Dept. of Biotechnology & Enzyme Catalysis",Department of Biotechnology & Enzyme Catalysis
Universität Greifswald,Institute of Botany and Landscape Ecology,Institute of Landscape Ecology and Nature Conservation
Universität Greifswald,Institute of Botany and Landscape Ecology Ernst-Moritz-Arndt University Greifswald Greifswald Germany,Institute of Botanik and Landscape Ecology
Universität Greifswald,Institute of Botany and Landscape Ecology University of Greifswald Grimmer Strasse 88 D‐17487 Greifswald Germany,Institute of Botanik and Landscape Ecology
Universität Greifswald,Institute of Botany and Landscape ecology,Institute of Botanik and Landscape Ecology
Universität Greifswald,Institute of Botany and landscape Ecology,Institute of Botanik and Landscape Ecology
Universität Greifswald,Institute of Geography and Geology,Institute for Geography and Geology
Universität Greifswald,Institute of Geography and Geology University of Greifswald Greifswald Germany,Institute of Geography and Geology
Universität Greifswald,Institute of Landscape Ecology Ernst‐Moritz‐Arndt University Greifswald Soldmannstrasse 15 17487 Greifswald Germany,Institute of Landscape Ecology and Nature Conservation
Universität Greifswald,Institute of Marine Biotechnology e.V. (IMaB),Institute of Marine Biotechnology
Universität Greifswald,Institute of Mathematics and Computer Science,Institute for Mathematics and Computer Science
Universität Greifswald,Institute of Pharmacology,Institute of Pharmacology
Universität Greifswald,Institute of Pharmacy (Pharmaceutical Biology),Institute of Pharmacy
Universität Greifswald,Institute of Physics,Institute of Physics
Universität Greifswald,Peatland Science,Peatland Science
Universität Greifswald,Pharmaceutical Biotechnology,Pharmaceutical Biotechnology
Universität Greifswald,Pharmacy,Institute of Pharmacology
Universität Greifswald,Physical Geography,Physical Geography Chair
Universität Greifswald,Physics,Institute of Physics
Universität Greifswald,Physik,Institute of Physics
Universität Greifswald,SHIP / Clinical-epidemiological research,Clinical-epidemiological research
Universität Greifswald,Univ. of Greifswald,Universität Greifswald
Universität Greifswald,University Greifswald,Universität Greifswald
Universität Greifswald,University of Greifswald - Pharmaceutical Biotechnology,Pharmaceutical Biotechnology
Universität Greifswald,University of Greifswald ·,Universität Greifswald
Universität Greifswald,University of Greifswald: Universitat Greifswald,Universität Greifswald
Universität Greifswald,University of Greifswald;,Universität Greifswald
Universität Greifswald,Zoological Institute,Zoological Institute
Universität Greifswald,Zoological Institute and Museum,Zoological Institute & Zoological Museum
Universität Greifswald,Zoologisches Institut and Museum,Zoological Institute & Zoological Museum
Universität Greifswald,Zoologisches Institut und Museum,Zoological Institute & Zoological Museum
Universität Greifswald Mathematisch-Naturwissenschaftliche Fakultät,Department of Biochemistry,Department of Biochemistry
"Universität Greifswald, Mathematisch-Naturwissenschaftliche Fakultät",Institute of Physics,Institute of Physics
Universität Hamburg,"Abteilung für Sprache und Kultur Japans, Asien-Afrika-Institut",Language & Culture of Japan
Universität Hamburg,Adult Education in cultural and social context,Adult Education in cultural and social context
Universität Hamburg,Amber Study Group c/o Geological‐Palaeontological Museum (CeNak) of the University of Hamburg Bundesstraße 55 20146 Hamburg Germany,Amber Study Group
Universität Hamburg,American Studies,Institute for American Studies
Universität Hamburg,Arms Control and Emerging Technologies,Arms Control & Emerging Technologies
Universität Hamburg,Asia Africa Institute,Asia-Africa-Institute
Universität Hamburg,"Asia and Africa Institute, Centre for the Study of Manuscript Cultures",Centre for the Study of Manuscript Cultures
Universität Hamburg,Asia-Africa Institute,Asia-Africa-Institute
Universität Hamburg,Asia-Africa-Institute,Asia-Africa-Institute
Universität Hamburg,Asia-Akrika Institut,Asia-Africa-Institute
Universität Hamburg,Asien-Afrika Institut,Asia-Africa-Institute
Universität Hamburg,Asien-Afrika-Institut,Asia-Africa-Institute
Universität Hamburg,Assistant Professor of Economics,Economics
Universität Hamburg,Assistant Professor of Global Christianity and Religious Studies,Global Christianity and Religious Studies
Universität Hamburg,Assistant Professor of Religious Studies and Global Christianity,Religious Studies and Global Christianity
Universität Hamburg,Associate Member,Universität Hamburg
Universität Hamburg,Atom Optics Group,Atom Optics Group
Universität Hamburg,Authors’ addresses: 1Biocenter Klein Flottbek and Botanical Garden,Universität Hamburg
Universität Hamburg,Bernhard-Nocht-Institute for Tropical Medicine,Bernhard Nocht Institute for Tropical Medicine (BNITM)
Universität Hamburg,Beta maṣāḥǝft project,Project - (Beta maṣāḥǝft) Manuscripts of Ethiopia and Eritrea
Universität Hamburg,Biocentre Klein Flottbek and Botanical Garden,Biocentre Klein Flottbek & Botanical Garden
Universität Hamburg,"Biodiversity, Ecology and Evolution of Plants","Biodiversity, Ecology and Evolution of Plants"
Universität Hamburg,Business,Business
Universität Hamburg,CEN,CEN Center for Earth System Research and Sustainability
Universität Hamburg,"CEN Center for Earth System Research and Sustainability, Institute of Geography",Institute of Geography
Universität Hamburg,CUI,Advanced Imaging of Matter
Universität Hamburg,Center for Bioinformatics,Centre for Bioinformatics
Universität Hamburg,Center for Data and Natural Sciences,Centre for Data & Natural Science
Universität Hamburg,Center for Earth System Research and Sustainability,CEN
Universität Hamburg,Center for Earth System Research and Sustainability (CEN),CEN
Universität Hamburg,Center for Earth System Research and Sustainability (CEN) Institute for Geology,CEN
Universität Hamburg,Center for Earth System Research and Sustainability CEN,CEN
Universität Hamburg,Center for Earth System Research and Sustainability Institute for Geology,CEN
Universität Hamburg,Center for Earth System Science and Sustainability Institute for Geology,CEN
Universität Hamburg,Center for Earth System Sciences and Sustainability,CEN
Universität Hamburg,Center for Earth System and Sustainability,CEN
Universität Hamburg,Center for Earth Systems Research and Sustainability,CEN
Universität Hamburg,Center for Earth Systems Research and Sustainability (CEN) & World Forestry,Center for Earth Systems Research and Sustainability (CEN) & World Forestry
Universität Hamburg,Center for Earth Systems Research and Sustainability (CEN) &World Forestry,Center for Earth Systems Research and Sustainability (CEN) & World Forestry
Universität Hamburg,Center for Earth Systems Research and Sustainability (CEN) and IWS-World Forestry,Center for Earth Systems Research and Sustainability (CEN) & World Forestry
Universität Hamburg,Center for Hybrid Nanostructures,Center for Hybrid Nanostructures
Universität Hamburg,Center für Erdsystem Wissenschaften und Nachhaltigkeit,CEN
Universität Hamburg,Center für Erdsystemforschung und Nachhaltigkeit,CEN
Universität Hamburg,Center of Natural History (CeNak),Center of Natural History
Universität Hamburg,Center of Optical Quantum Technologies,Center of Optical Quantum Technologies
Universität Hamburg,Centre for Earth System Research and Sustainability (CEN),CEN
Universität Hamburg,Centre for Futures of Sustainability,CEN
Universität Hamburg,Centre for Psycho-Social Medicine,Centre for Psycho-Social Medicine
Universität Hamburg,Centre for the Studies of Manuscript Cultures,Centre for the Study of Manuscript Cultures
Universität Hamburg,Centre for the Study of Manuscript Cultures,Centre for the Study of Manuscript Cultures
Universität Hamburg,Centre for the Study of Manuscript Cultures (CSMC),Centre for the Study of Manuscript Cultures
Universität Hamburg,"Centre for the Study of Manuscript Cultures, CSMC",Centre for the Study of Manuscript Cultures
Universität Hamburg,Centrum für Erdsystemforschung und Nachhaltigkeit,CEN
Universität Hamburg,Centrum für Erdsystemforschung und Nachhaltigkeit (CEN),CEN
Universität Hamburg,Centrum für Naturkunde,Center of Natural History
Universität Hamburg,Centrum für Naturkunde (CeNak),Center of Natural History
Universität Hamburg,Centrum für Naturkunde (CeNak)–Center of Natural History,Center of Natural History
Universität Hamburg,Chemical Reaction Technique,Chemical Reaction Technique
Universität Hamburg,Chemistry,Department of Chemistry
Universität Hamburg,Clinical Psychology and Psychotherapy,Clinical Psychology and Psychotherapy
Universität Hamburg,Cluster of Excellence  'Understanding Written Artefacts' (UWA),Cluster of Excellence  'Understanding Written Artefacts' (UWA)
Universität Hamburg,Cluster of Excellence CLICCS,"Climate, Climatic Change, and Society"
Universität Hamburg,Computational Systems Biology,Institute for Computational Systems Biology
Universität Hamburg,Computer Sciences Department,Department of Computer Science
Universität Hamburg,DFG Humanities Centre for Advanced Studies “Futures of Sustainability,DFG Humanities Centre for Advanced Studies Futures of Sustainability
Universität Hamburg,Department Earth System Sciences,Department of Earth System Sciences
Universität Hamburg,Department of Chemistry,Department of Chemistry
Universität Hamburg,"Department of Chemistry, Institute of Physical Chemistry",Institute for Physical Chemistry
Universität Hamburg,Department of Classical Archaeology,Department of Classical Archaeology
Universität Hamburg,Department of Dermatology and Venerology,Department of Dermatology and Venereology
Universität Hamburg,Department of Diagnostic and,Department of Diagnostic and Interventional Neuroradiology
Universität Hamburg,Department of Diagnostic and Interventional Neuroradiology University Medical Center Hamburg‐Eppendorf Hamburg Germany,Department of Diagnostic and Interventional Neuroradiology
Universität Hamburg,Department of Earth System Sciences,Department of Earth System Sciences
Universität Hamburg,Department of Economics,Department of Economics
Universität Hamburg,Department of Educational Psychology and Motivation,Department of Educational Psychology and Motivation
Universität Hamburg,Department of English,Department of English
Universität Hamburg,Department of Health Economics and Health Services Research University Medical Center Hamburg‐Eppendorf Hamburg Center for Health Economics,Department of Health Economics and Health Services Research
Universität Hamburg,Department of Intensive Care,Department of Intensive Care Medicine
Universität Hamburg,Department of Invertebrates,Department of Invertebrates
Universität Hamburg,Department of Languages and Aesthetic Disciplines Education,Department of Languages and Aesthetic Disciplines Education
Universität Hamburg,Department of Mathematics,Department of Mathematics
Universität Hamburg,Department of Medical Biometry and Epidemiology; University Medical Center; Hamburg-Eppendorf Hamburg Germany,Department of Medical Biometry and Epidemiology
Universität Hamburg,Department of Medicine I,Department of Medicine
Universität Hamburg,Department of Orthopaedic Surgery,Department of Orthopaedic Surgery
Universität Hamburg,Department of Philosophy,Department of Philosophy
Universität Hamburg,Department of Physics,Institute of Physics
Universität Hamburg,"Department of Physics, Institute for Experimental Physics",Institute for Experimental Physics
Universität Hamburg,Department of Psychosomatic Medicine and Psychotherapy University Medical Centre Hamburg‐Eppendorf,Department of Psychosomatic Medicine and Psychotherapy
Universität Hamburg,Department of Slavic Studies,Department of Slavonic Studies
Universität Hamburg,Department of Social Sciences (Sociology),Department of Social Sciences
Universität Hamburg,Department of Social and Cultural Anthropology,Department of Social and Cultural Anthropology
Universität Hamburg,Department of Visceral Transplantation University Medical Center Hamburg‐Eppendorf Hamburg Germany,Department of Visceral Transplantation
Universität Hamburg,Dept. of Culture and History of India and Tibet,Department of Culture & History of India and Tibet
Universität Hamburg,Dept. of Mathematics,Department of Mathematics
Universität Hamburg,EE & CS,Department of Computer Science & Electrical Engineering
Universität Hamburg,Earth Sciences,Department of Earth System Sciences
Universität Hamburg,Earth System Sciences,Department of Earth System Sciences
Universität Hamburg,Earth System Sciences and Sustainability,Department of Earth System Sciences
Universität Hamburg,Economics,Department of Economics
Universität Hamburg,Erdsystemwissenschaften,Department of Earth System Sciences
Universität Hamburg,European School of Sustainability Science and Research (ESSSR),European School of Sustainability Science and Research
Universität Hamburg,Evolutionary Immunogenomics,Evolutionary Immunogenomics
Universität Hamburg,"Fachbereich Chemie, Institut für Physikalische Chemie",Institute for Physical Chemistry
Universität Hamburg,Fachbereich Mathematik,Department of Mathematics
Universität Hamburg,Fachbereich Physik,Institute of Physics
Universität Hamburg,Faculty of Economic and Social Sciences,Faculty of Economics and Social Sciences
Universität Hamburg,"Faculty of Economics, Business and Social Sciences","Faculty of Economics, Business and Social Sciences"
Universität Hamburg,Faculty of Education,Faculty of Education
Universität Hamburg,Faculty of Law,Faculty of Law
Universität Hamburg,Faculty of Psychology and Human Movement Science,Faculty of Psychology and Human Movement Science
Universität Hamburg,"Fakultät für Geisteswissenschaften, Fachbereich Geschichte",History
Universität Hamburg,Fax: +49 (40) 42 838-7009,Universität Hamburg
Universität Hamburg,Friends of Nature (FON),Friends of Nature
Universität Hamburg,From University of Hamburg,Universität Hamburg
Universität Hamburg,From the Department of Neurology and Schilling Department for Clinical and Molecular Neurogenetics (N.B.,Department of Neurology and Schilling Department for Clinical and Molecular Neurogenetics
Universität Hamburg,From the Department of Neuroradiology (J.F.),Department of Neuroradiology
Universität Hamburg,Geology,Institute for Geology
Universität Hamburg,Geosciences,Department of Geosciences
Universität Hamburg,Geowissenschaften,Department of Geosciences
Universität Hamburg,Global History,Global History
Universität Hamburg,GmbH & Co. KG Postfach 2040 D-72010 Tübingen,Universität Hamburg
Universität Hamburg,HAMBURG SCHOOL OF FOOD SCIENCE–Institute of Food Chemistry,Hamburg School of Food Science—Institute of Food Chemistry
Universität Hamburg,HARBOR,Hamburg Advanced Research Centre for Bioorganic Chemistry
Universität Hamburg,HLCES,Centre for Ethiopian and Eritrean Studies
Universität Hamburg,HUN-REN Hungarian Research Centre for Linguistics Budapest Hungary,HUN-REN Hungarian Research Centre for Linguistics
Universität Hamburg,Hamburg Univ.],Universität Hamburg
Universität Hamburg,Hamburg University Institut für Angewandte Physik,Institut für Angewandte Physik
Universität Hamburg,Hamburg University of Applied Sciences (HAW),Hamburg University of Applied Sciences
Universität Hamburg,Hamburg University of Applied Sciences (HAW) - Research and Transfer Centre Sustainability and Climate Change Management,Research and Transfer Centre Sustainability and Climate Change Management
Universität Hamburg,Hamburg University of Applied Sciences: Hochschule fur Angewandte Wissenschaften Hamburg,Hamburg University of Applied Sciences
Universität Hamburg,Hamburg University of Technology (TUHH),Hamburg University of Technology
Universität Hamburg,Hamburg University of Technology TUHH,Hamburg University of Technology
Universität Hamburg,Hamburg Universität,Universität Hamburg
Universität Hamburg,Hamburger Sternwarte,Observatory
Universität Hamburg,HanseMerkur Center for Traditional Chinese Medicine at the University Medical Center,HanseMerkur Center for Traditional Chinese Medicine
Universität Hamburg,HanseMerkur Center for Traditional Chinese Medicine at the University Medical Center Hamburg-Eppendorf,HanseMerkur Center for Traditional Chinese Medicine
Universität Hamburg,Helmholtz-Zentrum Geesthacht (HZG),Helmholtz-Zentrum Geesthacht
Universität Hamburg,Helmut-Schmidt-Universität (Hamburgo,Helmut-Schmidt-Universität
Universität Hamburg,Hub of Computing and Data Science,Hub of Computing and Data Science
Universität Hamburg,Human Geography,Human Geography
Universität Hamburg,I. Department of Internal Medicine,Department of Internal Medicine
Universität Hamburg,I. Department of Medicine,Department of Medicine
Universität Hamburg,I. Department of Medicine University Medical Center Hamburg-Eppendorf Hamburg,Department of Medicine University Medical Center
Universität Hamburg,I. Institute for Theoretical Physics,Institute for theoretical Physics
Universität Hamburg,I. Medizinische Klinik und Poliklinik,Medizinische Klinik und Poliklinik
Universität Hamburg,II. Institut für Theoretische Physik,Institute for theoretical Physics
Universität Hamburg,"II. Institut für Theoretische Physik, Universität Hamburg",Institute for theoretical Physics
Universität Hamburg,III Department of Medicine,Department of Medicine
Universität Hamburg,III. Medizinische Klinik,Medizinische Klinik
Universität Hamburg,IUCN SSC Rusts and Smuts Specialist Group -,IUCN SSC Rusts and Smuts Specialist Group
Universität Hamburg,Infectious Diseases Unit,Infectious Diseases
Universität Hamburg,Informatik,Institute for Computer Science
Universität Hamburg,Insitut für Angewandte Physik und Zentrum für Mikrostrukturforschung,Institut fur Angewandte Physik und Zentrum fur Mikrostrukturforschung
Universität Hamburg,Insitute for Laser Physics,Institute for Laser Physics
Universität Hamburg,Institut für Bodenkunde,Institute for Soil Science
Universität Hamburg,Institut für Experimentalphysik,Institute for Experimental Physics
Universität Hamburg,Institut für Geographie,Institute of Geography
Universität Hamburg,Institut für Geologie,Institute for Geology
Universität Hamburg,Institut für Geologie CEN,Institute for Geology
Universität Hamburg,Institut für Germanistik,Institute for German Studies
Universität Hamburg,Institut für LaserPhysik und Zentrum für Optische Quantentechnologien,Center of Optical Quantum Technologies
Universität Hamburg,Institut für Meereskunde,Institute of Oceanography
Universität Hamburg,Institut für Nanostruktur- und Festkörperphysik,Institute for Nanostructure and Solid State Physics
Universität Hamburg,Institut für Nanostruktur- und Festkörperpyhsik,Institute for Nanostructure and Solid State Physics
Universität Hamburg,Institut für Politische Wissenschaft,Institute for Political Science
Universität Hamburg,Institut für Politische Wissenschaft; Institut für Soziologie,Institute for Sociology
Universität Hamburg,Institut of Human Movement Science,Institute of Human Movement Science
Universität Hamburg,Institute for Alevi Theology,Institute for Alevi Theology
Universität Hamburg,Institute for Applied Polymer Physics,Institute for Applied Polymer Physics
Universität Hamburg,Institute for Computational Systems Biology,Institute for Computational Systems Biology
Universität Hamburg,Institute for Criminological Social Research,Institute for Criminological Social Research
Universität Hamburg,Institute for Experimental Physics,Institute for Experimental Physics
Universität Hamburg,Institute for Finno-Ugric/Uralic Studies (IFUU),Institute for Finno-Ugric / Uralic Studies
Universität Hamburg,Institute for Geology,Institute for Geology
Universität Hamburg,Institute for Geology University of Hamburg,Institute for Geology
Universität Hamburg,Institute for German Sign Language,Institute of German Sign Language and Communication of the Deaf
Universität Hamburg,Institute for Laser Physics,Institute for Laser Physics
Universität Hamburg,Institute for Materials and X-Ray Physics,Institute for Materials and X-Ray Physics
Universität Hamburg,Institute for Nanostructure and Solid State Physics,Institute for Nanostructure and Solid State Physics
Universität Hamburg,Institute for Romance Linguistics,Institute for Romance Linguistics
Universität Hamburg,Institute for Soil Science,Institute for Soil Science
Universität Hamburg,Institute for Technical and Macromolecular Chemistry,Institute for Technical and Macromolecular Chemistry
Universität Hamburg,Institute for Technology and Innovation Management,Institute for Technology and Innovation Management
Universität Hamburg,Institute for Technology and Innovation Management (TIM),Institute for Technology and Innovation Management
Universität Hamburg,Institute for Technology and Innovation Management at Hamburg University of Technology (TUHH),Institute for Technology and Innovation Management
Universität Hamburg,Institute of Biochemistry and Molecular Biology,Institute of Biochemistry and Molecular Biology
Universität Hamburg,Institute of Biogeochemistry and Marine Chemistry,Institute of Biogeochemistry and Marine Chemistry
Universität Hamburg,Institute of Control Systems,Institute of Control Systems
Universität Hamburg,Institute of Data Engineering,Institute of Data Engineering
Universität Hamburg,Institute of Experimental Physics,Institute for Experimental Physics
Universität Hamburg,Institute of Geo-Hydroinformatics,Institute of Geo-Hydroinformatics
Universität Hamburg,Institute of Geography,Institute of Geography
Universität Hamburg,Institute of Geology,Institute for Geology
Universität Hamburg,Institute of Geophysics,Institute of Geophysics
Universität Hamburg,Institute of German Sign Language and Communication of the Deaf,Institute of German Sign Language and Communication of the Deaf
Universität Hamburg,Institute of Human Genetics University Medical Center Hamburg‐Eppendorf,Institute of Human Genetics
Universität Hamburg,Institute of Human Genetics University of Hamburg Germany,Institute of Human Genetics
Universität Hamburg,Institute of Information Systems (IWI),Institute of Information Systems
Universität Hamburg,Institute of Marine Ecosystem and Fisheries Science,Institute of Marine Ecosystem and Fishery Science
Universität Hamburg,Institute of Multiphase Flows,Multiphase Flows
Universität Hamburg,Institute of Oceanography,Institute of Oceanography
Universität Hamburg,Institute of Pharmacy,Institute of Pharmacy
Universität Hamburg,Institute of Plant Science and Microbiology,Institute of Plant Science and Microbiology
Universität Hamburg,Institute of Polymer and Composites,Institute of Polymer and Composites
Universität Hamburg,Institute of Polymers and Composites,Institute of Polymer and Composites
Universität Hamburg,Institute of Quantum Physics,Institute of Quantum Physics
Universität Hamburg,Institute of River and Coastal Engineering,Institute of River and Coastal Engineering
Universität Hamburg,Institute of Social and Cultural Anthropology,Institute of Social and Cultural Anthropology
Universität Hamburg,Institute of Soil Science,Institute for Soil Science
Universität Hamburg,Institute of Technical Biocatalysis,Institute of Technical Biocatalysis
Universität Hamburg,Institute of Technical Education and University Didactics (ITBH),Institute of Technical Education and University Didactics
Universität Hamburg,Integrated Climate Data Center (ICDC),Integrated Climate Data Center
Universität Hamburg,"Integrated Climate Data Center, CEN",Integrated Climate Data Center
Universität Hamburg,Intercultural and International Comparative Educational Science,Intercultural and International Comparative Educational Science
Universität Hamburg,Interkulturelle Theologie und Religionswissenschaft,Intercultural Theology & Religious Science
Universität Hamburg,International Max Planck Research School on Earth System Modeling,International Max Planck Research School of Earth Systems Modelling
Universität Hamburg,International Max Planck Research School on Earth System Modeling (IMPRS-ESM),International Max Planck Research School of Earth Systems Modelling
Universität Hamburg,Jens Fiehler Department of Diagnostic and Interventional Neuroradiology,Department of Diagnostic and Interventional Neuroradiology
Universität Hamburg,Jens Fiehler Dept of Diagnostic and Interventional Neuroradiology,Department of Diagnostic and Interventional Neuroradiology
Universität Hamburg,Journalism and Media Research,Journalism and Media Research
Universität Hamburg,KlimaCampus,KlimaCampus Hamburg
Universität Hamburg,Law,Faculty of Law
Universität Hamburg,Leibniz Institute for the Analysis of Biodiversity Change (LIB Hamburg),Leibniz Institute for the Analysis of Biodiversity Change (LIB)
Universität Hamburg,Lifelong Learning,Lifelong Learning
Universität Hamburg,Linguistics,Faculty of Linguistics & Literary Studies
Universität Hamburg,MIN,"Mathematics, Informatics & Natural Sciences"
Universität Hamburg,"MIN, IPM","Mathematics, Informatics & Natural Sciences"
Universität Hamburg,Management Science and Technology,Management Science and Technology
Universität Hamburg,Marine Geophysics Group,Marine Geophysics Group
Universität Hamburg,Mathematics,Department of Mathematics
Universität Hamburg,Medienwissenschaft,Institute for Media Science
Universität Hamburg,Meteorological Institute,Institute for Meteorology
Universität Hamburg,Meteorologisches Institut,Institute for Meteorology
Universität Hamburg,Meteorology,Institute for Meteorology
Universität Hamburg,Meterorological Institute,Institute for Meteorology
Universität Hamburg,Microbiology and Biotechnology,Microbiology & Biotechnology
Universität Hamburg,Molecular Biology of Microbial Consortia,Molecular Biology of Microbial Consortia
Universität Hamburg,Molecular Plant Genetics,Molecular Plant Genetics
Universität Hamburg,Numata Centre for Buddhist Studies,Centre for Buddhist Studies (Numata Centre)
Universität Hamburg,Optical and Electronic Materials,Optical and Electronic Materials
Universität Hamburg,Optics and Electronic Materials,Optical and Electronic Materials
Universität Hamburg,Organismic Botany and Mycology,Organismic Botany and Mycology
Universität Hamburg,Physics,Institute of Physics
Universität Hamburg,Political Science,Institute for Political Science
Universität Hamburg,Post-doc Research Fellow,Universität Hamburg
Universität Hamburg,Prof.,Universität Hamburg
Universität Hamburg,Psychology/Social Work,Psychology & Social Work
Universität Hamburg,Regional Computer Centre Hamburg,Regional Computer Centre Hamburg
Universität Hamburg,Research Group Climate Change and Security (CLISEC),Research Group Climate Change and Security
Universität Hamburg,Research Methods and Statistics,Research Methods & Statistics
Universität Hamburg,Research Unit for Sustainability and Climate Risks,Sustainability and Climate Risks
Universität Hamburg,"Research and Transfer Centre ""Sustainable Development and Climate Change Management""",Centre for Sustainable Development & Climate Change Management
Universität Hamburg,Research and Transfer Centre Sustainability and Climate Change Management,Centre for Sustainable Development & Climate Change Management
Universität Hamburg,"Research and Transfer Centre „Sustainable Development and Climate Change Management""",Centre for Sustainable Development & Climate Change Management
Universität Hamburg,Section of Tropical Medicine,Section for Tropical Medicine
Universität Hamburg,Social Sciences,Department of Social Sciences
Universität Hamburg,Socioeconomics,Socioeconomics
Universität Hamburg,Sociology / Social Science Research Methods,Institute for Sociology
Universität Hamburg,Sozialwissenschaften,Department of Social Sciences
Universität Hamburg,"Technical Electrocatalysis Laboratory, Institute of Physical Chemistry",Institute for Physical Chemistry
Universität Hamburg,Technical University of Hamburg-Harburg,Technical University of Hamburg
Universität Hamburg,Technical and Macromolecular Chemistry,Institute for Technical and Macromolecular Chemistry
Universität Hamburg,The Hamburg Centre for Ultrafast Imaging,Centre for Ultrafast Imaging
Universität Hamburg,Transportation Planning and Logistics,Transportation Planning and Logistics
Universität Hamburg,UHH -,Universität Hamburg
Universität Hamburg,UNIVERSITY OF HAMBURG,Universität Hamburg
Universität Hamburg,Universitaetsklinikum Hamburg-Eppendorf = University Medical Center Hamburg-Eppendorf,University Hospital Hamburg-Eppendorf
Universität Hamburg,Universitat Hamburg (Germany),Universität Hamburg
Universität Hamburg,Universitãt Hamburg,Universität Hamburg
Universität Hamburg,University Heart Center Hamburg,University Heart Center
Universität Hamburg,University Hospital Hamburg-Eppendorf,University Hospital Hamburg-Eppendorf
Universität Hamburg,University Hospital Hamburg‐Eppendorf Department of Neurology,University Hospital Hamburg-Eppendorf
Universität Hamburg,University Medical Center Hamburg Eppendorf,University Hospital Hamburg-Eppendorf
Universität Hamburg,University Medical Center Hamburg – Eppendorf,University Hospital Hamburg-Eppendorf
Universität Hamburg,University Medical Center Hamburg- Eppendorf,University Hospital Hamburg-Eppendorf
Universität Hamburg,University Medical Center Hamburg-Eppendorf - Department of Child and Adolescent Psychiatry,Department of Child and Adolescent Psychiatry
Universität Hamburg,University Medical Center Hamburg-Eppendorf - First Department of Medicine,First Department of Medicine
Universität Hamburg,University Medical Centre Hamburg- Eppendorf,University Hospital Hamburg-Eppendorf
Universität Hamburg,University Of Hamburg,Universität Hamburg
Universität Hamburg,University of Hamburg (Mittelweg 177,Universität Hamburg
Universität Hamburg,University of Hamburg - Center for Earth System Research and Sustainability (CEN),CEN Center for Earth System Research and Sustainability
Universität Hamburg,University of Hamburg - Department for Japanese Studies,Department for Japanese Studies
Universität Hamburg,University of Hamburg - Department of Child and Adolescent Psychiatry,Department of Child and Adolescent Psychiatry
Universität Hamburg,University of Hamburg - Department of Economics,Department of Economics
Universität Hamburg,University of Hamburg - Faculty of Economics and Business Administration,Faculty of Economics and Business Administration
Universität Hamburg,University of Hamburg - Institute of Law and Economics,Institute of Law and Economics
Universität Hamburg,University of Hamburg - School of Business,School of Business
Universität Hamburg,University of Hamburg - University Medical Center Hamburg-Eppendorf,University Hospital Hamburg-Eppendorf
Universität Hamburg,University of Hamburg / Hellenic American University,Hellenic American University
Universität Hamburg,University of Hamburg / Hungarian Research Centre for Linguistics,Hungarian Research Centre for Linguistics
Universität Hamburg,University of Hamburg 2 Institute of Applied Physics,Institute of Applied Physics
Universität Hamburg,University of Hamburg Department of British and American Studies Von‐Melle‐Park 6 20146 Hamburg Germany,Department of British and American Studies
Universität Hamburg,University of Hamburg Institute of Applied Physics,Institute of Applied Physics
Universität Hamburg,University of Hamburg Institute of English and American Studies,Department of British and American Studies
Universität Hamburg,University of HamburgGermany,Universität Hamburg
Universität Hamburg,Universit�t Hamburg,Universität Hamburg
Universität Hamburg,ZBH,Centre for Bioinformatics
Universität Hamburg,ZBH - Center for Bioinformatics,Centre for Bioinformatics
Universität Hamburg,Zentrum für Lehrkräftebildung (ZLH),Centre for Teacher Education
Universität Hamburg,Zentrum für Optische Quantentechnologien,Center of Optical Quantum Technologies
Universität Hamburg,Zentrum für nachhaltiges Forschungsdatenmanagement,Centre for Sustainable Research Data Management
Universität Hamburg,Zoologisches Museum Hamburg,Zoologisches Museum
Universität Hamburg,Zoologisches Museum der,Zoologisches Museum
Universität Hamburg,a,Universität Hamburg
Universität Hamburg,a Center for Earth System Research and Sustainability (CEN),CEN
Universität Hamburg,education,Faculty of Education
Universität Hamburg,lll. Department of Internal Medicine,Department of Internal Medicine
Universität Hamburg,pDepartment of Diagnostic and Interventional Neuroradiology (J.F.),Department of Diagnostic and Interventional Neuroradiology
Universität Hamburg,st Department of Medicine,Department of Medicine
Universität Hamburg,st Dept. of Medicine,Department of Medicine
Universität Hamburg,st Medical Department,Department of Medicine
Universität Hamburg,udo.schickhoff@uni-hamburg.de CEN Center for Earth System Research and Sustainability,CEN
Universität Hamburg Department Chemie,Institut für Technische und Makromolekulare Chemie,Institute for Technical and Macromolecular Chemistry
Universität Hamburg Department Chemie,Physikalische Chemie,Institute for Physical Chemistry
Universität Hamburg Fachbereich Volkswirtschaftslehre,Department of Economics,Department of Economics
Universität Hamburg I Institut für Theoretische Physik,Physics of  Superconductivity,Physics of Superconductivity
Universität Lübeck,Airway Research Center North (ARCN),Airway Research Center North
Universität Lübeck,Center North (ARCN),Airway Research Center North
Universität Lübeck,Center of Structural and Cell Biology in Medicine (CSCM),Center of Structural and Cell Biology in Medicine
Universität Lübeck,Clinic for Internal Medicine I,Clinic for Internal Medicine
Universität Lübeck,Department of Cardiac and Thoracic Vascular Surgery,Department of Cardiac and Thoracic Vascular Surgery
Universität Lübeck,Department of Dermatology University of Luebeck Ratzeburger Allee 160,Department of Dermatology
Universität Lübeck,Department of Dermatology; University Hospital of Schleswig-Holstein; Kiel Germany,Department of Dermatology
Universität Lübeck,Department of Electrical Engineering and Computer Science,Department of Computer Science & Electrical Engineering
Universität Lübeck,Department of Infectious Diseases and Microbiology,Department of Infectious Diseases and Microbiology
Universität Lübeck,Department of Internal Medicine I,Department of Internal Medicine
Universität Lübeck,Department of Medicine I,Medicine
Universität Lübeck,Department of Neurology,Department of Neurology
Universität Lübeck,Department of Obstetrics and Gynecology,Department of Obstetrics and Gynaecology
Universität Lübeck,Department of Psychiatry and Psychotherapy,Department of Psychiatry and Psychotherapy
Universität Lübeck,Department of Psychiatry and Psychotherapy Christian‐Albrecht University of,Department of Psychiatry and Psychotherapy
Universität Lübeck,"Department of Psychiatry and Psychotherapy; Translational Psychiatry Unit, Research Group S:TEP (Substance use and related disorders: Treatment, Epidemiology and Prevention)",Department of Psychiatry and Psychotherapy
Universität Lübeck,Dynamics of Viral Structures,Viral Structures
Universität Lübeck,German Center for Infection Research (DZIF) Hamburg–Lübeck– Borstel–Riems Site,German Center for Infection Research (DZIF)
Universität Lübeck,IT Center for Clinical Research,IT Center for Clinical Research
Universität Lübeck,Informatik,Department of Computer Science
Universität Lübeck,Institut for Cardiogenetics,Institute for Cardiogenetic
Universität Lübeck,Institut für Biochemie,Institute of Biochemistry
Universität Lübeck,Institut für Biomedizinische Optik,Institute for Biomedical Optics
Universität Lübeck,Institut für Infektionsmedizin Christian‐Albrechts‐Universität zu Kiel und Universitätsklinikum Schleswig Holstein,Institut für Infektionsmedizin
Universität Lübeck,Institut für Infektionsmedizin Christian‐Albrechts‐Universität zu Kiel und Universitätsklinikum Schleswig Holstein Kiel Germany,Institut für Infektionsmedizin
Universität Lübeck,Institut für Kardiogenetik,Institute for Cardiogenetics
Universität Lübeck,Institut für Medizingeschichte und Wissenschaftsforschung,Institute for History of Medicine and Science Studies
Universität Lübeck,Institut für Medizinische Biometrie und Statistik; Universität zu Lübeck,Institut für Medizinische Biometrie und Statistik
Universität Lübeck,Institute for Biomedical Optics (BMO),Institute for Biomedical Optics
Universität Lübeck,Institute for Cardiogenetic,Institute for Cardiogenetics
Universität Lübeck,Institute for Experimental and Clinical Pharmacology and Toxicology,Institute for Experimental and Clinical Pharmacology and Toxicology
Universität Lübeck,Institute for Medical Microbiology and Hygiene,Institute for Medical Microbiology and Hygiene
Universität Lübeck,Institute for Social Medicine and Epidemiology,Institute for Social Medicine and Epidemiology
Universität Lübeck,"Institute for Social Medicine and Epidemiology, Nursing Research Unit",Institute for Social Medicine and Epidemiology
Universität Lübeck,Institute for social medicine and epidemiology,Institute for Social Medicine and Epidemiology
Universität Lübeck,"Institute for social medicine and epidemiology, nursing research unit",Institute for Social Medicine and Epidemiology
Universität Lübeck,Institute of Biochemistry,Institute of Biochemistry
Universität Lübeck,Institute of Chemistry,Institute of Chemistry
Universität Lübeck,Institute of Chemistry and Metabolomics University Lübeck,Institute of Chemistry and Metabolomics
Universität Lübeck,Institute of Human Genetics,Institute of Human Genetics
Universität Lübeck,Institute of Medical Biometry and Statistics,Institute of Medical Biometry and Statistics
Universität Lübeck,Institute of Medical Engineering,Institute of Medical Engineering
Universität Lübeck,Institute of Medical Microbiology and Clinic of Infectious Diseases,Institute of Medical Microbiology and Center for Infectious Diseases
Universität Lübeck,Institute of Neurogenetics,Institute of Neurogenetics
Universität Lübeck,Institute of clinical and experimental pharmacology and toxicology,Institute for Experimental and Clinical Pharmacology and Toxicology
Universität Lübeck,Klinik für Anaesthesiologie,Anesthesiology Clinic
Universität Lübeck,Klinik für Dermatologie Allergologie und Venerologie Universitätsklinikum Schleswig‐Holstein,Klinik für Dermatologie Allergologie und Venerologie
Universität Lübeck,Klinik für Dermatologie Venerologie und Allergologie Universitätsklinikum Schleswig‐Holstein,Klinik für Dermatologie Allergologie und Venerologie
Universität Lübeck,Klinik für Dermatologie Venerologie und Allergologie Universitätsklinikum Schleswig‐Holstein Campus Kiel,Klinik für Dermatologie Allergologie und Venerologie
Universität Lübeck,Klinik für Neurologie,Department of Neurology
Universität Lübeck,Medical Department I,Department of Medicine I
Universität Lübeck,Medicinal Chemistry and Systems Polypharmacology / Lübeck Institute of Experimental Dermatology,Institute of Experimental Dermatology
Universität Lübeck,Neurobiology,Neurobiology
Universität Lübeck,Psychiatry and Psychotherapy,Psychiatry & Psychotherapy
Universität Lübeck,Universitatsklinikum Schleswig-Holstein,University Hospital Schleswig Holstein
Universität Lübeck,University Clinic Schleswig‐Holstein – Campus Kiel,University Hospital Schleswig Holstein
Universität Lübeck,University Hospital Lübeck,University Hospital Schleswig Holstein
Universität Lübeck,University Hospital Schleswig Holstein,University Hospital Schleswig Holstein
Universität Lübeck,University Hospital Schleswig-Holstein UKSH,University Hospital Schleswig Holstein
Universität Lübeck,University Hospital Schleswig‐Holstein Campus Kiel,University Hospital Schleswig Holstein
Universität Lübeck,University Medical Center Schleswig-Holstein,University Hospital Schleswig Holstein
Universität Lübeck,University of Luebeck,Universität Lübeck
Universität Lübeck,Universität zu Lübeck Königsstraße 42,Universität Lübeck
Universität Lübeck,Universitätsklinikum Schleswig-Holstein-Campus Lübeck,University Hospital Schleswig Holstein
Universität Lübeck,in Germany.,Universität Lübeck
Universität Lübeck,sup>a</sup>Division of Pediatric Endocrinology,Division of Pediatric Endocrinology
Universität Rostock,Agricultural and Environmental Sciences,Agricultural and Environmental Sciences
Universität Rostock,Analytical Chemistry,Analytical Chemistry Chair
Universität Rostock,Aquaculture and Sea-Ranching,Aquaculture & Sea-Ranching
Universität Rostock,Chair of Mechatronics,Mechatronics Chair
Universität Rostock,Christoph Lutter,Universität Rostock
Universität Rostock,Computer Science,Department of Computer Science
Universität Rostock,Department of Agronomy,Department of Agronomy
Universität Rostock,Department of Economics,Department of Economics
Universität Rostock,Department of Neurology,Department of Neurology
Universität Rostock,Department of Orthopedics,Department of Orthopaedics
Universität Rostock,Department of Tropical Medicine and Infectious Diseases,Department of Tropical Medicine & Infectious Diseases
Universität Rostock,Department of Tropical Medicine and Infectious Diseases; Rostock University Medical Center; Rostock Germany,Department of Tropical Medicine & Infectious Diseases
Universität Rostock,Department of Tropical Medicine at the Bernhard Nocht Institute,Department of Tropical Medicine & Infectious Diseases
Universität Rostock,Division of Tropical Medicine and Infectious Diseases,Department of Tropical Medicine & Infectious Diseases
Universität Rostock,Empirical Economics,Empirical Economics
Universität Rostock,Faculty for Mechanical Engineering and Ship Technology,Mechanical Engineering & Ship Technology
Universität Rostock,Faculty of Agricultural & Environmental Sciences,Faculty of Agricultural and Environmental Sciences
Universität Rostock,Faculty of Agricultural and Environmental Sciences,Faculty of Agricultural and Environmental Sciences
Universität Rostock,Faculty of Agriculture & Environmental Sciences,Faculty of Agricultural and Environmental Sciences
Universität Rostock,Faculty of Agriculture and Environmental Science,Faculty of Agricultural and Environmental Sciences
Universität Rostock,Faculty of Agriculture and Environmental Sciences,Faculty of Agricultural and Environmental Sciences
Universität Rostock,Genetics,Department of Genetics
Universität Rostock,Grassland and Fodder Science,Grassland and Fodder Sciences
Universität Rostock,Helmholtz Zentrum,Helmholtzzentrum
Universität Rostock,Helmholtz Zentrum MÃ¼nchen,Helmholtzzentrum
Universität Rostock,"Hematology, Oncology, Palliative Medicine; Special Hematology Laboratory",Hematology Laboratory
Universität Rostock,Historical Institute,Historisches Institut
Universität Rostock,Institue for Biomedical Engineering,Institute for Biomedical Engineering
Universität Rostock,Institut für Chemie,Institute of Chemistry
Universität Rostock,Institut für Physik,Institute of Physics
Universität Rostock,Institut für Physik / Institute of Physics,Institute of Physics
Universität Rostock,Institut of Immunology,Institute of Immunology
Universität Rostock,Institute for Immunology,Institute of Immunology
Universität Rostock,Institute for Physics,Institute of Physics
Universität Rostock,"Institute for Physics and Department of Life, Light and Matter","Department of Life, Light and Matter"
Universität Rostock,Institute of Biology - Aquatic Ecology,Aquatic Ecology
Universität Rostock,Institute of Bioscience,Institute of Biosciences
Universität Rostock,Institute of History,History
Universität Rostock,Institute of Physics,Institute of Physics
Universität Rostock,"Joint
Mass Spectrometry Centre",Joint Mass Spectrometry Centre
Universität Rostock,"JointMass Spectrometry Centre",Joint Mass Spectrometry Centre
Universität Rostock,Joint Mass Spectrometry Center,Joint Mass Spectrometry Centre
Universität Rostock,Joint Mass Spectrometry Center Cooperation Group Comprehensive Molecular Analytics Helmholtz Zentrum München German Research Center for Environmental Health,Joint Mass Spectrometry Centre
Universität Rostock,Joint Mass Spectrometry Centre,Joint Mass Spectrometry Centre
Universität Rostock,Joint Mass Spectrometry Centre (JMSC),Joint Mass Spectrometry Centre
Universität Rostock,"Joint Mass Spectrometry Centre – Cooperation Group ""Comprehensive Molecular Analytics""",Joint Mass Spectrometry Centre
Universität Rostock,Landscape Ecology,Landscape Ecology
Universität Rostock,Leibniz Institute of Atmospheric Physics at the,Leibniz Institute of Atmospheric Physics
Universität Rostock,Leibniz-Institute of Atmospheric Physics,Leibniz Institute of Atmospheric Physics
Universität Rostock,Leibniz-Institute of Atmospheric Physics at the,Leibniz Institute of Atmospheric Physics
Universität Rostock,Maritime Systems,Maritime Systems
Universität Rostock,Material and energy valorisation of bioegenous residues,Material and energy valorization of biogenous residues
Universität Rostock,"Mathematics and Natural Sciences, Institute of Physics",Institute of Physics
Universität Rostock,Medical Department,Medicine
Universität Rostock,"Philosophische Fakultät, Institut für Medienforschung",Institute for Media Science
Universität Rostock,Physical Chemistry,Institute for Physical Chemistry
Universität Rostock,Physiology of Plant Metabolism,Physiology of Plant Metabolism
Universität Rostock,Political Science,Institute for Political Science
Universität Rostock,Prof. Hydromechanics and Sanitary Engineering,Hydromechanics and Sanitary Engineering
Universität Rostock,Rostock,Universität Rostock
Universität Rostock,Rostock Univ. Justus‐von‐Liebig‐Weg 6 Rostock 18059 Germany,Universität Rostock
Universität Rostock,"Soil Physics, Faculty for Agricultural and Environmental Sciences",Faculty of Agricultural and Environmental Sciences
Universität Rostock,"Translational Neurodegeneration Section ""Albrecht Kossel""",Section for Translational Neurodegeneration
Universität Rostock,"Translational Neurodegeneration Section ""Albrecht-Kossel""",Translational Neurodegeneration Section
Universität Rostock,Universitat Rostock,Universität Rostock
Universität Rostock,Universität Rostock,Universität Rostock
Universität Rostock,University of,Universität Rostock
Universität Rostock,University of the Rostock,Universität Rostock
Universität Rostock Mathematisch-Naturwissenschaftliche Fakultät,Chair of Analytical Chemistry,Analytical Chemistry Chair
Universitäts Hautklinik Kiel,Direktor der Universitäts-Hautklinik Kiel Schittenhelmstraße 7,Universitäts Hautklinik Kiel
Universitätsklinikum Hamburg Eppendorf Universitäres Herzzentrum Hamburg GmbH,Department of Vascular Medicine-German Aortic Center Hamburg,Department of Vascular Medicine
Universitätsklinikum Hamburg Eppendorf Zentrum für Experimentelle Medizin,Systems Neuroscience,Department of Systems Neuroscience
Universitätsklinikum Hamburg-Eppendorf,"1. Department of Medicine, Group of Prof. Dr. Stefan Lüth",Department of Medicine I
Universitätsklinikum Hamburg-Eppendorf,Bernhard-Nocht-Institut für Tropenmedizin,Bernhard Nocht Institute for Tropical Medicine (BNITM)
Universitätsklinikum Hamburg-Eppendorf,Center for Molecular Neurobiology Hamburg (ZMNH),Center for Molecular Neurobiology Hamburg
Universitätsklinikum Hamburg-Eppendorf,Centre,Universitätsklinikum Hamburg-Eppendorf
Universitätsklinikum Hamburg-Eppendorf,Centre for Internal Medicine,Centre for Internal Medicine
Universitätsklinikum Hamburg-Eppendorf,Clinic for Cardiology,Clinic for Cardiology
Universitätsklinikum Hamburg-Eppendorf,Clinic of Vascular medicine,Department of Vascular Medicine
Universitätsklinikum Hamburg-Eppendorf,Clinical Neuropsychology Research Group,Clinical Neuropsychology Research Group
Universitätsklinikum Hamburg-Eppendorf,Clinical Tropical Medicine,Tropical Medicine
Universitätsklinikum Hamburg-Eppendorf,"Department for Medical Microbiology, Virology and Hygiene","Institute of Medical Microbiology, Virology and Hygiene"
Universitätsklinikum Hamburg-Eppendorf,Department of Anatomy and Developmental Biology,Department of Anatomy & Experimental Morphology
Universitätsklinikum Hamburg-Eppendorf,Department of Anatomy and Experimental Morphology,Department of Anatomy & Experimental Morphology
Universitätsklinikum Hamburg-Eppendorf,Department of Dermatology and Venerology,Department of Dermatology and Venereology
Universitätsklinikum Hamburg-Eppendorf,Department of Dermatology und Venerology,Department of Dermatology and Venereology
Universitätsklinikum Hamburg-Eppendorf,Department of Diagnostic and,Department of Diagnostic and Interventional Neuroradiology
Universitätsklinikum Hamburg-Eppendorf,Department of Diagnostic and Interventional Neuroradiology University Medical Center Hamburg‐Eppendorf Hamburg Germany,Department of Diagnostic and Interventional Neuroradiology
Universitätsklinikum Hamburg-Eppendorf,Department of Diagnostic and Interventional Radiology and Nuclear Medicine,Department of Diagnostic and Interventional Radiology & Nuclear Medicine
Universitätsklinikum Hamburg-Eppendorf,Department of Diagnostic and Interventional Radiology and Nuclear Medicine University Medical Center Hamburg‐Eppendorf Hamburg Germany,Department of Diagnostic and Interventional Radiology & Nuclear Medicine
Universitätsklinikum Hamburg-Eppendorf,Department of Diagnostic and Interventional Radiology and Nuclear Medicine University Medical Center Hamburg‐Eppendorf,Department of Diagnostic and Interventional Radiology & Nuclear Medicine
Universitätsklinikum Hamburg-Eppendorf,Department of Gynaecology,Department of Gynaecology
Universitätsklinikum Hamburg-Eppendorf,Department of Health Economics and Health Services Research University Medical Center Hamburg‐Eppendorf Hamburg Center for Health Economics,Department of Health Economics and Health Services Research
Universitätsklinikum Hamburg-Eppendorf,Department of Medical Biometry and Epidemiology; University Medical Center; Hamburg-Eppendorf Hamburg Germany,Department of Medical Biometry and Epidemiology
Universitätsklinikum Hamburg-Eppendorf,Department of Medical Psychology,Department of Medical Psychology
Universitätsklinikum Hamburg-Eppendorf,Department of Medicine I,Department of Medicine
Universitätsklinikum Hamburg-Eppendorf,Department of Medicine I (Gastroenterology and Hepatology,Gastroenterology and Hepatology
Universitätsklinikum Hamburg-Eppendorf,Department of Medicine University Medical Center Hamburg‐Eppendorf Hamburg Germany,Department of Medicine
Universitätsklinikum Hamburg-Eppendorf,Department of Neurology,Department of Neurology
Universitätsklinikum Hamburg-Eppendorf,Department of Neurophysiology and Pathophysiology,Department of Neurophysiology and Pathophysiology
Universitätsklinikum Hamburg-Eppendorf,"Department of Oncology, Hematology and Bone Marrow Transplantation","Department of Oncology, Hematology and Bone Marrow Transplantation"
Universitätsklinikum Hamburg-Eppendorf,Department of Osteology and Biomechanics,Department of Osteology and Biomechanics
Universitätsklinikum Hamburg-Eppendorf,Department of Otorhinolaryngology,Department of Otorhinolaryngology
Universitätsklinikum Hamburg-Eppendorf,Department of Psychosomatic Medicine and Psychotherapy University Medical Centre Hamburg‐Eppendorf,Department of Psychosomatic Medicine and Psychotherapy
Universitätsklinikum Hamburg-Eppendorf,Department of Radiotherapy,Department of Radiotherapy and Radiation Oncology
Universitätsklinikum Hamburg-Eppendorf,Department of Radiotherapy and Radiation Oncology,Department of Radiotherapy and Radiation Oncology
Universitätsklinikum Hamburg-Eppendorf,Department of Systems Neuroscience,Department of Systems Neuroscience
Universitätsklinikum Hamburg-Eppendorf,Department of Tumor Biology,Department of Tumor Biology
Universitätsklinikum Hamburg-Eppendorf,Department of Vascular Medicine,Department of Vascular Medicine
Universitätsklinikum Hamburg-Eppendorf,Department of Visceral Transplantation University Medical Center Hamburg‐Eppendorf Hamburg Germany,Department of Visceral Transplantation
Universitätsklinikum Hamburg-Eppendorf,Department of medical psychology,Department of Medical Psychology
Universitätsklinikum Hamburg-Eppendorf,Dept of Medicine II,Department of Medicine II
Universitätsklinikum Hamburg-Eppendorf,Dept. of Neurophysiology and Pathophysiology,Department of Neurophysiology and Pathophysiology
Universitätsklinikum Hamburg-Eppendorf,Dept. of Pathology,Department of Pathology
Universitätsklinikum Hamburg-Eppendorf,Diagnostic & Interventional Neuroradiology,Department of Diagnostic and Interventional Radiology & Nuclear Medicine
Universitätsklinikum Hamburg-Eppendorf,Division of Infectious Diseases,Infectious Diseases
Universitätsklinikum Hamburg-Eppendorf,"Division of Infectious Diseases, First Medical Department",Infectious Diseases
Universitätsklinikum Hamburg-Eppendorf,Division of Pediatric Nephrology Department of Pediatrics University Medical Center Hamburg Germany,Department of Pediatrics
Universitätsklinikum Hamburg-Eppendorf,"Division of Rheumatology and Systemic Inflammatory Diseases, III. Medical Department",Division of Rheumatology & Systemic Inflammatory Diseases
Universitätsklinikum Hamburg-Eppendorf,"General, Visceral and Thoracic Surgery Department","General, Visceral and Thoracic Surgery Clinic"
Universitätsklinikum Hamburg-Eppendorf,HanseMerkur Center for Traditional Chinese Medicine at the,HanseMerkur Center for Traditional Chinese Medicine
Universitätsklinikum Hamburg-Eppendorf,HanseMerkur Center for Traditional Chinese Medicine at the University Medical Center,HanseMerkur Center for Traditional Chinese Medicine
Universitätsklinikum Hamburg-Eppendorf,I. Department of Internal Medicine,Department of Internal Medicine
Universitätsklinikum Hamburg-Eppendorf,I. Department of Medicine,Department of Medicine
Universitätsklinikum Hamburg-Eppendorf,III Department of Medicine,Department of Medicine
Universitätsklinikum Hamburg-Eppendorf,III Depatment/Nephrology,"Department for Nephrology, Diabetology & Rheumatology"
Universitätsklinikum Hamburg-Eppendorf,III. Department of Medicine,Medicine
Universitätsklinikum Hamburg-Eppendorf,IVDP,Health Services Research in Dermatology and Nursing
Universitätsklinikum Hamburg-Eppendorf,Infectious Diseases Unit,Infectious Diseases
Universitätsklinikum Hamburg-Eppendorf,Institut für Systemische Neurowissenschaften,Department of Systems Neuroscience
Universitätsklinikum Hamburg-Eppendorf,Institute for Experimental Immunology and Hepatology,Immunology and Hepatology
Universitätsklinikum Hamburg-Eppendorf,Institute for Infection Research and Vaccine Development (IIRVD),Institute for Infection Research and Vaccine Development
Universitätsklinikum Hamburg-Eppendorf,"Institute for Medical Microbiology, Virology and Hygiene","Institute of Medical Microbiology, Virology and Hygiene"
Universitätsklinikum Hamburg-Eppendorf,Institute for Neural Information Processing,Institute for Neural Information Processing
Universitätsklinikum Hamburg-Eppendorf,Institute for neural Information Processing,Institute for Neural Information Processing
Universitätsklinikum Hamburg-Eppendorf,Institute of Biochemistry and Molecular Biology I: Cellular Signal Transduction,Cellular Signal Transduction
Universitätsklinikum Hamburg-Eppendorf,Institute of History and Ethics of Medicine / Clinical Ethics,Clinical Ethics
Universitätsklinikum Hamburg-Eppendorf,Institute of Human Genetics,Institute of Human Genetics
Universitätsklinikum Hamburg-Eppendorf,Institute of Medical Biometry and Epidemiology,Institute of Medical Biometry and Epidemiology
Universitätsklinikum Hamburg-Eppendorf,"Institute of Medical Microbiology, Virology and Hygiene","Institute of Medical Microbiology, Virology and Hygiene"
Universitätsklinikum Hamburg-Eppendorf,Institute of Neural Information Processing,Institute for Neural Information Processing
Universitätsklinikum Hamburg-Eppendorf,Institute of Neuropathologhy,Institute of Neuropathology
Universitätsklinikum Hamburg-Eppendorf,Institute of Tumor Biology,Department of Tumor Biology
Universitätsklinikum Hamburg-Eppendorf,Internal Medicine,Centre for Internal Medicine
Universitätsklinikum Hamburg-Eppendorf,Klinik für Strahlentherapie und Radioonkologie,Department of Radiotherapy and Radiation Oncology
Universitätsklinikum Hamburg-Eppendorf,Klinik und Poliklinik für Mund-Kiefer-Gesichtschirugie,Oral and Maxillofacial Surgery Clinic
Universitätsklinikum Hamburg-Eppendorf,"Medical Microbiology, Virology and Hygiene","Institute of Medical Microbiology, Virology and Hygiene"
Universitätsklinikum Hamburg-Eppendorf,Medical Psychology,Department of Medical Psychology
Universitätsklinikum Hamburg-Eppendorf,"Nephrology, Diabetology and Rheumatology","Department for Nephrology, Diabetology & Rheumatology"
Universitätsklinikum Hamburg-Eppendorf,Occupational Medicine and Maritime Medicine,Occupational Medicine & Maritime Medicine
Universitätsklinikum Hamburg-Eppendorf,Oral and Maxillofacial Surgery,Maxillofacial Surgery
Universitätsklinikum Hamburg-Eppendorf,Orthopaedics and Trauma Surgery,Department of Orthopaedic Surgery and Traumatology
Universitätsklinikum Hamburg-Eppendorf,Osteologie und Biomechanik,Department of Osteology and Biomechanics
Universitätsklinikum Hamburg-Eppendorf,Otorhinolaryngology,Department of Otorhinolaryngology
Universitätsklinikum Hamburg-Eppendorf,"Project Associate in the DKH-funded Project ""PaSaGeRO"" (Patient Safety in German Radiation Oncology)",Patient Safety in German Radiation Oncology
Universitätsklinikum Hamburg-Eppendorf,Prosthetic Dentistry,Prosthetic Dentistry
Universitätsklinikum Hamburg-Eppendorf,Psychosomatic Medicine and Psychotherapy,Psychosomatic Medicine & Psychotherapy
Universitätsklinikum Hamburg-Eppendorf,"Research Dept. Cell & Gene Therapy, Dept. of SCT",Department of Cell and Gene Therapy & Stem Cell Transplantation
Universitätsklinikum Hamburg-Eppendorf,Research Dept. Cell and Gene Therapy; Dept. of Stem Cell Transplantation,Department of Cell and Gene Therapy & Stem Cell Transplantation
Universitätsklinikum Hamburg-Eppendorf,Research Institute Children's Cancer Center and Department of Pediatric Hematology and Oncology,Children's Cancer Center & Pediatric Hematology & Oncology
Universitätsklinikum Hamburg-Eppendorf,Section Mass Spectrometry and Proteomics,Mass Spectrometry & Preteomics
Universitätsklinikum Hamburg-Eppendorf,"Unfall-, Hand- und Wiederherstellungschirurgie",Trauma Surgery and Orthopedics
Universitätsklinikum Hamburg-Eppendorf,Units for Intensive Care and Endoscopy,Intensive Care and Endoscopy
Universitätsklinikum Hamburg-Eppendorf,University Center of Cardiovascular Science,Centre of Cardiovascular Science
Universitätsklinikum Hamburg-Eppendorf,University Children's Hospital,University Children's Hospital
Universitätsklinikum Hamburg-Eppendorf,University Children’s Hospital,University Children's Hospital
Universitätsklinikum Hamburg-Eppendorf,University Children’s Research,University Children's Hospital
Universitätsklinikum Hamburg-Eppendorf,University Heart Center,Heart Center
Universitätsklinikum Hamburg-Eppendorf,University Heart Center Hamburg,Heart Center
Universitätsklinikum Hamburg-Eppendorf,University Hospital Eppendorf,Universitätsklinikum Hamburg-Eppendorf
Universitätsklinikum Hamburg-Eppendorf,University Hospital Hamburg-Eppendorf,Universitätsklinikum Hamburg-Eppendorf
Universitätsklinikum Hamburg-Eppendorf,University Medical Center Hamburg – Eppendorf,Universitätsklinikum Hamburg-Eppendorf
Universitätsklinikum Hamburg-Eppendorf,University Medical Center Hamburg- Eppendorf,Universitätsklinikum Hamburg-Eppendorf
Universitätsklinikum Hamburg-Eppendorf,University Medical Center Hemburg-Eppendorf,Universitätsklinikum Hamburg-Eppendorf
Universitätsklinikum Hamburg-Eppendorf,University Medical Centre Hamburg- Eppendorf,Universitätsklinikum Hamburg-Eppendorf
Universitätsklinikum Hamburg-Eppendorf,Universitätsklinikum Hamburg Eppendorf,Universitätsklinikum Hamburg-Eppendorf
Universitätsklinikum Hamburg-Eppendorf,Universitätsklinikum Hamburg‐Eppendorf,Universitätsklinikum Hamburg-Eppendorf
Universitätsklinikum Hamburg-Eppendorf,Vascular Signaling,Vascular Signaling
Universitätsklinikum Hamburg-Eppendorf,lll. Department of Internal Medicine,Department of Internal Medicine
Universitätsklinikum Hamburg-Eppendorf,pDepartment of Diagnostic and Interventional Neuroradiology (J.F.),Department of Diagnostic and Interventional Neuroradiology
Universitätsklinikum Hamburg-Eppendorf,st Department of Medicine,Department of Medicine
Universitätsklinikum Hamburg-Eppendorf,st Dept. of Medicine,Department of Medicine
Universitätsklinikum Hamburg-Eppendorf,st Medical Department,Department of Medicine
Universitätsklinikum Hamburg-Eppendorf Zentrum für Molekulare Neurobiologie Hamburg,Institute for Developmental Neurobiology,Institute for Developmental Neurobiology
Universitätsklinikum Schleswig-Holstein,Department of Dermatology; University Hospital of Schleswig-Holstein; Kiel Germany,Department of Dermatology
Universitätsklinikum Schleswig-Holstein,Department of Neurology University Hospital Schleswig Holstein,Department of Neurology
Universitätsklinikum Schleswig-Holstein,Department of Neurology University of Lübeck and University Hospital Schleswig‐Holstein,Department of Neurology
Universitätsklinikum Schleswig-Holstein,Department of Obstetrics and Gynecology,Department of Obstetrics and Gynaecology
Universitätsklinikum Schleswig-Holstein,Hämatologie und Onkologie,Department of Hematology and Oncology
Universitätsklinikum Schleswig-Holstein,Institut für Infektionsmedizin Christian‐Albrechts‐Universität zu Kiel und Universitätsklinikum Schleswig Holstein,Institut für Infektionsmedizin
Universitätsklinikum Schleswig-Holstein,Institut für Infektionsmedizin Christian‐Albrechts‐Universität zu Kiel und Universitätsklinikum Schleswig Holstein Kiel Germany,Institut für Infektionsmedizin
Universitätsklinikum Schleswig-Holstein,Institute of Human Genetics,Institute of Human Genetics
Universitätsklinikum Schleswig-Holstein,Institute of Medical Microbiology and Clinic of Infectious Diseases,Institute of Medical Microbiology and Center for Infectious Diseases
Universitätsklinikum Schleswig-Holstein,Klinik für Chirugie,Klinik für Chirurgie
Universitätsklinikum Schleswig-Holstein,Klinik für Chirurgie,Klinik für Chirurgie
Universitätsklinikum Schleswig-Holstein,Klinik für Dermatologie Allergologie und Venerologie Universitätsklinikum Schleswig‐Holstein,Klinik für Dermatologie Allergologie und Venerologie
Universitätsklinikum Schleswig-Holstein,Klinik für Dermatologie Venerologie und Allergologie Universitätsklinikum Schleswig‐Holstein,Klinik für Dermatologie Allergologie und Venerologie
Universitätsklinikum Schleswig-Holstein,Klinik für Dermatologie Venerologie und Allergologie Universitätsklinikum Schleswig‐Holstein Campus Kiel,Klinik für Dermatologie Allergologie und Venerologie
Universitätsklinikum Schleswig-Holstein,Universitatsklinikum Schleswig-Holstein,Universitätsklinikum Schleswig-Holstein
Universitätsklinikum Schleswig-Holstein,University Clinic Schleswig‐Holstein – Campus Kiel,Universitätsklinikum Schleswig-Holstein
Universitätsklinikum Schleswig-Holstein,University Hospital Schleswig‐Holstein Campus Kiel,Universitätsklinikum Schleswig-Holstein
Universitätsklinikum Schleswig-Holstein,Universitätsklinikum Schleswig-Holstein-Campus Lübeck,Universitätsklinikum Schleswig-Holstein
Universitätsklinikum Schleswig-Holstein - Campus Kiel,Institut für Klinische Chemie,Institute for Clinical Chemistry
Universitätsklinikum Schleswig-Holstein - Campus Lübeck,Cardio-vascular Surgery,Clinic for Cardiovascular Surgery
Universitätsklinikum Schleswig-Holstein - Campus Lübeck,Klinik für Herz- und thorakale Gefäßchirurgie,Clinic for Cardiovascular Surgery
Universitätsklinikum Schleswig-Holstein Campus KIel,Gynecology and Obstetrics,Gynecology & Obstetrics
Universitätsklinikum Schleswig-Holstein Campus Kiel,Center for Inflammatory Skin Diseases,Center for Inflammatory Skin Diseases
Universitätsklinikum Schleswig-Holstein Campus Kiel,Dermatology and Allergy,Dermatology and Allergy Clinic
Universitätsklinikum Schleswig-Holstein Campus Kiel,Gynecology and Obstetrics,Gynecology & Obstetrics
Universitätsklinikum Schleswig-Holstein Campus Kiel,Infectious Disease Clinic and Institute of Medical Microbiology,Infectious Disease Clinic & Institute of Medical Microbiology
Universitätsklinikum Schleswig-Holstein Campus Kiel,"Klinik für Gynäkologie und Geburtshilfe, Onkologisches Labor",Oncology & Gynecology Clinic
Universitätsklinikum Schleswig-Holstein Campus Kiel,Radiation Oncology,Radiation Oncology
Universitätsmedizin Greifswald,Anatomy and Cell Biology,Institute of Anatomy & Cell Biology
Universitätsmedizin Greifswald,Department of Functional Genomics,Department of Functional Genomics
Universitätsmedizin Greifswald,Department of General Practice,Department of General Practice
Universitätsmedizin Greifswald,Department of General Surgery,Department of General Surgery
Universitätsmedizin Greifswald,Department of Medicine A,Department of Medicine A
Universitätsmedizin Greifswald,Department of Neurology,Department of Neurology
Universitätsmedizin Greifswald,Department of Psychiatry and Psychotherapy,Department of Psychiatry and Psychotherapy
Universitätsmedizin Greifswald,Dr.,Universitätsmedizin Greifswald
Universitätsmedizin Greifswald,Friedrich Loeffler-Institute of Medical Microbiology,Institute of Medical Microbiology
Universitätsmedizin Greifswald,"Head of Department of Restorative Dentistry, Periodontology and Endodontology","Department of Restorative Dentistry, Periodontology and Endodontology"
Universitätsmedizin Greifswald,Informatik,Department of Computer Science
Universitätsmedizin Greifswald,Institute for Community Medicine,Institute for Community Medicine
Universitätsmedizin Greifswald,Institute for Immunology and Transfusion Medicine,Institute for Immunology & Transfusion Medicine
Universitätsmedizin Greifswald,Institute of Anatomy and Cell Biology,Institute of Anatomy & Cell Biology
Universitätsmedizin Greifswald,Internal Medicine A - Nephrology,Nephrology
Universitätsmedizin Greifswald,Internal Medicine B,Department of Medicine B
Universitätsmedizin Greifswald,Internal medicine A,Department of Medicine A
Universitätsmedizin Greifswald,Medical Biochemistry and Molecular Biology,Medical Biochemistry & Molecular Biology
Universitätsmedizin Greifswald,Nephrologie,Nephrology
Universitätsmedizin Greifswald,SHIP/KEF,Study of Health in Pomerania
Universitätsmedizin Greifswald,Transfusionsmedizin,Transfusion Medicine
Universitätsmedizin Greifswald,University of Medicine Greifswald (Germany),Universitätsmedizin Greifswald
Universitätsmedizin Rostock,Abteilung für Tropenmedizin und Infektionskrankheiten,Abteilung für Infektionskrankheiten und Tropenmedizin
Universitätsmedizin Rostock,"Clinic for trauma, hand and reconstructive surgery","Trauma, hand & Reconstructive Surgery"
Universitätsmedizin Rostock,Core Facility for Cell Sorting and Cell Analysis,Cell Sorting & Cell Analysis
Universitätsmedizin Rostock,Department of Neurology,Department of Neurology
Universitätsmedizin Rostock,"Dept. of Otorhinolaryngology, Head and Neck Surgery, ”Otto Körner“",Department of Otorhinolaryngology
Universitätsmedizin Rostock,Division of Cardiology,Division of Cardiology
Universitätsmedizin Rostock,Institut für Allgemeinmedizin,Institute for General Medicine
Universitätsmedizin Rostock,Institut für Biomedizinische Technik / Institute for Biomedical Engineering,Institute for Biomedical Engineering
Universitätsmedizin Rostock,Institut für Pharmakologie und Toxikologie,Institute for Pharmacology and Toxicology
Universitätsmedizin Rostock,Institut für Präventivmedizin,Institute for Preventive medicine
Universitätsmedizin Rostock,"Institute of Diagnostic and Interventional Radiology, Pediatric Radiology and Neuroradiology","Institute of Diagnostic and Interventional Radiology, Pediatric Radiology and Neuroradiology"
Universitätsmedizin Rostock,"Sektion für Translationale Neurodegeneration ""Albrecht-Kossel""",Section for Translational Neurodegeneration
Universitätsmedizin Rostock,Studiendekanat,Studies Office
Universität Bremen,Center for Marine Environmental Sciences (MARUM),MARUM
Universität Bremen,MARUM - Center for Marine Environmental Science,MARUM
Universität Bremen,MARUM -Centre for Marine Environmental Sciences,MARUM
Universität Bremen,MARUM – Center for Marine Environmental Sciences,MARUM
Universität Bremen,MARUM-Centre for Marine Environmental Science,MARUM
Universität Bremen,MARUM -- Center for Marine Environmental Sciences,MARUM
Universität Bremen,MARUM – Center for Marine Environmental Sciences,MARUM
Universität Bremen,MARUM—Center for Marine Environmental Sciences,MARUM
Université de Montpellier,GEOMAR—Helmholtz Center for Ocean Research,GEOMAR
Universtity Medical Center Hamburg-Eppendorf,Department for Clinical Chemistry,Department for Clinical Chemistry
Universum Bremen,Center for Industrial Mathematics,Center for Industrial Mathematics
Utrecht University,Received her PhD in criminology from,Utrecht University
V.I. Vernadsky Institute of Geochemistry and Analytical Chemistry,GEOMAR Helmholtz Center for Ocean Research,GEOMAR
V.I. Vernadsky Institute of Geochemistry and Analytical Chemistry,GEOMAR&ndash,GEOMAR
Woods Hole Oceanographic Institution,Department of Physical Oceanography.,Department of Physical Oceanography
Xiamen University,Department of Geological Oceanography and State Key Laboratory of Marine Environmental Science,Department of Geological Oceanography & State Key Laboratory of Marine Environmental Science
Xiamen University,State Key Laboratory of Marine Environmental Science and College of Ocean and Earth Sciences,State Key Laboratory of Marine Environmental Science & College of Ocean and Earth Sciences
Zentrum fur Marine Umweltwissenschaften,marum,MARUM
Übersee-Museum Bremen,Naturkunde,Natural history
Übersee-Museum Bremen,"Wissenschaftliche Abteilungsleiterin Völkerkunde, Sachgebietsleiterin Asien",Asian Ethnology
Alfred Wegener Institute,Alfred Wegener Institute (AWI),Alfred Wegener Institute
Alfred Wegener Institute,Alfred Wegener Institute (AWI) Helmholtz Centre for Polar and Marine Research,Alfred Wegener Institute
Alfred Wegener Institute,Alfred Wegener Institute Helmholtz Centre for Polar and Marine Research,Alfred Wegener Institute
Alfred Wegener Institute,Alfred Wegener Institute Helmholtz Zentrum für Polar‐ und Meeresforschung,Alfred Wegener Institute
Alfred Wegener Institute,Alfred Wegener Institute for Polar and Marine Research,Alfred Wegener Institute
Alfred Wegener Institute,Alfred Wegener Institute for Polar and Marine Research Bremerhaven Germany,Alfred Wegener Institute
Alfred Wegener Institute,Alfred-Wegener Institute,Alfred Wegener Institute
Alfred Wegener Institute,Alfred-Wegener-Institut Helmholtz-Zentrum fur Polar- und Meeresforschung,Alfred Wegener Institute
Alfred Wegener Institute,Alfred-Wegener-Institut Helmholtz-Zentrum fÃ¼r Polar- und Meeresforschung,Alfred Wegener Institute
Alfred Wegener Institute,Alfred-Wegener-Institut Helmholtz-Zentrum für Polar-und Meeresforschung,Alfred Wegener Institute
Alfred Wegener Institute,Alfred-Wegener-Institut für Polar- und Meeresforschung; Bremerhaven Germany,Alfred Wegener Institute
Alfred Wegener Institute,Alfred-Wegner-Institute - Helmholtz Centre for Polar and Marine Research,Alfred Wegener Institute
Alfred Wegener Institute,BioScineces,BioSciences
Alfred Wegener Institute,Climate Science,Climate Sciences
Asklepios,Institution,Asklepios
Asklepios Klinik Altona,AK Altona,Asklepios Klinik Altona
Australian National University,Research School of Earth Science,Research School of Earth Sciences
Behörde für Gesundheit und Verbraucherschutz,Vorspann Auto da Fé ist der englische Titel des originalsprachlich deutschen Erstlingswerkes Die Blendung von Elias Canetti,Behörde für Gesundheit und Verbraucherschutz
Behörde für Gesundheit und Verbraucherschutz,ist Vorstandsmitglied bei UN Women Deutschland e.V. und engagierte sich zuvor als DGVN-Jugendbeobachterin zur 64. UN-Frauenrechtskommission für Geschlechtergerechtigkeit,Behörde für Gesundheit und Verbraucherschutz
Berlin University of the Arts,"Institute of Time-Based Media, Vilém Flusser Archive",Institute of Time-Based Media
Bernhard Nocht Institute for Tropical Medicine,BNITM -,Bernhard Nocht Institute for Tropical Medicine
Bernhard Nocht Institute for Tropical Medicine,BNITM); Bernhard-Nocht-Straße 74 D-20359 Hamburg Germany,Bernhard Nocht Institute for Tropical Medicine
Bernhard Nocht Institute for Tropical Medicine,Bernard-Nocht-Institut für Tropenmedizin,Bernhard Nocht Institute for Tropical Medicine
Bernhard Nocht Institute for Tropical Medicine,Bernhard Raninger FENG Lei WANG Xin-juan,Bernhard Nocht Institute for Tropical Medicine
Bernhard Nocht Institute for Tropical Medicine,Bernhard-Nocht Institute of Tropical Medicine,Bernhard Nocht Institute for Tropical Medicine
Bernhard Nocht Institute for Tropical Medicine,Bernhard-Nocht-Institut fur Tropenmedizin,Bernhard Nocht Institute for Tropical Medicine
Bernhard Nocht Institute for Tropical Medicine,Department Infectious Disease Epidemioly,Department Infectious Disease Epidemiology
Bernhard Nocht Institute for Tropical Medicine,Institut für Tropenmedizin,Bernhard Nocht Institute for Tropical Medicine
Bernhard Nocht Institute for Tropical Medicine,Institute of Tropical Medicine,Bernhard Nocht Institute for Tropical Medicine
Bernhard Nocht Institute for Tropical Medicine,National Reference Centre for Tropical Pathogens,National Reference Center for Tropical Pathogens
Bernhard Nocht Institute for Tropical Medicine,"Virology, Research Group Virus Immunology",Virology
Bernhard Nocht Institute for Tropical Medicine,former Research work: Epidemiology and Diagnostics,Bernhard Nocht Institute for Tropical Medicine
Brandenburg University of Technology Cottbus-Senftenberg,Brandenburg University of Technology,Brandenburg University of Technology Cottbus-Senftenberg
Brandenburg University of Technology Cottbus-Senftenberg,Brandenburg University of Technology Cottbus,Brandenburg University of Technology Cottbus-Senftenberg
Bucerius Law School,Forschungsaufenthalt an der Tsinghua Universität Peking; Rechtsreferendariat am Kammergericht; Rechtsanwalt in Berlin.,Bucerius Law School
Bucerius Law School,LL.B.,Bucerius Law School
Bundesanstalt für Materialforschung und -prüfung,4,Bundesanstalt für Materialforschung und -prüfung
Bundeswehr Central Hospital,Bundeswehr Central Hospital Koblenz,Bundeswehr Central Hospital
CAU Kiel,"A&F Marketing, Consumer Psychology",A&F Marketing—Consumer Psychology
CAU Kiel,Biochemisches Institut der Christian-Albrechts-Universität Kiel,Biochemisches Institut
CAU Kiel,Botanical Institute and Botanic Gardens Kiel University,Botanical Institute and Botanic Gardens
CAU Kiel,CAU -,CAU Kiel
CAU Kiel,Chinazentrum der,China Centre
CAU Kiel,Christian-Albrechts University of Kiel = Université Christian-Albrechts de Kiel,CAU Kiel
CAU Kiel,Christian-Albrechts-Unversität zu Kiel,CAU Kiel
CAU Kiel,Ecology Centre,Ecology Center
CAU Kiel,Former address: Christian-Albrecht-University of Kiel,CAU Kiel
CAU Kiel,Institut Für Geowissenschaften,Institut fur Geowissenschaften
CAU Kiel,Institut Für Meereskunde an Der Universität Kiel,Institut für Meereskunde
CAU Kiel,Institut für Geowissenschaften der Universität Kiel,Institut fur Geowissenschaften
CAU Kiel,Institut für Meereskunde Universität Kiel Kiel Germany,Institut für Meereskunde
CAU Kiel,Institut für Sicherheitspolitik Kiel Deutschland,Institut für Sicherheitspolitik
CAU Kiel,Institut für Sicherheitspolitik an der Universität Kiel,Institut für Sicherheitspolitik
CAU Kiel,Institut für Sicherheitspolitik an der Universität Kiel Kiel Germany,Institut für Sicherheitspolitik
CAU Kiel,Institut für meereskunde an der Universität Kiel,Institut für Meereskunde
CAU Kiel,Institute for Security Policy,Institut für Sicherheitspolitik
CAU Kiel,Institute for Security Policy at Kiel University,Institut für Sicherheitspolitik
CAU Kiel,Institute for Security Policy at Kiel University (ISPK),Institut für Sicherheitspolitik
CAU Kiel,Institute for Security Studies,Institut für Sicherheitspolitik
CAU Kiel,Institute of Geosciences Christian‐Albrechts University of Kiel Kiel D‐24118 Germany,Institute of Geosciences
CAU Kiel,Institute of Geosciences Kiel University,Institute of Geosciences
CAU Kiel,Kiel Institute,CAU Kiel
CAU Kiel,Kiel University Kiel,CAU Kiel
CAU Kiel,Kiel University#TAB#,CAU Kiel
CAU Kiel,Kiel University: Christian-Albrechts-Universitat zu Kiel,CAU Kiel
CAU Kiel,Kiel University;,CAU Kiel
CAU Kiel,Leibniz-Laboratory,Leibniz-Labor
CAU Kiel,Leibniz-Laboratory for Radiometric Dating and Stable Isotope Research,Leibniz-Laboratory for Radiometric Dating and Isotope Research
CAU Kiel,Mathematical Seminar,Mathematisches Institut
CAU Kiel,Non-Resident Fellow,CAU Kiel
CAU Kiel,Non-resident Fellow,CAU Kiel
CAU Kiel,Otto Diels-Institut für Organische Chemie der,Otto Diels Institute of Organic Chemistry
CAU Kiel,Otto Diels-Institut für Organische Chemie der ; Otto-Hahn-Platz 3 24098 Kiel Deutschland,Otto Diels Institute of Organic Chemistry
CAU Kiel,Universität Kiel (ISPK) Institut für Sicherheitspolitik Kiel Germany,Institut für Sicherheitspolitik
CAU Kiel,Universität Kiel (ISPK) Institut für Sicherheitspolitik Non-resident Fellow Kiel Deutschland,Institut für Sicherheitspolitik
CAU Kiel,Universität Kiel (ISPK) Senior Fellow,Institut für Sicherheitspolitik
CAU Kiel,Universität Kiel Institut für Sicherheitspolitik Kiel Deutschland,Institut für Sicherheitspolitik
CAU Kiel,aInstitut für Geowissenschaften der,Department of Geography
CAU Kiel,c Department of Geography,Department of Geography
CAU Kiel,eChristian-Albrechts Universität Kiel,CAU Kiel
CAU Kiel,has sent Russia three million shells,CAU Kiel
Carl von Ossietzky Universität Oldenburg,Carl von Ossietzky Universit&#x00E4;t Oldenburg,Carl von Ossietzky Universität Oldenburg
Carl von Ossietzky Universität Oldenburg,Carl von Ossietzky Universität,Carl von Ossietzky Universität Oldenburg
Carl von Ossietzky Universität Oldenburg,Geomicrobiology ICBM,Geomicrobiology
Carl von Ossietzky Universität Oldenburg,Hõ rzentrum Oldenburg,Hõrzentrum Oldenburg
Carl von Ossietzky Universität Oldenburg,Institut für Chemie,Institut für Chemie
Carl von Ossietzky Universität Oldenburg,Institut für Mathematik [Oldenburg] (Ammerländer Heerstraße 114 - 118,Institut für Mathematik
Carl von Ossietzky Universität Oldenburg,Institute of Chemistry Carl von Ossietzky University of Oldenburg,Institute of Chemistry
Carl von Ossietzky Universität Oldenburg,Institute of Chemistry and Biology of the Marine Environment (ICBM),Institute for Chemistry and Biology of the Marine Environment
Carl von Ossietzky Universität Oldenburg,Universitat Oldenburg,Carl von Ossietzky Universität Oldenburg
Carl von Ossietzky Universität Oldenburg,c,Carl von Ossietzky Universität Oldenburg
Carl von Ossietzky Universität Oldenburg,c Institute for Chemistry and Biology of the Marine Environment,Institute for Chemistry and Biology of the Marine Environment
Central Military Clinical Hospital,Thoracic Surgery Clinic,Thoracic Surgery
Chengdu University of Technology,School of Atmospheric Sciences/Plateau Atmosphere and Environment Key Laboratory of Sichuan Province/Chengdu Plain Urban Meteorology and Environment Observation and Research Station of Sichuan Province/Sichuan Meteorological Disaster Prediction and Early Warning Engineering Laboratory,School of Atmospheric Sciences
Chengdu University of Technology,School of Atmospheric Sciences/Plateau Atmosphere and Environment Key Laboratory of Sichuan Province/Joint Laboratory of Climate and Environment Change,School of Atmospheric Sciences
Chulalongkorn University,German Institute for Global and Area Studies (GIGA) and Institute of Asian Studies,Chulalongkorn University
Clinical Research Center Kiel,Hamburger Chaussee 240,Clinical Research Center Kiel
Clinical Research Center Kiel,Kiel Centre for Globalization Kiel Germany,Clinical Research Center Kiel
Clinical Research Center Kiel,Kiel Deutschland,Clinical Research Center Kiel
Constructor University,Bremen International Graduate School of Social Sciences Bremen University and,Bremen International Graduate School of Social Sciences
Constructor University,Department of Life Sciences and Chemistry Jacobs University Bremen Germany,Department of Life Sciences and Chemistry
Constructor University,Department of Psychology &amp; Methods Jacobs University Bremen Bremen Germany,Department of Psychology & Methods
Constructor University,Department of Social Sciences &amp; Humanities and China Global Center,Department of Social Sciences & Humanities
Constructor University,Jacobs Center on Lifelong Learning and Institutional Development,Jacobs Center for Lifelong Learning and Institutional Development
Constructor University,Jacobs Univ. Bremen (Germany),Jacobs University Bremen
Constructor University,Jacobs University Bremen gGmbh,Jacobs University Bremen
Constructor University,Jacobs University Bremen),Jacobs University Bremen
Constructor University,Jacobs University [Bremen],Jacobs University Bremen
Constructor University,Jacobs-University Bremen,Jacobs University Bremen
Constructor University,KAEFER Professor of Renewable,KAEFER Professor of Renewable Energy and Environmental Politics
Constructor University,"School of Business, Social & Decision Sciences","School of Business, Social, and Decision Sciences"
Constructor University,"School of Business, Social and Decision Sciences","School of Business, Social, and Decision Sciences"
Constructor University,School of Engineering and Science,School of Engineering and Sciences
Constructor University,School of Engineering and Science Jacobs University Bremen Germany,School of Engineering and Sciences
Constructor University,School of Humanities and Social Sciences Jacobs University,School of Humanities and Social Sciences
Constructor University,School of Humanities and Social Sciences; Jacobs University Bremen; Germany,School of Humanities and Social Sciences
Constructor University,Social Sciences and Humanities,Social Sciences & Humanities
Constructor University,Social Sciences),School of Science
Deutsche Forschungsgemeinschaft,Sponsorship: The study was supported by grants from the,Deutsche Forschungsgemeinschaft
Deutsches Elektronen-Synchrotron,Deutsches Elektron-Synchrotron Hamburg,Deutsches Elektronen-Synchrotron
Deutsches Elektronen-Synchrotron,Deutsches Elektronen-Synchrotron (DESY),Deutsches Elektronen-Synchrotron
Deutsches Elektronen-Synchrotron,Deutsches Elektronen-Synchrotron (Germany),Deutsches Elektronen-Synchrotron
Deutsches Elektronen-Synchrotron,Deutsches Elektronen-Synchrotron [Hamburg],Deutsches Elektronen-Synchrotron
Deutsches Elektronen-Synchrotron,Photon science / CSSB,Photon Science
EBC Hochschule,University of Applied Sciences),EBC Hochschule
Erasmus University Rotterdam,Erasmus-Univ. Rotterdam,Erasmus University Rotterdam
Europa-Universität Flensburg,Uni Flensburg,Europa-Universität Flensburg
European Centre for Minority Issues,https://dx.doi.org/39047 Flensburg Germany,European Centre for Minority Issues
European Molecular Biology Laboratory,From the,European Molecular Biology Laboratory
European Molecular Biology Laboratory,Meyerhofstraße 1,European Molecular Biology Laboratory
European Molecular Biology Laboratory,Structural and Computational Biology,Structural and Computational Biology Unit
European Molecular Biology Laboratory,Structural and Computational Unit,Structural and Computational Biology Unit
Fachhochschule Kiel,FACHHOCHSCHULE KIEL,Fachhochschule Kiel
Flensburg University of Applied Sciences,Intermedia &amp; Marketing,Intermedia and Marketing Information und Kommunikation
Fraunhofer Institute for Digital Medicine,MEVIS,MeVis
Freie Universität Berlin,Chinese Studies,China Studies
Friedrich-Alexander-Universität Erlangen-Nürnberg,GeoZentrum Nordbayern,Geozentrum Nordbayern
Friedrich-Loeffler-Institut,Collection of Cell Lines in Veterinary Medicine (CCLV),Collection of Cell Lines in Veterinary Medicine
Friedrich-Loeffler-Institut,Department of Experimental Animal Facilities and Biorisk Management Greifswald-Insel Riems Germany,Department of Experimental Animal Facilities and Biorisk Management
Friedrich-Loeffler-Institut,FLI -,Friedrich-Loeffler-Institut
Friedrich-Loeffler-Institut,FLI),Friedrich-Loeffler-Institut
Friedrich-Loeffler-Institut,Federal Research Institute for Animal Health),Federal Research Institute for Animal Health
Friedrich-Loeffler-Institut,Friedrich Loeffler Institut,Friedrich-Loeffler-Institut
Friedrich-Loeffler-Institut,Friedrich Loeffler Institute,Friedrich-Loeffler-Institut
Friedrich-Loeffler-Institut,Friedrich Loeffler Institute (FLI),Friedrich-Loeffler-Institut
Friedrich-Loeffler-Institut,Friedrich Loeffler Institute of Medical Microbiology,Friedrich Loeffler Institute for Medical Microbiology
Friedrich-Loeffler-Institut,Friedrich LoefflerInstitut,Friedrich-Loeffler-Institut
Friedrich-Loeffler-Institut,Friedrich Loffler Institut,Friedrich-Loeffler-Institut
Friedrich-Loeffler-Institut,Friedrich Loffler Institute,Friedrich-Loeffler-Institut
Friedrich-Loeffler-Institut,Friedrich- Loeffler- Institute,Friedrich-Loeffler-Institut
Friedrich-Loeffler-Institut,Friedrich-Loeffler Institut – Bundesforschungsinstitut,Friedrich-Loeffler-Institut
Friedrich-Loeffler-Institut,Friedrich-Loeffler Institute,Friedrich-Loeffler-Institut
Friedrich-Loeffler-Institut,Friedrich-Loeffler-Straße 56,Friedrich-Loeffler-Institut
Friedrich-Loeffler-Institut,Friedrich‐Loeffler‐Institut,Friedrich-Loeffler-Institut
Friedrich-Loeffler-Institut,Greifswald,Friedrich-Loeffler-Institut
Friedrich-Loeffler-Institut,Greifswald - Insel Riems Germany,Friedrich-Loeffler-Institut
Friedrich-Loeffler-Institut,IMVZ,Friedrich-Loeffler-Institut
Friedrich-Loeffler-Institut,Institut für Molekulare Pathogenese,Institut für Molekularbiologie
Friedrich-Loeffler-Institut,Institut für molekulare Pathogenese,Institut für Molekularbiologie
Friedrich-Loeffler-Institut,Institut of Molecular Pathogenesis,Institut für Molekularbiologie
Friedrich-Loeffler-Institut,Institute of Bacterial Infections and Zoonoses at the,Institute of Bacterial Infections and Zoonoses
Friedrich-Loeffler-Institut,Institute of Bacterial Infections and Zoonoses at the e,Institute of Bacterial Infections and Zoonoses
Friedrich-Loeffler-Institut,Institute of Diagnostic Virlogy,Institute of Diagnostic Virology
Friedrich-Loeffler-Institut,Institute of Diagnostic Virology Greifswald-Insel Riems Germany,Institute of Diagnostic Virology
Friedrich-Loeffler-Institut,Institute of Farm Animal Genetics (ING),Institute of Farm Animal Genetics
Friedrich-Loeffler-Institut,Institute of International Animal Health/One Health,Institute of International Animal Health / One Health
Friedrich-Loeffler-Institut,Institute of novel and emerging diseases,Institute of Novel and Emerging Infectious Diseases
Friedrich-Loeffler-Institut,Institute of novel and emerging infectious diseases (INNT),Institute of Novel and Emerging Infectious Diseases
Friedrich-Loeffler-Institut,National Reference Laboratory for Q fever,National Reference Laboratory for Q Fever
Friedrich-Loeffler-Institut,The Institute of Bacterial Infections and Zoonoses,Institute of Bacterial Infections and Zoonoses
Friedrich-Loeffler-Institut,e,Friedrich-Loeffler-Institut
GEOMAR,GEOMAR Helmholtz-Zentrum fuer Ozeanforschung Kiel,GEOMAR
GEOMAR,Geomar Helmholtz Centre for Ocean Research,GEOMAR
GEOMAR,IFM‐GEOMAR,GEOMAR
GEOMAR,IFM‐GEOMAR) Leibniz Institute of Marine Sciences Kiel Germany,GEOMAR
GEOMAR,IFM–GEOMAR Leibniz Institut für Meereswissenschaften an der Universität Kiel,GEOMAR
GEOMAR,Institut für Meereskunde,GEOMAR
GEOMAR,Leibniz Institut fuer Meereswissenschaften IFM-GEOMAR Kiel Germany,GEOMAR
GFZ Helmholtz Centre for Geosciences,GFZ German Research Centre for Geosciences,GFZ Helmholtz Centre for Geosciences
GFZ Helmholtz Centre for Geosciences,Geoforschungszentrum,GFZ Helmholtz Centre for Geosciences
GFZ Helmholtz Centre for Geosciences,N# 1GFZ German Research Centre for Geosciences,GFZ Helmholtz Centre for Geosciences
German Foreign Trade and Transport Academy,DAV (PG) College,DAV
German Foreign Trade and Transport Academy,Dav institute of engineering and technology,DAV
German Inflammatory Bowel Diseases Study Group,German Epidemic Preparedness Team—SEEG GIZ Bonn Germany,German Epidemic Preparedness Team – SEEG
German Institute for Global and Area Studies (GIGA),A senior research fellow at the GIGA German Institute of Global and Area Studies,German Institute for Global and Area Studies (GIGA)
German Institute for Global and Area Studies (GIGA),Associate The,German Institute for Global and Area Studies (GIGA)
German Institute for Global and Area Studies (GIGA),Currently a senior research fellow at the GIGA German Institute of Global and Area Studies,German Institute for Global and Area Studies (GIGA)
German Institute for Global and Area Studies (GIGA),Daniel Flemes is Schumpeter Fellow at the GIGA German Institute of Global and Area Studies in Hamburg,German Institute for Global and Area Studies (GIGA)
German Institute for Global and Area Studies (GIGA),GIGA,German Institute for Global and Area Studies (GIGA)
German Institute for Global and Area Studies (GIGA),GIGA German Institute of Global and Area Studies,German Institute for Global and Area Studies (GIGA)
German Institute for Global and Area Studies (GIGA),GIGA German Institute of Global and Area Studies IAS,German Institute for Global and Area Studies (GIGA)
German Institute for Global and Area Studies (GIGA),GIGA Institute of Asian Studies,GIGA Institute for Asian Studies
German Institute for Global and Area Studies (GIGA),GIGA Institute of Global and Area Studies in Hamburg,German Institute for Global and Area Studies (GIGA)
German Institute for Global and Area Studies (GIGA),GIGA Institute of Middle East Studies (IMES),GIGA Institute of Middle East Studies
German Institute for Global and Area Studies (GIGA),GIGA – German Institute of Global and Area Studies,German Institute for Global and Area Studies (GIGA)
German Institute for Global and Area Studies (GIGA),GIGA),German Institute for Global and Area Studies (GIGA)
German Institute for Global and Area Studies (GIGA),GIGA-Hamburg,German Institute for Global and Area Studies (GIGA)
German Institute for Global and Area Studies (GIGA),German Institute of Global and Area Studies,German Institute for Global and Area Studies (GIGA)
German Institute for Global and Area Studies (GIGA),German Institute of Global and Area Studies (GIGA),German Institute for Global and Area Studies (GIGA)
German Institute for Global and Area Studies (GIGA),German Institute of Global and Area Studies (GIGA) / Institute of Latin American Studies,GIGA Institute of Latin American Studies
German Institute for Global and Area Studies (GIGA),German Institute of Global and Area Studies - GIGA,German Institute for Global and Area Studies (GIGA)
German Institute for Global and Area Studies (GIGA),German Institute of Global and Area Studies GIGA,German Institute for Global and Area Studies (GIGA)
German Institute for Global and Area Studies (GIGA),German Institute of Global and Area Studies: Leibniz-Institut fur Globale und Regionale Studien,German Institute for Global and Area Studies (GIGA)
German Institute for Global and Area Studies (GIGA),German Overseas Institute (DUI) - German Institute of Global and Area Studies (GIGA),German Institute for Global and Area Studies (GIGA)
German Institute for Global and Area Studies (GIGA),Giga Institute of Asian Studies,German Institute for Global and Area Studies (GIGA)
German Institute for Global and Area Studies (GIGA),Global Studies,German Institute for Global and Area Studies (GIGA)
German Institute for Global and Area Studies (GIGA),INSTITUTE OF ASIAN STUDIES,GIGA Institute of Asian Studies
German Institute for Global and Area Studies (GIGA),Institute for African Affairs,GIGA Institute of African Affairs
German Institute for Global and Area Studies (GIGA),Institute for Asian Studies,GIGA Institute of Asian Studies
German Institute for Global and Area Studies (GIGA),Institute for Latin American Studies,GIGA Institute of Latin American Studies
German Institute for Global and Area Studies (GIGA),Institute for Middle East Studies,GIGA Institute of Middle East Studies
German Institute for Global and Area Studies (GIGA),Institute of African Affairs,GIGA Institute of African Affairs
German Institute for Global and Area Studies (GIGA),Institute of African Affairs German Institute of Global and Area Studies Hamburg,GIGA Institute of African Affairs
German Institute for Global and Area Studies (GIGA),Institute of Asian Studies,GIGA Institute of Asian Studies
German Institute for Global and Area Studies (GIGA),Institute of Asian studies,GIGA Institute of Asian Studies
German Institute for Global and Area Studies (GIGA),Institute of Global Environmental Studies.,German Institute for Global and Area Studies (GIGA)
German Institute for Global and Area Studies (GIGA),Leibniz-Institut fur Globale und Regionale Studien Institut fur Afrika-Studien,German Institute for Global and Area Studies (GIGA)
German Institute for Global and Area Studies (GIGA),N#,German Institute for Global and Area Studies (GIGA)
German Institute for Global and Area Studies (GIGA),N# German Institute of Global and Area Studies#N#,German Institute for Global and Area Studies (GIGA)
German Institute for Global and Area Studies (GIGA),Project of the Alexander von Humboldt Foundation “War Economies and Postwar Crime”,German Institute for Global and Area Studies (GIGA)
German Institute for Global and Area Studies (GIGA),Research Fellow German Institute of Global and Area Studies Hambourg,German Institute for Global and Area Studies (GIGA)
German Institute for Global and Area Studies (GIGA),Thorsten Wojczewski is a Research Fellow at the German Institute of Global and Area Studies in Hamburg,German Institute for Global and Area Studies (GIGA)
German Institute for Global and Area Studies (GIGA),Wissenschaftlicher Mitarbeiter am Leibniz-Institut für Globale und Regionale Studien (GIGA),German Institute for Global and Area Studies (GIGA)
German Institute of Development and Sustainability,German Development Institute/Deutsches Institut für Entwicklungspolitik (DIE),German Institute of Development and Sustainability
Goethe University Frankfurt,"Institute for Empirical linguistics, Department 09, Goethe University Frankfurt, Germany",Institute for Empirical linguistics
Goethe University Frankfurt,"Institute for Empirical linguistics, Goethe University Frankfurt, Germany",Institute for Empirical linguistics
Goethe University Frankfurt,"Institute of Empirical linguistics, Goethe University Frankfurt, Germany",Institute for Empirical linguistics
Goethe University Frankfurt,Research Associate,Goethe University Frankfurt
Goethe University Frankfurt,Research and teaching,Goethe University Frankfurt
Gujarat Cancer and Research Institute,RADIATION ONCOLOGY,Radiation Oncology
Guru Gobind Singh Medical College and Hospital,RADIATION  ONCOLOGY,Radiation Oncology
HAW Hamburg,Hochschule für Angewandte Wissenschaften,HAW Hamburg
HAW Hamburg,Hochschule für angewandte Wissenschaften Hamburg,HAW Hamburg
HAW Hamburg,Research and Transfer Centre Sustainability and Climate Change Management,"Research and Transfer Centre ""Sustainable Development and Climate Change Management"""
HAW Hamburg,"Research and Transfer Centre „Sustainable Development and Climate Change Management""","Research and Transfer Centre ""Sustainable Development and Climate Change Management"""
Hamburg Institute for Social Research,Professor of History and International Politics,Hamburg Institute for Social Research
Hamburg Institute of International Economics,HWW),Hamburg Institute of International Economics
Hamburg Institute of International Economics,HWWA Institute of International Economics,Hamburg Institute of International Economics
Hamburg Institute of International Economics,HWWA),Hamburg Institute of International Economics
Hamburg Institute of International Economics,HWWI,Hamburg Institute of International Economics
Hamburg Institute of International Economics,HWWI) - Guest Researcher Programme,Hamburg Institute of International Economics
Hamburg Institute of International Economics,HWWI) - International Climate Policy,International Climate Policy
Hamburg Institute of International Economics,HWWI) - World Economy,Hamburg Institute of International Economics
Hamburg Institute of International Economics,Hamburg Institute for International Economics,Hamburg Institute of International Economics
Hamburg Institute of International Economics,Head of Programme International Climate Policy,International Climate Policy
Hamburg Institute of International Economics,"Head of Research Program ""International Climate Policy""",International Climate Policy
Hamburg Institute of International Economics,International Climate Policy,International Climate Policy
Hamburg Institute of International Economics,Programme “International Climate Policy”,International Climate Policy
Hamburg Institute of International Economics,Research Programme International Climate Policy,International Climate Policy
Hamburg Institute of International Economics,Research Programme on International Climate Policy,International Climate Policy
Hamburg Institute of International Economics,Thuenen Institute of International Forestry and Forest Economics,Thünen Institute of International Forestry and Forest Economics
Hamburg Institute of International Economics,Thünen Institute of Sea Fisheries Hamburg Germany,Thünen Institute of International Forestry and Forest Economics
Hans-Bredow-Institute,Leibniz Institute for Media Research | Hans Bredow Institute (HBI),Hans-Bredow-Institute
Hans-Bredow-Institute,Leibniz-Institute for Media Research |,Hans-Bredow-Institute
Heidelberg University,University of Heidelberg,Heidelberg University
Helmholtz Institute for Functional Marine Biodiversity,Alfred Wegener Institute – Helmholtz Centre for Polar and Marine Research,GEOMAR
Helmholtz-Zentrum Hereon,Climate Service Center Germany (GERICS)/,Climate Service Center Germany (GERICS)
Helmut-Schmidt-Universität / UdB Hamburg,Department of Electrical Engineering /University of the Federal Armed Force Hamburg Holstenhofweg,Department of Electrical Engineering
Helmut-Schmidt-Universität / UdB Hamburg,Federal-Chancellor-Helmut-Schmidt Foundation Hamburg,Federal-Chancellor-Helmut-Schmidt Foundation
Helmut-Schmidt-Universität / UdB Hamburg,Federal-Chancellor-Helmut-Schmidt-Foundation,Federal-Chancellor-Helmut-Schmidt Foundation
Helmut-Schmidt-Universität / UdB Hamburg,Hamburg,Helmut-Schmidt-Universität / UdB Hamburg
Helmut-Schmidt-Universität / UdB Hamburg,Helmut-Schmidt-University,Helmut-Schmidt-Universität / UdB Hamburg
Helmut-Schmidt-Universität / UdB Hamburg,Helmut-Schmidt-University Hamburg,Helmut-Schmidt-Universität / UdB Hamburg
Helmut-Schmidt-Universität / UdB Hamburg,Helmut-Schmidt-University/University of the Federal Armed Forces Hamburg,Helmut-Schmidt-Universität / UdB Hamburg
Helmut-Schmidt-Universität / UdB Hamburg,Helmut-Schmidt-Universität/Universität Professur für Neuere und Neueste Geschichte Hamburg Germany,Helmut-Schmidt-Universität / UdB Hamburg
Helmut-Schmidt-Universität / UdB Hamburg,Helmut-Schmidt-Universität/Universität der Bundeswehr,Helmut-Schmidt-Universität / UdB Hamburg
Helmut-Schmidt-Universität / UdB Hamburg,Helmut‐Schmidt‐University Hamburg,Helmut-Schmidt-Universität / UdB Hamburg
Helmut-Schmidt-Universität / UdB Hamburg,Helmut–Schmidt–Universität Hamburg,Helmut-Schmidt-Universität / UdB Hamburg
Helmut-Schmidt-Universität / UdB Hamburg,University of the German Federal Armed Forces - Helmut Schmidt Universität,Helmut-Schmidt-Universität / UdB Hamburg
Helmut-Schmidt-Universität / UdB Hamburg,of the Federal Armed Forces,Helmut-Schmidt-Universität / UdB Hamburg
Hochschule Bremen,"The Biological Materials Group, Dept. of Biomimetics",The Biological Materials Group
Hochschule Bremen,University of Applied Science Bremen,Hochschule Bremen
Institute of Marine Biotechnology,e.V.,Institute of Marine Biotechnology
Institute of Marine Biotechnology,e.V. (IMaB),Institute of Marine Biotechnology
Institute of World Economics,Kiel,Institute of World Economics
International Christian University,Insung Jung,International Christian University
International Institute for Population Sciences,Faujdar Ram,International Institute for Population Sciences
Japan Agency for Marine-Earth Science and Technology,JAMSTEC,Japan Agency for Marine-Earth Science and Technology
Japan Agency for Marine-Earth Science and Technology,JAMSTEC Japan Agency for Marine Earth Science and Technology,Japan Agency for Marine-Earth Science and Technology
Japan Agency for Marine-Earth Science and Technology,Japan Agency for Marine Science Technology,Japan Agency for Marine-Earth Science and Technology
Japan Agency for Marine-Earth Science and Technology,Japan Agency of Marine-Earth Science and Technology,Japan Agency for Marine-Earth Science and Technology
Jawaharlal Nehru University,Centre for Study of Regional Development,Centre for the Study of Regional Development
Joachim Herz Stiftung,Hans-Joachim,Joachim Herz Stiftung
Johann Heinrich von Thünen-Institut,Thünen Institute of Baltic Sea Fisheries (TI-OF),Johann Heinrich von Thünen-Institut
Johann Heinrich von Thünen-Institut,Thünen Institute of Baltic Sea Fisheries (Thünen-OF),Johann Heinrich von Thünen-Institut
Johns Hopkins University,American Institute for Contemporary German Studies (AICGS),American Institute for Contemporary German Studies
Kiel Institut für Weltwirtschaft,Institut fÜr Weltwirtschaft,Kiel Institut für Weltwirtschaft
Kiel Institut für Weltwirtschaft,Institut für Weltwirtschaft,Kiel Institut für Weltwirtschaft
Kiel Institut für Weltwirtschaft,Institut für Weltwirtschaft (IfW),Kiel Institut für Weltwirtschaft
Kiel Institut für Weltwirtschaft,Kiel Centre for Globalization (KCG),Kiel Institut für Weltwirtschaft
Kiel Institut für Weltwirtschaft,Kiel Institut für Weltwirtschaft (IfW),Kiel Institut für Weltwirtschaft
Kiel Institut für Weltwirtschaft,Peter Nunnenkamp,Kiel Institut für Weltwirtschaft
Kiel Institut für Weltwirtschaft,Peter Nunnenkamp is affiliated with,Kiel Institut für Weltwirtschaft
Kiel Institut für Weltwirtschaft,Vizepräsident des IfW,Kiel Institut für Weltwirtschaft
Kiel Institut für Weltwirtschaft,and Kiel Centre for Globalization,Kiel Centre for Globalization
Kiel Institut für Weltwirtschaft,and Kiel Earth Institute,Kiel Earth Institute
Kiel Institut für Weltwirtschaft,email: ),Kiel Institut für Weltwirtschaft
Klinikum Oldenburg,Department of Hematology &amp; Oncology,Department of Oncology and Haematology
Kumasi Centre for Collaborative Research in Tropical Medicine,KCCR),Kumasi Centre for Collaborative Research in Tropical Medicine
L3S Research Center,GKSS Research Center Geesthacht Germany,GKSS Research Centre
Landesinstitut für Lehrerbildung und Schulentwicklung,ZHENG Li,Landesinstitut für Lehrerbildung und Schulentwicklung
Landesinstitut für Lehrerbildung und Schulentwicklung,and LI Li,Landesinstitut für Lehrerbildung und Schulentwicklung
Leibniz Centre for Tropical Marine Research,Centre for Tropical Marine Ecology,Center for Tropical Marine Ecology
Leibniz Centre for Tropical Marine Research,Department of Social Sciences Development and Knowledge Sociology Working Group Leibniz Center for Tropical Marine Research (ZMT),Department of Social Science
Leibniz Centre for Tropical Marine Research,Leibniz Center For Tropical Marine Ecology,Leibniz Centre for Tropical Marine Research
Leibniz Centre for Tropical Marine Research,Leibniz Center for Marine Tropical Ecology (ZMT),Leibniz Centre for Tropical Marine Research
Leibniz Centre for Tropical Marine Research,Leibniz Center for Marine Tropical Research,Leibniz Centre for Tropical Marine Research
Leibniz Centre for Tropical Marine Research,Leibniz Center for Tropical Marine Ecology,Leibniz Centre for Tropical Marine Research
Leibniz Centre for Tropical Marine Research,Leibniz Center for Tropical Marine Ecology (ZMT,Leibniz Centre for Tropical Marine Research
Leibniz Centre for Tropical Marine Research,Leibniz Center for Tropical Marine Ecology (ZMT) Bremen GmbH,Leibniz Centre for Tropical Marine Research
Leibniz Centre for Tropical Marine Research,Leibniz Center for Tropical Marine Ecology (ZMT); Bremen; Germany,Leibniz Centre for Tropical Marine Research
Leibniz Centre for Tropical Marine Research,Leibniz Center for Tropical Marine Research,Leibniz Centre for Tropical Marine Research
Leibniz Centre for Tropical Marine Research,Leibniz Center for Tropical Marine Research (ZMT),Leibniz Centre for Tropical Marine Research
Leibniz Centre for Tropical Marine Research,Leibniz Centre for Tropical Marine Ecology,Leibniz Centre for Tropical Marine Research
Leibniz Centre for Tropical Marine Research,Leibniz Centre for Tropical Marine Ecology (ZMT),Leibniz Centre for Tropical Marine Research
Leibniz Centre for Tropical Marine Research,Leibniz Zentrum für Marine Tropenökologie,Leibniz Centre for Tropical Marine Research
Leibniz Centre for Tropical Marine Research,Leibniz-Center for Tropical Marine Ecology,Leibniz Centre for Tropical Marine Research
Leibniz Centre for Tropical Marine Research,Leibniz-Zentrum für Marine Tropenökologie (ZMT) GmbH,Leibniz Centre for Tropical Marine Research
Leibniz Centre for Tropical Marine Research,Leibniz-Zentrum für Marine Tropenökologie GmbH (ZMT),Leibniz Centre for Tropical Marine Research
Leibniz Centre for Tropical Marine Research,Postdoc Researcher,Leibniz Centre for Tropical Marine Research
Leibniz Centre for Tropical Marine Research,Social-Ecological Systems Analysis (SES) Work Group,Social-Ecological Systems Analysis Group
Leibniz Centre for Tropical Marine Research,ZMT,Leibniz Centre for Tropical Marine Research
Leibniz Centre for Tropical Marine Research,ZMT –,Leibniz Centre for Tropical Marine Research
Leibniz Centre for Tropical Marine Research,Zentrum für Marine Tropenökologie,Leibniz Centre for Tropical Marine Research
Leibniz Institute for Catalysis,Leibniz-Institut,Leibniz Institute for Catalysis
Leibniz Institute for Catalysis,Leibniz-Institut für Katalyse an der Universität Rostock (LIKAT),Leibniz Institute for Catalysis
Leibniz Institute for Catalysis,Leibniz-Institut für Katalyse e.V. an der Universität Rostock,Leibniz Institute for Catalysis
Leibniz Institute for Prevention Research and Epidemiology - BIPS,Achterstraße 30,Leibniz Institute for Prevention Research and Epidemiology - BIPS
Leibniz Institute for Prevention Research and Epidemiology - BIPS,BIPS - Institute for Epidemiology and Prevention Research,Leibniz Institute for Prevention Research and Epidemiology - BIPS
Leibniz Institute for Prevention Research and Epidemiology - BIPS,Bremen Institute for Prevention Research and Social Medicine,Leibniz Institute for Prevention Research and Epidemiology - BIPS
Leibniz Institute for Prevention Research and Epidemiology - BIPS,Bremen Institute for Prevention Research and Social Medicine (BIPS),Leibniz Institute for Prevention Research and Epidemiology - BIPS
Leibniz Institute for Prevention Research and Epidemiology - BIPS,Leibniz Institute For Prevention Research And Epidemiology – Bips,Leibniz Institute for Prevention Research and Epidemiology - BIPS
Leibniz Institute for Prevention Research and Epidemiology - BIPS,Leibniz Institute for Prevention Research and Epidemiology,Leibniz Institute for Prevention Research and Epidemiology - BIPS
Leibniz Institute for Prevention Research and Epidemiology - BIPS,Leibniz Institute for Prevention Research and Epidemiology (BIPS),Leibniz Institute for Prevention Research and Epidemiology - BIPS
Leibniz Institute for Prevention Research and Epidemiology - BIPS,Leibniz Institute for Prevention Research and Epidemiology – BIPS,Leibniz Institute for Prevention Research and Epidemiology - BIPS
Leibniz Institute for Prevention Research and Epidemiology - BIPS,Leibniz Institute for Prevention Research and Epidemiology-(BIPS),Leibniz Institute for Prevention Research and Epidemiology - BIPS
Leibniz Institute for Prevention Research and Epidemiology - BIPS,Leibniz Institute for Prevention Research and Epidemiology-BIPS,Leibniz Institute for Prevention Research and Epidemiology - BIPS
Leibniz Institute for Prevention Research and Epidemiology - BIPS,Leibniz Institute for Prevention Research and Epidemiology—BIPS GmbH,Leibniz Institute for Prevention Research and Epidemiology - BIPS
Leibniz Institute for Prevention Research and Epidemiology - BIPS,Leibniz-Institut für Präventionsforschung und Epidemiologie - BIPS,Leibniz Institute for Prevention Research and Epidemiology - BIPS
Leibniz Institute for Prevention Research and Epidemiology - BIPS,Leibniz-Institut für Präventionsforschung und Epidemiologie – BIPS GmbH,Leibniz Institute for Prevention Research and Epidemiology - BIPS
Leibniz Institute for Prevention Research and Epidemiology - BIPS,Leibniz-Institute for Prevention Research and Epidemiology – BIPS,Leibniz Institute for Prevention Research and Epidemiology - BIPS
Leibniz Institute for Science and Mathematics Education,Department of Physics Education IPN –,Department of Physics Education
Leibniz Institute for Science and Mathematics Education,IPN -,Leibniz Institute for Science and Mathematics Education
Leibniz Institute for Science and Mathematics Education,IPN),Leibniz Institute for Science and Mathematics Education
Leibniz Institute for Science and Mathematics Education,IPN—,Leibniz Institute for Science and Mathematics Education
Leibniz Institute for Science and Mathematics Education,IPN—Leibniz-Institute for Science and Mathematics Education,Leibniz Institute for Science and Mathematics Education
Leibniz Institute of Agricultural Development in Transition Economies,IAMO) Halle (Saale) Germany,Leibniz Institute of Agricultural Development in Transition Economies
Leibniz Institute of Atmospheric Physics at the Rostock University,Leibniz‐Institute of Atmospheric Physics,Leibniz‐Institut für Atmosphärenphysik
Leipzig University,leipzig university,Leipzig University
Leuphana Universität Lüneburg,Leuphana U. LüneburgSolvay Business SchoolNational U. of SingaporeJohns Hopkins U.,Leuphana Universität Lüneburg
Leuphana Universität Lüneburg,Social-Ecological Systems Institute (SESI),Social-Ecological System Institute
Leuphana Universität Lüneburg,Social-ecological Systems Institute (SESI),Social-Ecological System Institute
Leuphana Universität Lüneburg,University Lüneburg,Leuphana Universität Lüneburg
Leuphana Universität Lüneburg,University of Lueneburg,Leuphana Universität Lüneburg
London School of Economics and Political Science,"Centre for the Study of Global Governance,",Centre for the Study of Global Governance
LungenClinic Grosshansdorf GmbH,Medical Director,LungenClinic Grosshansdorf GmbH
MARUM,marum,MARUM
Martini-Klinik,Direktor,Martini-Klinik
Martini-Klinik,Krankenhaus St Martini,Martini-Klinik
Massachusetts Institute of Technology,"Earth, Atmosphere and Planetary Sciences (EAPS)","Earth, Atmospheric and Planetary Sciences"
Maulana Abul Kalam Azad Institute of Asian Studies,GIGA Institute of Asian Studies,Maulana Abul Kalam Azad Institute of Asian Studies
Max Planck Institute for Comparative and International Private Law,LL.M.,Max Planck Institute for Comparative and International Private Law
Max Planck Institute for Comparative and International Private Law,Max Planck Institut für ausländisches und internationales Privatrecht,Max Planck Institute for Comparative and International Private Law
Max Planck Institute for Comparative and International Private Law,Senior Research Fellow,Max Planck Institute for Comparative and International Private Law
Max Planck Institute for Demographic Research,James W. Vaupel is Senior Research Scientist,Max Planck Institute for Demographic Research
Max Planck Institute for Demographic Research,Konrad-Zuse-Strasse 1 D-180 57 Rostock Germany,Max Planck Institute for Demographic Research
Max Planck Institute for Demographic Research,MPIDR WORKING PAPER,Max Planck Institute for Demographic Research
Max Planck Institute for Demographic Research,Max Planck Institute of Demographic Research,Max Planck Institute for Demographic Research
Max Planck Institute for Demographic Research,Max-Planck Institute for Demographic Research,Max Planck Institute for Demographic Research
Max Planck Institute for Demographic Research,Max-Planck-Institut für demografi sche Forschung,Max Planck Institute for Demographic Research
Max Planck Institute for Demographic Research,Max-Planck-Institut für demografische Forschung,Max Planck Institute for Demographic Research
Max Planck Institute for Demographic Research,Max-Planck-Institute for Demographic Research: Max-Planck-Institut fur Demografische Forschung,Max Planck Institute for Demographic Research
Max Planck Institute for Demographic Research,Max-Plank Institute for Demographic Research,Max Planck Institute for Demographic Research
Max Planck Institute for Demographic Research,Post-Doc Fellow,Max Planck Institute for Demographic Research
Max Planck Institute for Demographic Research,Rostock,Max Planck Institute for Demographic Research
Max Planck Institute for Demographic Research,Thai:,Max Planck Institute for Demographic Research
Max Planck Institute for Marine Microbiology,Max-Planck Institute for Marine Microbiology,Max Planck Institute for Marine Microbiology
Max Planck Institute for Marine Microbiology,Max-Planck-Institut für Marine Mikrobiologie,Max Planck Institute for Marine Microbiology
Max Planck Institute for Marine Microbiology,Max-Planck-Institute for Marine Microbiology,Max Planck Institute for Marine Microbiology
Max Planck Institute for Marine Microbiology,Mo­lecu­lar Eco­logy,Molecular Ecology
Max Planck Institute for Meteorology,Environmental Modeling,Environmental Modelling
Max Planck Institute for Meteorology,Environmental Modeling Group,Environmental Modelling
Max Planck Institute for Meteorology,Environmental Modelling Group,Environmental Modelling
Max Planck Institute for Meteorology,Hamburg,Max Planck Institute for Meteorology
Max Planck Institute for Meteorology,Hamburg Germany,Max Planck Institute for Meteorology
Max Planck Institute for Meteorology,MPI Meteorology,Max Planck Institute for Meteorology
Max Planck Institute for Meteorology,MPI-M -,Max Planck Institute for Meteorology
Max Planck Institute for Meteorology,MPI-M),Max Planck Institute for Meteorology
Max Planck Institute for Meteorology,MPI‐M),Max Planck Institute for Meteorology
Max Planck Institute for Meteorology,Max Planck Inst. for Meteorology,Max Planck Institute for Meteorology
Max Planck Institute for Meteorology,Max Planck Institut für Meteorologie,Max Planck Institute for Meteorology
Max Planck Institute for Meteorology,Max Planck Institute of Meteorology,Max Planck Institute for Meteorology
Max Planck Institute for Meteorology,Max Plank Institute for Meteorology,Max Planck Institute for Meteorology
Max Planck Institute for Meteorology,Max-Planck Institut für Meteorologie,Max Planck Institute for Meteorology
Max Planck Institute for Meteorology,Max-Planck Institute for Meteorology,Max Planck Institute for Meteorology
Max Planck Institute for Meteorology,Max-Planck-Institut f ür Meteorologie,Max Planck Institute for Meteorology
Max Planck Institute for Meteorology,Max-Planck-Institut for Meteorology,Max Planck Institute for Meteorology
Max Planck Institute for Meteorology,Max-Planck-Institut fur Meteorologie,Max Planck Institute for Meteorology
Max Planck Institute for Meteorology,Max-Planck-Institut für Meteologie,Max Planck Institute for Meteorology
Max Planck Institute for Meteorology,Max-Planck-Institut für Meteorologie,Max Planck Institute for Meteorology
Max Planck Institute for Meteorology,Max-Planck-Institute for Meteorology,Max Planck Institute for Meteorology
Max Planck Institute for Meteorology,Max-Planck-Institute für Meteorologie,Max Planck Institute for Meteorology
Max Planck Institute for Meteorology,Max-Plank Institute for Meteorology,Max Planck Institute for Meteorology
Max Planck Institute for Meteorology,Max‐Planck‐Institut für Meteorologie,Max Planck Institute for Meteorology
Max Planck Institute for Meteorology,Max‐Planck‐Institut für Meteorologie Hamburg Germany,Max Planck Institute for Meteorology
Max Planck Institute for Meteorology,Max‐Plank‐Institute for Meteorology,Max Planck Institute for Meteorology
Max Planck Institute for Meteorology,The Max-Planck-Institute for Meteorology,Max Planck Institute for Meteorology
Max Planck Institute for Meteorology,formerly at Max-Planck-Institute for Meteorology,Max Planck Institute for Meteorology
Max Planck Institute for Nuclear Physics,Max-Planck Institut f. Kernphysik,Max Planck Institute for Nuclear Physics
Max Planck Institute for Physics,Max-Planck-Institut für Physik,Max Planck Institute for Physics
Max Planck Institute for Physics,Max-Planck-Institute for Physics,Max Planck Institute for Physics
Max Planck Institute for Plasma Physics - Greifswald,Max-Planck-Institut für Plasmaphysik,Max Planck Institute for Plasma Physics
Medical Mission Institute,Würzburg Germany,Medical Mission Institute
Mercy Hospital Research Laboratory,Research,Mercy Hospital Research Laboratory
Museum am Rothenbaum,Biocentre Grindel and Zoological Museum,Biozentrum Grindel und Zoologisches Museum
Museum am Rothenbaum,Biozentrum Grindel & Zoologisches Museum,Biozentrum Grindel und Zoologisches Museum
Museum am Rothenbaum,Biozentrum Grindel and Zoological Museum,Biozentrum Grindel und Zoologisches Museum
Museum am Rothenbaum,Biozentrum Grindel und Zoologisches Museum Hamburg,Biozentrum Grindel und Zoologisches Museum
Museum am Rothenbaum,Center for Natural History' (CeNak),Center for Natural History (CeNak)
Museum am Rothenbaum,Museum of Zoology and Grindel Biocentre,Biozentrum Grindel und Zoologisches Museum
Museum am Rothenbaum,N##TAB##TAB##TAB##TAB#3Saurierwelt Paläontologisches Museum Alte Richt 7,Saurierwelt Paläontologisches Museum
Museum am Rothenbaum,Zoological Museum/Biozentrum Grindel,Biozentrum Grindel und Zoologisches Museum
Museum am Rothenbaum,Zoologisches Museum Hamburg,Zoological Museum
Nanjing University of Information Science and Technology,Key Laboratory of Meteorology Disaster,Key Laboratory of Meteorological Disaster
Northwest A&F University,College of Resource and Environment,College of Resource and Environment Science
Northwest University,Coll. of Urban &amp; Environ. Sci.,College of Urban and Environmental Sciences
OHB (Germany),Bremen,OHB (Germany)
Oldenburger Institut für Informatik,OFFIS Institut für Informatik e.V.,Oldenburger Institut für Informatik
Oldenburger Institut für Informatik,OFFIS Institute for Information Technology (Germany),Oldenburger Institut für Informatik
Overseas Museum,bersee-Museum Bremen,Overseas Museum
Paderborn University,Paderborn Univ.,Paderborn University
Peking University,Liu Yuzhi is Associate Professor and Deputy Director,Peking University
Physical Research Laboratory,Space and Atmospheric Sciences Division,Space and Atmospheric Sciences
Rostocker Zentrum zur Erforschung des Demografischen Wandels,Rostock,Rostocker Zentrum zur Erforschung des Demografischen Wandels
Rostocker Zentrum zur Erforschung des Demografischen Wandels,Rostocker Strasse 1a,Rostocker Zentrum zur Erforschung des Demografischen Wandels
Rostocker Zentrum zur Erforschung des Demografischen Wandels,Rostocker Straße 1a,Rostocker Zentrum zur Erforschung des Demografischen Wandels
Rostocker Zentrum zur Erforschung des Demografischen Wandels,Rostocker Straße 1a 17179 Gnoien,Rostocker Zentrum zur Erforschung des Demografischen Wandels
Rostocker Zentrum zur Erforschung des Demografischen Wandels,Rostocker Straße 1a; Gnoien; 17179; Germany. czorn70@hotmail.com.,Rostocker Zentrum zur Erforschung des Demografischen Wandels
Sharif University of Technology,Industrial Engineering Department,Industrial Engineering
South African Institute of International Affairs,GIGA Institute of African Affairs,South African Institute of International Affairs
Technische Universität Clausthal,Adolph‐Roemer‐Straße 2a 38678 Clausthal‐Zellerfeld Germany,Technische Universität Clausthal
Technische Universität Clausthal,Clausthal Univ. of Technol.,Technische Universität Clausthal
Technische Universität Clausthal,Formerly: Institute for Geophysics,Institute for Geophysics
Technische Universität Clausthal,Geophysics,Institut für Geophysik
Technische Universität Clausthal,Institute of Mathematics,Institut für Mathematik
Technische Universität Clausthal,Mineral Resources 1,Mineral Resources
Technische Universität Clausthal,Mineral Resources Technical University of Clausthal Adolphe Romer Street Clausthal‐Zellerfeld‐38678 Germany,Mineral Resources
Technische Universität Dresden,TU Dresden,Technische Universität Dresden
University Cancer Center Hamburg,Eppendorf,University Cancer Center Hamburg
University Cancer Center Hamburg,University Cancer Center Leipzig (UCCL),University Cancer Center Hamburg
University of Cambridge,Univ. of Cambridge,University of Cambridge
University of Cologne,Institut fuer Geologie und Mineralogie,Institute of Geology and Mineralogy
University of Eastern Finland,Univ. of Joensuu,University of Eastern Finland
University of Freiburg,Univ. of Freiburg#TAB#,University of Freiburg
University of Göttingen,Georg-August-University,University of Göttingen
University of Göttingen,University of Goettingen (Göttingen),University of Göttingen
University of Hohenheim,Institute of Plant Production and Agroecology of the Tropics and Subtropics,Institute for Plant Production and Agroecology in the Tropics and Subtropics
University of Münster,Westfälische Wilhelms-Universität (WWU) Münster,University of Münster
University of Southern Denmark,Danish Institute for Advanced Studies (DIAS),Danish Institute for Advanced Study
University of Würzburg,Institute of Hygiene and Microbiology,Institut für Hygiene und Mikrobiologie
Universität Bremen,Artec â Sustainability Research Center,Artec Sustainability Research Centre
Universität Bremen,Bremen Center of Computational Materials Science,Bremen Center for Computational Materials Science
Universität Bremen,Center for Social Policy,Centre for Social Policy Research
Universität Bremen,Center for Social Policy Research,Centre for Social Policy Research
Universität Bremen,Centre for Social Policy Research (CeS),Centre for Social Policy Research
Universität Bremen,Chair in Small Business & Entrepreneurship (LEMEX),Chair in Small Business & Entrepreneurship
Universität Bremen,Collaborative Research Center 1342 “Global Dynamics of Social Policy,Collaborative Research Center 1342
Universität Bremen,Collaborative Research Centre 1342 “Global Dynamics of Social Policy” Research Centre for East European Studies at the,Collaborative Research Center 1342
Universität Bremen,Department of Physics (retired),Department of Physics
Universität Bremen,English‐Speaking Cultures,English-Speaking Cultures
Universität Bremen,FB Geowissenschaften; Universität Bremen; Postfach 330 440,FB Geowissenschaften
Universität Bremen,Fachbereich 5-Geowissenschaften,FB Geowissenschaften
Universität Bremen,Fachbereich Geowissenschafien,FB Geowissenschaften
Universität Bremen,Fachbereich Geowissenschaften,FB Geowissenschaften
Universität Bremen,Fachbereich Geowissenschaften der Universitat Bremen,FB Geowissenschaften
Universität Bremen,Fachbereich Geowissenschaften der Universität Bremen,FB Geowissenschaften
Universität Bremen,Faculty of Biology and Chemistry (FB 02),Faculty of Biology and Chemistry
Universität Bremen,IUP - Institute of Environmental Physics [Bremen] (Bremen - Germany),Insitute of Environmental Physics
Universität Bremen,Institue of Environmental Physics,Insitute of Environmental Physics
Universität Bremen,Institut fÃ¼r Umweltphysik,Institut für Umweltphysik
Universität Bremen,"Institute for Public Health and Nursing Research, Health Sciences",Institute for Public Health and Nursing
Universität Bremen,Institute of Anthropology and Cultural Science,Institute of Anthropology and Cultural Research
Universität Bremen,Institute of Intercultural and International Studies (InIIS),Institute of Intercultural and International Studies
Universität Bremen,Institute of Technology and Education,Institute of Technology & Education
Universität Bremen,MARUM - Geosciences,MARUM - Geosciences
Universität Bremen,MARUM Centre for Marine Environmental Sciences,MARUM
Universität Bremen,MARUM – Center for Marine Environmental Sciences & Dept. of Geosciences,MARUM - Geosciences
Universität Bremen,MARUM – Center for Marine Environmental Sciences and Faculty of Geosciences,MARUM - Geosciences
Universität Bremen,Organic Geochemistry Group,Organic Geochemistry
Universität Bremen,P.O. Box 330440 28334 Bremen Germany - Allemagne),Universität Bremen
Universität Bremen,P.O. Box 330440 28334 Bremen Germany - Germany),Universität Bremen
Universität Bremen,Professor of Law,Universität Bremen
Universität Bremen,Research Center on Inequality and Social Policy (SOCIUM),SOCIUM
Universität Bremen,"Research Center on Inequality and Social Policy (SOCIUM), Research group ""Quality of Life, Family, and Work""",SOCIUM
Universität Bremen,SOCIUM – Research center on inequality and social policy,SOCIUM
Universität Bremen,Universität,Universität Bremen
Universität Bremen,Universtät Bremen Fachbereich Geowissenschaften,FB Geowissenschaften
Universität Greifswald,Computer Centre,Computer Center
Universität Greifswald,University of Greifswald (Ernst-Moritz-Arndt- University of Greifswald,Universität Greifswald
Universität Greifswald,University of Greifswald - Department of Economics,Department of Economics
Universität Greifswald,University of GreifswaldDomstr. 9a,Universität Greifswald
Universität Hamburg,Asia and Africa Institute,Asia-Africa-Institute
Universität Hamburg,Biocenter Klein Flottbek; University of Hamburg; Hamburg Germany,Biocenter Klein Flottbek
Universität Hamburg,Biozentrum Klein Flottbek,Biocenter Klein Flottbek
Universität Hamburg,CEN Centre for Earth System Research and Sustainability,CEN Center for Earth System Research and Sustainability
Universität Hamburg,"CSMC, Hamburg University, Germany",CSMC
Universität Hamburg,Center of Natural History,Center for Natural History
Universität Hamburg,Centre,Universität Hamburg
Universität Hamburg,Centre for Interdisciplinary Addiction Research of Hamburg University,Centre for Interdisciplinary Addiction Research (CIAR)
Universität Hamburg,Department of Chinese Language and Culture Asia-Africa-Institute,Department of Chinese Language and Culture
Universität Hamburg,Department of Developmental Biology University of Hamburg Hamburg Germany,Department of Developmental Biology
Universität Hamburg,Department of Economics Hamburg University Von‐Melle‐Park 5,Department of Economics
Universität Hamburg,Department of Economics; Hamburg University; Von-Melle-Park 5,Department of Economics
Universität Hamburg,"Department of Informatics, Software Engineering and Construction Methods",Department of Informatics
Universität Hamburg,Department of Informatik,Department of Informatics
Universität Hamburg,Der Autor ist Doktorand an der,Universität Hamburg
Universität Hamburg,Dr. med.,Universität Hamburg
Universität Hamburg,E-mail: voss§chemie.uni-hamburg.de,Universität Hamburg
Universität Hamburg,Fac. Economics (dean),Fakultät für Wirtschafts- und Sozialwissenschaften
Universität Hamburg,Fachbereich Medizin der,Fachbereich Medizin
Universität Hamburg,Hamburg,Universität Hamburg
Universität Hamburg,Hamburg (University),Universität Hamburg
Universität Hamburg,Hamburg Deutschland,Universität Hamburg
Universität Hamburg,Hamburg University Hamburg Germany ulrich.dehn@uni-hamburg.de,Universität Hamburg
Universität Hamburg,Institut f. Exp.Physik,Institute for Experimental Physics
Universität Hamburg,Institut fur Experimentalphysik,Institute for Experimental Physics
Universität Hamburg,Institut fuür Experimentalphysik,Institute for Experimental Physics
Universität Hamburg,Institut für Geophysik CEN,Institut für Geophysik
Universität Hamburg,Institute for Biochemistry and Molecular Biology Laboratory for Structural Biology of Infection and Inflammation University of Hamburg Hamburg Germany,Institute for Biochemistry and Molecular Biology
Universität Hamburg,Institute for Technical and Macromolecular Chemistry University of Hamburg,Institute for Technical and Macromolecular Chemistry
Universität Hamburg,Institute of Biogeochemistry and Marine Chemistry Hamburg University Hamburg D‐20146 Germany,Institute of Biogeochemistry and Marine Chemistry
Universität Hamburg,Institute of Human Genetics University of Hamburg Hamburg Germany,Institute of Human Genetics
Universität Hamburg,KlimaCampus Hamburg,Klimacampus
Universität Hamburg,Manuscript Cultures in Asia,Manuskriptkulturen in Asien
Universität Hamburg,Missionsakademie an der,Mission Academy
Universität Hamburg,N#,Universität Hamburg
Universität Hamburg,Numata Center of Buddhist Studies,Numata Center for Buddhist Studies
Universität Hamburg,Professor,Universität Hamburg
Universität Hamburg,University of Hamburg (IFSH),Universität Hamburg
Universität Hamburg,University of Hamburg : Research Fellow | The Numata Center for Buddhist Studies,Numata Center for Buddhist Studies
Universität Hamburg,University of Hamburg Hamburg Germany,Universität Hamburg
Universität Hamburg,University of Hamburg Research,Universität Hamburg
Universität Hamburg,University of Hamburg – KlimaCampus,KlimaCampus
Universität Hamburg,University of Hamburg),Universität Hamburg
Universität Hamburg,d Meteorologisches Institut,Meteorologisches Institut
Universität Hamburg,stellv. Direktor des Instituts für Friedensforschung und Sicherheitspolitik an der,Institut für Friedensforschung und Sicherheitspolitik
Universität Lübeck,Institute of Chemistry and Metabolomics Center of Structural and Cell Biology in Medicine,Institute of Chemistry and Metabolomics
Universität Lübeck,Institute of Medical Inforamtics,Institute of Medical Informatics
Universität Rostock,Leibniz Institute for Atmospheric Physics at the,Leibniz Institute for Atmospheric Physics
Universität Rostock,Leibniz Institute of Atmospheric Physics,Leibniz Institute for Atmospheric Physics
Universität Rostock,University Rostock,Universität Rostock
Universitätsklinikum Schleswig-Holstein,"Institute of Clinical Molecular Biology, Systems Immunology",Institute of Clinical Molecular Biology
World Bank,email: ),World Bank
