orcid,predicted_faculties,prediction_confidence
0000-0001-5005-6510,mint,0.95
0000-0001-5019-5844,mint,0.95
0000-0001-5030-8095,phil,0.95
0000-0001-5033-8737,mint,0.95
0000-0001-5039-3779,sowi,0.95
0000-0001-5043-9052,med,1
0000-0001-5044-7079,mint,1
0000-0001-5053-3700,sowi,0.95
0000-0001-5055-0180,mint,1
0000-0001-5057-0085,sowi,1
0000-0001-5057-9709,mint,0.85
0000-0001-5058-3089,phil,0.95
0000-0001-5066-3564,sowi,0.95
0000-0001-5066-9704,sowi,1
0000-0001-5077-3835,sowi,0.95
0000-0001-5085-1127,mint,1
0000-0001-5088-5087,sowi,0.95
0000-0001-5093-4539,med,1
0000-0001-5098-6902,sowi,0.95
0000-0001-5099-6115,mint,1
0000-0001-5103-9966,med,1
0000-0001-5104-2030,mint,0.95
0000-0001-5104-4693,mint,1
0000-0001-5107-0090,mint,1
0000-0001-5108-2278,mint,1
0000-0001-5109-7904,phil,0.95
0000-0001-5124-0897,med,1
0000-0001-5126-045X,rewi,0.95
0000-0001-5132-2956,mint,0.95
0000-0001-5133-1537,mint,1
0000-0001-5135-7489,mint,0.95
0000-0001-5138-564X,mint,1
0000-0001-5140-7511,sowi,0.95
0000-0001-5142-328X,med,1
0000-0001-5143-1386,phil,0.95
0000-0001-5147-2292,sowi,1
0000-0001-5147-954X,tech,1
0000-0001-5151-5838,med,1
0000-0001-5154-9886,mint,1
0000-0001-5156-5376,sowi,0.95
0000-0001-5160-6385,mint,1
0000-0001-5161-4529,mint,0.95
0000-0001-5163-1150,mint,1
0000-0001-5178-8297,med,1
0000-0001-5185-3415,mint,0.95
0000-0001-5197-6562,mint,1
0000-0001-5209-3083,sowi,0.95
0000-0001-5209-6647,med,1
0000-0001-5211-1317,phil,0.95
0000-0001-5219-7974,med,1
0000-0001-5224-5227,sowi,0.95
0000-0001-5228-8980,sowi,0.95
0000-0001-5236-2482,sowi,0.95
0000-0001-5236-5026,mint,1
0000-0001-5242-4495,mint,1
0000-0001-5246-7786,sowi,0.95
0000-0001-5246-944X,mint,0.95
0000-0001-5248-4332,med,1
0000-0001-5256-4682,med,0.95
0000-0001-5258-2370,med,1
0000-0001-5259-7425,med,1
0000-0001-5274-1781,mint,1
0000-0001-5278-8379,agrar,1
0000-0001-5287-7400,agrar,0.95
0000-0001-5288-4993,med,1
0000-0001-5292-1758,med,1
0000-0001-5295-2204,phil,0.95
0000-0001-5305-0544,mint,0.95
0000-0001-5306-8875,sowi,0.95
0000-0001-5329-0484,agrar,0.95
0000-0001-5336-1422,mint,1
0000-0001-5339-1103,agrar,1
0000-0001-5343-8194,agrar,0.95
0000-0001-5345-1831,phil,0.85
0000-0001-5350-3371,med,1
0000-0001-5352-8595,med,1
0000-0001-5354-3541,sowi,1
0000-0001-5355-0426,mint,1
0000-0001-5358-6445,med,0.95
0000-0001-5359-8243,med,0.95
0000-0001-5364-166X,phil,1
0000-0001-5368-7641,agrar,0.95
0000-0001-5386-6746,mint,0.95
0000-0001-5391-6934,mint,1
0000-0001-5391-7902,mint,0.95
0000-0001-5393-1608,mint,1
0000-0001-5418-0949,med,1
0000-0001-5425-3466,sowi,1
0000-0001-5426-1079,agrar,0.95
0000-0001-5426-4552,sowi,0.95
0000-0001-5429-118X,agrar,0.95
0000-0001-5432-1502,mint,0.95
0000-0001-5435-1488,sowi,0.95
0000-0001-5438-4546,mint,1
0000-0001-5438-8555,med,1
0000-0001-5444-2945,mint,0.95
0000-0001-5445-7629,agrar,0.95
0000-0001-5450-021X,sowi,0.95
0000-0001-5452-8896,mint,0.95
0000-0001-5454-0297,mint,1
0000-0001-5462-6621,med,0.95
0000-0001-5465-2926,med,1
0000-0001-5465-5609,med,1
0000-0001-5467-2783,med,1
0000-0001-5469-2506,mint,0.95
0000-0001-5485-2645,sowi,0.95
0000-0001-5488-0304,med,1
0000-0001-5493-451X,med,1
0000-0001-5493-7964,med,1
0000-0001-5498-1519,med,1
0000-0001-5500-0487,sowi,0.95
0000-0001-5503-3801,med,1
0000-0001-5504-3487,mint,0.95
0000-0001-5515-8196,med,1
0000-0001-5518-3375,sowi,0.95
0000-0001-5521-1954,sowi,1
0000-0001-5524-2099,med,1
0000-0001-5525-4209,sowi,0.95
0000-0001-5536-6681,mint,1
0000-0001-5554-0897,mint,0.95
0000-0001-5556-3845,phil,0.95
0000-0001-5556-6376,mint,1
0000-0001-5560-2015,sowi,0.95
0000-0001-5561-2985,med,0.95
0000-0001-5564-3669,sowi,0.95
0000-0001-5570-2753,mint,1
0000-0001-5573-8182,agrar,1
0000-0001-5575-1168,mint,0.95
0000-0001-5583-895X,med,1
0000-0001-5585-1169,sowi,0.95
0000-0001-5586-0591,mint,1
0000-0001-5591-1993,mint,0.95
0000-0001-5592-8373,med,1
0000-0001-5594-4541,med,1
0000-0001-5596-9976,mint,0.95
0000-0001-5598-5327,agrar,0.95
0000-0001-5602-3672,med,1
0000-0001-5602-7710,med,0.95
0000-0001-5608-4336,phil,0.95
0000-0001-5613-7573,med,0.95
0000-0001-5618-1697,sowi,0.95
0000-0001-5624-5128,mint,0.95
0000-0001-5626-1216,mint,0.95
0000-0001-5626-3991,agrar,0.95
0000-0001-5631-2415,med,1
0000-0001-5633-0154,sowi,0.95
0000-0001-5646-3299,mint,0.95
0000-0001-5646-5702,sowi,0.9
0000-0001-5651-0470,mint,1
0000-0001-5653-2469,sowi,1
0000-0001-5655-3155,med,1
0000-0001-5658-3960,med,1
0000-0001-5661-0332,sowi,0.95
0000-0001-5662-1760,phil,1
0000-0001-5662-5710,sowi,0.95
0000-0001-5665-0385,med,0.95
0000-0001-5675-9866,sowi,0.95
0000-0001-5689-4574,med,1
0000-0001-5691-1215,tech,1
0000-0001-5695-9913,sowi,1
0000-0001-5705-1659,med,0.95
0000-0001-5709-0965,mint,1
0000-0001-5711-6862,sowi,0.95
0000-0001-5714-4011,phil,0.95
0000-0001-5718-577X,med,1
0000-0001-5718-7329,sowi,0.95
0000-0001-5721-3814,sowi,1
0000-0001-5729-4482,mint,1
0000-0001-5731-1975,phil,0.95
0000-0001-5732-8718,sowi,0.95
0000-0001-5736-1948,mint,1
0000-0001-5736-2772,med,1
0000-0001-5736-4452,mint,1
0000-0001-5744-4946,med,0.95
0000-0001-5750-7425,mint,1
0000-0001-5758-2249,mint,1
0000-0001-5760-4524,mint,0.95
0000-0001-5766-1609,med,1
0000-0001-5782-3292,mint,0.95
0000-0001-5783-950X,mint,1
0000-0001-5784-7964,med,0.95
0000-0001-5789-7582,mint,0.98
0000-0001-5790-3268,mint,0.95
0000-0001-5805-3031,phil,0.95
0000-0001-5806-4662,med,0.95
0000-0001-5806-9674,mint,1
0000-0001-5814-2421,mint,0.95
0000-0001-5815-1619,sowi,1
0000-0001-5822-4486,sowi,0.95
0000-0001-5824-7725,mint,1
0000-0001-5825-4407,med,1
0000-0001-5829-373X,sowi,0.95
0000-0001-5837-1312,phil,0.95
0000-0001-5851-0570,med,1
0000-0001-5856-2020,sowi,0.95
0000-0001-5860-2184,med,0.95
0000-0001-5860-4454,mint,1
0000-0001-5863-9366,mint,1
0000-0001-5865-3272,mint,1
0000-0001-5867-9827,sowi,0.95
0000-0001-5874-756X,mint,1
0000-0001-5881-681X,sowi,0.9
0000-0001-5890-8773,mint,0.95
0000-0001-5891-7290,agrar,1
0000-0001-5896-9875,sowi,0.95
0000-0001-5897-2361,phil,1
0000-0001-5901-3234,med,1
0000-0001-5904-0486,med,1
0000-0001-5905-1142,agrar,0.95
0000-0001-5907-5398,med,1
0000-0001-5909-5508,med,1
0000-0001-5911-2718,sowi,0.95
0000-0001-5911-3315,sowi,0.95
0000-0001-5921-1660,mint,0.95
0000-0001-5923-5291,agrar,1
0000-0001-5925-314X,mint,1
0000-0001-5931-0511,mint,0.95
0000-0001-5944-2637,sowi,0.95
0000-0001-5961-7644,agrar,1
0000-0001-5964-954X,med,1
0000-0001-5968-9277,mint,1
0000-0001-5969-3428,med,1
0000-0001-5969-6899,med,1
0000-0001-5970-0181,med,0.95
0000-0001-5972-3121,sowi,0.95
0000-0001-5974-5013,mint,1
0000-0001-5982-8468,mint,1
0000-0001-5985-7939,mint,0.9
0000-0001-5988-7409,mint,1
0000-0001-5993-9088,mint,1
0000-0001-6011-9466,med,1
0000-0001-6012-6340,tech,1
0000-0001-6026-0806,agrar,1
0000-0001-6026-249X,med,1
0000-0001-6026-599X,med,0.95
0000-0001-6028-5712,sowi,0.95
0000-0001-6032-9658,sowi,1
0000-0001-6043-4204,med,0.95
0000-0001-6043-9072,med,1
0000-0001-6067-3408,med,1
0000-0001-6069-7485,mint,0.95
0000-0001-6071-7810,med,0.95
0000-0001-6075-8970,sowi,0.95
0000-0001-6077-6407,med,1
0000-0001-6078-7739,sowi,1
0000-0001-6080-2548,mint,1
0000-0001-6090-2856,agrar,0.95
0000-0001-6092-4561,mint,1
0000-0001-6096-5726,mint,0.95
0000-0001-6097-8295,mint,1
0000-0001-6105-2937,med,0.95
0000-0001-6110-5074,phil,1
0000-0001-6112-2499,mint,0.95
0000-0001-6116-7021,med,1
0000-0001-6117-3026,sowi,0.95
0000-0001-6133-7801,mint,0.95
0000-0001-6137-9702,med,1
0000-0001-6145-1591,med,1
0000-0001-6154-1917,mint,0.95
0000-0001-6157-7733,sowi,0.95
0000-0001-6165-0144,agrar,1
0000-0001-6166-4191,med,1
0000-0001-6171-8866,sowi,0.95
0000-0001-6178-7757,phil,0.95
0000-0001-6182-6592,med,1
0000-0001-6183-8657,phil,0.95
0000-0001-6186-8573,mint,0.95
0000-0001-6189-6806,mint,1
0000-0001-6195-6063,mint,0.95
0000-0001-6199-4908,med,1
0000-0001-6200-0290,agrar,0.95
0000-0001-6207-8805,mint,1
0000-0001-6209-539X,tech,1
0000-0001-6216-5386,mint,0.95
0000-0001-6223-2841,agrar,0.95
0000-0001-6225-5488,mint,0.95
0000-0001-6239-8358,tech,1
0000-0001-6253-2916,mint,0.95
0000-0001-6254-1302,med,1
0000-0001-6259-1932,med,1
0000-0001-6266-1881,mint,0.95
0000-0001-6266-5356,sowi,0.95
0000-0001-6272-8898,mint,0.95
0000-0001-6274-6973,mint,1
0000-0001-6281-100X,mint,1
0000-0001-6284-0759,tech,0.9
0000-0001-6286-8196,mint,1
0000-0001-6290-9699,med,0.95
0000-0001-6297-1847,med,1
0000-0001-6297-5178,mint,1
0000-0001-6304-771X,mint,0.95
0000-0001-6307-8428,mint,1
0000-0001-6309-2609,mint,1
0000-0001-6310-8404,mint,0.95
0000-0001-6317-1884,mint,1
0000-0001-6335-5798,mint,0.95
0000-0001-6337-8674,mint,0.95
0000-0001-6339-3591,sowi,0.95
0000-0001-6339-6549,med,1
0000-0001-6343-9000,med,1
0000-0001-6344-6542,mint,1
0000-0001-6349-7817,sowi,0.95
0000-0001-6353-2643,mint,0.95
0000-0001-6359-2128,mint,1
0000-0001-6361-0752,mint,1
0000-0001-6366-286X,mint,1
0000-0001-6374-4910,med,1
0000-0001-6375-0165,sowi,0.95
0000-0001-6375-7295,med,0.95
0000-0001-6384-9376,mint,0.95
0000-0001-6388-3777,mint,0.95
0000-0001-6389-1160,mint,0.95
0000-0001-6390-3977,tech,1
0000-0001-6404-6364,med,1
0000-0001-6405-2166,med,1
0000-0001-6414-8723,phil,0.95
0000-0001-6415-3434,phil,1
0000-0001-6420-3198,mint,1
0000-0001-6426-7458,mint,1
0000-0001-6428-3001,med,0.95
0000-0001-6429-9791,mint,0.95
0000-0001-6430-3471,agrar,0.95
0000-0001-6432-7422,mint,0.95
0000-0001-6444-9593,sowi,1
0000-0001-6451-6354,med,0.95
0000-0001-6455-4190,med,1
0000-0001-6457-9996,sowi,0.95
0000-0001-6459-9284,mint,0.95
0000-0001-6463-7308,mint,1
0000-0001-6467-1194,mint,1
0000-0001-6478-4834,med,1
0000-0001-6488-2362,med,1
0000-0001-6500-2697,mint,1
0000-0001-6515-1940,sowi,0.95
0000-0001-6517-1503,sowi,1
0000-0001-6527-9426,mint,1
0000-0001-6529-2129,sowi,0.95
0000-0001-6535-6575,mint,0.95
0000-0001-6537-3690,mint,0.95
0000-0001-6537-7149,sowi,0.95
0000-0001-6541-7374,sowi,1
0000-0001-6544-3839,sowi,0.85
0000-0001-6545-2516,mint,0.9
0000-0001-6549-8872,phil,0.9
0000-0001-6558-8237,mint,1
0000-0001-6575-3079,mint,1
0000-0001-6576-8377,mint,0.95
0000-0001-6578-4705,mint,1
0000-0001-6580-6644,mint,1
0000-0001-6582-0083,med,1
0000-0001-6586-3104,med,1
0000-0001-6595-7995,NA,NA
0000-0001-6596-5303,mint,0.95
0000-0001-6611-3161,med,1
0000-0001-6611-5626,mint,1
0000-0001-6622-278X,mint,1
0000-0001-6622-3328,mint,1
0000-0001-6625-7931,sowi,0.95
0000-0001-6626-762X,med,0.95
0000-0001-6636-4972,mint,1
0000-0001-6638-0147,sowi,0.95
0000-0001-6647-4100,sowi,0.95
0000-0001-6657-833X,med,1
0000-0001-6660-0031,phil,0.95
0000-0001-6660-6388,mint,1
0000-0001-6678-7879,sowi,0.95
0000-0001-6688-7837,sowi,0.95
0000-0001-6690-5361,agrar,0.95
0000-0001-6697-018X,med,1
0000-0001-6708-2520,sowi,1
0000-0001-6725-0301,mint,0.95
0000-0001-6735-6157,sowi,1
0000-0001-6735-9534,sowi,0.95
0000-0001-6740-3312,mint,0.95
0000-0001-6741-2833,mint,1
0000-0001-6754-2814,mint,0.95
0000-0001-6761-7740,tech,1
0000-0001-6762-9928,med,1
0000-0001-6766-0749,mint,0.95
0000-0001-6779-9919,sowi,0.95
0000-0001-6786-6851,sowi,0.95
0000-0001-6788-4224,mint,1
0000-0001-6794-9497,mint,1
0000-0001-6799-4888,mint,0.95
0000-0001-6799-9777,mint,1
0000-0001-6800-5658,mint,0.95
0000-0001-6801-567X,mint,1
0000-0001-6804-9896,mint,1
0000-0001-6805-7407,med,1
0000-0001-6806-6450,med,0.95
0000-0001-6814-0198,mint,1
0000-0001-6814-6151,med,0.95
0000-0001-6823-7969,med,0.95
0000-0001-6827-1374,sowi,0.95
0000-0001-6835-6722,sowi,0.95
0000-0001-6836-073X,mint,0.95
0000-0001-6839-0605,med,1
0000-0001-6842-1256,mint,1
0000-0001-6844-0318,mint,0.95
0000-0001-6847-5502,mint,1
0000-0001-6848-920X,sowi,0.95
0000-0001-6850-1440,mint,1
0000-0001-6853-1383,med,0.95
0000-0001-6856-7239,agrar,0.95
0000-0001-6863-5262,mint,1
0000-0001-6864-8514,med,1
0000-0001-6865-5474,mint,1
0000-0001-6868-227X,mint,1
0000-0001-6868-8540,mint,0.95
0000-0001-6870-8935,mint,1
0000-0001-6875-0172,mint,0.95
0000-0001-6876-8903,med,0.95
0000-0001-6877-9098,sowi,0.95
0000-0001-6887-7763,sowi,0.95
0000-0001-6887-7966,sowi,0.95
0000-0001-6888-1885,mint,1
0000-0001-6892-4013,sowi,0.85
0000-0001-6893-7324,mint,0.95
0000-0001-6897-4010,sowi,0.95
0000-0001-6905-9017,mint,0.95
0000-0001-6909-0356,agrar,1
0000-0001-6914-7383,mint,0.95
0000-0001-6915-9181,tech,0.95
0000-0001-6918-1303,mint,0.95
0000-0001-6922-9805,sowi,0.95
0000-0001-6934-5603,mint,0.95
0000-0001-6935-4892,mint,0.95
0000-0001-6936-9090,med,1
0000-0001-6937-6995,sowi,0.95
0000-0001-6947-2602,med,0.95
0000-0001-6947-8334,mint,1
0000-0001-6948-2544,phil,0.95
0000-0001-6954-651X,mint,0.95
0000-0001-6954-7600,sowi,0.95
0000-0001-6955-2020,mint,1
0000-0001-6966-6730,agrar,1
0000-0001-6972-2157,sowi,0.95
0000-0001-6973-5660,mint,1
0000-0001-6975-7165,med,0.95
0000-0001-7003-399X,med,0.95
0000-0001-7011-5346,sowi,1
0000-0001-7014-5748,mint,1
0000-0001-7025-4362,mint,1
0000-0001-7032-8683,agrar,0.95
0000-0001-7040-149X,mint,1
0000-0001-7044-2101,sowi,0.95
0000-0001-7051-8030,mint,1
0000-0001-7052-2531,mint,0.95
0000-0001-7053-5893,med,0.95
0000-0001-7054-1046,mint,0.95
0000-0001-7054-1820,mint,0.95
0000-0001-7057-194X,mint,0.95
0000-0001-7075-5124,mint,0.95
0000-0001-7077-2127,med,0.95
0000-0001-7079-4967,jura,1
0000-0001-7081-8957,mint,1
0000-0001-7082-4839,mint,0.95
0000-0001-7084-5883,med,1
0000-0001-7085-0164,sowi,0.95
0000-0001-7086-8241,agrar,0.95
0000-0001-7087-6946,NA,NA
0000-0001-7091-1051,med,1
0000-0001-7094-6465,phil,0.95
0000-0001-7095-5740,mint,1
0000-0001-7098-8198,mint,0.95
0000-0001-7102-8164,med,1
0000-0001-7110-223X,mint,1
0000-0001-7113-0302,sowi,0.95
0000-0001-7114-2717,phil,0.95
0000-0001-7115-0186,med,0.95
0000-0001-7115-2122,med,0.95
0000-0001-7121-8371,agrar,0.95
0000-0001-7123-7986,med,1
0000-0001-7125-572X,med,1
0000-0001-7138-7415,med,1
0000-0001-7139-1860,phil,1
0000-0001-7141-9544,agrar,0.95
0000-0001-7142-348X,mint,1
0000-0001-7147-4113,med,0.85
0000-0001-7149-8190,sowi,0.95
0000-0001-7153-7663,mint,1
0000-0001-7158-7855,mint,0.95
0000-0001-7164-5373,agrar,1
0000-0001-7168-4428,med,1
0000-0001-7168-4970,med,0.9
0000-0001-7169-6330,sowi,0.95
0000-0001-7172-2586,med,0.95
0000-0001-7175-2881,agrar,1
0000-0001-7191-0712,phil,0.95
0000-0001-7191-0739,sowi,0.95
0000-0001-7191-6911,mint,1
0000-0001-7201-6771,mint,1
0000-0001-7207-3493,agrar,1
0000-0001-7208-1186,mint,1
0000-0001-7208-4117,med,1
0000-0001-7212-6209,med,1
0000-0001-7214-0828,tech,0.95
0000-0001-7221-3900,med,1
0000-0001-7224-0458,mint,0.95
0000-0001-7224-7617,med,0.95
0000-0001-7227-8157,agrar,0.95
0000-0001-7228-3503,tech,1
0000-0001-7231-2052,mint,1
0000-0001-7234-1136,phil,0.95
0000-0001-7242-8063,tech,1
0000-0001-7245-7614,sowi,0.95
0000-0001-7249-8870,agrar,0.9
0000-0001-7265-0449,mint,0.95
0000-0001-7270-6211,mint,0.95
0000-0001-7278-4789,med,0.95
0000-0001-7280-9720,mint,0.95
0000-0001-7281-3746,mint,1
0000-0001-7283-1995,med,1
0000-0001-7286-3575,sowi,1
0000-0001-7290-2909,sowi,0.95
0000-0001-7292-4147,phil,0.95
0000-0001-7316-8531,med,1
0000-0001-7321-7305,med,1
0000-0001-7322-680X,mint,1
0000-0001-7324-6122,mint,0.95
0000-0001-7328-636X,mint,1
0000-0001-7329-5178,mint,1
0000-0001-7329-8221,sowi,0.95
0000-0001-7331-1406,agrar,0.95
0000-0001-7333-7091,mint,0.95
0000-0001-7334-2050,mint,0.95
0000-0001-7334-8241,med,1
0000-0001-7336-6765,mint,1
0000-0001-7337-3009,mint,0.95
0000-0001-7338-0188,phil,0.95
0000-0001-7344-7995,mint,0.95
0000-0001-7348-6863,mint,0.95
0000-0001-7354-5958,med,1
0000-0001-7355-4213,med,1
0000-0001-7367-3394,sowi,1
0000-0001-7368-8617,med,1
0000-0001-7369-6561,agrar,0.95
0000-0001-7372-5334,sowi,0.95
0000-0001-7375-5875,med,1
0000-0001-7380-2344,mint,0.95
0000-0001-7381-3836,med,1
0000-0001-7394-1061,mint,1
0000-0001-7399-4665,mint,0.95
0000-0001-7405-013X,mint,1
0000-0001-7406-8006,med,1
0000-0001-7408-425X,agrar,1
0000-0001-7410-6324,sowi,0.95
0000-0001-7414-5729,med,1
0000-0001-7421-7577,med,0.95
0000-0001-7432-6239,mint,0.95
0000-0001-7435-7721,tech,0.95
0000-0001-7439-8216,med,1
0000-0001-7441-5506,tech,1
0000-0001-7443-9890,med,1
0000-0001-7444-573X,mint,0.95
0000-0001-7450-1279,mint,1
0000-0001-7451-3325,phil,0.95
0000-0001-7451-773X,mint,0.95
0000-0001-7453-5137,mint,1
0000-0001-7457-0047,mint,1
0000-0001-7458-983X,agrar,1
0000-0001-7465-0696,agrar,0.95
0000-0001-7471-475X,med,1
0000-0001-7481-4662,mint,0.95
0000-0001-7482-4748,med,1
0000-0001-7483-0726,sowi,0.95
0000-0001-7489-0403,mint,0.95
0000-0001-7490-0237,mint,1
0000-0001-7490-4983,med,1
0000-0001-7492-1943,sowi,0.95
0000-0001-7492-5338,mint,1
0000-0001-7492-9953,sowi,0.95
0000-0001-7494-0845,med,1
0000-0001-7498-6229,med,1
0000-0001-7499-3488,sowi,1
0000-0001-7501-2506,mint,0.95
0000-0001-7502-7003,sowi,0.9
0000-0001-7506-8569,mint,1
0000-0001-7509-242X,med,1
0000-0001-7509-269X,tech,1
0000-0001-7509-8768,mint,0.95
0000-0001-7509-9349,sowi,1
0000-0001-7510-1795,med,1
0000-0001-7512-1390,agrar,1
0000-0001-7516-3179,med,1
0000-0001-7521-8934,phil,0.95
0000-0001-7524-4577,sowi,1
0000-0001-7536-9468,sowi,0.95
0000-0001-7538-7367,mint,0.95
0000-0001-7541-1021,med,1
0000-0001-7545-3168,med,1
0000-0001-7552-1220,mint,0.95
0000-0001-7553-3838,sowi,0.95
0000-0001-7558-7625,med,1
0000-0001-7558-909X,mint,1
0000-0001-7567-9730,mint,0.95
0000-0001-7572-2903,mint,1
0000-0001-7575-2483,med,0.95
0000-0001-7582-2154,agrar,0.95
0000-0001-7583-0621,mint,0.95
0000-0001-7584-8733,mint,1
0000-0001-7585-6071,sowi,0.95
0000-0001-7585-8237,mint,0.9
0000-0001-7594-862X,mint,1
0000-0001-7606-1852,mint,0.95
0000-0001-7608-3349,tech,0.95
0000-0001-7613-9592,med,0.95
0000-0001-7616-1837,mint,1
0000-0001-7616-4878,mint,1
0000-0001-7620-1819,med,1
0000-0001-7620-3590,mint,0.95
0000-0001-7640-1220,med,1
0000-0001-7642-035X,phil,0.95
0000-0001-7642-5556,med,0.95
0000-0001-7651-6183,med,1
0000-0001-7660-0668,mint,0.95
0000-0001-7669-0042,med,0.95
0000-0001-7669-5345,sowi,0.95
0000-0001-7675-400X,sowi,0.95
0000-0001-7676-9236,sowi,0.95
0000-0001-7680-2147,med,1
0000-0001-7685-262X,sowi,0.95
0000-0001-7687-1388,med,1
0000-0001-7694-062X,phil,0.95
0000-0001-7695-6437,med,1
0000-0001-7698-5772,sowi,0.95
0000-0001-7703-5533,sowi,0.95
0000-0001-7714-2048,sowi,0.95
0000-0001-7730-2072,sowi,0.95
0000-0001-7731-3345,mint,1
0000-0001-7732-129X,agrar,0.95
0000-0001-7733-5069,agrar,1
0000-0001-7746-0652,sowi,0.95
0000-0001-7747-5774,sowi,0.95
0000-0001-7747-9636,med,1
0000-0001-7748-4910,agrar,1
0000-0001-7748-980X,mint,1
0000-0001-7756-5526,sowi,0.95
0000-0001-7762-4696,med,1
0000-0001-7765-2996,mint,1
0000-0001-7785-4926,mint,0.95
0000-0001-7793-0941,med,0.95
0000-0001-7794-5465,mint,1
0000-0001-7799-4822,med,1
0000-0001-7803-4401,sowi,0.95
0000-0001-7812-6541,sowi,0.95
0000-0001-7823-1958,sowi,1
0000-0001-7827-5731,mint,0.95
0000-0001-7829-6962,phil,0.95
0000-0001-7831-8420,med,1
0000-0001-7833-4068,sowi,0.95
0000-0001-7836-4646,phil,0.95
0000-0001-7837-5257,agrar,1
0000-0001-7840-0651,med,0.95
0000-0001-7840-7909,sowi,0.95
0000-0001-7841-3452,mint,1
0000-0001-7842-9577,mint,1
0000-0001-7847-5872,mint,0.95
0000-0001-7847-8459,sowi,0.95
0000-0001-7875-664X,mint,1
0000-0001-7880-4285,sowi,0.95
0000-0001-7887-5016,mint,1
0000-0001-7891-7108,med,0.95
0000-0001-7897-3118,tech,0.95
0000-0001-7898-9451,agrar,0.95
0000-0001-7901-4808,tech,0.95
0000-0001-7905-4711,mint,1
0000-0001-7911-0656,mint,1
0000-0001-7915-8107,tech,1
0000-0001-7923-0519,med,1
0000-0001-7923-822X,sowi,0.95
0000-0001-7925-8917,mint,0.95
0000-0001-7925-9311,mint,0.95
0000-0001-7926-3986,mint,1
0000-0001-7932-3950,phil,0.95
0000-0001-7933-0034,mint,1
0000-0001-7934-8349,NA,NA
0000-0001-7935-9785,phil,0.95
0000-0001-7942-0611,sowi,0.95
0000-0001-7946-8148,mint,0.95
0000-0001-7950-6837,phil,0.95
0000-0001-7954-9853,med,1
0000-0001-7963-8864,med,1
0000-0001-7965-5007,med,1
0000-0001-7977-5041,mint,1
0000-0001-7982-6232,mint,1
0000-0001-7989-5836,phil,1
0000-0001-7989-6847,sowi,0.95
0000-0001-7991-5091,mint,1
0000-0001-7994-4407,mint,0.95
0000-0001-7997-493X,med,1
0000-0001-8003-7708,tech,0.95
0000-0001-8004-9514,med,0.95
0000-0001-8007-5878,mint,1
0000-0001-8010-4157,mint,0.95
0000-0001-8026-0862,sowi,1
0000-0001-8037-128X,sowi,1
0000-0001-8037-3170,sowi,0.95
0000-0001-8037-7809,sowi,0.95
0000-0001-8040-079X,sowi,0.98
0000-0001-8041-2467,mint,1
0000-0001-8043-296X,med,1
0000-0001-8048-580X,mint,0.95
0000-0001-8056-7290,med,1
0000-0001-8058-412X,sowi,0.95
0000-0001-8058-594X,mint,0.95
0000-0001-8060-7088,mint,0.95
0000-0001-8062-6959,med,1
0000-0001-8068-1683,mint,0.95
0000-0001-8071-0827,med,1
0000-0001-8074-4103,mint,1
0000-0001-8090-2044,med,1
0000-0001-8090-3514,med,1
0000-0001-8091-6470,med,0.95
0000-0001-8095-8056,mint,1
0000-0001-8098-182X,mint,1
0000-0001-8105-4403,mint,0.95
0000-0001-8108-7520,mint,0.95
0000-0001-8108-9921,sowi,0.95
0000-0001-8109-5117,mint,1
0000-0001-8110-6007,mint,1
0000-0001-8112-7131,mint,1
0000-0001-8125-4552,mint,0.95
0000-0001-8141-3728,mint,1
0000-0001-8143-0376,med,0.95
0000-0001-8149-7976,agrar,1
0000-0001-8151-4684,mint,1
0000-0001-8164-733X,sowi,0.95
0000-0001-8175-1719,med,1
0000-0001-8196-4992,phil,0.85
0000-0001-8198-3755,sowi,0.95
0000-0001-8201-9714,mint,0.95
0000-0001-8202-1785,sowi,1
0000-0001-8204-213X,phil,1
0000-0001-8211-691X,mint,0.95
0000-0001-8214-3846,med,1
0000-0001-8214-5868,med,1
0000-0001-8217-5450,mint,1
0000-0001-8218-9609,mint,0.95
0000-0001-8219-8986,med,0.95
0000-0001-8223-2638,med,1
0000-0001-8225-1329,med,1
0000-0001-8226-9019,agrar,0.95
0000-0001-8231-0261,sowi,0.95
0000-0001-8233-2604,agrar,0.95
0000-0001-8239-7918,sowi,0.95
0000-0001-8240-4380,mint,0.95
0000-0001-8244-9642,mint,0.95
0000-0001-8244-9984,sowi,0.95
0000-0001-8245-0504,mint,0.95
0000-0001-8245-0555,mint,0.95
0000-0001-8247-9374,phil,1
0000-0001-8250-471X,sowi,1
0000-0001-8252-0285,mint,1
0000-0001-8255-5883,mint,1
0000-0001-8263-4936,sowi,1
0000-0001-8275-0822,mint,0.95
0000-0001-8282-0915,med,1
0000-0001-8282-7367,med,1
0000-0001-8287-012X,mint,1
0000-0001-8287-7428,mint,1
0000-0001-8289-2097,med,1
0000-0001-8292-8352,mint,1
0000-0001-8299-5897,med,1
0000-0001-8299-6697,mint,1
0000-0001-8304-7709,med,1
0000-0001-8310-6975,sowi,0.95
0000-0001-8344-4130,mint,1
0000-0001-8344-6830,sowi,0.95
0000-0001-8347-1614,med,1
0000-0001-8349-7419,med,1
0000-0001-8351-2690,med,1
0000-0001-8353-5964,med,1
0000-0001-8354-2945,sowi,1
0000-0001-8357-6387,med,1
0000-0001-8358-4053,sowi,0.95
0000-0001-8366-9719,mint,0.95
0000-0001-8376-891X,mint,1
0000-0001-8376-8987,sowi,0.95
0000-0001-8377-4252,mint,1
0000-0001-8378-0716,mint,0.95
0000-0001-8385-2839,sowi,0.95
0000-0001-8385-6573,sowi,0.95
0000-0001-8391-3988,med,1
0000-0001-8394-4215,sowi,0.95
0000-0001-8401-7771,sowi,0.95
0000-0001-8405-170X,mint,1
0000-0001-8408-2274,med,0.9
0000-0001-8409-3918,med,1
0000-0001-8409-6027,mint,0.95
0000-0001-8413-7773,agrar,0.95
0000-0001-8417-702X,mint,0.95
0000-0001-8423-010X,mint,0.95
0000-0001-8424-9898,mint,1
0000-0001-8431-7037,sowi,0.95
0000-0001-8435-7493,sowi,0.95
0000-0001-8437-3039,mint,0.95
0000-0001-8444-8440,mint,0.95
0000-0001-8448-5663,sowi,0.95
0000-0001-8454-7238,agrar,1
0000-0001-8461-3485,mint,0.95
0000-0001-8464-5671,sowi,0.95
0000-0001-8465-3954,sowi,0.95
0000-0001-8491-7227,sowi,0.95
0000-0001-8510-1780,mint,1
0000-0001-8513-059X,tech,0.95
0000-0001-8513-550X,med,1
0000-0001-8514-1395,med,1
0000-0001-8520-5918,med,1
0000-0001-8528-9023,mint,0.95
0000-0001-8532-7632,med,1
0000-0001-8533-7478,med,1
0000-0001-8540-3789,med,1
0000-0001-8540-5928,med,0.95
0000-0001-8545-7576,mint,1
0000-0001-8546-3319,mint,1
0000-0001-8548-8268,tech,1
0000-0001-8557-9442,mint,1
0000-0001-8560-9015,mint,1
0000-0001-8561-9037,med,1
0000-0001-8563-0324,agrar,0.95
0000-0001-8566-5447,mint,0.95
0000-0001-8573-4588,med,1
0000-0001-8573-5898,tech,1
0000-0001-8581-1432,med,1
0000-0001-8583-3738,mint,0.95
0000-0001-8584-4779,sowi,0.95
0000-0001-8586-8025,mint,1
0000-0001-8587-4177,mint,1
0000-0001-8587-4433,med,1
0000-0001-8589-1428,agrar,0.95
0000-0001-8591-0529,mint,0.95
0000-0001-8591-9339,med,1
0000-0001-8595-7597,med,1
0000-0001-8601-0143,med,1
0000-0001-8603-6714,med,0.95
0000-0001-8607-4606,med,1
0000-0001-8608-1398,sowi,0.95
0000-0001-8611-1665,med,0.95
0000-0001-8619-7120,tech,0.95
0000-0001-8621-1957,med,1
0000-0001-8624-1195,med,1
0000-0001-8626-1647,sowi,0.95
0000-0001-8626-2148,med,1
0000-0001-8627-8991,phil,0.95
0000-0001-8633-1908,mint,1
0000-0001-8636-9009,agrar,1
0000-0001-8641-2951,sowi,1
0000-0001-8641-8149,mint,0.95
0000-0001-8647-0342,med,1
0000-0001-8649-2963,phil,1
0000-0001-8652-8874,sowi,0.95
0000-0001-8653-0448,mint,1
0000-0001-8663-1468,mint,0.95
0000-0001-8675-0758,mint,1
0000-0001-8694-5811,agrar,1
0000-0001-8703-3857,mint,1
0000-0001-8704-4206,sowi,0.95
0000-0001-8711-2395,mint,0.95
0000-0001-8713-7453,sowi,0.95
0000-0001-8716-2341,mint,0.9
0000-0001-8718-6300,sowi,0.95
0000-0001-8722-1233,med,1
0000-0001-8737-3536,sowi,0.95
0000-0001-8741-4799,mint,1
0000-0001-8752-930X,mint,1
0000-0001-8756-8181,sowi,0.95
0000-0001-8758-7913,mint,1
0000-0001-8761-9719,sowi,1
0000-0001-8764-8763,phil,1
0000-0001-8765-3976,mint,1
0000-0001-8770-0859,med,1
0000-0001-8770-6919,mint,1
0000-0001-8775-8567,phil,0.95
0000-0001-8788-3368,med,1
0000-0001-8789-0728,mint,1
0000-0001-8789-3187,med,0.95
0000-0001-8796-3229,mint,0.95
0000-0001-8800-5460,med,1
0000-0001-8802-7934,agrar,0.95
0000-0001-8810-1049,mint,1
0000-0001-8811-5416,med,1
0000-0001-8824-1244,med,1
0000-0001-8826-3558,mint,0.95
0000-0001-8827-7191,med,0.95
0000-0001-8831-7894,med,1
0000-0001-8833-9567,sowi,0.95
0000-0001-8839-1189,mint,0.95
0000-0001-8847-0266,mint,0.95
0000-0001-8850-2977,med,1
0000-0001-8853-8064,agrar,0.95
0000-0001-8856-3462,mint,1
0000-0001-8859-3573,med,1
0000-0001-8868-4379,med,1
0000-0001-8870-6494,med,1
0000-0001-8871-9834,agrar,1
0000-0001-8873-0806,sowi,1
0000-0001-8873-425X,sowi,1
0000-0001-8876-0159,med,1
0000-0001-8882-4108,mint,1
0000-0001-8892-8679,mint,1
0000-0001-8898-9949,mint,0.95
0000-0001-8902-1956,med,1
0000-0001-8904-0372,sowi,0.95
0000-0001-8906-8498,mint,1
0000-0001-8907-1582,med,1
0000-0001-8910-2887,phil,0.95
0000-0001-8915-4134,med,1
0000-0001-8915-8397,sowi,1
0000-0001-8919-1971,med,1
0000-0001-8920-0858,phil,0.95
0000-0001-8929-7880,tech,0.95
0000-0001-8932-7031,mint,0.95
0000-0001-8935-8612,mint,1
0000-0001-8937-1198,med,1
0000-0001-8946-6082,sowi,0.95
0000-0001-8951-1517,mint,0.95
0000-0001-8953-4719,mint,1
0000-0001-8956-9874,med,0.95
0000-0001-8959-2695,phil,0.95
0000-0001-8961-6132,mint,1
0000-0001-8966-3115,mint,1
0000-0001-8975-5917,mint,0.95
0000-0001-8988-6431,agrar,1
0000-0001-8992-539X,mint,0.95
0000-0001-8996-978X,med,1
0000-0001-8999-8396,phil,0.95
0000-0001-9004-3386,phil,0.95
0000-0001-9005-5328,mint,1
0000-0001-9006-9463,mint,0.95
0000-0001-9010-5487,sowi,0.95
0000-0001-9013-1458,sowi,0.95
0000-0001-9013-4827,mint,1
0000-0001-9015-4545,phil,0.95
0000-0001-9020-4629,med,1
0000-0001-9020-8312,med,1
0000-0001-9023-2750,mint,1
0000-0001-9025-4079,mint,1
0000-0001-9030-2405,sowi,0.95
0000-0001-9038-5845,med,1
0000-0001-9050-8067,agrar,1
0000-0001-9054-1510,sowi,0.95
0000-0001-9055-7571,agrar,0.95
0000-0001-9056-7382,mint,1
0000-0001-9058-9178,med,1
0000-0001-9059-4719,sowi,0.95
0000-0001-9067-9325,sowi,0.95
0000-0001-9072-3621,med,1
0000-0001-9073-3918,mint,1
0000-0001-9080-5790,sowi,0.95
0000-0001-9084-7069,med,1
0000-0001-9085-7056,sowi,0.95
0000-0001-9094-0431,sowi,0.95
0000-0001-9099-996X,mint,1
0000-0001-9105-9179,med,0.95
0000-0001-9114-8411,mint,0.98
0000-0001-9119-6560,med,0.95
0000-0001-9132-3937,med,1
0000-0001-9138-2144,mint,0.95
0000-0001-9141-3895,mint,1
0000-0001-9142-1457,mint,0.95
0000-0001-9154-8706,mint,0.95
0000-0001-9155-9464,mint,0.95
0000-0001-9156-0158,sowi,0.95
0000-0001-9161-6342,mint,1
0000-0001-9180-0422,mint,0.95
0000-0001-9185-1609,sowi,0.95
0000-0001-9191-7612,phil,0.95
0000-0001-9201-8803,med,1
0000-0001-9208-4229,mint,1
0000-0001-9212-354X,mint,1
0000-0001-9215-7408,mint,1
0000-0001-9219-2529,sowi,0.95
0000-0001-9228-3770,mint,0.95
0000-0001-9234-6276,mint,0.95
0000-0001-9235-4399,mint,1
0000-0001-9242-7682,mint,0.95
0000-0001-9243-9050,med,1
0000-0001-9244-5602,agrar,0.95
0000-0001-9246-9671,agrar,0.95
0000-0001-9252-583X,sowi,0.5
0000-0001-9255-7911,med,0.95
0000-0001-9266-9673,med,1
0000-0001-9268-3555,sowi,0.95
0000-0001-9272-2518,phil,0.95
0000-0001-9278-5471,sowi,0.95
0000-0001-9282-6683,tech,1
0000-0001-9293-6778,mint,1
0000-0001-9296-017X,mint,0.95
0000-0001-9308-5776,mint,0.95
0000-0001-9316-4546,sowi,0.95
0000-0001-9325-8227,med,1
0000-0001-9327-7655,mint,1
0000-0001-9331-2991,mint,0.95
0000-0001-9335-0437,mint,0.95
0000-0001-9335-1093,mint,0.95
0000-0001-9337-0753,mint,0.95
0000-0001-9340-3703,mint,0.95
0000-0001-9347-0615,mint,0.95
0000-0001-9348-6182,agrar,1
0000-0001-9359-7181,mint,1
0000-0001-9365-0827,agrar,1
0000-0001-9365-7375,sowi,0.95
0000-0001-9374-1438,sowi,1
0000-0001-9374-8015,phil,0.95
0000-0001-9375-2276,mint,0.95
0000-0001-9375-5872,sowi,0.95
0000-0001-9382-9472,med,0.95
0000-0001-9390-7100,sowi,0.95
0000-0001-9392-1471,mint,1
0000-0001-9398-8027,mint,1
0000-0001-9399-7484,sowi,1
0000-0001-9404-3412,sowi,0.9
0000-0001-9404-3738,mint,1
0000-0001-9414-4555,med,1
0000-0001-9435-2872,mint,1
0000-0001-9435-3453,agrar,1
0000-0001-9440-3609,mint,1
0000-0001-9442-5664,agrar,0.95
0000-0001-9444-008X,mint,1
0000-0001-9444-4654,agrar,0.95
0000-0001-9450-3407,mint,0.95
0000-0001-9451-1108,agrar,1
0000-0001-9463-858X,sowi,0.95
0000-0001-9467-5815,med,1
0000-0001-9469-7053,mint,0.95
0000-0001-9478-8430,med,0.95
0000-0001-9482-4972,sowi,0.95
0000-0001-9487-2472,mint,0.95
0000-0001-9489-2385,sowi,0.95
0000-0001-9501-5114,sowi,1
0000-0001-9503-2280,sowi,0.95
0000-0001-9503-9714,mint,1
0000-0001-9506-0716,mint,1
0000-0001-9515-3322,mint,1
0000-0001-9516-9279,sowi,1
0000-0001-9518-0654,sowi,1
0000-0001-9518-1251,mint,1
0000-0001-9525-1424,med,1
0000-0001-9526-2668,NA,NA
0000-0001-9527-2946,mint,1
0000-0001-9527-5098,med,1
0000-0001-9529-8388,med,1
0000-0001-9531-6793,mint,0.95
0000-0001-9537-1901,phil,1
0000-0001-9539-5356,med,1
0000-0001-9550-5164,mint,0.95
0000-0001-9558-3883,med,1
0000-0001-9560-0057,mint,1
0000-0001-9560-5093,mint,1
0000-0001-9562-5529,med,1
0000-0001-9566-3699,sowi,0.95
0000-0001-9572-1908,sowi,0.95
0000-0001-9572-2185,sowi,1
0000-0001-9578-2583,sowi,0.95
0000-0001-9580-3196,sowi,0.95
0000-0001-9589-3136,phil,0.5
0000-0001-9601-6442,mint,0.95
0000-0001-9605-2822,med,1
0000-0001-9615-4167,mint,1
0000-0001-9616-5042,sowi,0.95
0000-0001-9616-5632,agrar,0.95
0000-0001-9628-4666,mint,1
0000-0001-9629-3984,sowi,1
0000-0001-9630-1243,mint,1
0000-0001-9634-9239,mint,0.95
0000-0001-9637-6536,mint,1
0000-0001-9643-9269,sowi,0.95
0000-0001-9652-1035,med,1
0000-0001-9660-4949,med,1
0000-0001-9667-0719,med,0.95
0000-0001-9671-3766,sowi,1
0000-0001-9679-5984,phil,0.95
0000-0001-9681-3265,mint,1
0000-0001-9694-5495,mint,1
0000-0001-9695-4527,sowi,0.95
0000-0001-9696-483X,sowi,0.95
0000-0001-9700-5841,mint,1
0000-0001-9708-4113,med,1
0000-0001-9710-8365,sowi,0.95
0000-0001-9712-7953,mint,0.95
0000-0001-9715-5399,mint,1
0000-0001-9719-5139,mint,0.95
0000-0001-9726-0885,mint,0.95
0000-0001-9726-603X,med,1
0000-0001-9734-8270,phil,0.95
0000-0001-9746-3869,mint,1
0000-0001-9768-7096,med,0.95
0000-0001-9775-333X,sowi,1
0000-0001-9780-7211,med,1
0000-0001-9781-4315,med,1
0000-0001-9786-8081,mint,1
0000-0001-9790-4708,sowi,0.95
0000-0001-9792-2770,mint,0.95
0000-0001-9799-212X,agrar,1
0000-0001-9807-462X,sowi,0.95
0000-0001-9807-4726,mint,1
0000-0001-9824-2603,phil,0.95
0000-0001-9828-0685,med,1
0000-0001-9828-1290,mint,1
0000-0001-9829-2897,med,1
0000-0001-9831-5876,sowi,0.95
0000-0001-9836-8716,mint,0.95
0000-0001-9838-4425,med,1
0000-0001-9840-780X,mint,1
0000-0001-9841-6386,sowi,0.95
0000-0001-9843-2124,med,0.95
0000-0001-9843-2263,med,1
0000-0001-9845-2555,sowi,0.95
0000-0001-9847-130X,med,0.95
0000-0001-9851-0575,sowi,0.85
0000-0001-9854-0635,sowi,0.95
0000-0001-9857-9900,mint,1
0000-0001-9863-2070,med,1
0000-0001-9864-3378,agrar,0.95
0000-0001-9864-3394,med,1
0000-0001-9871-2687,mint,0.95
0000-0001-9874-4793,mint,0.95
0000-0001-9879-7414,phil,0.95
0000-0001-9884-0363,mint,1
0000-0001-9888-2694,phil,0.85
0000-0001-9888-7292,mint,0.95
0000-0001-9894-2167,sowi,0.95
0000-0001-9897-1769,med,1
0000-0001-9899-3757,mint,0.98
0000-0001-9904-5070,med,1
0000-0001-9913-3206,tech,0.95
0000-0001-9917-8068,sowi,1
0000-0001-9919-4551,med,0.95
0000-0001-9921-7397,mint,1
0000-0001-9922-1863,sowi,0.95
0000-0001-9944-0775,mint,1
0000-0001-9947-4377,mint,1
0000-0001-9947-8722,sowi,0.95
0000-0001-9953-4528,med,1
0000-0001-9958-180X,mint,1
0000-0001-9959-9292,med,1
0000-0001-9965-6891,sowi,0.95
0000-0001-9966-1738,sowi,0.95
0000-0001-9974-8091,med,1
0000-0001-9976-4948,mint,1
0000-0001-9982-9801,agrar,1
0000-0001-9986-288X,med,1
0000-0001-9998-6065,phil,0.95
0000-0002-0003-0512,mint,1
0000-0002-0007-4873,sowi,1
0000-0002-0010-151X,mint,1
0000-0002-0010-4403,mint,1
0000-0002-0011-7837,med,0.95
0000-0002-0019-6301,agrar,0.95
0000-0002-0026-8133,sowi,0.95
0000-0002-0030-3840,sowi,1
0000-0002-0045-0242,mint,0.95
0000-0002-0046-7263,agrar,0.95
0000-0002-0054-7394,med,0.95
0000-0002-0056-7651,mint,1
0000-0002-0060-4141,mint,0.95
0000-0002-0061-5318,phil,0.95
0000-0002-0062-2753,med,1
0000-0002-0063-0198,sowi,0.95
0000-0002-0064-9112,mint,1
0000-0002-0067-7199,sowi,1
0000-0002-0070-3772,sowi,0.95
0000-0002-0072-336X,mint,1
0000-0002-0073-3322,sowi,1
0000-0002-0073-6689,med,1
0000-0002-0075-7199,med,1
0000-0002-0087-4053,mint,0.95
0000-0002-0094-6037,med,0.95
0000-0002-0106-7026,agrar,1
0000-0002-0108-2998,tech,0.95
0000-0002-0110-5512,med,0.95
0000-0002-0113-3265,med,1
0000-0002-0114-9750,sowi,0.95
0000-0002-0116-255X,med,1
0000-0002-0119-7365,med,1
0000-0002-0119-9440,agrar,0.95
0000-0002-0131-1404,mint,1
0000-0002-0135-1983,mint,1
0000-0002-0137-1984,mint,0.95
0000-0002-0138-7548,sowi,0.95
0000-0002-0143-8106,med,1
0000-0002-0145-1589,med,1
0000-0002-0150-4732,med,1
0000-0002-0151-4228,mint,0.95
0000-0002-0154-6844,sowi,1
0000-0002-0166-4381,med,1
0000-0002-0174-3901,mint,0.95
0000-0002-0176-7989,med,1
0000-0002-0181-1388,med,1
0000-0002-0187-2703,med,1
0000-0002-0188-2020,sowi,0.95
0000-0002-0188-5504,mint,1
0000-0002-0188-9492,mint,1
0000-0002-0206-8987,mint,0.95
0000-0002-0211-7136,tech,0.95
0000-0002-0212-7596,agrar,0.95
0000-0002-0219-5345,sowi,0.95
0000-0002-0221-2125,mint,0.95
0000-0002-0222-3641,mint,1
0000-0002-0224-1866,med,1
0000-0002-0228-5551,mint,1
0000-0002-0228-9173,phil,0.95
0000-0002-0230-912X,sowi,1
0000-0002-0235-6866,agrar,1
0000-0002-0247-4643,med,1
0000-0002-0247-5208,mint,0.95
0000-0002-0252-468X,mint,0.95
0000-0002-0253-2639,mint,1
0000-0002-0259-0986,tech,0.95
0000-0002-0267-0716,phil,1
0000-0002-0269-5059,sowi,0.95
0000-0002-0276-9820,med,1
0000-0002-0277-5067,med,1
0000-0002-0281-9568,sowi,0.95
0000-0002-0282-0462,med,1
0000-0002-0286-0720,sowi,0.95
0000-0002-0288-5872,med,1
0000-0002-0294-0210,mint,0.95
0000-0002-0297-5974,mint,1
0000-0002-0304-7977,med,1
0000-0002-0311-9707,mint,1
0000-0002-0313-2557,mint,1
0000-0002-0329-9138,mint,1
0000-0002-0330-0004,sowi,0.95
0000-0002-0330-1170,mint,1
0000-0002-0331-5185,mint,0.95
0000-0002-0331-8781,med,1
0000-0002-0332-4022,sowi,0.95
0000-0002-0335-8580,mint,1
0000-0002-0339-7352,mint,1
0000-0002-0347-1700,sowi,0.95
0000-0002-0347-7838,mint,1
0000-0002-0352-2547,mint,0.95
0000-0002-0356-0578,jura,1
0000-0002-0373-8866,phil,0.95
0000-0002-0374-5847,tech,1
0000-0002-0378-9698,med,1
0000-0002-0390-5281,med,1
0000-0002-0399-8043,med,1
0000-0002-0401-2282,mint,1
0000-0002-0401-5520,mint,0.95
0000-0002-0403-3059,mint,1
0000-0002-0406-5958,med,1
0000-0002-0408-872X,mint,0.95
0000-0002-0413-1599,med,1
0000-0002-0419-6720,med,1
0000-0002-0423-4926,mint,0.9
0000-0002-0430-8331,sowi,0.95
0000-0002-0433-4484,mint,0.95
0000-0002-0435-1153,sowi,0.9
0000-0002-0440-3136,sowi,0.9
0000-0002-0444-5889,sowi,0.95
0000-0002-0445-8102,med,1
0000-0002-0448-2225,med,1
0000-0002-0461-331X,med,1
0000-0002-0466-4707,mint,1
0000-0002-0470-9047,sowi,0.95
0000-0002-0472-4183,mint,1
0000-0002-0475-8578,sowi,1
0000-0002-0476-3887,tech,0.95
0000-0002-0484-541X,mint,0.95
0000-0002-0485-261X,sowi,1
0000-0002-0499-2460,med,1
0000-0002-0502-2351,sowi,0.95
0000-0002-0505-2091,mint,1
0000-0002-0510-7347,med,1
0000-0002-0522-464X,sowi,0.95
0000-0002-0537-228X,med,1
0000-0002-0554-1442,med,1
0000-0002-0559-1941,mint,0.95
0000-0002-0560-305X,mint,1
0000-0002-0561-9617,mint,1
0000-0002-0565-7840,med,1
0000-0002-0569-7316,med,1
0000-0002-0573-0999,phil,0.95
0000-0002-0593-5564,mint,0.95
0000-0002-0595-5899,sowi,0.95
0000-0002-0596-3485,agrar,1
0000-0002-0597-9989,mint,0.95
0000-0002-0598-5254,med,1
0000-0002-0606-5804,med,1
0000-0002-0608-6971,mint,0.95
0000-0002-0625-9270,sowi,0.95
0000-0002-0638-2658,sowi,0.95
0000-0002-0645-0825,med,1
0000-0002-0645-3399,mint,0.95
0000-0002-0647-8131,mint,0.95
0000-0002-0655-2119,med,1
0000-0002-0655-654X,agrar,0.95
0000-0002-0655-9265,mint,0.95
0000-0002-0656-6991,mint,1
0000-0002-0658-7688,agrar,0.95
0000-0002-0664-5577,mint,1
0000-0002-0665-3833,sowi,1
0000-0002-0675-6066,mint,0.95
0000-0002-0676-5624,med,1
0000-0002-0678-1341,med,1
0000-0002-0682-3222,med,1
0000-0002-0682-9819,med,0.95
0000-0002-0684-9959,med,1
0000-0002-0685-8564,med,1
0000-0002-0687-2227,sowi,0.95
0000-0002-0690-6431,med,1
0000-0002-0693-4141,mint,1
0000-0002-0694-5131,jura,1
0000-0002-0695-4097,mint,0.95
0000-0002-0696-1473,rewi,1
0000-0002-0717-5386,mint,0.95
0000-0002-0717-6186,mint,1
0000-0002-0718-2332,med,1
0000-0002-0719-101X,med,1
0000-0002-0721-9027,med,1
0000-0002-0726-4610,agrar,0.95
0000-0002-0738-2924,med,0.95
0000-0002-0738-4233,mint,1
0000-0002-0739-2778,mint,1
0000-0002-0739-9291,mint,0.98
0000-0002-0741-3671,sowi,0.95
0000-0002-0744-091X,med,1
0000-0002-0749-829X,mint,0.95
0000-0002-0750-0978,NA,NA
0000-0002-0756-1471,mint,0.95
0000-0002-0756-260X,sowi,1
0000-0002-0761-0069,sowi,0.95
0000-0002-0761-3657,mint,1
0000-0002-0765-2808,mint,1
0000-0002-0765-6411,sowi,0.95
0000-0002-0766-2926,tech,0.95
0000-0002-0769-1110,mint,1
0000-0002-0775-8725,mint,1
0000-0002-0776-4017,mint,0.95
0000-0002-0782-012X,mint,1
0000-0002-0784-1262,med,1
0000-0002-0784-3807,sowi,1
0000-0002-0790-1763,phil,1
0000-0002-0793-7686,mint,1
0000-0002-0801-498X,sowi,0.95
0000-0002-0812-7044,med,1
0000-0002-0816-9930,mint,0.95
0000-0002-0817-9370,med,1
0000-0002-0818-2684,tech,1
0000-0002-0835-9603,sowi,0.95
0000-0002-0837-3456,mint,0.95
0000-0002-0842-0152,mint,0.95
0000-0002-0844-2669,phil,0.95
0000-0002-0844-834X,mint,1
0000-0002-0845-2453,med,1
0000-0002-0846-7372,mint,1
0000-0002-0849-141X,mint,0.95
0000-0002-0851-6330,med,1
0000-0002-0858-8705,med,1
0000-0002-0861-9380,sowi,0.95
0000-0002-0867-1859,mint,1
0000-0002-0881-3589,sowi,0.95
0000-0002-0884-8124,med,0.95
0000-0002-0885-1542,phil,1
0000-0002-0886-4319,sowi,0.95
0000-0002-0891-1154,mint,1
0000-0002-0891-2501,sowi,0.95
0000-0002-0900-5188,mint,1
0000-0002-0922-6212,mint,0.95
0000-0002-0925-2170,mint,1
0000-0002-0931-8707,mint,1
0000-0002-0942-7217,med,1
0000-0002-0944-5095,phil,0.95
0000-0002-0945-0724,med,1
0000-0002-0947-1197,mint,0.95
0000-0002-0948-4991,mint,1
0000-0002-0948-6698,med,1
0000-0002-0957-4954,mint,1
0000-0002-0959-3653,med,1
0000-0002-0967-6811,sowi,0.9
0000-0002-0970-0260,sowi,0.95
0000-0002-0975-0831,med,1
0000-0002-0998-4881,med,1
0000-0002-1002-9216,agrar,1
0000-0002-1011-1113,phil,0.95
0000-0002-1013-1499,sowi,0.95
0000-0002-1022-9816,mint,1
0000-0002-1027-5222,sowi,0.95
0000-0002-1037-3850,med,0.95
0000-0002-1037-7544,mint,0.95
0000-0002-1038-6248,mint,1
0000-0002-1038-7478,med,1
0000-0002-1042-1955,mint,1
0000-0002-1045-8758,sowi,0.95
0000-0002-1049-2841,mint,1
0000-0002-1057-2809,sowi,1
0000-0002-1064-522X,sowi,0.95
0000-0002-1076-398X,med,1
0000-0002-1078-5767,mint,1
0000-0002-1082-8093,med,1
0000-0002-1090-3583,med,1
0000-0002-1091-8910,sowi,0.95
0000-0002-1092-1140,sowi,0.95
0000-0002-1094-350X,med,1
0000-0002-1099-2352,sowi,0.95
0000-0002-1104-0695,med,0.95
0000-0002-1110-7765,mint,0.95
0000-0002-1112-1276,mint,1
0000-0002-1133-1759,sowi,0.9
0000-0002-1133-9216,med,1
0000-0002-1134-4197,med,1
0000-0002-1149-2608,tech,0.95
0000-0002-1157-6916,mint,1
0000-0002-1167-3169,med,1
0000-0002-1167-9245,phil,0.85
0000-0002-1171-4717,sowi,0.95
0000-0002-1172-1757,mint,1
0000-0002-1181-5358,mint,1
0000-0002-1186-7182,mint,0.95
0000-0002-1191-0128,mint,1
0000-0002-1192-1716,mint,0.95
0000-0002-1201-208X,med,1
0000-0002-1205-3834,mint,1
0000-0002-1206-8913,med,1
0000-0002-1212-9587,med,1
0000-0002-1213-7261,phil,0.95
0000-0002-1219-0249,med,1
0000-0002-1227-8443,phil,0.95
0000-0002-1241-5225,sowi,0.95
0000-0002-1241-8733,med,1
0000-0002-1255-3636,sowi,0.95
0000-0002-1257-3645,mint,0.95
0000-0002-1265-0372,sowi,0.95
0000-0002-1268-3457,sowi,0.95
0000-0002-1269-5677,sowi,0.95
0000-0002-1270-6807,mint,0.95
0000-0002-1271-8365,agrar,1
0000-0002-1278-176X,sowi,1
0000-0002-1278-5939,med,1
0000-0002-1280-292X,mint,0.95
0000-0002-1280-6138,med,1
0000-0002-1290-9436,mint,0.95
0000-0002-1292-234X,agrar,1
0000-0002-1297-4086,mint,1
0000-0002-1299-2559,mint,1
0000-0002-1307-9841,mint,1
0000-0002-1314-6290,agrar,0.95
0000-0002-1314-9926,mint,1
0000-0002-1318-3243,sowi,0.95
0000-0002-1334-3542,sowi,0.95
0000-0002-1348-5129,sowi,1
0000-0002-1356-6690,sowi,0.95
0000-0002-1360-014X,sowi,0.85
0000-0002-1360-5776,mint,1
0000-0002-1361-5085,sowi,1
0000-0002-1362-1311,med,0.95
0000-0002-1373-456X,mint,1
0000-0002-1385-4908,sowi,0.95
0000-0002-1392-1816,sowi,0.95
0000-0002-1396-3303,med,1
0000-0002-1397-0474,NA,NA
0000-0002-1397-6294,phil,0.95
0000-0002-1399-7677,sowi,0.95
0000-0002-1399-9787,mint,0.95
0000-0002-1400-2790,sowi,1
0000-0002-1409-682X,med,1
0000-0002-1416-4837,mint,0.95
0000-0002-1416-9769,med,1
0000-0002-1419-5713,mint,0.95
0000-0002-1428-4062,med,1
0000-0002-1428-9736,med,1
0000-0002-1430-1109,sowi,1
0000-0002-1430-4676,med,1
0000-0002-1431-0486,sowi,0.95
0000-0002-1432-3447,mint,1
0000-0002-1432-9793,med,1
0000-0002-1453-0040,NA,NA
0000-0002-1467-9937,mint,1
0000-0002-1471-3330,mint,1
0000-0002-1479-2382,tech,0.95
0000-0002-1482-9165,mint,0.95
0000-0002-1483-4837,mint,1
0000-0002-1484-6117,mint,1
0000-0002-1485-415X,med,1
0000-0002-1489-2455,mint,1
0000-0002-1490-2713,med,0.95
0000-0002-1506-2744,med,1
0000-0002-1506-4299,mint,0.95
0000-0002-1507-1296,mint,1
0000-0002-1510-4350,mint,1
0000-0002-1516-3481,sowi,0.95
0000-0002-1523-3996,phil,1
0000-0002-1523-5270,mint,0.95
0000-0002-1525-042X,mint,0.95
0000-0002-1525-5546,mint,1
0000-0002-1535-1474,mint,1
0000-0002-1535-5109,med,1
0000-0002-1536-4494,mint,1
0000-0002-1543-7489,sowi,0.95
0000-0002-1544-8268,mint,1
0000-0002-1548-6547,mint,1
0000-0002-1548-7734,phil,0.95
0000-0002-1548-9991,mint,0.95
0000-0002-1549-8871,agrar,0.95
0000-0002-1562-3580,sowi,0.95
0000-0002-1568-5423,mint,0.95
0000-0002-1574-0138,mint,0.95
0000-0002-1583-5786,sowi,1
0000-0002-1585-0724,mint,0.95
0000-0002-1587-3678,mint,1
0000-0002-1591-0002,sowi,0.95
0000-0002-1593-2746,med,1
0000-0002-1593-571X,med,1
0000-0002-1594-398X,agrar,0.85
0000-0002-1594-7083,mint,1
0000-0002-1596-2267,sowi,0.95
0000-0002-1600-4183,agrar,1
0000-0002-1604-1689,mint,1
0000-0002-1604-5225,agrar,1
0000-0002-1612-1857,tech,0.95
0000-0002-1615-7315,mint,0.95
0000-0002-1630-045X,mint,1
0000-0002-1649-336X,agrar,1
0000-0002-1654-2272,mint,0.95
0000-0002-1656-7963,mint,1
0000-0002-1657-3677,med,1
0000-0002-1657-619X,mint,0.95
0000-0002-1657-7950,mint,1
0000-0002-1663-1216,sowi,0.95
0000-0002-1667-9260,mint,1
0000-0002-1672-9168,med,1
0000-0002-1678-6904,sowi,1
0000-0002-1679-8032,sowi,0.95
0000-0002-1708-2319,med,1
0000-0002-1713-9784,tech,1
0000-0002-1719-031X,med,1
0000-0002-1722-1606,med,0.95
0000-0002-1724-9692,mint,1
0000-0002-1739-446X,sowi,1
0000-0002-1743-3430,med,1
0000-0002-1747-8495,mint,0.95
0000-0002-1750-2205,sowi,0.95
0000-0002-1757-7768,med,1
0000-0002-1762-4704,mint,0.95
0000-0002-1779-1940,mint,0.95
0000-0002-1795-376X,mint,0.95
0000-0002-1796-6384,mint,1
0000-0002-1801-748X,mint,1
0000-0002-1802-5586,sowi,0.95
0000-0002-1803-6090,mint,0.95
0000-0002-1803-6736,sowi,0.95
0000-0002-1809-6376,med,0.95
0000-0002-1816-6389,agrar,1
0000-0002-1823-9891,mint,1
0000-0002-1851-9148,mint,0.95
0000-0002-1856-116X,mint,1
0000-0002-1858-4724,sowi,0.95
0000-0002-1860-4350,med,1
0000-0002-1861-4030,sowi,0.95
0000-0002-1863-4867,mint,1
0000-0002-1870-3738,mint,0.95
0000-0002-1871-0217,sowi,1
0000-0002-1881-0197,med,1
0000-0002-1885-7673,med,1
0000-0002-1885-8254,med,1
0000-0002-1886-6633,mint,0.95
0000-0002-1895-0771,mint,0.95
0000-0002-1895-3868,mint,1
0000-0002-1901-2939,sowi,1
0000-0002-1904-3575,med,1
0000-0002-1911-0379,med,1
0000-0002-1911-4652,mint,1
0000-0002-1913-774X,mint,1
0000-0002-1916-4166,med,1
0000-0002-1922-9855,sowi,0.95
0000-0002-1928-3560,mint,1
0000-0002-1935-3602,sowi,1
0000-0002-1946-6455,mint,0.95
0000-0002-1951-6336,mint,0.95
0000-0002-1955-026X,tech,1
0000-0002-1962-3473,med,0.95
0000-0002-1963-9838,med,1
0000-0002-1965-320X,mint,0.95
0000-0002-1967-8319,sowi,0.95
0000-0002-1968-6298,mint,0.85
0000-0002-1984-839X,med,1
0000-0002-1986-5720,mint,1
0000-0002-2005-4546,med,1
0000-0002-2019-3634,med,1
0000-0002-2022-9158,mint,0.95
0000-0002-2031-095X,med,1
0000-0002-2034-4471,sowi,1
0000-0002-2034-4770,sowi,0.95
0000-0002-2035-7715,sowi,1
0000-0002-2037-3539,mint,1
0000-0002-2039-5535,sowi,0.95
0000-0002-2039-6976,phil,1
0000-0002-2044-742X,sowi,0.95
0000-0002-2058-0351,sowi,0.95
0000-0002-2059-2061,mint,1
0000-0002-2064-0027,sowi,0.95
0000-0002-2068-4302,mint,1
0000-0002-2078-3503,mint,1
0000-0002-2088-9957,sowi,0.95
0000-0002-2089-0560,mint,1
0000-0002-2110-4162,sowi,0.95
0000-0002-2119-4743,mint,0.95
0000-0002-2125-3213,mint,0.95
0000-0002-2125-3520,agrar,0.95
0000-0002-2127-1817,mint,0.95
0000-0002-2128-1548,mint,0.95
0000-0002-2152-6672,mint,0.95
0000-0002-2156-6383,mint,0.9
0000-0002-2158-5648,mint,0.95
0000-0002-2163-7655,NA,NA
0000-0002-2169-7375,med,1
0000-0002-2170-8775,sowi,0.95
0000-0002-2171-9706,med,1
0000-0002-2177-2742,agrar,0.95
0000-0002-2177-6858,mint,0.95
0000-0002-2179-9064,mint,1
0000-0002-2181-2214,mint,1
0000-0002-2182-9534,med,1
0000-0002-2184-0717,sowi,0.95
0000-0002-2190-1401,mint,1
0000-0002-2192-3758,mint,1
0000-0002-2208-3017,agrar,0.95
0000-0002-2209-8083,mint,1
0000-0002-2212-7948,mint,0.95
0000-0002-2218-6737,med,1
0000-0002-2223-9253,mint,1
0000-0002-2224-5709,med,1
0000-0002-2225-4306,tech,0.95
0000-0002-2232-2292,phil,0.95
0000-0002-2243-1587,med,0.95
0000-0002-2250-8804,sowi,0.95
0000-0002-2269-6454,sowi,0.95
0000-0002-2270-5656,med,1
0000-0002-2278-2555,mint,0.95
0000-0002-2280-577X,sowi,0.95
0000-0002-2286-3451,mint,0.95
0000-0002-2292-9297,med,1
0000-0002-2298-1298,mint,0.95
0000-0002-2305-113X,sowi,0.95
0000-0002-2307-0613,phil,0.95
0000-0002-2308-6834,mint,1
0000-0002-2314-7676,med,1
0000-0002-2319-8705,agrar,0.95
0000-0002-2323-8383,agrar,1
0000-0002-2326-6413,sowi,0.95
0000-0002-2329-8511,mint,1
0000-0002-2335-4042,mint,1
0000-0002-2343-8676,mint,1
0000-0002-2350-7790,sowi,0.95
0000-0002-2351-419X,sowi,0.95
0000-0002-2358-2045,tech,1
0000-0002-2362-2422,phil,0.95
0000-0002-2362-5869,mint,1
0000-0002-2363-5522,mint,0.95
0000-0002-2364-8892,mint,0.9
0000-0002-2366-7997,med,0.95
0000-0002-2371-4909,mint,0.95
0000-0002-2377-5963,sowi,0.95
0000-0002-2379-5681,rewi,1
0000-0002-2382-8818,mint,0.95
0000-0002-2383-3596,med,1
0000-0002-2384-1588,sowi,0.95
0000-0002-2385-2287,med,1
0000-0002-2403-9597,med,1
0000-0002-2404-4257,sowi,0.95
0000-0002-2409-0392,mint,1
0000-0002-2413-296X,med,1
0000-0002-2414-2674,med,1
0000-0002-2421-6127,med,1
0000-0002-2429-933X,med,1
0000-0002-2440-4662,phil,0.95
0000-0002-2445-3018,phil,1
0000-0002-2455-5719,mint,0.95
0000-0002-2456-2775,sowi,0.95
0000-0002-2456-827X,phil,0.95
0000-0002-2456-8683,sowi,1
0000-0002-2468-9389,mint,1
0000-0002-2470-1819,med,1
0000-0002-2475-2165,phil,0.95
0000-0002-2483-5139,mint,0.95
0000-0002-2487-535X,mint,0.95
0000-0002-2505-6014,mint,0.95
0000-0002-2507-7472,sowi,0.95
0000-0002-2512-3600,mint,1
0000-0002-2517-3608,agrar,1
0000-0002-2526-0007,sowi,0.95
0000-0002-2539-2165,mint,0.95
0000-0002-2545-9999,mint,0.95
0000-0002-2546-8633,mint,1
0000-0002-2548-0333,phil,0.95
0000-0002-2552-7795,sowi,0.95
0000-0002-2554-4499,mint,1
0000-0002-2554-9150,sowi,0.95
0000-0002-2558-2735,med,1
0000-0002-2572-4131,med,1
0000-0002-2584-546X,sowi,0.95
0000-0002-2592-9348,med,1
0000-0002-2595-6012,agrar,0.95
0000-0002-2597-7120,mint,1
0000-0002-2604-6336,mint,0.95
0000-0002-2607-7415,sowi,0.4
0000-0002-2620-180X,sowi,1
0000-0002-2622-290X,sowi,1
0000-0002-2627-833X,med,0.95
0000-0002-2629-9392,phil,1
0000-0002-2631-6615,mint,1
0000-0002-2632-800X,med,1
0000-0002-2636-3438,agrar,1
0000-0002-2643-3387,mint,1
0000-0002-2650-7956,med,0.95
0000-0002-2651-1293,mint,1
0000-0002-2653-9245,mint,0.95
0000-0002-2656-1194,agrar,1
0000-0002-2656-3878,mint,1
0000-0002-2657-5043,tech,1
0000-0002-2660-625X,med,0.95
0000-0002-2666-5997,med,1
0000-0002-2669-8799,med,1
0000-0002-2680-327X,mint,0.95
0000-0002-2697-3535,sowi,0.95
0000-0002-2700-5317,med,1
0000-0002-2701-3982,mint,0.95
0000-0002-2702-7719,mint,0.95
0000-0002-2704-6178,sowi,0.95
0000-0002-2707-3272,sowi,0.95
0000-0002-2708-6823,sowi,0.95
0000-0002-2709-9595,phil,0.95
0000-0002-2717-8517,med,1
0000-0002-2718-1820,mint,0.95
0000-0002-2718-3738,med,1
0000-0002-2720-2222,med,1
0000-0002-2725-2617,mint,0.95
0000-0002-2727-0882,sowi,0.95
0000-0002-2733-6941,phil,0.95
0000-0002-2753-9845,sowi,0.95
0000-0002-2755-0374,mint,0.95
0000-0002-2755-5730,tech,0.95
0000-0002-2757-7761,mint,1
0000-0002-2772-264X,med,0.95
0000-0002-2775-7981,med,1
0000-0002-2781-5088,med,1
0000-0002-2788-4454,med,0.95
0000-0002-2810-961X,sowi,0.95
0000-0002-2819-069X,sowi,0.95
0000-0002-2822-7202,med,1
0000-0002-2824-7641,phil,0.95
0000-0002-2825-442X,mint,1
0000-0002-2825-5481,sowi,0.9
0000-0002-2827-6127,sowi,1
0000-0002-2831-0647,med,1
0000-0002-2833-3320,agrar,1
0000-0002-2834-8047,med,1
0000-0002-2841-872X,med,1
0000-0002-2846-8102,med,1
0000-0002-2849-7608,med,0.95
0000-0002-2853-7673,mint,1
0000-0002-2856-7303,sowi,0.95
0000-0002-2859-4002,med,1
0000-0002-2864-6087,mint,1
0000-0002-2871-246X,agrar,0.95
0000-0002-2873-9101,med,1
0000-0002-2874-4437,sowi,0.95
0000-0002-2889-7433,mint,1
0000-0002-2891-3448,med,0.95
0000-0002-2892-3742,sowi,1
0000-0002-2892-8658,agrar,1
0000-0002-2894-6119,mint,0.95
0000-0002-2895-1655,mint,0.95
0000-0002-2899-6415,phil,0.95
0000-0002-2900-8378,med,1
0000-0002-2906-2577,mint,1
0000-0002-2909-6785,med,0.95
0000-0002-2921-0664,med,1
0000-0002-2935-0296,med,0.95
0000-0002-2935-4641,sowi,0.95
0000-0002-2937-2380,sowi,0.95
0000-0002-2955-0757,mint,0.95
0000-0002-2966-0534,mint,1
0000-0002-2967-1508,sowi,0.95
0000-0002-2968-0949,med,1
0000-0002-2969-6641,sowi,0.95
0000-0002-2977-6123,med,1
0000-0002-2978-6321,mint,0.95
0000-0002-2980-5676,sowi,0.95
0000-0002-2982-2513,mint,0.95
0000-0002-2985-358X,sowi,0.95
0000-0002-2986-9282,sowi,0.95
0000-0002-2999-1712,mint,0.95
0000-0002-3001-1347,tech,0.95
0000-0002-3003-9999,mint,0.95
0000-0002-3008-5688,mint,0.95
0000-0002-3023-6968,mint,1
0000-0002-3023-9165,mint,1
0000-0002-3024-0211,mint,1
0000-0002-3025-3784,med,1
0000-0002-3026-7211,phil,0.95
0000-0002-3032-399X,NA,NA
0000-0002-3039-0025,phil,1
0000-0002-3061-2767,mint,0.95
0000-0002-3065-1926,phil,0.95
0000-0002-3067-6357,mint,0.95
0000-0002-3067-9056,med,1
0000-0002-3072-5817,agrar,1
0000-0002-3076-3960,med,1
0000-0002-3077-4598,mint,1
0000-0002-3079-0440,med,1
0000-0002-3083-2946,sowi,0.95
0000-0002-3083-8504,med,1
0000-0002-3088-6071,mint,0.95
0000-0002-3088-7082,sowi,0.95
0000-0002-3096-2599,mint,1
0000-0002-3099-7142,mint,1
0000-0002-3106-1151,mint,1
0000-0002-3111-580X,mint,1
0000-0002-3111-7944,mint,0.95
0000-0002-3112-9179,med,1
0000-0002-3116-8071,mint,1
0000-0002-3121-2861,mint,0.95
0000-0002-3123-0285,tech,0.95
0000-0002-3124-1398,med,1
0000-0002-3126-3888,agrar,1
0000-0002-3130-3982,med,1
0000-0002-3130-933X,med,1
0000-0002-3132-8960,sowi,0.9
0000-0002-3133-1414,mint,1
0000-0002-3133-9977,med,1
0000-0002-3134-8697,med,1
0000-0002-3135-9556,mint,0.95
0000-0002-3141-9264,agrar,0.95
0000-0002-3146-150X,mint,1
0000-0002-3153-7228,agrar,0.95
0000-0002-3155-5987,med,1
0000-0002-3165-3480,mint,1
0000-0002-3167-0862,mint,0.95
0000-0002-3172-1164,med,1
0000-0002-3183-7335,sowi,1
0000-0002-3184-9029,mint,1
0000-0002-3186-1773,sowi,1
0000-0002-3187-702X,med,1
0000-0002-3190-2600,phil,0.95
0000-0002-3201-3952,agrar,0.95
0000-0002-3207-2901,mint,1
0000-0002-3212-3561,agrar,1
0000-0002-3214-7707,sowi,0.95
0000-0002-3217-289X,med,0.95
0000-0002-3221-2249,med,1
0000-0002-3221-7541,med,1
0000-0002-3228-316X,phil,0.95
0000-0002-3229-407X,mint,0.95
0000-0002-3229-597X,med,1
0000-0002-3232-7409,mint,0.95
0000-0002-3241-4756,med,1
0000-0002-3243-8782,mint,1
0000-0002-3245-2314,rewi,1
0000-0002-3251-9021,sowi,0.95
0000-0002-3255-3019,med,1
0000-0002-3257-3087,phil,1
0000-0002-3262-2491,sowi,0.95
0000-0002-3265-0011,med,1
0000-0002-3269-4452,med,1
0000-0002-3270-4884,med,1
0000-0002-3270-610X,agrar,1
0000-0002-3272-9459,med,1
0000-0002-3273-2826,mint,1
0000-0002-3273-8435,med,1
0000-0002-3280-0198,sowi,0.95
0000-0002-3280-1166,mint,0.95
0000-0002-3281-7600,mint,1
0000-0002-3292-5652,sowi,1
0000-0002-3293-5770,agrar,1
0000-0002-3298-8434,med,1
0000-0002-3306-3484,mint,1
0000-0002-3308-324X,mint,1
0000-0002-3319-5655,agrar,0.95
0000-0002-3321-9266,med,0.95
0000-0002-3322-3425,mint,1
0000-0002-3323-807X,mint,1
0000-0002-3324-885X,mint,1
0000-0002-3328-2193,med,0.95
0000-0002-3338-8043,med,1
0000-0002-3341-669X,med,1
0000-0002-3347-3547,mint,1
0000-0002-3347-6254,jura,0.95
0000-0002-3350-0445,mint,1
0000-0002-3351-3588,mint,0.95
0000-0002-3354-3832,sowi,0.95
0000-0002-3354-4798,sowi,0.95
0000-0002-3355-8815,mint,0.95
0000-0002-3365-8146,mint,0.95
0000-0002-3365-9528,mint,1
0000-0002-3370-1669,sowi,0.95
0000-0002-3372-2021,med,0.95
0000-0002-3387-5343,mint,0.95
0000-0002-3388-0636,med,1
0000-0002-3406-2600,sowi,0.95
0000-0002-3415-0555,mint,0.95
0000-0002-3418-8094,sowi,0.95
0000-0002-3420-9510,sowi,1
0000-0002-3430-9378,mint,1
0000-0002-3431-8311,mint,0.95
0000-0002-3433-4258,med,1
0000-0002-3438-2161,mint,1
0000-0002-3442-9011,phil,0.95
0000-0002-3449-418X,mint,1
0000-0002-3450-8457,phil,0.95
0000-0002-3450-8748,phil,0.5
0000-0002-3451-7492,sowi,0.95
0000-0002-3452-0683,med,1
0000-0002-3455-5229,sowi,0.95
0000-0002-3461-2668,med,1
0000-0002-3462-0107,mint,1
0000-0002-3462-7552,agrar,0.95
0000-0002-3470-3260,med,0.95
0000-0002-3471-7523,sowi,0.95
0000-0002-3472-3819,agrar,1
0000-0002-3475-4842,mint,1
0000-0002-3480-7115,med,1
0000-0002-3480-8492,mint,1
0000-0002-3486-5067,sowi,0.95
0000-0002-3489-3834,mint,0.95
0000-0002-3490-7239,mint,1
0000-0002-3496-1649,sowi,0.95
0000-0002-3498-8024,agrar,0.95
0000-0002-3499-4328,med,0.95
0000-0002-3509-0232,med,0.95
0000-0002-3510-9255,med,1
0000-0002-3514-1976,med,1
0000-0002-3526-2962,sowi,0.95
0000-0002-3528-0554,agrar,0.95
0000-0002-3528-7860,mint,0.8
0000-0002-3528-8679,sowi,0.9
0000-0002-3535-7101,mint,0.95
0000-0002-3536-7131,sowi,0.95
0000-0002-3537-6011,med,1
0000-0002-3538-197X,phil,1
0000-0002-3539-4877,tech,0.95
0000-0002-3543-5974,med,0.95
0000-0002-3548-5357,sowi,0.95
0000-0002-3556-0660,tech,0.95
0000-0002-3570-0029,sowi,0.95
0000-0002-3578-3848,agrar,1
0000-0002-3580-2105,tech,0.95
0000-0002-3586-3194,med,1
0000-0002-3597-6367,med,1
0000-0002-3599-8574,sowi,0.95
0000-0002-3604-2259,agrar,0.95
0000-0002-3609-7954,sowi,0.95
0000-0002-3610-7219,mint,1
0000-0002-3610-9775,sowi,1
0000-0002-3610-9863,med,1
0000-0002-3612-7455,rewi,1
0000-0002-3616-0642,mint,0.95
0000-0002-3616-9815,sowi,1
0000-0002-3619-9985,sowi,0.95
0000-0002-3623-4963,mint,0.95
0000-0002-3624-9639,mint,1
0000-0002-3625-6695,sowi,0.95
0000-0002-3627-1844,tech,1
0000-0002-3637-8609,mint,0.95
0000-0002-3643-333X,agrar,1
0000-0002-3647-473X,mint,0.95
0000-0002-3655-6364,mint,0.95
0000-0002-3666-6459,med,1
0000-0002-3669-2892,med,1
0000-0002-3671-7420,sowi,0.95
0000-0002-3672-7696,med,1
0000-0002-3673-3826,agrar,0.95
0000-0002-3683-8759,phil,0.95
0000-0002-3685-7159,med,0.95
0000-0002-3690-3178,mint,1
0000-0002-3694-1465,mint,0.95
0000-0002-3695-3327,med,1
0000-0002-3697-972X,mint,0.95
0000-0002-3704-2381,mint,0.95
0000-0002-3708-1727,med,1
0000-0002-3726-8268,agrar,1
0000-0002-3735-9872,med,1
0000-0002-3738-9377,mint,0.95
0000-0002-3742-1015,mint,0.95
0000-0002-3747-0845,sowi,0.95
0000-0002-3763-3464,mint,1
0000-0002-3767-6376,med,1
0000-0002-3776-638X,med,1
0000-0002-3782-1983,sowi,1
0000-0002-3796-2874,mint,1
0000-0002-3799-469X,sowi,1
0000-0002-3808-9317,med,1
0000-0002-3814-2333,mint,0.95
0000-0002-3815-3446,mint,0.98
0000-0002-3816-6749,med,1
0000-0002-3820-8574,sowi,0.95
0000-0002-3824-5244,mint,1
0000-0002-3842-1236,med,1
0000-0002-3842-1447,mint,0.9
0000-0002-3844-8041,med,1
0000-0002-3846-4279,mint,0.95
0000-0002-3849-4339,mint,1
0000-0002-3852-4454,phil,0.95
0000-0002-3861-1005,mint,0.95
0000-0002-3867-7215,mint,1
0000-0002-3876-7739,sowi,0.95
0000-0002-3885-412X,sowi,0.95
0000-0002-3890-502X,med,1
0000-0002-3891-0136,mint,0.95
0000-0002-3892-1433,mint,0.95
0000-0002-3893-9633,sowi,0.95
0000-0002-3901-2258,mint,0.95
0000-0002-3901-3496,sowi,0.95
0000-0002-3906-375X,phil,0.95
0000-0002-3906-5544,sowi,0.95
0000-0002-3916-0357,med,1
0000-0002-3916-215X,sowi,0.85
0000-0002-3918-464X,sowi,0.95
0000-0002-3922-7099,agrar,1
0000-0002-3924-0971,med,1
0000-0002-3927-6616,tech,0.95
0000-0002-3942-0235,sowi,0.95
0000-0002-3943-0564,med,1
0000-0002-3946-5695,sowi,0.95
0000-0002-3947-3679,mint,1
0000-0002-3951-8638,sowi,0.95
0000-0002-3952-0893,mint,1
0000-0002-3961-518X,mint,1
0000-0002-3964-997X,med,1
0000-0002-3971-5842,med,1
0000-0002-3975-3822,med,1
0000-0002-3990-3771,med,1
0000-0002-3992-2171,mint,0.85
0000-0002-4000-5362,mint,0.95
0000-0002-4033-2996,sowi,0.95
0000-0002-4040-0215,mint,1
0000-0002-4048-2978,med,1
0000-0002-4051-6824,med,0.95
0000-0002-4053-2824,agrar,0.95
0000-0002-4054-1149,sowi,0.95
0000-0002-4068-1539,med,1
0000-0002-4068-2072,sowi,1
0000-0002-4068-9071,sowi,0.95
0000-0002-4071-0512,agrar,1
0000-0002-4071-1590,sowi,0.95
0000-0002-4075-4603,med,1
0000-0002-4091-8620,sowi,0.95
0000-0002-4109-3317,mint,1
0000-0002-4121-5011,sowi,1
0000-0002-4122-1091,mint,0.95
0000-0002-4123-3850,med,1
0000-0002-4133-9612,mint,1
0000-0002-4140-2669,mint,1
0000-0002-4140-8876,mint,0.95
0000-0002-4147-9340,sowi,0.95
0000-0002-4149-5666,med,1
0000-0002-4149-9480,sowi,0.95
0000-0002-4159-6635,sowi,0.95
0000-0002-4160-7103,med,0.95
0000-0002-4161-205X,agrar,0.95
0000-0002-4163-4224,sowi,0.95
0000-0002-4168-2795,med,1
0000-0002-4173-2166,med,1
0000-0002-4177-6644,mint,0.95
0000-0002-4182-3332,sowi,1
0000-0002-4186-5997,mint,0.95
0000-0002-4190-8133,sowi,0.95
0000-0002-4194-4927,mint,0.95
0000-0002-4203-8483,sowi,0.95
0000-0002-4204-6547,tech,1
0000-0002-4208-7592,agrar,0.95
0000-0002-4211-0625,mint,1
0000-0002-4233-9403,mint,0.95
0000-0002-4234-7833,med,0.95
0000-0002-4236-0739,phil,0.9
0000-0002-4237-9480,med,1
0000-0002-4239-5843,agrar,0.95
0000-0002-4245-8306,agrar,0.95
0000-0002-4247-3776,mint,1
0000-0002-4255-7144,med,1
0000-0002-4258-0651,med,1
0000-0002-4271-5739,med,1
0000-0002-4273-1376,med,1
0000-0002-4278-1963,mint,1
0000-0002-4287-1205,mint,0.95
0000-0002-4298-4605,sowi,0.95
0000-0002-4298-9617,mint,1
0000-0002-4299-8791,mint,1
0000-0002-4300-5675,mint,1
0000-0002-4319-017X,mint,1
0000-0002-4319-1842,sowi,0.95
0000-0002-4331-518X,mint,0.95
0000-0002-4332-6110,med,0.95
0000-0002-4337-6169,mint,1
0000-0002-4342-4837,sowi,1
0000-0002-4343-5886,mint,1
0000-0002-4348-5066,med,1
0000-0002-4352-0386,mint,1
0000-0002-4352-5195,agrar,0.95
0000-0002-4368-9165,mint,0.95
0000-0002-4371-6434,agrar,1
0000-0002-4374-1197,sowi,1
0000-0002-4374-8903,sowi,0.95
0000-0002-4390-6086,mint,1
0000-0002-4391-4182,med,1
0000-0002-4391-7308,sowi,0.95
0000-0002-4392-6167,mint,1
0000-0002-4395-0570,phil,0.95
0000-0002-4403-9359,sowi,1
0000-0002-4406-9654,agrar,1
0000-0002-4409-9896,med,1
0000-0002-4411-3299,agrar,1
0000-0002-4430-3519,med,1
0000-0002-4441-9474,mint,0.95
0000-0002-4451-8894,sowi,1
0000-0002-4453-1204,mint,1
0000-0002-4453-9564,mint,1
0000-0002-4458-9334,sowi,0.95
0000-0002-4467-642X,mint,1
0000-0002-4474-5296,sowi,0.95
0000-0002-4480-1091,sowi,0.95
0000-0002-4486-6231,med,1
0000-0002-4490-1746,mint,0.95
0000-0002-4492-696X,med,1
0000-0002-4492-8869,mint,1
0000-0002-4493-0395,med,0.95
0000-0002-4496-0383,mint,0.95
0000-0002-4497-1920,mint,0.95
0000-0002-4499-0275,phil,0.95
0000-0002-4505-0592,tech,1
0000-0002-4514-2462,NA,NA
0000-0002-4522-2788,med,1
0000-0002-4526-2472,mint,1
0000-0002-4538-877X,med,1
0000-0002-4544-8242,mint,1
0000-0002-4548-7241,med,1
0000-0002-4562-9254,sowi,0.9
0000-0002-4563-3675,med,1
0000-0002-4570-7507,sowi,0.95
0000-0002-4582-6610,sowi,0.9
0000-0002-4589-7814,mint,1
0000-0002-4596-946X,mint,1
0000-0002-4603-6485,mint,0.95
0000-0002-4603-9504,med,1
0000-0002-4604-9868,sowi,1
0000-0002-4608-0072,mint,1
0000-0002-4608-7821,mint,1
0000-0002-4612-2818,agrar,0.95
0000-0002-4622-6051,med,1
0000-0002-4623-5070,mint,0.95
0000-0002-4640-6503,agrar,0.95
0000-0002-4651-3616,mint,1
0000-0002-4655-1743,mint,0.95
0000-0002-4655-6501,agrar,0.95
0000-0002-4656-7104,phil,0.95
0000-0002-4663-6587,med,1
0000-0002-4673-4806,mint,0.9
0000-0002-4673-6190,sowi,0.95
0000-0002-4679-7137,med,1
0000-0002-4681-7476,mint,1
0000-0002-4686-7780,sowi,0.95
0000-0002-4697-1342,mint,0.95
0000-0002-4706-4533,sowi,1
0000-0002-4712-2107,sowi,0.95
0000-0002-4714-7275,med,1
0000-0002-4717-7618,med,1
0000-0002-4728-9548,med,1
0000-0002-4729-1920,med,0.95
0000-0002-4733-074X,sowi,0.95
0000-0002-4733-2243,sowi,0.95
0000-0002-4735-774X,jura,1
0000-0002-4741-1179,mint,1
0000-0002-4741-6682,sowi,1
0000-0002-4742-050X,med,1
0000-0002-4743-1559,sowi,0.95
0000-0002-4756-1679,phil,1
0000-0002-4764-6867,sowi,0.95
0000-0002-4765-279X,sowi,0.95
0000-0002-4768-1785,med,0.95
0000-0002-4778-2797,med,1
0000-0002-4781-2386,agrar,1
0000-0002-4785-1449,med,1
0000-0002-4795-5803,sowi,0.95
0000-0002-4796-3053,mint,0.95
0000-0002-4799-2102,agrar,1
0000-0002-4802-3872,mint,0.95
0000-0002-4812-3312,sowi,0.95
0000-0002-4827-4014,med,1
0000-0002-4829-5114,NA,NA
0000-0002-4829-5237,mint,1
0000-0002-4832-1546,mint,1
0000-0002-4832-1976,sowi,0.95
0000-0002-4834-6022,med,1
0000-0002-4834-7965,mint,0.95
0000-0002-4835-3695,med,1
0000-0002-4837-666X,agrar,0.95
0000-0002-4842-2451,med,1
0000-0002-4842-7076,mint,0.95
0000-0002-4846-1434,mint,1
0000-0002-4863-6740,agrar,0.95
0000-0002-4867-9935,mint,0.95
0000-0002-4880-7773,med,1
0000-0002-4882-7942,med,1
0000-0002-4883-8756,sowi,1
0000-0002-4888-7048,sowi,0.95
0000-0002-4891-0674,sowi,0.95
0000-0002-4898-3013,sowi,0.95
0000-0002-4903-9542,med,0.95
0000-0002-4907-4348,sowi,0.95
0000-0002-4909-3127,mint,0.95
0000-0002-4910-288X,sowi,0.95
0000-0002-4912-2848,mint,1
0000-0002-4913-4726,agrar,0.95
0000-0002-4927-8033,med,1
0000-0002-4933-5931,mint,0.95
0000-0002-4939-590X,mint,1
0000-0002-4941-2845,mint,0.95
0000-0002-4943-2141,med,1
0000-0002-4943-4462,mint,0.95
0000-0002-4954-7520,sowi,1
0000-0002-4958-5367,agrar,0.95
0000-0002-4961-6565,mint,1
0000-0002-4962-5330,sowi,0.95
0000-0002-4965-1862,sowi,0.95
0000-0002-4968-0620,phil,0.95
0000-0002-4976-2431,agrar,1
0000-0002-4977-351X,agrar,1
0000-0002-4983-5645,agrar,1
0000-0002-4985-5275,phil,0.85
0000-0002-4987-5399,mint,1
0000-0002-4994-0453,sowi,0.95
0000-0002-4995-4951,med,0.95
0000-0002-4998-0586,med,1
0000-0002-5009-8830,med,0.95
0000-0002-5014-4593,sowi,0.95
0000-0002-5018-8174,mint,1
0000-0002-5023-3887,med,1
0000-0002-5025-7213,sowi,1
0000-0002-5033-1938,med,1
0000-0002-5034-937X,mint,0.95
0000-0002-5038-3850,phil,0.9
0000-0002-5044-6508,med,1
0000-0002-5052-0763,mint,1
0000-0002-5057-6038,mint,1
0000-0002-5057-899X,mint,1
0000-0002-5059-6477,med,1
0000-0002-5064-6155,med,1
0000-0002-5068-7117,mint,1
0000-0002-5072-0220,agrar,0.95
0000-0002-5081-8498,sowi,0.95
0000-0002-5097-8141,med,0.95
0000-0002-5100-9916,med,1
0000-0002-5102-4040,sowi,0.95
0000-0002-5108-1993,sowi,0.95
0000-0002-5108-2558,mint,1
0000-0002-5108-6612,sowi,0.95
0000-0002-5111-6519,agrar,0.95
0000-0002-5118-9523,med,1
0000-0002-5120-5140,med,1
0000-0002-5121-1460,med,1
0000-0002-5122-8924,sowi,0.95
0000-0002-5126-2612,sowi,0.95
0000-0002-5127-2271,mint,1
0000-0002-5128-0415,phil,1
0000-0002-5128-722X,sowi,1
0000-0002-5129-2432,sowi,0.85
0000-0002-5132-2961,mint,1
0000-0002-5135-1914,med,1
0000-0002-5136-4774,mint,0.95
0000-0002-5137-9976,med,1
0000-0002-5148-8136,mint,1
0000-0002-5155-5415,mint,0.95
0000-0002-5157-5221,mint,0.95
0000-0002-5173-9492,med,1
0000-0002-5176-0507,med,0.95
0000-0002-5178-0364,med,1
0000-0002-5179-5005,mint,1
0000-0002-5184-2860,med,1
0000-0002-5186-519X,mint,1
0000-0002-5189-5487,mint,1
0000-0002-5189-6615,med,1
0000-0002-5191-0122,med,1
0000-0002-5192-4858,mint,0.95
0000-0002-5196-7575,mint,1
0000-0002-5199-1495,sowi,0.95
0000-0002-5203-809X,sowi,0.95
0000-0002-5204-8482,sowi,0.95
0000-0002-5208-8556,sowi,0.95
0000-0002-5211-5593,med,1
0000-0002-5216-9110,mint,1
0000-0002-5220-5943,sowi,1
0000-0002-5221-5922,mint,0.95
0000-0002-5225-8164,mint,0.95
0000-0002-5236-3116,mint,0.95
0000-0002-5242-6957,med,1
0000-0002-5249-4044,mint,0.95
0000-0002-5252-1719,med,1
0000-0002-5252-4485,agrar,1
0000-0002-5256-3070,mint,0.95
0000-0002-5257-604X,mint,1
0000-0002-5276-0058,mint,1
0000-0002-5279-1444,mint,0.95
0000-0002-5279-7758,sowi,0.95
0000-0002-5280-1075,sowi,1
0000-0002-5287-1110,mint,1
0000-0002-5293-5604,mint,0.95
0000-0002-5310-0385,sowi,0.95
0000-0002-5310-9849,med,1
0000-0002-5312-2226,mint,1
0000-0002-5318-665X,mint,0.9
0000-0002-5319-9477,sowi,0.95
0000-0002-5320-4002,sowi,0.95
0000-0002-5325-3939,phil,0.95
0000-0002-5325-8182,med,1
0000-0002-5329-9697,mint,1
0000-0002-5330-6885,sowi,0.85
0000-0002-5336-0582,sowi,0.95
0000-0002-5341-9951,mint,1
0000-0002-5342-0450,mint,1
0000-0002-5344-4188,mint,0.95
0000-0002-5348-2512,mint,1
0000-0002-5357-3174,mint,0.95
0000-0002-5357-4230,mint,1
0000-0002-5368-6136,sowi,0.95
0000-0002-5370-199X,mint,1
0000-0002-5375-205X,sowi,0.95
0000-0002-5376-9011,mint,0.9
0000-0002-5377-3344,mint,0.95
0000-0002-5397-3047,med,1
0000-0002-5405-9716,med,1
0000-0002-5409-0799,sowi,0.95
0000-0002-5416-0179,sowi,0.95
0000-0002-5418-0831,med,0.95
0000-0002-5429-5292,sowi,0.95
0000-0002-5435-1880,sowi,0.95
0000-0002-5435-4037,sowi,1
0000-0002-5439-0564,sowi,0.95
0000-0002-5439-6464,mint,1
0000-0002-5440-7805,med,1
0000-0002-5452-2424,mint,0.95
0000-0002-5453-8960,med,1
0000-0002-5456-6881,med,1
0000-0002-5461-3289,tech,1
0000-0002-5467-9253,med,1
0000-0002-5469-105X,mint,1
0000-0002-5476-3244,agrar,1
0000-0002-5481-4822,med,1
0000-0002-5482-7754,phil,1
0000-0002-5483-9616,med,1
0000-0002-5486-0765,med,0.95
0000-0002-5491-2609,mint,1
0000-0002-5514-4146,med,1
0000-0002-5518-0411,sowi,0.95
0000-0002-5534-1107,med,1
0000-0002-5539-7653,sowi,1
0000-0002-5549-5018,mint,1
0000-0002-5560-3605,med,1
0000-0002-5565-5536,med,1
0000-0002-5566-3472,med,1
0000-0002-5578-0193,sowi,0.85
0000-0002-5591-6724,mint,0.95
0000-0002-5599-5792,mint,1
0000-0002-5606-9272,mint,0.95
0000-0002-5616-7833,med,1
0000-0002-5620-1528,med,1
0000-0002-5623-5584,mint,0.95
0000-0002-5624-4413,sowi,0.9
0000-0002-5636-7704,mint,1
0000-0002-5652-3631,agrar,1
0000-0002-5652-7499,med,1
0000-0002-5654-239X,sowi,0.95
0000-0002-5668-307X,med,1
0000-0002-5669-9979,med,1
0000-0002-5670-2808,mint,1
0000-0002-5677-1096,sowi,0.95
0000-0002-5680-1734,mint,1
0000-0002-5682-9665,med,0.95
0000-0002-5687-0270,NA,NA
0000-0002-5687-5776,med,0.95
0000-0002-5689-3448,med,1
0000-0002-5693-5513,mint,1
0000-0002-5700-2029,med,0.95
0000-0002-5709-7507,mint,0.98
0000-0002-5712-8203,mint,1
0000-0002-5713-9682,mint,1
0000-0002-5715-9210,med,1
0000-0002-5717-1623,mint,1
0000-0002-5719-9634,tech,0.8
0000-0002-5722-7869,phil,0.95
0000-0002-5745-4797,med,1
0000-0002-5757-4553,mint,1
0000-0002-5760-1662,sowi,0.95
0000-0002-5761-560X,mint,1
0000-0002-5772-7863,mint,1
0000-0002-5777-5347,mint,1
0000-0002-5784-0647,sowi,0.95
0000-0002-5793-2285,mint,0.95
0000-0002-5804-4511,mint,0.95
0000-0002-5807-1632,mint,1
0000-0002-5815-7217,mint,0.95
0000-0002-5817-5589,med,1
0000-0002-5819-777X,med,1
0000-0002-5823-3208,med,1
0000-0002-5825-8069,mint,1
0000-0002-5826-1217,med,1
0000-0002-5827-7964,mint,1
0000-0002-5846-4321,sowi,0.9
0000-0002-5848-033X,sowi,0.5
0000-0002-5850-002X,mint,0.95
0000-0002-5852-9519,NA,NA
0000-0002-5854-1323,phil,0.95
0000-0002-5862-9229,sowi,0.95
0000-0002-5863-0203,sowi,0.95
0000-0002-5866-9423,med,1
0000-0002-5878-4026,tech,0.95
0000-0002-5878-8887,med,1
0000-0002-5880-6280,agrar,0.95
0000-0002-5884-1318,mint,1
0000-0002-5891-3879,phil,1
0000-0002-5893-2527,med,1
0000-0002-5894-1677,med,1
0000-0002-5899-1738,med,1
0000-0002-5899-9748,mint,0.95
0000-0002-5899-9959,mint,0.95
0000-0002-5903-9976,sowi,1
0000-0002-5907-4245,med,1
0000-0002-5911-805X,sowi,0.95
0000-0002-5916-3061,phil,0.95
0000-0002-5920-8709,mint,0.95
0000-0002-5924-796X,med,1
0000-0002-5936-5464,sowi,0.95
0000-0002-5942-8664,mint,0.95
0000-0002-5945-4336,med,1
0000-0002-5953-6497,med,1
0000-0002-5956-3006,med,1
0000-0002-5956-8309,med,1
0000-0002-5957-4100,sowi,0.95
0000-0002-5960-930X,mint,1
0000-0002-5961-7617,mint,1
0000-0002-5976-3470,med,1
0000-0002-5976-4537,agrar,1
0000-0002-5982-4843,mint,0.95
0000-0002-5993-7709,mint,1
0000-0002-5998-2171,med,1
0000-0002-5999-6522,sowi,0.95
0000-0002-6001-1372,jura,1
0000-0002-6002-6750,med,1
0000-0002-6003-649X,agrar,0.95
0000-0002-6010-6574,sowi,0.95
0000-0002-6018-5030,mint,0.95
0000-0002-6028-0046,mint,0.95
0000-0002-6031-3100,sowi,0.95
0000-0002-6032-2760,mint,0.95
0000-0002-6035-2935,mint,0.95
0000-0002-6037-6638,mint,0.95
0000-0002-6038-8567,med,1
0000-0002-6040-8337,sowi,0.95
0000-0002-6065-2188,phil,0.95
0000-0002-6074-0305,sowi,0.95
0000-0002-6075-3990,med,1
0000-0002-6082-1199,mint,0.95
0000-0002-6084-4227,med,0.95
0000-0002-6085-4433,agrar,0.95
0000-0002-6085-453X,sowi,1
0000-0002-6103-105X,med,1
0000-0002-6103-4760,sowi,0.95
0000-0002-6109-5176,mint,1
0000-0002-6129-5493,sowi,0.95
0000-0002-6136-8170,med,1
0000-0002-6136-9499,med,0.95
0000-0002-6137-7499,med,1
0000-0002-6138-6707,med,0.95
0000-0002-6140-7918,mint,0.95
0000-0002-6142-5577,med,1
0000-0002-6147-5865,med,1
0000-0002-6151-6989,mint,1
0000-0002-6160-9675,mint,0.95
0000-0002-6163-8783,med,1
0000-0002-6164-6978,mint,1
0000-0002-6173-2999,agrar,0.95
0000-0002-6179-775X,mint,0.95
0000-0002-6180-1667,mint,0.95
0000-0002-6183-8136,sowi,1
0000-0002-6196-6488,phil,0.95
0000-0002-6198-8564,mint,0.95
0000-0002-6209-0131,med,1
0000-0002-6219-2795,sowi,0.95
0000-0002-6225-8600,med,1
0000-0002-6239-0169,mint,1
0000-0002-6239-8312,mint,0.95
0000-0002-6245-0133,mint,0.95
0000-0002-6245-3318,phil,0.95
0000-0002-6248-9388,mint,0.95
0000-0002-6251-5777,mint,1
0000-0002-6257-8786,mint,1
0000-0002-6260-0306,sowi,0.95
0000-0002-6269-1690,mint,0.95
0000-0002-6269-5528,phil,1
0000-0002-6280-3218,mint,0.95
0000-0002-6280-785X,med,1
0000-0002-6290-5492,sowi,0.95
0000-0002-6297-7154,med,1
0000-0002-6297-7808,phil,0.95
0000-0002-6302-4523,sowi,0.95
0000-0002-6303-8212,med,1
0000-0002-6305-1433,sowi,0.95
0000-0002-6306-3653,med,1
0000-0002-6308-5764,mint,1
0000-0002-6309-5954,sowi,1
0000-0002-6321-0465,mint,1
0000-0002-6325-2040,sowi,0.98
0000-0002-6336-5897,mint,0.95
0000-0002-6345-2851,mint,0.95
0000-0002-6345-8428,mint,0.95
0000-0002-6348-1759,med,1
0000-0002-6350-4180,mint,0.95
0000-0002-6358-8783,NA,NA
0000-0002-6359-8797,med,0.95
0000-0002-6360-7024,sowi,0.95
0000-0002-6373-5923,mint,0.95
0000-0002-6377-0016,sowi,0.95
0000-0002-6379-2039,med,1
0000-0002-6382-6681,med,1
0000-0002-6390-1055,agrar,1
0000-0002-6391-1341,med,1
0000-0002-6398-9173,agrar,0.95
0000-0002-6399-5493,mint,1
0000-0002-6405-5276,mint,0.95
0000-0002-6408-2629,med,1
0000-0002-6416-240X,mint,0.95
0000-0002-6416-5619,med,1
0000-0002-6427-2385,mint,1
0000-0002-6428-1062,mint,1
0000-0002-6428-6496,mint,1
0000-0002-6442-246X,med,1
0000-0002-6455-7823,agrar,0.95
0000-0002-6460-6947,sowi,0.95
0000-0002-6461-3864,mint,0.95
0000-0002-6462-4395,sowi,1
0000-0002-6466-5306,med,1
0000-0002-6478-4065,sowi,0.95
0000-0002-6480-7984,sowi,0.95
0000-0002-6485-5601,mint,1
0000-0002-6490-125X,sowi,1
0000-0002-6490-9809,mint,0.95
0000-0002-6494-2596,agrar,1
0000-0002-6499-4855,med,0.95
0000-0002-6502-4148,mint,1
0000-0002-6502-8878,mint,0.95
0000-0002-6508-3447,sowi,1
0000-0002-6514-1272,mint,1
0000-0002-6515-5965,phil,0.95
0000-0002-6523-9659,med,1
0000-0002-6533-3928,mint,1
0000-0002-6534-6526,mint,0.95
0000-0002-6535-1050,mint,0.95
0000-0002-6537-6952,sowi,1
0000-0002-6537-9483,mint,0.95
0000-0002-6540-2903,mint,0.95
0000-0002-6541-3127,med,1
0000-0002-6542-6630,sowi,0.95
0000-0002-6550-0132,med,1
0000-0002-6551-6716,sowi,0.95
0000-0002-6554-3968,mint,1
0000-0002-6557-3497,mint,0.95
0000-0002-6558-1462,mint,1
0000-0002-6562-0230,med,1
0000-0002-6562-2041,med,0.95
0000-0002-6562-5197,med,1
0000-0002-6571-8043,tech,1
0000-0002-6572-1816,sowi,1
0000-0002-6575-6824,med,1
0000-0002-6576-8841,mint,1
0000-0002-6583-460X,med,1
0000-0002-6613-0583,mint,0.95
0000-0002-6625-0913,mint,1
0000-0002-6631-4868,mint,0.95
0000-0002-6634-4987,mint,0.95
0000-0002-6634-8099,sowi,0.95
0000-0002-6635-1706,med,1
0000-0002-6645-4684,mint,0.95
0000-0002-6646-4778,sowi,0.95
0000-0002-6649-5064,sowi,0.95
0000-0002-6667-7757,med,1
0000-0002-6671-4984,mint,0.95
0000-0002-6672-8147,med,0.95
0000-0002-6674-2440,sowi,0.95
0000-0002-6676-4957,med,1
0000-0002-6677-2164,mint,0.95
0000-0002-6677-2674,med,1
0000-0002-6678-7964,med,0.95
0000-0002-6679-2210,mint,1
0000-0002-6687-5470,med,1
0000-0002-6688-9637,med,1
0000-0002-6689-767X,mint,1
0000-0002-6689-8111,mint,1
0000-0002-6692-0665,mint,1
0000-0002-6694-9492,sowi,0.95
0000-0002-6698-1388,mint,1
0000-0002-6698-6218,sowi,0.95
0000-0002-6701-4429,agrar,0.95
0000-0002-6711-2539,mint,0.85
0000-0002-6712-0918,mint,1
0000-0002-6713-8317,mint,1
0000-0002-6717-6110,agrar,1
0000-0002-6717-8343,mint,1
0000-0002-6720-5882,mint,1
0000-0002-6722-9788,mint,1
0000-0002-6736-1260,mint,1
0000-0002-6742-0478,sowi,0.95
0000-0002-6746-9925,med,1
0000-0002-6747-1769,mint,0.95
0000-0002-6749-010X,mint,0.95
0000-0002-6752-463X,med,1
0000-0002-6753-9460,mint,1
0000-0002-6757-0572,mint,0.95
0000-0002-6762-3283,mint,1
0000-0002-6763-5110,mint,0.95
0000-0002-6769-126X,med,1
0000-0002-6775-5526,sowi,0.95
0000-0002-6780-9125,mint,1
0000-0002-6785-2537,sowi,0.95
0000-0002-6794-0385,mint,0.95
0000-0002-6803-2020,mint,0.95
0000-0002-6804-6166,sowi,0.9
0000-0002-6807-604X,mint,1
0000-0002-6815-4220,mint,1
0000-0002-6815-9806,agrar,0.95
0000-0002-6817-3595,mint,1
0000-0002-6817-6542,sowi,1
0000-0002-6819-373X,mint,0.95
0000-0002-6821-5580,mint,1
0000-0002-6822-9659,sowi,0.95
0000-0002-6823-2268,phil,0.95
0000-0002-6833-9292,NA,NA
0000-0002-6836-4199,sowi,0.95
0000-0002-6850-9570,mint,0.95
0000-0002-6860-1641,tech,1
0000-0002-6860-2812,mint,1
0000-0002-6863-3344,mint,0.95
0000-0002-6866-022X,med,1
0000-0002-6868-6307,mint,0.95
0000-0002-6872-2144,mint,1
0000-0002-6872-6188,mint,1
0000-0002-6872-9805,med,1
0000-0002-6877-4964,mint,0.95
0000-0002-6882-5186,agrar,0.95
0000-0002-6884-5515,mint,1
0000-0002-6886-2745,med,1
0000-0002-6887-4885,mint,1
0000-0002-6887-9352,mint,0.95
0000-0002-6893-2643,agrar,0.95
0000-0002-6894-2577,sowi,0.95
0000-0002-6898-1568,mint,1
0000-0002-6898-6887,med,1
0000-0002-6901-6524,mint,1
0000-0002-6910-8461,med,1
0000-0002-6911-9558,med,1
0000-0002-6912-2319,sowi,1
0000-0002-6912-7865,mint,1
0000-0002-6913-7748,mint,1
0000-0002-6918-3402,mint,1
0000-0002-6923-023X,sowi,0.95
0000-0002-6933-1807,sowi,0.95
0000-0002-6934-160X,med,1
0000-0002-6935-948X,agrar,1
0000-0002-6938-2284,mint,0.95
0000-0002-6938-6656,agrar,1
0000-0002-6939-2255,med,1
0000-0002-6946-4757,med,1
0000-0002-6952-4123,mint,1
0000-0002-6954-0633,med,1
0000-0002-6960-1002,mint,1
0000-0002-6971-3178,med,0.95
0000-0002-6972-1119,med,1
0000-0002-6975-9774,agrar,0.95
0000-0002-6977-9900,mint,1
0000-0002-6983-0323,med,1
0000-0002-6987-6786,mint,0.95
0000-0002-6989-6250,med,1
0000-0002-6989-8002,med,1
0000-0002-6998-6627,sowi,0.95
0000-0002-7004-9227,mint,0.9
0000-0002-7007-879X,sowi,1
0000-0002-7008-1673,med,0.95
0000-0002-7010-5532,mint,1
0000-0002-7012-1196,med,1
0000-0002-7014-2405,agrar,1
0000-0002-7020-1401,med,1
0000-0002-7027-8804,sowi,1
0000-0002-7030-2587,mint,0.95
0000-0002-7046-6629,sowi,1
0000-0002-7051-6788,phil,0.95
0000-0002-7051-7350,med,1
0000-0002-7060-1296,NA,NA
0000-0002-7072-0738,tech,0.95
0000-0002-7073-0733,tech,1
0000-0002-7078-9700,mint,1
0000-0002-7081-0629,mint,1
0000-0002-7088-8178,agrar,1
0000-0002-7093-3514,sowi,1
0000-0002-7101-0914,mint,0.95
0000-0002-7103-6612,mint,0.95
0000-0002-7108-2256,sowi,1
0000-0002-7108-8615,med,1
0000-0002-7116-2280,agrar,1
0000-0002-7117-3473,sowi,0.95
0000-0002-7127-0134,mint,0.95
0000-0002-7127-6413,med,1
0000-0002-7132-4438,agrar,1
0000-0002-7133-8717,mint,0.95
0000-0002-7135-2690,mint,0.95
0000-0002-7136-1896,mint,0.98
0000-0002-7138-2152,sowi,0.95
0000-0002-7141-1048,sowi,0.95
0000-0002-7147-1008,agrar,0.95
0000-0002-7147-2297,tech,0.95
0000-0002-7154-7789,sowi,1
0000-0002-7155-9245,med,0.95
0000-0002-7156-7042,phil,0.95
0000-0002-7162-9821,med,1
0000-0002-7164-5557,mint,1
0000-0002-7165-0428,sowi,0.95
0000-0002-7169-675X,med,0.95
0000-0002-7171-3062,NA,NA
0000-0002-7187-1079,mint,1
0000-0002-7188-4232,mint,1
0000-0002-7189-879X,med,1
0000-0002-7194-6034,med,0.95
0000-0002-7195-4253,mint,0.95
0000-0002-7203-0044,mint,0.95
0000-0002-7209-9295,phil,1
0000-0002-7212-7997,mint,1
0000-0002-7213-3596,mint,1
0000-0002-7233-921X,med,0.95
0000-0002-7237-3987,mint,0.95
0000-0002-7242-0712,sowi,1
0000-0002-7256-5073,mint,1
0000-0002-7265-6960,tech,0.95
0000-0002-7280-2411,sowi,0.95
0000-0002-7283-2151,sowi,0.95
0000-0002-7289-4686,sowi,0.95
0000-0002-7290-9980,med,1
0000-0002-7298-6070,mint,0.95
0000-0002-7302-5511,med,1
0000-0002-7319-6513,mint,0.95
0000-0002-7346-1946,agrar,0.95
0000-0002-7351-4657,sowi,0.95
0000-0002-7360-4249,phil,0.95
0000-0002-7363-4421,mint,0.95
0000-0002-7364-7791,med,1
0000-0002-7367-5362,sowi,0.95
0000-0002-7368-9764,mint,1
0000-0002-7371-3293,phil,1
0000-0002-7372-4531,mint,1
0000-0002-7379-2681,sowi,0.95
0000-0002-7380-8313,mint,1
0000-0002-7388-173X,med,0.95
0000-0002-7394-9378,sowi,0.95
0000-0002-7399-6465,mint,1
0000-0002-7400-9409,med,0.95
0000-0002-7410-2590,mint,0.95
0000-0002-7436-1197,med,1
0000-0002-7448-8315,sowi,0.95
0000-0002-7456-6301,mint,0.95
0000-0002-7462-9931,mint,1
0000-0002-7468-1326,tech,0.95
0000-0002-7471-8854,mint,1
0000-0002-7478-6275,mint,1
0000-0002-7503-5131,med,0.95
0000-0002-7506-6739,sowi,0.95
0000-0002-7508-3176,med,1
0000-0002-7509-6276,med,1
0000-0002-7510-4010,sowi,0.95
0000-0002-7510-9284,med,1
0000-0002-7525-5134,mint,1
0000-0002-7525-5732,mint,1
0000-0002-7527-1097,phil,0.95
0000-0002-7543-8555,med,1
0000-0002-7552-2087,med,1
0000-0002-7555-3334,phil,1
0000-0002-7564-9600,agrar,0.95
0000-0002-7569-5519,sowi,0.95
0000-0002-7570-8260,med,1
0000-0002-7573-7176,med,1
0000-0002-7575-9850,med,1
0000-0002-7582-6339,agrar,0.95
0000-0002-7584-8044,med,0.9
0000-0002-7587-7195,mint,0.95
0000-0002-7590-6793,sowi,0.95
0000-0002-7591-8532,sowi,0.95
0000-0002-7598-8290,sowi,0.95
0000-0002-7600-3772,mint,0.95
0000-0002-7602-4194,mint,1
0000-0002-7603-3824,sowi,0.95
0000-0002-7606-2289,sowi,1
0000-0002-7607-6656,NA,NA
0000-0002-7610-7918,med,0.95
0000-0002-7611-1802,med,1
0000-0002-7615-9275,tech,0.95
0000-0002-7616-5886,mint,1
0000-0002-7618-2336,med,1
0000-0002-7624-4752,mint,1
0000-0002-7632-7179,sowi,1
0000-0002-7633-4782,med,1
0000-0002-7639-0880,med,0.95
0000-0002-7639-2894,agrar,0.95
0000-0002-7654-6232,mint,1
0000-0002-7673-7346,mint,0.95
0000-0002-7677-7057,med,1
0000-0002-7679-085X,med,1
0000-0002-7680-0544,mint,1
0000-0002-7681-5893,sowi,1
0000-0002-7694-8573,mint,1
0000-0002-7704-2490,phil,0.95
0000-0002-7711-7050,phil,0.95
0000-0002-7715-8709,phil,0.95
0000-0002-7718-1941,phil,0.95
0000-0002-7724-3831,mint,0.95
0000-0002-7725-2586,med,1
0000-0002-7725-3423,mint,0.95
0000-0002-7728-9709,sowi,1
0000-0002-7735-5462,med,1
0000-0002-7737-0136,sowi,0.95
0000-0002-7739-3231,mint,0.95
0000-0002-7743-8647,mint,1
0000-0002-7746-3762,mint,1
0000-0002-7748-749X,med,1
0000-0002-7751-4005,sowi,0.95
0000-0002-7751-9244,mint,0.95
0000-0002-7762-6250,sowi,0.95
0000-0002-7768-9227,med,0.95
0000-0002-7780-255X,med,1
0000-0002-7789-719X,mint,1
0000-0002-7791-9635,mint,0.95
0000-0002-7793-5854,mint,1
0000-0002-7796-8234,med,0.95
0000-0002-7800-3848,med,1
0000-0002-7808-3227,phil,0.9
0000-0002-7810-1034,mint,0.95
0000-0002-7813-2455,mint,1
0000-0002-7817-7792,med,1
0000-0002-7817-9018,mint,1
0000-0002-7818-4132,med,1
0000-0002-7833-4903,agrar,0.95
0000-0002-7833-7549,mint,1
0000-0002-7835-738X,mint,1
0000-0002-7841-6271,med,0.95
0000-0002-7845-8236,med,1
0000-0002-7846-8629,sowi,0.95
0000-0002-7846-955X,med,1
0000-0002-7853-7022,mint,0.95
0000-0002-7854-8282,mint,1
0000-0002-7856-5760,tech,0.95
0000-0002-7860-271X,mint,0.95
0000-0002-7860-810X,phil,1
0000-0002-7861-5174,mint,1
0000-0002-7866-0776,med,1
0000-0002-7872-6667,agrar,1
0000-0002-7877-0270,med,1
0000-0002-7880-7045,mint,1
0000-0002-7882-5868,mint,0.95
0000-0002-7885-4300,mint,0.95
0000-0002-7888-1149,med,1
0000-0002-7894-2263,sowi,0.95
0000-0002-7897-8864,med,1
0000-0002-7901-1698,mint,0.95
0000-0002-7903-7783,mint,0.95
0000-0002-7909-7786,sowi,0.9
0000-0002-7913-6685,sowi,0.95
0000-0002-7924-9022,sowi,0.95
0000-0002-7925-0007,sowi,0.95
0000-0002-7932-0589,sowi,0.95
0000-0002-7932-5929,med,1
0000-0002-7935-6039,agrar,0.85
0000-0002-7936-9227,tech,0.95
0000-0002-7937-8887,mint,1
0000-0002-7944-4653,mint,0.95
0000-0002-7946-3686,mint,1
0000-0002-7958-8331,mint,1
0000-0002-7960-0791,sowi,0.95
0000-0002-7965-2604,phil,0.85
0000-0002-7967-0300,sowi,1
0000-0002-7967-9719,mint,1
0000-0002-7973-9902,mint,0.95
0000-0002-7987-9534,mint,0.95
0000-0002-7998-0173,med,0.95
0000-0002-7998-0755,mint,1
0000-0002-7999-9368,mint,1
0000-0002-8003-1864,mint,0.95
0000-0002-8003-4264,agrar,1
0000-0002-8003-5080,mint,0.95
0000-0002-8005-6260,med,1
0000-0002-8011-0167,med,1
0000-0002-8011-8484,tech,1
0000-0002-8012-3988,sowi,1
0000-0002-8019-0398,sowi,1
0000-0002-8027-5383,phil,0.95
0000-0002-8034-684X,mint,1
0000-0002-8042-7551,phil,0.95
0000-0002-8050-1109,phil,0.95
0000-0002-8055-8463,mint,0.95
0000-0002-8056-0926,mint,0.95
0000-0002-8057-026X,sowi,1
0000-0002-8061-5798,med,1
0000-0002-8063-2766,mint,1
0000-0002-8071-5609,sowi,0.85
0000-0002-8079-1898,sowi,0.95
0000-0002-8089-0546,med,1
0000-0002-8092-702X,mint,0.95
0000-0002-8096-0559,med,1
0000-0002-8106-000X,mint,1
0000-0002-8109-8235,med,0.95
0000-0002-8109-9967,med,0.95
0000-0002-8113-7118,med,1
0000-0002-8117-8833,phil,1
0000-0002-8122-5206,mint,1
0000-0002-8125-5800,mint,0.95
0000-0002-8125-7662,med,1
0000-0002-8140-0879,phil,0.95
0000-0002-8149-0210,med,0.95
0000-0002-8150-9276,sowi,0.95
0000-0002-8156-0987,mint,1
0000-0002-8158-1163,mint,1
0000-0002-8162-7694,phil,0.95
0000-0002-8164-411X,mint,1
0000-0002-8182-6896,mint,0.95
0000-0002-8185-2381,tech,0.95
0000-0002-8186-5617,mint,1
0000-0002-8204-0924,med,1
0000-0002-8205-8542,sowi,0.95
0000-0002-8206-8863,tech,0.95
0000-0002-8209-6274,mint,1
0000-0002-8211-9632,phil,0.95
0000-0002-8214-4969,mint,1
0000-0002-8217-5685,sowi,0.95
0000-0002-8218-8400,agrar,0.95
0000-0002-8223-047X,sowi,1
0000-0002-8223-8041,sowi,1
0000-0002-8227-2733,sowi,0.95
0000-0002-8230-415X,med,1
0000-0002-8230-4264,sowi,0.95
0000-0002-8236-8110,mint,0.95
0000-0002-8244-5710,mint,1
0000-0002-8245-3964,jura,1
0000-0002-8245-8941,sowi,0.95
0000-0002-8249-4926,agrar,0.95
0000-0002-8249-9073,phil,0.95
0000-0002-8254-4663,mint,0.95
0000-0002-8258-3777,mint,0.95
0000-0002-8260-2042,mint,0.95
0000-0002-8264-5317,mint,0.95
0000-0002-8265-9436,med,1
0000-0002-8266-8471,mint,1
0000-0002-8272-0399,med,0.95
0000-0002-8275-1814,mint,1
0000-0002-8275-939X,phil,0.95
0000-0002-8277-6616,med,1
0000-0002-8278-4376,mint,1
0000-0002-8284-5976,sowi,0.95
0000-0002-8286-1597,mint,1
0000-0002-8287-6705,med,1
0000-0002-8293-8339,mint,1
0000-0002-8295-4013,mint,1
0000-0002-8295-7126,mint,1
0000-0002-8298-4626,sowi,0.95
0000-0002-8306-8574,sowi,1
0000-0002-8307-2493,mint,1
0000-0002-8309-094X,med,1
0000-0002-8309-7877,med,1
0000-0002-8310-2170,med,0.95
0000-0002-8312-0547,sowi,1
0000-0002-8312-0563,med,1
0000-0002-8322-5402,sowi,0.95
0000-0002-8325-7148,mint,1
0000-0002-8329-3181,agrar,0.95
0000-0002-8329-4168,mint,1
0000-0002-8338-8025,med,1
0000-0002-8341-7762,med,0.95
0000-0002-8346-5502,mint,0.95
0000-0002-8348-5087,med,1
0000-0002-8366-0316,mint,0.95
0000-0002-8375-9092,med,1
0000-0002-8377-468X,phil,0.95
0000-0002-8379-7160,jura,0.95
0000-0002-8380-3137,mint,0.95
0000-0002-8382-8019,mint,1
0000-0002-8383-5323,tech,1
0000-0002-8385-7899,med,1
0000-0002-8386-5397,med,1
0000-0002-8387-1287,mint,0.95
0000-0002-8399-9408,agrar,0.95
0000-0002-8401-4447,sowi,1
0000-0002-8401-4850,mint,0.95
0000-0002-8412-1840,med,1
0000-0002-8414-4831,med,0.95
0000-0002-8427-0213,med,1
0000-0002-8435-4927,mint,1
0000-0002-8436-2548,sowi,0.95
0000-0002-8442-9722,mint,0.95
0000-0002-8443-541X,sowi,1
0000-0002-8446-1183,sowi,0.95
0000-0002-8451-1574,tech,0.95
0000-0002-8451-3043,sowi,0.95
0000-0002-8453-926X,med,1
0000-0002-8454-6873,mint,1
0000-0002-8455-1867,phil,1
0000-0002-8457-0611,sowi,0.95
0000-0002-8460-544X,sowi,1
0000-0002-8467-0508,med,1
0000-0002-8475-4728,mint,1
0000-0002-8477-872X,phil,1
0000-0002-8482-487X,sowi,0.85
0000-0002-8484-845X,mint,1
0000-0002-8488-7360,mint,1
0000-0002-8496-5883,med,1
0000-0002-8517-8427,mint,1
0000-0002-8525-8830,sowi,0.95
0000-0002-8527-3483,sowi,1
0000-0002-8527-9404,mint,1
0000-0002-8530-4737,mint,1
0000-0002-8531-9736,mint,0.95
0000-0002-8542-6291,agrar,1
0000-0002-8544-7172,mint,0.95
0000-0002-8546-0262,mint,1
0000-0002-8566-0504,mint,1
0000-0002-8566-867X,sowi,0.95
0000-0002-8572-0060,mint,1
0000-0002-8572-5507,phil,0.95
0000-0002-8574-5831,med,0.95
0000-0002-8585-4237,med,0.95
0000-0002-8587-0122,mint,0.95
0000-0002-8587-6153,mint,1
0000-0002-8590-3748,sowi,0.95
0000-0002-8606-4421,mint,1
0000-0002-8616-4924,tech,0.95
0000-0002-8618-0799,mint,0.95
0000-0002-8620-042X,med,1
0000-0002-8620-4906,phil,1
0000-0002-8621-3431,agrar,1
0000-0002-8627-5640,med,1
0000-0002-8629-3793,mint,0.95
0000-0002-8632-166X,med,1
0000-0002-8645-3320,mint,1
0000-0002-8647-0497,mint,1
0000-0002-8660-4061,agrar,0.95
0000-0002-8662-3772,mint,0.9
0000-0002-8666-5147,mint,1
0000-0002-8671-2417,mint,0.95
0000-0002-8677-2620,mint,0.85
0000-0002-8682-9842,sowi,0.85
0000-0002-8684-7864,sowi,0.95
0000-0002-8685-858X,med,1
0000-0002-8687-6817,med,0.95
0000-0002-8689-5049,mint,0.95
0000-0002-8693-1222,mint,1
0000-0002-8697-0475,sowi,1
0000-0002-8700-2564,sowi,0.9
0000-0002-8703-1728,med,1
0000-0002-8707-076X,mint,0.95
0000-0002-8707-3442,med,0.95
0000-0002-8728-5250,sowi,1
0000-0002-8734-4521,med,1
0000-0002-8739-0253,agrar,0.95
0000-0002-8740-4563,sowi,0.95
0000-0002-8755-4625,phil,0.95
0000-0002-8760-2498,phil,0.85
0000-0002-8761-0025,mint,0.95
0000-0002-8767-1629,mint,0.95
0000-0002-8768-5027,sowi,0.95
0000-0002-8773-4845,med,1
0000-0002-8774-6141,mint,0.95
0000-0002-8774-7339,med,1
0000-0002-8778-1342,agrar,1
0000-0002-8779-0062,mint,1
0000-0002-8792-9781,med,1
0000-0002-8796-9097,phil,0.95
0000-0002-8798-3243,sowi,1
0000-0002-8798-385X,sowi,1
0000-0002-8798-9602,med,0.95
0000-0002-8807-6442,med,1
0000-0002-8808-6667,med,1
0000-0002-8810-8993,mint,1
0000-0002-8813-7436,mint,0.95
0000-0002-8815-7795,mint,1
0000-0002-8823-3129,med,1
0000-0002-8823-4607,med,0.95
0000-0002-8831-7744,med,0.95
0000-0002-8834-4080,mint,1
0000-0002-8835-9303,mint,1
0000-0002-8857-2876,mint,1
0000-0002-8877-0303,mint,0.95
0000-0002-8880-9546,sowi,0.9
0000-0002-8889-6248,med,0.95
0000-0002-8891-8267,med,1
0000-0002-8896-8635,mint,1
0000-0002-8897-9035,med,1
0000-0002-8904-6851,sowi,0.95
0000-0002-8906-2878,med,1
0000-0002-8916-4540,mint,0.95
0000-0002-8923-6081,mint,1
0000-0002-8925-3631,sowi,0.95
0000-0002-8934-2140,agrar,1
0000-0002-8938-5204,phil,0.95
0000-0002-8940-1657,agrar,0.95
0000-0002-8942-8112,mint,1
0000-0002-8947-2383,agrar,0.95
0000-0002-8954-6397,sowi,0.95
0000-0002-8959-978X,agrar,0.95
0000-0002-8960-0656,mint,0.95
0000-0002-8961-4337,mint,1
0000-0002-8962-1406,mint,0.95
0000-0002-8965-8268,mint,1
0000-0002-8967-9528,mint,0.85
0000-0002-8970-4383,mint,1
0000-0002-8995-5182,phil,1
0000-0002-8999-6363,sowi,1
0000-0002-9001-3205,phil,0.95
0000-0002-9014-1231,sowi,0.95
0000-0002-9014-7246,med,1
0000-0002-9017-9504,mint,0.95
0000-0002-9022-1290,med,1
0000-0002-9024-4978,med,1
0000-0002-9026-8822,tech,0.95
0000-0002-9032-4070,mint,0.95
0000-0002-9035-0949,phil,1
0000-0002-9035-8369,sowi,0.95
0000-0002-9036-5323,mint,1
0000-0002-9037-0317,sowi,0.95
0000-0002-9038-8787,agrar,0.95
0000-0002-9049-9452,sowi,0.95
0000-0002-9051-3621,med,1
0000-0002-9052-6828,mint,1
0000-0002-9055-0588,med,1
0000-0002-9055-4327,med,1
0000-0002-9056-6299,sowi,0.95
0000-0002-9060-4961,med,1
0000-0002-9072-4197,sowi,0.95
0000-0002-9084-8114,med,1
0000-0002-9084-9483,phil,0.95
0000-0002-9087-1445,mint,0.95
0000-0002-9091-1152,sowi,0.95
0000-0002-9092-210X,agrar,0.95
0000-0002-9102-0386,sowi,0.95
0000-0002-9102-0626,sowi,0.95
0000-0002-9106-6499,agrar,0.95
0000-0002-9108-8129,mint,1
0000-0002-9113-5933,med,1
0000-0002-9121-5749,med,1
0000-0002-9123-0420,mint,1
0000-0002-9138-8340,mint,1
0000-0002-9152-1826,mint,1
0000-0002-9154-8439,mint,1
0000-0002-9155-7378,mint,0.95
0000-0002-9157-1110,sowi,0.95
0000-0002-9166-0973,mint,0.95
0000-0002-9182-2741,mint,0.95
0000-0002-9189-2299,mint,0.95
0000-0002-9191-9834,mint,0.95
0000-0002-9199-8990,med,1
0000-0002-9203-769X,agrar,1
0000-0002-9208-4322,sowi,0.95
0000-0002-9216-9983,mint,0.95
0000-0002-9224-0663,mint,1
0000-0002-9230-0267,med,0.95
0000-0002-9233-490X,jura,1
0000-0002-9234-8279,mint,1
0000-0002-9235-955X,mint,1
0000-0002-9236-2812,med,0.95
0000-0002-9249-9077,med,0.95
0000-0002-9252-1342,med,1
0000-0002-9252-3161,sowi,1
0000-0002-9259-1885,med,1
0000-0002-9264-9784,med,1
0000-0002-9265-5594,med,1
0000-0002-9265-5738,med,1
0000-0002-9266-8344,agrar,0.95
0000-0002-9275-7304,mint,0.95
0000-0002-9281-8752,mint,1
0000-0002-9295-5028,sowi,0.95
0000-0002-9300-1744,mint,0.95
0000-0002-9305-9348,med,1
0000-0002-9307-5989,med,1
0000-0002-9312-5077,sowi,0.95
0000-0002-9320-3776,mint,0.95
0000-0002-9325-8363,phil,0.9
0000-0002-9328-5732,med,0.95
0000-0002-9329-8357,mint,1
0000-0002-9352-3155,med,1
0000-0002-9354-6904,mint,0.95
0000-0002-9358-3158,mint,1
0000-0002-9358-7036,mint,0.95
0000-0002-9360-9442,med,1
0000-0002-9372-8994,mint,1
0000-0002-9379-6997,mint,1
0000-0002-9401-4627,agrar,0.95
0000-0002-9403-1224,med,0.95
0000-0002-9403-6121,sowi,0.8
0000-0002-9405-7838,mint,0.95
0000-0002-9406-2012,med,0.95
0000-0002-9421-3538,med,0.95
0000-0002-9426-1441,agrar,0.95
0000-0002-9435-359X,med,1
0000-0002-9438-4740,med,1
0000-0002-9438-509X,mint,0.95
0000-0002-9449-6865,med,0.95
0000-0002-9452-0810,mint,1
0000-0002-9453-8105,mint,1
0000-0002-9456-0900,mint,0.95
0000-0002-9458-1517,mint,1
0000-0002-9463-5087,sowi,0.95
0000-0002-9467-3470,sowi,0.95
0000-0002-9468-7944,med,1
0000-0002-9475-3593,mint,1
0000-0002-9484-8701,sowi,1
0000-0002-9485-6277,mint,0.95
0000-0002-9491-3550,agrar,0.95
0000-0002-9498-8368,sowi,0.9
0000-0002-9499-0126,mint,1
0000-0002-9500-4332,agrar,0.95
0000-0002-9508-7131,sowi,0.95
0000-0002-9518-1953,sowi,0.95
0000-0002-9523-6790,mint,1
0000-0002-9531-8753,mint,1
0000-0002-9532-6366,mint,1
0000-0002-9533-1819,sowi,0.95
0000-0002-9533-8586,tech,1
0000-0002-9551-7314,sowi,0.95
0000-0002-9551-8333,sowi,0.95
0000-0002-9570-4451,mint,1
0000-0002-9574-3776,sowi,0.95
0000-0002-9574-9561,sowi,0.95
0000-0002-9575-1119,med,1
0000-0002-9578-3049,med,1
0000-0002-9584-3160,agrar,0.95
0000-0002-9586-6274,med,1
0000-0002-9587-0222,mint,0.95
0000-0002-9589-7206,sowi,1
0000-0002-9590-8550,med,0.9
0000-0002-9595-2404,mint,1
0000-0002-9595-8195,mint,1
0000-0002-9599-4348,sowi,0.95
0000-0002-9601-7813,med,1
0000-0002-9606-5233,phil,0.95
0000-0002-9608-5533,med,1
0000-0002-9608-7651,agrar,0.95
0000-0002-9613-3726,agrar,1
0000-0002-9617-072X,agrar,0.95
0000-0002-9620-8927,mint,1
0000-0002-9623-3743,mint,1
0000-0002-9625-0930,mint,1
0000-0002-9630-4724,med,1
0000-0002-9638-3290,mint,1
0000-0002-9638-8753,tech,1
0000-0002-9643-0843,med,1
0000-0002-9643-4166,agrar,1
0000-0002-9643-4465,agrar,0.95
0000-0002-9643-8263,med,1
0000-0002-9644-8103,mint,0.95
0000-0002-9648-9845,mint,1
0000-0002-9650-2843,med,1
0000-0002-9654-0102,sowi,0.95
0000-0002-9656-3881,mint,0.95
0000-0002-9660-1614,agrar,0.95
0000-0002-9660-1745,mint,0.95
0000-0002-9666-5087,mint,0.95
0000-0002-9667-2594,med,1
0000-0002-9669-8444,mint,0.95
0000-0002-9676-339X,mint,1
0000-0002-9677-3723,med,1
0000-0002-9679-9499,tech,0.95
0000-0002-9687-5455,mint,0.95
0000-0002-9691-4741,med,1
0000-0002-9700-4010,mint,0.95
0000-0002-9701-3793,mint,1
0000-0002-9704-2148,med,1
0000-0002-9711-3559,med,1
0000-0002-9714-0725,med,1
0000-0002-9718-3282,phil,0.85
0000-0002-9720-0257,agrar,0.95
0000-0002-9720-0716,med,0.95
0000-0002-9722-4822,phil,0.95
0000-0002-9723-3622,mint,0.95
0000-0002-9724-484X,sowi,0.9
0000-0002-9724-5586,sowi,0.95
0000-0002-9739-6907,mint,0.95
0000-0002-9752-7815,mint,0.95
0000-0002-9755-6595,mint,1
0000-0002-9757-3491,tech,0.95
0000-0002-9760-2299,mint,1
0000-0002-9762-3583,mint,1
0000-0002-9775-804X,med,1
0000-0002-9777-674X,mint,0.95
0000-0002-9778-896X,mint,1
0000-0002-9796-2972,phil,0.95
0000-0002-9803-8132,mint,1
0000-0002-9805-9099,med,1
0000-0002-9806-4197,med,1
0000-0002-9809-3027,mint,1
0000-0002-9809-7028,mint,0.95
0000-0002-9811-0560,mint,0.95
0000-0002-9813-5231,sowi,0.5
0000-0002-9823-5179,sowi,0.95
0000-0002-9823-6761,mint,1
0000-0002-9826-691X,med,0.95
0000-0002-9829-3811,mint,1
0000-0002-9829-6182,phil,0.95
0000-0002-9831-9073,mint,1
0000-0002-9836-6793,sowi,1
0000-0002-9838-6866,mint,1
0000-0002-9846-7674,sowi,1
0000-0002-9847-2510,mint,1
0000-0002-9863-6474,mint,0.95
0000-0002-9870-7439,agrar,1
0000-0002-9881-0794,mint,1
0000-0002-9881-930X,agrar,0.95
0000-0002-9883-5086,mint,1
0000-0002-9885-3321,sowi,1
0000-0002-9889-1408,mint,1
0000-0002-9893-8392,sowi,0.95
0000-0002-9897-4860,mint,1
0000-0002-9910-5501,sowi,0.95
0000-0002-9913-9824,jura,0.95
0000-0002-9916-0340,mint,1
0000-0002-9922-6581,agrar,1
0000-0002-9933-6713,mint,0.95
0000-0002-9941-9279,med,1
0000-0002-9979-591X,phil,1
0000-0002-9979-8336,mint,0.95
0000-0002-9980-4599,mint,1
0000-0002-9980-8610,sowi,1
0000-0002-9982-3300,med,1
0000-0002-9984-1373,phil,0.95
0000-0002-9986-7573,phil,0.95
0000-0002-9994-8437,sowi,0.95
0000-0003-0007-0394,tech,0.95
0000-0003-0010-3563,med,1
0000-0003-0015-2314,sowi,0.95
0000-0003-0016-2985,med,1
0000-0003-0023-8660,sowi,0.95
0000-0003-0025-6674,mint,0.95
0000-0003-0034-5845,med,1
0000-0003-0035-758X,med,1
0000-0003-0041-7044,mint,1
0000-0003-0048-7296,mint,1
0000-0003-0054-9135,mint,1
0000-0003-0056-3340,sowi,0.95
0000-0003-0060-8991,mint,0.95
0000-0003-0062-1715,med,1
0000-0003-0071-3388,mint,0.95
0000-0003-0077-368X,sowi,1
0000-0003-0080-137X,med,1
0000-0003-0082-1442,agrar,0.95
0000-0003-0082-8089,med,1
0000-0003-0088-7396,sowi,0.95
0000-0003-0088-8364,mint,1
0000-0003-0091-7639,mint,0.95
0000-0003-0095-2362,mint,1
0000-0003-0098-7960,sowi,0.9
0000-0003-0104-5924,mint,0.95
0000-0003-0116-0324,mint,1
0000-0003-0116-1132,sowi,0.95
0000-0003-0118-0990,med,0.95
0000-0003-0121-9058,mint,0.95
0000-0003-0122-0964,tech,1
0000-0003-0126-4166,phil,0.95
0000-0003-0130-9520,sowi,0.95
0000-0003-0136-444X,mint,1
0000-0003-0138-7342,sowi,1
0000-0003-0146-8310,med,1
0000-0003-0156-5620,med,1
0000-0003-0158-2957,mint,0.95
0000-0003-0168-1541,sowi,0.95
0000-0003-0173-7314,med,0.98
0000-0003-0178-6183,mint,1
0000-0003-0182-7256,sowi,0.95
0000-0003-0187-9179,mint,0.95
0000-0003-0191-8158,mint,1
0000-0003-0194-6570,sowi,0.95
0000-0003-0203-8136,sowi,0.95
0000-0003-0207-7311,agrar,0.95
0000-0003-0209-3258,mint,1
0000-0003-0213-9324,mint,1
0000-0003-0215-185X,mint,0.95
0000-0003-0216-2241,mint,1
0000-0003-0221-5411,sowi,1
0000-0003-0226-0888,med,1
0000-0003-0229-8958,phil,0.95
0000-0003-0230-908X,sowi,0.95
0000-0003-0235-4542,mint,1
0000-0003-0237-8106,sowi,0.95
0000-0003-0247-2514,mint,1
0000-0003-0250-9604,mint,0.95
0000-0003-0254-5760,mint,0.95
0000-0003-0257-0157,agrar,0.95
0000-0003-0261-0120,sowi,1
0000-0003-0267-0588,sowi,0.95
0000-0003-0277-0941,mint,0.95
0000-0003-0281-5142,med,1
0000-0003-0284-3573,sowi,0.95
0000-0003-0292-0612,med,1
0000-0003-0292-7021,mint,0.95
0000-0003-0293-4512,mint,1
0000-0003-0294-231X,sowi,0.95
0000-0003-0314-2699,agrar,0.95
0000-0003-0318-2324,sowi,0.95
0000-0003-0332-1339,mint,0.95
0000-0003-0338-4882,mint,1
0000-0003-0345-7834,mint,0.95
0000-0003-0346-5631,agrar,1
0000-0003-0351-6523,mint,0.95
0000-0003-0360-1998,mint,1
0000-0003-0365-5654,mint,1
0000-0003-0371-1505,med,1
0000-0003-0372-3960,agrar,1
0000-0003-0375-7714,sowi,1
0000-0003-0376-1780,mint,0.95
0000-0003-0404-605X,med,1
0000-0003-0411-6791,mint,1
0000-0003-0411-8519,agrar,0.95
0000-0003-0436-9895,agrar,0.95
0000-0003-0440-0864,mint,0.95
0000-0003-0447-1849,sowi,0.95
0000-0003-0447-3828,sowi,1
0000-0003-0453-4491,mint,1
0000-0003-0459-913X,mint,0.95
0000-0003-0468-4107,mint,1
0000-0003-0473-7790,jura,1
0000-0003-0475-1023,tech,1
0000-0003-0476-5302,mint,1
0000-0003-0476-7041,mint,1
0000-0003-0480-2089,med,1
0000-0003-0482-611X,tech,1
0000-0003-0482-7657,med,1
0000-0003-0484-6815,mint,1
0000-0003-0494-4634,sowi,0.95
0000-0003-0495-3426,phil,0.95
0000-0003-0503-793X,mint,1
0000-0003-0504-6465,med,1
0000-0003-0504-7521,mint,1
0000-0003-0508-3362,sowi,0.95
0000-0003-0510-7336,med,1
0000-0003-0519-8805,mint,1
0000-0003-0521-9426,med,1
0000-0003-0538-5109,med,1
0000-0003-0543-4521,agrar,0.95
0000-0003-0562-4616,mint,1
0000-0003-0566-4554,med,1
0000-0003-0575-6950,med,1
0000-0003-0585-0699,sowi,0.95
0000-0003-0596-790X,mint,1
0000-0003-0597-8844,mint,0.95
0000-0003-0604-4103,mint,1
0000-0003-0604-9959,sowi,0.95
0000-0003-0608-6485,tech,0.95
0000-0003-0615-2868,sowi,1
0000-0003-0621-1952,mint,0.95
0000-0003-0621-7932,mint,1
0000-0003-0621-9049,mint,0.95
0000-0003-0634-5539,mint,1
0000-0003-0634-6232,sowi,1
0000-0003-0639-4699,mint,0.95
0000-0003-0640-9387,sowi,0.95
0000-0003-0642-988X,sowi,0.95
0000-0003-0645-9683,med,1
0000-0003-0646-7966,mint,1
0000-0003-0652-4748,phil,0.9
0000-0003-0653-5332,med,1
0000-0003-0657-2993,med,1
0000-0003-0664-6470,mint,0.95
0000-0003-0675-8755,sowi,0.95
0000-0003-0682-4476,med,1
0000-0003-0683-0817,agrar,1
0000-0003-0683-253X,sowi,1
0000-0003-0685-2696,mint,0.95
0000-0003-0686-5585,mint,0.95
0000-0003-0688-7928,mint,1
0000-0003-0689-858X,sowi,0.95
0000-0003-0697-5418,mint,1
0000-0003-0698-3151,mint,1
0000-0003-0734-5514,agrar,1
0000-0003-0744-5128,mint,1
0000-0003-0745-4438,agrar,1
0000-0003-0748-1962,sowi,0.9
0000-0003-0748-264X,med,1
0000-0003-0756-002X,med,1
0000-0003-0762-6543,mint,1
0000-0003-0771-4527,mint,1
0000-0003-0773-0105,mint,1
0000-0003-0779-5013,mint,0.95
0000-0003-0780-6245,med,1
0000-0003-0783-3905,med,0.95
0000-0003-0785-5813,phil,1
0000-0003-0788-1210,sowi,1
0000-0003-0813-7071,mint,0.95
0000-0003-0827-149X,med,1
0000-0003-0827-5407,med,1
0000-0003-0830-5821,agrar,0.95
0000-0003-0838-0397,mint,0.95
0000-0003-0839-6268,mint,1
0000-0003-0840-7342,med,1
0000-0003-0846-2675,phil,1
0000-0003-0848-7784,mint,0.95
0000-0003-0868-3128,med,0.95
0000-0003-0877-9779,sowi,0.95
0000-0003-0879-3861,med,1
0000-0003-0880-0726,mint,1
0000-0003-0882-2669,sowi,1
0000-0003-0893-6041,med,1
0000-0003-0894-7576,mint,1
0000-0003-0894-8982,med,1
0000-0003-0904-5531,mint,1
0000-0003-0904-8484,med,1
0000-0003-0909-5627,mint,1
0000-0003-0909-9097,med,1
0000-0003-0911-3637,mint,1
0000-0003-0916-2906,sowi,0.9
0000-0003-0921-4032,mint,0.95
0000-0003-0927-0579,mint,0.95
0000-0003-0930-5356,mint,0.95
0000-0003-0933-1052,phil,0.95
0000-0003-0934-1939,mint,1
0000-0003-0941-6937,mint,1
0000-0003-0941-8537,med,1
0000-0003-0944-8795,mint,0.95
0000-0003-0959-4784,mint,1
0000-0003-0964-3611,mint,0.95
0000-0003-0968-8262,sowi,0.95
0000-0003-0972-6046,sowi,0.95
0000-0003-0976-0332,mint,1
0000-0003-0977-8954,mint,1
0000-0003-0983-7096,sowi,0.95
0000-0003-0984-4528,sowi,1
0000-0003-0985-0063,mint,0.95
0000-0003-0995-7602,sowi,0.95
0000-0003-1002-5802,sowi,0.95
0000-0003-1003-2025,mint,1
0000-0003-1007-3011,mint,1
0000-0003-1008-6955,sowi,0.95
0000-0003-1014-1782,med,1
0000-0003-1022-5126,mint,1
0000-0003-1028-5938,mint,1
0000-0003-1037-3487,med,1
0000-0003-1038-4979,med,1
0000-0003-1046-1604,mint,0.95
0000-0003-1057-9629,sowi,0.95
0000-0003-1061-7023,med,1
0000-0003-1074-2473,mint,1
0000-0003-1079-5604,mint,1
0000-0003-1088-6434,sowi,0.95
0000-0003-1094-8885,mint,0.95
0000-0003-1096-077X,agrar,0.95
0000-0003-1103-695X,mint,1
0000-0003-1105-6600,med,0.95
0000-0003-1110-940X,mint,1
0000-0003-1116-584X,sowi,1
0000-0003-1117-6768,sowi,0.95
0000-0003-1134-9892,sowi,0.95
0000-0003-1142-7483,med,0.95
0000-0003-1143-0535,sowi,1
0000-0003-1143-2741,sowi,0.95
0000-0003-1149-6673,sowi,0.95
0000-0003-1152-5956,med,1
0000-0003-1152-9148,med,1
0000-0003-1165-2349,tech,0.95
0000-0003-1165-9065,mint,0.95
0000-0003-1174-8658,mint,1
0000-0003-1177-8996,agrar,0.95
0000-0003-1179-2149,mint,0.95
0000-0003-1180-4250,mint,0.95
0000-0003-1182-0162,mint,0.95
0000-0003-1184-1588,phil,0.95
0000-0003-1188-0114,agrar,0.95
0000-0003-1189-9464,mint,1
0000-0003-1204-4273,agrar,1
0000-0003-1207-8924,mint,1
0000-0003-1215-1116,sowi,1
0000-0003-1219-9216,sowi,1
0000-0003-1221-7015,med,1
0000-0003-1223-9310,mint,1
0000-0003-1230-1786,med,0.95
0000-0003-1231-3760,sowi,0.95
0000-0003-1237-9233,mint,1
0000-0003-1240-147X,med,1
0000-0003-1246-7591,sowi,0.95
0000-0003-1264-0024,mint,1
0000-0003-1270-9968,phil,0.95
0000-0003-1271-7204,sowi,0.95
0000-0003-1279-5421,med,1
0000-0003-1281-4477,sowi,0.95
0000-0003-1281-4493,sowi,1
0000-0003-1283-8217,sowi,1
0000-0003-1284-9178,jura,0.95
0000-0003-1286-9152,sowi,0.95
0000-0003-1296-4221,tech,1
0000-0003-1303-2960,med,0.95
0000-0003-1307-6496,agrar,1
0000-0003-1340-4576,med,1
0000-0003-1342-1958,sowi,0.95
0000-0003-1342-6230,mint,1
0000-0003-1343-4775,mint,1
0000-0003-1362-0754,mint,0.95
0000-0003-1365-5615,mint,0.95
0000-0003-1365-6351,med,0.95
0000-0003-1370-4085,sowi,1
0000-0003-1370-8430,med,1
0000-0003-1371-4945,sowi,0.95
0000-0003-1372-0683,sowi,0.95
0000-0003-1385-4112,agrar,0.95
0000-0003-1386-1881,mint,1
0000-0003-1391-1308,med,1
0000-0003-1391-4808,mint,1
0000-0003-1395-608X,sowi,1
0000-0003-1395-9758,mint,0.95
0000-0003-1405-1557,sowi,0.95
0000-0003-1411-6998,tech,1
0000-0003-1416-7058,mint,1
0000-0003-1417-9657,mint,1
0000-0003-1419-1891,med,1
0000-0003-1434-9927,mint,0.95
0000-0003-1443-9316,med,1
0000-0003-1444-9733,tech,1
0000-0003-1449-5780,med,1
0000-0003-1453-9181,mint,1
0000-0003-1463-5448,med,1
0000-0003-1464-685X,sowi,1
0000-0003-1467-9862,med,1
0000-0003-1477-0121,mint,1
0000-0003-1482-8303,sowi,1
0000-0003-1482-9998,agrar,1
0000-0003-1490-0141,mint,1
0000-0003-1491-7656,agrar,1
0000-0003-1495-9434,mint,0.95
0000-0003-1496-2828,mint,1
0000-0003-1502-936X,agrar,0.95
0000-0003-1511-5110,mint,1
0000-0003-1511-5188,med,1
0000-0003-1513-5779,med,1
0000-0003-1517-7354,phil,0.95
0000-0003-1519-754X,mint,0.95
0000-0003-1524-5046,mint,0.95
0000-0003-1525-767X,phil,0.95
0000-0003-1529-4235,agrar,0.95
0000-0003-1530-5811,med,1
0000-0003-1531-8890,mint,0.95
0000-0003-1531-9244,med,0.95
0000-0003-1535-6168,agrar,1
0000-0003-1540-932X,phil,0.95
0000-0003-1541-3513,sowi,1
0000-0003-1547-8130,mint,1
0000-0003-1555-1203,agrar,0.95
0000-0003-1555-5458,sowi,0.95
0000-0003-1558-5817,mint,1
0000-0003-1566-4697,med,1
0000-0003-1574-8479,med,1
0000-0003-1577-7106,tech,0.95
0000-0003-1581-6961,mint,0.95
0000-0003-1586-738X,agrar,0.95
0000-0003-1613-7522,sowi,0.9
0000-0003-1615-3960,phil,0.95
0000-0003-1615-5122,agrar,1
0000-0003-1617-143X,mint,1
0000-0003-1617-9220,mint,1
0000-0003-1622-6605,mint,1
0000-0003-1638-3977,agrar,0.95
0000-0003-1642-4003,sowi,0.95
0000-0003-1645-3947,mint,0.95
0000-0003-1651-6012,mint,0.95
0000-0003-1657-8256,mint,0.95
0000-0003-1662-9834,sowi,0.95
0000-0003-1668-6142,mint,1
0000-0003-1671-7295,mint,1
0000-0003-1671-8837,sowi,0.95
0000-0003-1676-8105,mint,1
0000-0003-1695-7918,med,1
0000-0003-1697-0880,mint,1
0000-0003-1705-6556,med,1
0000-0003-1706-2075,sowi,0.95
0000-0003-1713-7890,mint,1
0000-0003-1714-5452,mint,1
0000-0003-1719-9143,sowi,0.95
0000-0003-1723-8122,sowi,0.95
0000-0003-1725-179X,med,1
0000-0003-1725-8246,mint,1
0000-0003-1730-6316,mint,1
0000-0003-1734-5278,mint,1
0000-0003-1740-7547,mint,1
0000-0003-1742-1285,mint,0.95
0000-0003-1742-5534,med,1
0000-0003-1750-5534,mint,0.95
0000-0003-1755-0562,sowi,1
0000-0003-1757-5794,phil,0.95
0000-0003-1762-4090,mint,1
0000-0003-1767-9104,sowi,1
0000-0003-1772-9992,sowi,1
0000-0003-1773-576X,mint,1
0000-0003-1774-9168,phil,1
0000-0003-1778-8132,mint,0.95
0000-0003-1779-2684,mint,1
0000-0003-1780-6265,agrar,0.95
0000-0003-1790-5765,mint,1
0000-0003-1791-7272,agrar,1
0000-0003-1792-9134,mint,1
0000-0003-1798-8679,sowi,0.95
0000-0003-1802-3430,mint,1
0000-0003-1803-3727,sowi,0.95
0000-0003-1804-6878,mint,0.95
0000-0003-1806-8380,med,1
0000-0003-1807-4860,med,1
0000-0003-1807-9581,mint,1
0000-0003-1819-3691,sowi,0.95
0000-0003-1821-8801,mint,0.95
0000-0003-1842-8219,med,1
0000-0003-1843-7000,med,1
0000-0003-1845-7511,med,1
0000-0003-1845-7618,med,1
0000-0003-1846-675X,med,1
0000-0003-1848-486X,mint,0.95
0000-0003-1851-562X,med,1
0000-0003-1851-6032,sowi,0.95
0000-0003-1857-7660,med,0.95
0000-0003-1869-1359,med,1
0000-0003-1876-8870,sowi,0.85
0000-0003-1877-2618,sowi,0.9
0000-0003-1878-9321,mint,1
0000-0003-1879-8498,mint,0.95
0000-0003-1881-4179,med,1
0000-0003-1881-7302,med,1
0000-0003-1886-9014,sowi,1
0000-0003-1891-7901,agrar,0.95
0000-0003-1894-2517,phil,0.95
0000-0003-1896-234X,mint,0.95
0000-0003-1896-3860,agrar,0.95
0000-0003-1896-7634,med,1
0000-0003-1897-2783,sowi,0.95
0000-0003-1899-9118,mint,0.95
0000-0003-1903-3761,mint,0.95
0000-0003-1906-9852,mint,0.95
0000-0003-1909-1726,agrar,1
0000-0003-1915-7297,mint,0.95
0000-0003-1917-8493,med,1
0000-0003-1922-6782,mint,0.95
0000-0003-1923-0386,sowi,1
0000-0003-1923-4280,NA,NA
0000-0003-1923-9153,phil,0.95
0000-0003-1940-215X,mint,0.95
0000-0003-1945-0119,mint,1
0000-0003-1951-8494,mint,1
0000-0003-1961-139X,mint,0.95
0000-0003-1971-4399,sowi,0.95
0000-0003-1985-6426,mint,1
0000-0003-1987-5344,phil,0.95
0000-0003-1995-9062,mint,1
0000-0003-1998-4698,sowi,0.95
0000-0003-1999-9486,mint,1
0000-0003-2005-8392,agrar,0.95
0000-0003-2010-0394,med,1
0000-0003-2013-237X,mint,0.95
0000-0003-2014-272X,sowi,0.95
0000-0003-2015-7817,phil,0.95
0000-0003-2019-6234,mint,1
0000-0003-2024-7345,sowi,0.95
0000-0003-2034-5922,med,1
0000-0003-2037-6454,sowi,0.95
0000-0003-2042-4030,mint,0.95
0000-0003-2042-7290,mint,0.95
0000-0003-2044-1148,mint,0.95
0000-0003-2048-9352,NA,NA
0000-0003-2057-7002,sowi,0.95
0000-0003-2060-3151,mint,1
0000-0003-2065-1380,sowi,0.95
0000-0003-2066-3840,phil,1
0000-0003-2067-171X,mint,0.95
0000-0003-2068-6081,med,1
0000-0003-2069-9245,sowi,0.95
0000-0003-2070-0891,mint,0.95
0000-0003-2071-8602,mint,0.95
0000-0003-2075-7265,mint,0.95
0000-0003-2087-5552,agrar,0.95
0000-0003-2089-733X,mint,1
0000-0003-2091-1787,mint,1
0000-0003-2095-5261,med,1
0000-0003-2101-0024,mint,0.95
0000-0003-2102-3431,med,1
0000-0003-2103-0922,med,1
0000-0003-2104-9367,med,1
0000-0003-2109-5179,mint,1
0000-0003-2111-0965,phil,0.95
0000-0003-2114-8146,mint,0.95
0000-0003-2117-4176,mint,1
0000-0003-2124-0030,mint,0.95
0000-0003-2125-9989,mint,0.95
0000-0003-2134-5545,med,1
0000-0003-2139-8575,sowi,0.95
0000-0003-2143-3094,jura,1
0000-0003-2146-4210,mint,1
0000-0003-2150-3160,med,1
0000-0003-2151-4521,med,0.95
0000-0003-2158-9806,mint,1
0000-0003-2159-0516,mint,0.95
0000-0003-2159-789X,sowi,1
0000-0003-2161-9155,agrar,1
0000-0003-2162-0981,mint,1
0000-0003-2163-4240,med,0.95
0000-0003-2167-3805,med,1
0000-0003-2169-6142,mint,1
0000-0003-2172-7906,mint,0.95
0000-0003-2175-9350,mint,0.95
0000-0003-2178-1275,sowi,1
0000-0003-2178-7626,sowi,1
0000-0003-2179-8659,agrar,0.95
0000-0003-2181-0574,med,1
0000-0003-2182-0879,tech,0.95
0000-0003-2182-5354,tech,0.95
0000-0003-2185-4251,sowi,0.95
0000-0003-2188-4004,tech,1
0000-0003-2188-7168,sowi,0.9
0000-0003-2195-1967,med,1
0000-0003-2195-878X,agrar,0.95
0000-0003-2203-006X,med,1
0000-0003-2208-0454,sowi,0.95
0000-0003-2216-6653,sowi,0.95
0000-0003-2226-3592,phil,1
0000-0003-2232-2599,sowi,0.95
0000-0003-2232-9512,sowi,0.95
0000-0003-2234-7219,mint,1
0000-0003-2235-6553,med,1
0000-0003-2240-5351,tech,1
0000-0003-2241-5103,sowi,0.95
0000-0003-2243-331X,phil,1
0000-0003-2254-7771,med,1
0000-0003-2255-9406,sowi,0.95
0000-0003-2259-5423,sowi,0.95
0000-0003-2264-2269,agrar,0.95
0000-0003-2270-2495,med,0.95
0000-0003-2273-8367,agrar,0.95
0000-0003-2275-704X,phil,1
0000-0003-2277-5176,mint,0.95
0000-0003-2287-1168,mint,0.95
0000-0003-2287-2099,mint,1
0000-0003-2296-0769,mint,1
0000-0003-2297-5768,med,1
0000-0003-2304-0817,mint,1
0000-0003-2304-667X,mint,1
0000-0003-2304-8843,tech,0.95
0000-0003-2310-5975,agrar,1
0000-0003-2313-0628,mint,0.95
0000-0003-2315-3520,mint,1
0000-0003-2315-8954,med,1
0000-0003-2326-0326,mint,1
0000-0003-2329-4163,mint,0.98
0000-0003-2353-7188,med,1
0000-0003-2356-6106,mint,1
0000-0003-2361-7735,med,1
0000-0003-2368-6132,mint,1
0000-0003-2377-1070,agrar,0.95
0000-0003-2377-2866,mint,0.95
0000-0003-2384-7119,sowi,0.95
0000-0003-2387-378X,med,1
0000-0003-2389-4038,sowi,0.95
0000-0003-2390-2982,sowi,0.95
0000-0003-2398-6151,agrar,0.95
0000-0003-2410-0666,mint,1
0000-0003-2418-2681,mint,1
0000-0003-2421-8779,med,1
0000-0003-2422-8328,mint,0.95
0000-0003-2431-5843,med,1
0000-0003-2436-6392,sowi,0.95
0000-0003-2443-3372,tech,0.95
0000-0003-2444-4821,phil,0.95
0000-0003-2459-9153,mint,1
0000-0003-2460-0396,agrar,0.95
0000-0003-2464-1630,mint,1
0000-0003-2470-6027,med,1
0000-0003-2472-8074,sowi,0.95
0000-0003-2474-7523,mint,0.95
0000-0003-2486-8894,tech,1
0000-0003-2487-3917,mint,0.95
0000-0003-2488-7390,med,1
0000-0003-2501-8090,med,1
0000-0003-2502-1038,sowi,1
0000-0003-2527-1395,sowi,1
0000-0003-2527-5572,sowi,0.95
0000-0003-2538-8702,mint,0.95
0000-0003-2540-9286,mint,0.95
0000-0003-2543-3251,med,1
0000-0003-2550-5198,med,1
0000-0003-2556-0891,mint,1
0000-0003-2556-2096,mint,1
0000-0003-2564-9634,med,0.95
0000-0003-2566-7349,mint,0.95
0000-0003-2567-6077,sowi,0.9
0000-0003-2568-4026,sowi,0.95
0000-0003-2571-239X,mint,0.95
0000-0003-2577-0928,sowi,0.95
0000-0003-2579-0582,agrar,0.95
0000-0003-2581-4214,mint,1
0000-0003-2587-919X,sowi,0.95
0000-0003-2587-9739,mint,0.95
0000-0003-2593-0194,sowi,0.95
0000-0003-2595-6482,mint,1
0000-0003-2603-1502,sowi,0.95
0000-0003-2604-985X,agrar,0.95
0000-0003-2610-0600,mint,1
0000-0003-2615-3104,med,0.95
0000-0003-2615-4916,med,1
0000-0003-2622-0135,sowi,0.95
0000-0003-2624-7362,med,1
0000-0003-2625-8010,sowi,1
0000-0003-2632-1155,agrar,0.95
0000-0003-2632-7530,med,1
0000-0003-2635-7617,mint,1
0000-0003-2637-7052,med,1
0000-0003-2642-068X,phil,0.95
0000-0003-2645-8135,med,1
0000-0003-2647-1647,med,1
0000-0003-2649-3870,med,1
0000-0003-2650-1404,phil,1
0000-0003-2654-7293,med,1
0000-0003-2654-7963,mint,1
0000-0003-2660-0349,mint,1
0000-0003-2663-5015,agrar,1
0000-0003-2667-5068,mint,0.95
0000-0003-2674-0229,sowi,0.95
0000-0003-2691-5420,mint,1
0000-0003-2692-7624,mint,1
0000-0003-2693-1893,mint,1
0000-0003-2710-4929,agrar,0.95
0000-0003-2712-8648,mint,1
0000-0003-2719-475X,mint,1
0000-0003-2719-4821,mint,1
0000-0003-2720-2211,mint,0.95
0000-0003-2725-2788,med,1
0000-0003-2732-6986,phil,0.85
0000-0003-2735-9630,mint,1
0000-0003-2739-5578,med,1
0000-0003-2746-801X,agrar,0.95
0000-0003-2751-0142,sowi,0.95
0000-0003-2754-3171,mint,1
0000-0003-2758-3042,agrar,0.95
0000-0003-2770-254X,mint,0.95
0000-0003-2784-3297,med,0.95
0000-0003-2789-7551,mint,1
0000-0003-2794-4266,med,0.95
0000-0003-2796-6967,med,0.95
0000-0003-2800-2596,sowi,1
0000-0003-2800-5252,mint,0.95
0000-0003-2822-8261,mint,1
0000-0003-2826-1897,mint,0.95
0000-0003-2829-201X,med,1
0000-0003-2831-2586,mint,1
0000-0003-2834-1280,med,1
0000-0003-2835-572X,sowi,0.9
0000-0003-2836-9224,med,1
0000-0003-2839-0015,med,1
0000-0003-2858-2789,mint,1
0000-0003-2870-9954,med,0.95
0000-0003-2873-2425,agrar,1
0000-0003-2879-1636,mint,0.95
0000-0003-2885-1301,mint,1
0000-0003-2886-9237,mint,1
0000-0003-2887-6525,mint,1
0000-0003-2887-9320,agrar,0.95
0000-0003-2889-7174,mint,1
0000-0003-2893-6014,med,1
0000-0003-2894-3644,med,1
0000-0003-2894-7135,phil,0.9
0000-0003-2897-6542,phil,0.95
0000-0003-2906-6639,med,1
0000-0003-2908-9005,sowi,1
0000-0003-2912-1837,mint,1
0000-0003-2914-3382,med,0.95
0000-0003-2916-4319,agrar,0.95
0000-0003-2918-3253,mint,0.95
0000-0003-2925-2263,mint,0.95
0000-0003-2933-1586,mint,1
0000-0003-2950-7983,mint,1
0000-0003-2952-4337,med,1
0000-0003-2958-4081,sowi,0.95
0000-0003-2960-5305,sowi,1
0000-0003-2965-0296,mint,0.95
0000-0003-2977-4459,sowi,0.95
0000-0003-2978-5799,tech,1
0000-0003-2984-0831,med,1
0000-0003-2988-8368,mint,1
0000-0003-2993-0335,mint,1
0000-0003-2999-083X,mint,1
0000-0003-3003-7229,phil,0.95
0000-0003-3014-370X,med,1
0000-0003-3014-4497,phil,0.95
0000-0003-3017-1663,sowi,1
0000-0003-3020-7312,agrar,1
0000-0003-3025-5517,mint,1
0000-0003-3032-4834,mint,1
0000-0003-3036-5572,agrar,1
0000-0003-3045-9595,mint,1
0000-0003-3046-2241,mint,1
0000-0003-3053-476X,med,0.95
0000-0003-3065-0314,mint,0.95
0000-0003-3067-5239,med,1
0000-0003-3072-116X,med,1
0000-0003-3072-1741,sowi,1
0000-0003-3072-6753,mint,0.95
0000-0003-3078-2368,mint,1
0000-0003-3090-6703,mint,0.95
0000-0003-3099-0183,sowi,0.95
0000-0003-3110-6142,agrar,0.95
0000-0003-3110-9642,mint,0.95
0000-0003-3111-6172,sowi,0.9
0000-0003-3114-0615,sowi,0.95
0000-0003-3117-3724,mint,1
0000-0003-3118-4247,mint,0.9
0000-0003-3119-0786,mint,1
0000-0003-3133-8533,mint,1
0000-0003-3137-0883,mint,0.95
0000-0003-3142-1177,agrar,1
0000-0003-3146-1654,mint,1
0000-0003-3149-0340,phil,0.95
0000-0003-3149-4392,agrar,0.95
0000-0003-3155-5300,med,0.95
0000-0003-3157-2266,mint,1
0000-0003-3158-7740,med,1
0000-0003-3159-3104,sowi,0.95
0000-0003-3161-8658,sowi,1
0000-0003-3165-0893,phil,0.95
0000-0003-3167-3657,tech,1
0000-0003-3169-0422,mint,0.95
0000-0003-3175-596X,mint,0.95
0000-0003-3187-8978,agrar,1
0000-0003-3188-1026,med,1
0000-0003-3188-3654,sowi,0.95
0000-0003-3190-0880,mint,1
0000-0003-3194-0030,sowi,0.95
0000-0003-3199-0935,med,1
0000-0003-3213-0750,sowi,1
0000-0003-3216-7246,med,1
0000-0003-3217-3267,sowi,0.95
0000-0003-3223-1797,mint,0.95
0000-0003-3228-5592,mint,0.95
0000-0003-3228-7862,mint,0.95
0000-0003-3231-3741,phil,0.95
0000-0003-3238-3088,sowi,0.95
0000-0003-3239-5812,sowi,0.95
0000-0003-3251-4551,mint,0.95
0000-0003-3252-2076,med,1
0000-0003-3263-2873,sowi,1
0000-0003-3263-7922,mint,0.95
0000-0003-3264-8672,mint,1
0000-0003-3272-7055,mint,1
0000-0003-3279-416X,med,1
0000-0003-3283-6665,med,1
0000-0003-3288-5272,sowi,0.95
0000-0003-3288-5280,med,0.95
0000-0003-3297-5358,med,1
0000-0003-3299-0662,phil,0.95
0000-0003-3302-2030,mint,1
0000-0003-3306-0969,mint,0.95
0000-0003-3307-7760,sowi,0.95
0000-0003-3318-1744,med,1
0000-0003-3327-2451,med,0.95
0000-0003-3334-8591,agrar,1
0000-0003-3338-3434,phil,0.95
0000-0003-3339-212X,mint,1
0000-0003-3340-352X,sowi,0.95
0000-0003-3344-9464,med,1
0000-0003-3350-3133,med,0.95
0000-0003-3351-7172,mint,0.95
0000-0003-3353-5645,sowi,0.95
0000-0003-3360-3919,med,1
0000-0003-3361-7384,mint,1
0000-0003-3364-3400,med,0.95
0000-0003-3366-6880,mint,1
0000-0003-3367-5795,med,1
0000-0003-3368-4667,phil,0.95
0000-0003-3368-4800,mint,0.95
0000-0003-3370-3274,med,1
0000-0003-3379-2641,med,1
0000-0003-3385-0645,sowi,1
0000-0003-3386-0923,mint,1
0000-0003-3389-2028,sowi,0.95
0000-0003-3394-3358,sowi,0.85
0000-0003-3395-1649,mint,0.95
0000-0003-3397-3397,mint,1
0000-0003-3399-1421,phil,0.95
0000-0003-3403-6880,NA,NA
0000-0003-3404-7846,mint,1
0000-0003-3405-4835,sowi,0.95
0000-0003-3407-6356,mint,0.95
0000-0003-3416-636X,mint,0.95
0000-0003-3417-1513,mint,1
0000-0003-3423-6997,mint,0.95
0000-0003-3424-1091,med,1
0000-0003-3425-0254,tech,0.95
0000-0003-3427-4037,med,0.95
0000-0003-3435-9030,med,1
0000-0003-3437-9963,mint,0.95
0000-0003-3440-863X,mint,0.95
0000-0003-3444-7380,mint,0.95
0000-0003-3447-1620,mint,0.85
0000-0003-3448-9679,med,1
0000-0003-3450-0217,mint,1
0000-0003-3450-5296,mint,0.95
0000-0003-3455-774X,mint,1
0000-0003-3457-2755,mint,0.95
0000-0003-3467-7776,med,1
0000-0003-3471-0951,mint,0.95
0000-0003-3483-6036,mint,1
0000-0003-3496-5751,med,1
0000-0003-3498-2586,mint,0.95
0000-0003-3501-0818,mint,0.95
0000-0003-3506-1762,med,1
0000-0003-3510-6350,mint,1
0000-0003-3512-9544,med,1
0000-0003-3520-898X,sowi,0.95
0000-0003-3526-0569,med,0.95
0000-0003-3526-261X,med,1
0000-0003-3538-0106,mint,0.95
0000-0003-3538-4959,agrar,0.95
0000-0003-3538-7148,sowi,1
0000-0003-3539-2326,med,1
0000-0003-3539-2975,mint,0.95
0000-0003-3542-4439,mint,1
0000-0003-3545-4822,tech,1
0000-0003-3550-6186,mint,0.95
0000-0003-3558-9014,agrar,1
0000-0003-3560-4288,mint,0.95
0000-0003-3561-3328,med,1
0000-0003-3567-813X,phil,1
0000-0003-3586-0521,mint,1
0000-0003-3588-5665,med,1
0000-0003-3592-8709,med,1
0000-0003-3596-5964,med,1
0000-0003-3597-6276,med,1
0000-0003-3598-8699,mint,0.95
0000-0003-3599-0406,agrar,1
0000-0003-3603-0087,sowi,0.9
0000-0003-3603-8089,mint,0.95
0000-0003-3606-2310,mint,1
0000-0003-3606-7760,mint,0.95
0000-0003-3607-7651,med,1
0000-0003-3609-3512,med,1
0000-0003-3613-4193,phil,1
0000-0003-3617-9981,mint,0.95
0000-0003-3623-4653,sowi,0.95
0000-0003-3625-7396,sowi,0.95
0000-0003-3629-6336,mint,0.95
0000-0003-3637-4066,sowi,0.95
0000-0003-3638-6016,mint,1
0000-0003-3642-4887,mint,1
0000-0003-3645-1535,sowi,1
0000-0003-3645-5157,mint,0.95
0000-0003-3651-1470,med,1
0000-0003-3655-0525,mint,1
0000-0003-3656-0643,mint,1
0000-0003-3664-6922,mint,1
0000-0003-3674-8347,mint,1
0000-0003-3681-3049,med,1
0000-0003-3682-1903,mint,0.95
0000-0003-3683-4587,mint,1
0000-0003-3684-4208,med,0.95
0000-0003-3687-6939,med,1
0000-0003-3687-7691,sowi,1
0000-0003-3692-3950,med,1
0000-0003-3700-3590,med,0.95
0000-0003-3702-8456,sowi,0.95
0000-0003-3705-8970,med,0.95
0000-0003-3708-6680,med,1
0000-0003-3710-5343,sowi,0.95
0000-0003-3713-403X,med,1
0000-0003-3718-3595,med,1
0000-0003-3720-3568,mint,0.85
0000-0003-3726-1004,mint,0.95
0000-0003-3737-5749,med,1
0000-0003-3746-9577,mint,1
0000-0003-3755-5264,mint,0.95
0000-0003-3755-785X,agrar,0.95
0000-0003-3763-7753,mint,0.95
0000-0003-3764-3731,sowi,0.95
0000-0003-3773-7340,mint,1
0000-0003-3777-570X,med,1
0000-0003-3783-9179,mint,0.95
0000-0003-3787-111X,mint,0.95
0000-0003-3795-0475,mint,1
0000-0003-3796-5730,med,1
0000-0003-3808-410X,mint,0.95
0000-0003-3812-0801,mint,0.95
0000-0003-3814-693X,agrar,0.95
0000-0003-3822-8409,mint,0.95
0000-0003-3832-3051,agrar,0.95
0000-0003-3837-5169,mint,0.95
0000-0003-3842-4653,agrar,1
0000-0003-3857-1047,sowi,0.95
0000-0003-3859-2112,mint,1
0000-0003-3861-246X,agrar,0.95
0000-0003-3862-1286,mint,0.95
0000-0003-3863-0975,mint,0.95
0000-0003-3863-7798,mint,1
0000-0003-3863-8467,mint,0.95
0000-0003-3865-300X,med,1
0000-0003-3873-0634,med,1
0000-0003-3881-0108,phil,1
0000-0003-3891-3158,sowi,0.95
0000-0003-3891-8215,mint,0.95
0000-0003-3898-6664,agrar,0.95
0000-0003-3901-8796,med,1
0000-0003-3904-0846,mint,1
0000-0003-3906-7379,med,0.95
0000-0003-3916-8102,sowi,0.95
0000-0003-3917-6882,mint,1
0000-0003-3918-1606,sowi,0.85
0000-0003-3921-1158,sowi,1
0000-0003-3922-9833,mint,1
0000-0003-3924-8735,mint,0.95
0000-0003-3937-2509,agrar,1
0000-0003-3937-5996,mint,1
0000-0003-3938-5860,mint,0.95
0000-0003-3938-7823,mint,0.95
0000-0003-3942-1702,mint,1
0000-0003-3944-252X,med,1
0000-0003-3944-9879,mint,0.95
0000-0003-3946-4390,mint,1
0000-0003-3947-7132,agrar,0.95
0000-0003-3951-4925,tech,0.95
0000-0003-3952-7830,mint,0.95
0000-0003-3956-4164,med,1
0000-0003-3958-6136,sowi,0.85
0000-0003-3960-6539,med,1
0000-0003-3962-7700,mint,0.95
0000-0003-3977-7469,med,0.95
0000-0003-3978-1628,phil,0.95
0000-0003-3990-5125,med,0.95
0000-0003-3991-2405,mint,1
0000-0003-4020-6321,sowi,0.5
0000-0003-4025-0955,agrar,1
0000-0003-4028-8507,med,1
0000-0003-4029-9791,agrar,1
0000-0003-4037-1597,med,1
0000-0003-4043-9811,phil,0.95
0000-0003-4053-1394,mint,0.95
0000-0003-4053-1474,med,1
0000-0003-4062-067X,agrar,1
0000-0003-4069-5444,mint,1
0000-0003-4071-5126,sowi,0.95
0000-0003-4087-2789,sowi,0.95
0000-0003-4090-7160,mint,0.95
0000-0003-4093-6471,sowi,0.9
0000-0003-4098-0464,mint,0.95
0000-0003-4100-8810,med,1
0000-0003-4102-9371,mint,1
0000-0003-4105-6652,sowi,1
0000-0003-4106-4978,mint,0.95
0000-0003-4109-1810,mint,1
0000-0003-4111-1228,mint,0.95
0000-0003-4116-0679,mint,0.95
0000-0003-4117-4771,mint,0.95
0000-0003-4118-3408,agrar,1
0000-0003-4121-442X,sowi,1
0000-0003-4123-3305,agrar,0.95
0000-0003-4126-665X,phil,0.95
0000-0003-4131-0366,mint,1
0000-0003-4133-697X,agrar,0.95
0000-0003-4138-5886,sowi,0.95
0000-0003-4148-4016,agrar,1
0000-0003-4148-6791,mint,1
0000-0003-4149-7589,sowi,0.95
0000-0003-4162-6803,mint,1
0000-0003-4168-0228,mint,0.95
0000-0003-4169-1330,phil,0.95
0000-0003-4175-9278,mint,1
0000-0003-4175-9649,med,1
0000-0003-4177-358X,sowi,0.95
0000-0003-4179-3046,phil,0.9
0000-0003-4183-1794,med,1
0000-0003-4186-8159,mint,1
0000-0003-4188-9865,mint,1
0000-0003-4189-6141,agrar,1
0000-0003-4193-2149,med,1
0000-0003-4196-5717,mint,0.95
0000-0003-4199-5211,mint,1
0000-0003-4219-5283,sowi,0.95
0000-0003-4220-0978,med,0.95
0000-0003-4220-3378,med,1
0000-0003-4228-2600,sowi,0.95
0000-0003-4230-8129,mint,1
0000-0003-4231-7906,med,1
0000-0003-4254-7525,mint,1
0000-0003-4265-3168,mint,0.95
0000-0003-4265-5542,med,0.95
0000-0003-4268-2575,sowi,0.95
0000-0003-4268-7480,mint,0.95
0000-0003-4285-6993,mint,0.95
0000-0003-4291-1956,med,1
0000-0003-4291-5009,med,0.95
0000-0003-4293-1623,mint,1
0000-0003-4294-3632,phil,0.95
0000-0003-4294-757X,med,0.95
0000-0003-4304-1956,phil,0.95
0000-0003-4306-9000,mint,1
0000-0003-4323-8767,sowi,0.95
0000-0003-4324-5967,med,0.95
0000-0003-4325-5495,mint,0.95
0000-0003-4334-5909,mint,0.95
0000-0003-4339-3804,med,1
0000-0003-4354-7711,agrar,1
0000-0003-4355-1411,sowi,0.95
0000-0003-4356-4458,mint,0.95
0000-0003-4366-5662,med,1
0000-0003-4369-7445,agrar,1
0000-0003-4371-6108,sowi,0.95
0000-0003-4372-3762,sowi,0.95
0000-0003-4377-8173,mint,1
0000-0003-4387-8158,sowi,0.95
0000-0003-4389-2945,agrar,1
0000-0003-4389-6911,mint,1
0000-0003-4395-9345,mint,1
0000-0003-4406-1756,sowi,1
0000-0003-4412-186X,mint,0.95
0000-0003-4414-0497,mint,0.95
0000-0003-4414-4009,sowi,0.95
0000-0003-4415-0273,med,1
0000-0003-4420-5318,mint,0.95
0000-0003-4423-3140,mint,1
0000-0003-4432-224X,med,0.95
0000-0003-4433-0231,med,1
0000-0003-4435-3839,mint,1
0000-0003-4437-5763,mint,1
0000-0003-4439-4374,med,1
0000-0003-4447-2002,agrar,0.95
0000-0003-4455-346X,sowi,0.95
0000-0003-4459-1124,agrar,0.95
0000-0003-4464-7802,mint,1
0000-0003-4476-8559,med,1
0000-0003-4496-244X,med,1
0000-0003-4496-5376,mint,0.85
0000-0003-4499-7327,med,1
0000-0003-4506-9717,sowi,0.95
0000-0003-4516-3391,phil,0.95
0000-0003-4525-3223,mint,1
0000-0003-4546-6202,sowi,0.9
0000-0003-4547-8983,agrar,1
0000-0003-4552-031X,med,0.98
0000-0003-4558-3417,med,1
0000-0003-4561-2281,med,1
0000-0003-4577-2525,mint,0.95
0000-0003-4580-139X,med,1
0000-0003-4591-9152,med,1
0000-0003-4597-0644,med,0.95
0000-0003-4597-1209,sowi,0.95
0000-0003-4597-248X,med,1
0000-0003-4598-9759,tech,0.95
0000-0003-4600-275X,mint,1
0000-0003-4602-8319,tech,1
0000-0003-4609-9176,phil,0.95
0000-0003-4614-2509,mint,0.95
0000-0003-4618-2789,NA,NA
0000-0003-4622-1303,mint,0.95
0000-0003-4628-8137,mint,0.95
0000-0003-4632-2382,sowi,0.95
0000-0003-4633-2011,sowi,0.95
0000-0003-4635-275X,mint,1
0000-0003-4636-3838,sowi,0.95
0000-0003-4637-5337,mint,0.95
0000-0003-4642-8013,sowi,0.95
0000-0003-4643-3664,mint,1
0000-0003-4644-7644,mint,1
0000-0003-4645-2881,mint,1
0000-0003-4647-1273,mint,1
0000-0003-4651-5520,sowi,1
0000-0003-4652-5358,sowi,0.95
0000-0003-4655-6269,med,1
0000-0003-4657-2568,mint,1
0000-0003-4669-3677,mint,0.95
0000-0003-4673-1792,mint,1
0000-0003-4681-1821,mint,1
0000-0003-4687-2763,sowi,0.95
0000-0003-4692-8843,med,1
0000-0003-4696-8941,mint,0.95
0000-0003-4698-7771,agrar,1
0000-0003-4701-1754,mint,1
0000-0003-4702-1282,phil,0.95
0000-0003-4707-777X,med,0.95
0000-0003-4708-0573,mint,1
0000-0003-4720-6906,mint,0.95
0000-0003-4728-8497,med,0.95
0000-0003-4734-7784,med,1
0000-0003-4735-6779,sowi,0.95
0000-0003-4742-0451,mint,0.95
0000-0003-4749-2826,mint,1
0000-0003-4757-4039,mint,0.95
0000-0003-4763-4521,med,1
0000-0003-4764-2740,med,1
0000-0003-4766-523X,mint,1
0000-0003-4767-3352,sowi,0.95
0000-0003-4768-5978,mint,1
0000-0003-4779-1703,mint,1
0000-0003-4781-2551,sowi,0.95
0000-0003-4788-6630,mint,1
0000-0003-4791-6051,med,1
0000-0003-4792-4991,med,1
0000-0003-4800-9509,sowi,0.95
0000-0003-4805-2208,mint,0.95
0000-0003-4810-1217,mint,0.95
0000-0003-4813-1547,agrar,0.95
0000-0003-4819-6287,sowi,0.95
0000-0003-4828-1529,med,0.95
0000-0003-4831-2751,mint,1
0000-0003-4835-2497,mint,1
0000-0003-4847-2691,mint,0.95
0000-0003-4849-8664,sowi,0.95
0000-0003-4857-3222,mint,0.95
0000-0003-4857-6087,mint,1
0000-0003-4858-9443,mint,0.95
0000-0003-4859-7865,sowi,0.95
0000-0003-4873-249X,mint,0.95
0000-0003-4874-3498,sowi,0.95
0000-0003-4875-1519,mint,0.95
0000-0003-4877-8287,mint,0.98
0000-0003-4883-7937,sowi,1
0000-0003-4890-5936,sowi,0.95
0000-0003-4894-4230,sowi,0.95
0000-0003-4900-0880,mint,1
0000-0003-4901-3657,sowi,0.95
0000-0003-4906-7620,med,0.95
0000-0003-4921-5056,mint,0.95
0000-0003-4929-9966,med,1
0000-0003-4938-7528,phil,0.95
0000-0003-4939-8243,sowi,0.95
0000-0003-4943-0231,mint,1
0000-0003-4955-8358,mint,0.95
0000-0003-4957-0509,med,0.95
0000-0003-4962-9232,mint,1
0000-0003-4964-2402,agrar,0.95
0000-0003-4965-186X,med,1
0000-0003-4974-6607,sowi,0.95
0000-0003-4979-7113,agrar,1
0000-0003-4984-9745,sowi,0.95
0000-0003-4986-163X,sowi,0.95
0000-0003-4995-027X,sowi,0.95
0000-0003-4997-364X,mint,1
0009-0000-0564-9974,med,0.95
0009-0000-0755-8152,mint,0.95
0009-0000-0785-6811,sowi,0.95
0009-0000-0988-7697,rewi,1
0009-0000-1028-8317,sowi,0.95
0009-0000-1081-3409,sowi,1
0009-0000-2481-8841,mint,1
0009-0000-2536-8002,jura,1
0009-0000-3312-2838,sowi,0.95
0009-0000-3623-6275,phil,0.95
0009-0000-3991-3497,mint,0.95
0009-0000-4098-9480,sowi,0.9
0009-0000-4298-5053,sowi,0.95
0009-0000-4473-5031,sowi,0.95
0009-0000-5853-4388,phil,0.95
0009-0000-6044-5368,mint,1
0009-0000-6083-5673,tech,0.95
0009-0000-6111-582X,mint,1
0009-0000-6143-3852,med,1
0009-0000-6151-082X,agrar,1
0009-0000-6470-3512,sowi,0.95
0009-0000-6512-6219,agrar,0.95
0009-0000-6718-1078,mint,1
0009-0000-6850-3454,sowi,0.95
0009-0000-6872-8418,phil,0.95
0009-0000-7258-3565,med,0.95
0009-0000-7920-4425,mint,1
0009-0000-8117-5213,med,1
0009-0000-8504-566X,rewi,0.95
0009-0000-8585-052X,tech,0.95
0009-0000-8973-8711,jura,1
0009-0000-9365-3171,mint,1
0009-0000-9376-1498,mint,0.95
0009-0000-9429-2195,NA,NA
0009-0000-9729-0494,med,1
0009-0000-9748-5769,sowi,1
0009-0001-2363-7130,mint,1
0009-0001-2422-8486,med,1
0009-0001-3423-4572,sowi,0.95
0009-0001-4736-4026,phil,0.95
0009-0001-4816-8916,phil,0.95
0009-0001-4864-7837,med,0.95
0009-0001-5125-3396,sowi,0.95
0009-0001-5385-7660,phil,0.95
0009-0001-5509-509X,agrar,0.95
0009-0001-5525-3860,sowi,0.95
0009-0001-5558-6913,sowi,0.95
0009-0001-6277-5464,med,1
0009-0001-6717-0456,phil,0.9
0009-0001-7437-7156,sowi,0.95
0009-0001-7448-7857,mint,0.95
0009-0001-7951-8130,mint,1
0009-0001-8948-5301,med,0.95
0009-0001-9547-7359,phil,0.95
0009-0001-9623-5634,mint,1
0009-0002-0093-616X,sowi,0.95
0009-0002-0970-2669,mint,1
0009-0002-1501-730X,med,1
0009-0002-1725-5117,agrar,1
0009-0002-1784-6064,mint,1
0009-0002-2006-7686,mint,1
0009-0002-2082-1116,phil,0.95
0009-0002-2171-2683,mint,1
0009-0002-2426-5663,tech,0.95
0009-0002-2745-1146,phil,0.95
0009-0002-3020-0444,sowi,0.95
0009-0002-3372-3734,sowi,0.95
0009-0002-4129-5880,med,1
0009-0002-4416-6339,med,1
0009-0002-4689-9536,mint,1
0009-0002-5223-4055,sowi,0.95
0009-0002-5474-4163,mint,0.95
0009-0002-5994-9731,med,1
0009-0002-6261-203X,mint,0.95
0009-0002-6327-8571,med,0.95
0009-0002-6676-8824,mint,0.95
0009-0002-6718-349X,phil,0.95
0009-0002-6897-7662,phil,0.95
0009-0002-7359-2409,med,0.95
0009-0002-9371-2965,med,0.95
0009-0002-9537-8120,mint,0.95
0009-0002-9628-6797,sowi,0.95
0009-0002-9706-7975,mint,0.95
0009-0003-0498-7551,mint,1
0009-0003-0609-0377,sowi,0.95
0009-0003-0734-018X,sowi,0.95
0009-0003-1455-3351,mint,1
0009-0003-1475-9915,med,1
0009-0003-1713-614X,mint,0.95
0009-0003-2169-3627,sowi,1
0009-0003-2629-7666,sowi,0.95
0009-0003-3828-212X,mint,1
0009-0003-5039-7229,agrar,1
0009-0003-5475-6604,agrar,1
0009-0003-5550-2024,med,1
0009-0003-6366-6248,sowi,0.95
0009-0003-6718-0675,tech,1
0009-0003-6894-4315,sowi,0.95
0009-0003-7272-8105,mint,0.95
0009-0003-7375-4567,mint,0.95
0009-0003-7575-1239,med,1
0009-0003-7813-8229,phil,0.95
0009-0003-8542-8590,med,0.95
0009-0003-8665-9761,sowi,0.95
0009-0003-9008-9335,med,1
0009-0003-9336-4419,med,1
0009-0004-0403-4571,sowi,0.9
0009-0004-0470-9962,agrar,0.95
0009-0004-0760-1068,med,1
0009-0004-1263-020X,sowi,0.95
0009-0004-1711-8571,mint,0.95
0009-0004-2137-0892,med,0.95
0009-0004-2224-8565,phil,0.95
0009-0004-2237-3219,sowi,0.95
0009-0004-2676-8912,med,0.95
0009-0004-3254-8422,mint,1
0009-0004-3687-6044,sowi,1
0009-0004-4356-5615,sowi,0.9
0009-0004-4703-9962,sowi,0.95
0009-0004-4764-2817,med,1
0009-0004-5531-4936,agrar,1
0009-0004-5613-1066,sowi,0.95
0009-0004-5894-8467,phil,0.95
0009-0004-6857-8551,mint,1
0009-0004-6967-1977,mint,0.95
0009-0004-7071-8648,med,0.95
0009-0004-7176-9463,med,1
0009-0004-7189-2672,sowi,0.9
0009-0004-7447-7589,sowi,0.95
0009-0004-7500-3537,mint,1
0009-0004-7934-2026,phil,0.95
0009-0004-8424-5765,agrar,0.95
0009-0004-8595-0773,med,1
0009-0004-9012-6981,mint,1
0009-0004-9143-1654,sowi,0.95
0009-0005-0924-2852,agrar,1
0009-0005-1049-9655,mint,1
0009-0005-1268-5750,med,1
0009-0005-1329-4241,mint,1
0009-0005-1433-9528,sowi,0.95
0009-0005-2542-6889,mint,0.95
0009-0005-2679-5483,med,1
0009-0005-2864-6916,mint,0.95
0009-0005-3051-3178,sowi,0.95
0009-0005-3326-0110,med,1
0009-0005-3378-1098,mint,1
0009-0005-3390-3294,med,1
0009-0005-3530-2644,agrar,0.95
0009-0005-3745-2021,sowi,0.5
0009-0005-4183-1817,med,1
0009-0005-4627-9283,mint,0.95
0009-0005-4870-2962,phil,0.98
0009-0005-5343-0818,med,1
0009-0005-5960-0785,sowi,0.95
0009-0005-6041-1586,mint,0.95
0009-0005-6792-7462,mint,1
0009-0005-7359-2304,sowi,1
0009-0005-8135-5288,phil,1
0009-0005-8150-3818,phil,0.95
0009-0005-8480-0965,med,0.95
0009-0005-8499-4747,NA,NA
0009-0005-8784-4584,med,1
0009-0005-9260-8340,med,1
0009-0005-9375-9618,mint,0.95
0009-0005-9573-895X,med,1
0009-0005-9888-5410,mint,0.95
0009-0006-0386-0278,mint,1
0009-0006-0404-4424,phil,1
0009-0006-0793-3139,mint,0.95
0009-0006-1301-8420,mint,1
0009-0006-1476-4361,phil,0.95
0009-0006-1682-4487,sowi,0.95
0009-0006-1966-6760,med,0.95
0009-0006-2095-0224,phil,0.95
0009-0006-2350-8319,med,1
0009-0006-2380-5946,sowi,0.95
0009-0006-2947-7939,agrar,1
0009-0006-2984-9704,med,1
0009-0006-3154-9225,mint,0.95
0009-0006-4210-1063,mint,0.95
0009-0006-4233-3788,mint,0.95
0009-0006-4527-6483,sowi,0.95
0009-0006-4642-6703,med,1
0009-0006-4867-1489,med,0.95
0009-0006-4890-0245,sowi,0.95
0009-0006-4899-726X,mint,0.95
0009-0006-6021-3069,med,1
0009-0006-6237-0586,med,0.95
0009-0006-6530-1017,mint,1
0009-0006-6918-7944,NA,NA
0009-0006-6983-8604,sowi,0.95
0009-0006-7018-9808,sowi,0.95
0009-0006-7437-6897,mint,1
0009-0006-7987-7922,agrar,0.95
0009-0006-8034-6272,mint,0.95
0009-0006-8771-5579,med,1
0009-0006-9311-3099,mint,0.95
0009-0006-9501-6452,phil,0.95
0009-0006-9529-8584,med,0.95
0009-0006-9540-8704,mint,0.98
0009-0007-0043-9207,mint,1
0009-0007-0195-7786,sowi,1
0009-0007-0972-1364,mint,0.95
0009-0007-1188-8438,med,0.95
0009-0007-1364-9801,tech,0.95
0009-0007-1571-9172,phil,0.98
0009-0007-1588-4055,med,1
0009-0007-1662-3471,med,0.95
0009-0007-2863-2746,mint,1
0009-0007-3045-4301,mint,0.95
0009-0007-3635-423X,mint,0.95
0009-0007-4136-3915,sowi,0.95
0009-0007-4426-3004,med,0.95
0009-0007-5166-8106,sowi,1
0009-0007-5222-8823,mint,1
0009-0007-5388-4881,mint,0.95
0009-0007-6180-5610,phil,0.95
0009-0007-6229-7435,sowi,0.95
0009-0007-6239-9407,mint,1
0009-0007-6242-1029,med,1
0009-0007-6300-4729,phil,0.95
0009-0007-7221-0209,phil,0.9
0009-0007-7941-3666,phil,1
0009-0007-8559-4723,mint,1
0009-0007-8742-2706,mint,1
0009-0007-8819-870X,mint,1
0009-0007-8886-0847,mint,0.95
0009-0007-9121-1709,phil,0.95
0009-0007-9468-0543,sowi,0.95
0009-0007-9597-4682,mint,0.95
0009-0007-9979-1971,med,1
0009-0008-0066-9173,phil,0.95
0009-0008-0163-4079,sowi,0.95
0009-0008-0413-140X,med,0.95
0009-0008-0886-5523,mint,0.95
0009-0008-0936-5432,sowi,0.95
0009-0008-1130-5201,agrar,1
0009-0008-1156-2320,med,1
0009-0008-1955-4472,tech,1
0009-0008-2162-9306,mint,1
0009-0008-2213-2756,mint,1
0009-0008-2311-8163,mint,1
0009-0008-2364-3208,sowi,0.95
0009-0008-2387-2625,mint,1
0009-0008-2836-1015,sowi,0.95
0009-0008-3265-5702,phil,1
0009-0008-3727-7202,med,1
0009-0008-3829-6704,mint,0.95
0009-0008-3838-5678,phil,0.95
0009-0008-3854-1570,mint,0.95
0009-0008-4041-5733,mint,0.95
0009-0008-4207-3060,sowi,0.95
0009-0008-4329-2388,mint,1
0009-0008-4863-798X,phil,0.95
0009-0008-5067-080X,mint,0.95
0009-0008-5385-8963,sowi,0.95
0009-0008-6088-3374,mint,1
0009-0008-6441-7733,med,0.95
0009-0008-7707-3861,mint,1
0009-0008-7841-6213,med,0.95
0009-0008-8302-6607,mint,0.95
0009-0008-8309-3842,sowi,0.9
0009-0008-9501-2755,mint,1
0009-0008-9630-9155,mint,1
0009-0009-0833-1350,sowi,0.95
0009-0009-0928-7945,agrar,0.95
0009-0009-1614-9655,sowi,0.9
0009-0009-1681-2162,mint,1
0009-0009-2423-8914,med,0.95
0009-0009-2881-3664,mint,0.95
0009-0009-3179-4361,mint,1
0009-0009-3638-322X,sowi,0.95
0009-0009-3698-8464,sowi,0.95
0009-0009-5046-0906,agrar,0.95
0009-0009-5207-8081,sowi,0.95
0009-0009-5423-8130,jura,1
0009-0009-5684-3449,jura,1
0009-0009-5822-4916,mint,0.95
0009-0009-7165-2595,mint,1
0009-0009-7305-3457,med,1
0009-0009-7525-0497,sowi,0.95
0009-0009-7546-5420,mint,0.95
0009-0009-8060-9054,med,1
0009-0009-8171-1640,jura,1
0009-0009-8353-3841,agrar,0.95
0009-0009-8495-8227,med,1
0009-0009-8596-8769,phil,0.95
0009-0009-9103-310X,mint,1
0009-0009-9228-1973,agrar,1
0009-0009-9982-3640,med,1
no_orcid_1,mint,0.95
no_orcid_10000,mint,0.95
no_orcid_10003,mint,1
no_orcid_10009,mint,1
no_orcid_10011,med,1
no_orcid_10017,phil,0.95
no_orcid_10018,med,1
no_orcid_10019,med,1
no_orcid_1002,med,1
no_orcid_10021,med,1
no_orcid_10022,med,1
no_orcid_10023,med,1
no_orcid_10024,med,1
no_orcid_10025,med,1
no_orcid_10026,med,1
no_orcid_10027,med,1
no_orcid_10028,med,1
no_orcid_1003,med,1
no_orcid_10030,med,1
no_orcid_10031,med,1
no_orcid_1004,med,1
no_orcid_10047,agrar,0.95
no_orcid_1005,med,1
no_orcid_10050,mint,0.95
no_orcid_10051,NA,NA
no_orcid_10056,phil,0.95
no_orcid_10061,med,1
no_orcid_10064,sowi,0.95
no_orcid_10069,med,1
no_orcid_1007,mint,0.95
no_orcid_10072,sowi,0.95
no_orcid_10073,sowi,0.95
no_orcid_10101,phil,0.95
no_orcid_10103,sowi,0.95
no_orcid_10109,sowi,0.95
no_orcid_10114,med,1
no_orcid_10122,sowi,0.95
no_orcid_10139,med,1
no_orcid_10140,med,1
no_orcid_10141,med,1
no_orcid_10143,phil,0.95
no_orcid_10145,phil,0.9
no_orcid_10146,sowi,0.95
no_orcid_10147,phil,0.95
no_orcid_1015,med,1
no_orcid_10157,sowi,0.95
no_orcid_1016,med,1
no_orcid_10160,sowi,1
no_orcid_10161,tech,1
no_orcid_10171,sowi,0.95
no_orcid_10181,mint,0.95
no_orcid_10182,sowi,0.95
no_orcid_10184,phil,0.95
no_orcid_10185,mint,1
no_orcid_10196,phil,0.95
no_orcid_10198,phil,0.95
no_orcid_10200,phil,0.95
no_orcid_10202,phil,0.95
no_orcid_10204,phil,0.95
no_orcid_10206,phil,0.95
no_orcid_10207,phil,0.95
no_orcid_10208,phil,0.95
no_orcid_10209,phil,0.95
no_orcid_10213,sowi,0.95
no_orcid_10214,sowi,0.95
no_orcid_10215,sowi,0.95
no_orcid_10216,sowi,0.95
no_orcid_10218,phil,0.95
no_orcid_10219,phil,0.95
no_orcid_10222,med,1
no_orcid_10228,agrar,0.95
no_orcid_10234,phil,0.95
no_orcid_10237,mint,1
no_orcid_10238,mint,0.9
no_orcid_10239,mint,0.95
no_orcid_10240,mint,0.9
no_orcid_1025,sowi,0.95
no_orcid_10257,mint,0.95
no_orcid_10261,sowi,0.95
no_orcid_10264,phil,0.85
no_orcid_10265,med,1
no_orcid_10271,mint,0.95
no_orcid_10276,mint,0.95
no_orcid_10277,mint,1
no_orcid_10279,mint,0.95
no_orcid_10283,agrar,1
no_orcid_1029,sowi,1
no_orcid_10291,mint,0.95
no_orcid_10292,mint,1
no_orcid_10296,mint,0.95
no_orcid_10297,mint,0.95
no_orcid_10298,mint,1
no_orcid_1030,med,1
no_orcid_10301,sowi,0.95
no_orcid_10304,med,0.95
no_orcid_10305,med,0.95
no_orcid_10306,phil,0.95
no_orcid_1031,med,1
no_orcid_10319,mint,1
no_orcid_1032,med,1
no_orcid_10322,phil,1
no_orcid_10329,phil,0.95
no_orcid_10330,jura,1
no_orcid_10333,phil,1
no_orcid_10338,mint,1
no_orcid_10347,med,1
no_orcid_1035,jura,1
no_orcid_10351,sowi,0.95
no_orcid_10353,sowi,0.9
no_orcid_10357,med,1
no_orcid_10360,med,1
no_orcid_10374,mint,0.95
no_orcid_10375,mint,1
no_orcid_10388,mint,0.95
no_orcid_10391,med,1
no_orcid_10392,med,1
no_orcid_10394,mint,0.95
no_orcid_1040,med,1
no_orcid_10411,med,1
no_orcid_10415,med,0.95
no_orcid_10418,sowi,0.95
no_orcid_1042,med,1
no_orcid_10425,mint,0.95
no_orcid_10439,med,1
no_orcid_10447,sowi,1
no_orcid_10448,med,1
no_orcid_10452,med,1
no_orcid_10456,med,1
no_orcid_1046,agrar,1
no_orcid_1047,med,0.95
no_orcid_10482,mint,1
no_orcid_10483,mint,1
no_orcid_10486,mint,1
no_orcid_10489,agrar,0.95
no_orcid_10493,mint,0.95
no_orcid_10494,mint,0.95
no_orcid_10504,mint,0.95
no_orcid_10508,mint,0.95
no_orcid_1051,mint,1
no_orcid_10518,med,1
no_orcid_10524,mint,0.9
no_orcid_10526,mint,0.9
no_orcid_10527,mint,0.9
no_orcid_1053,mint,1
no_orcid_10546,phil,1
no_orcid_10552,NA,NA
no_orcid_10554,med,0.95
no_orcid_1056,mint,1
no_orcid_10564,mint,1
no_orcid_10572,sowi,0.9
no_orcid_10580,med,1
no_orcid_10584,med,1
no_orcid_10590,tech,1
no_orcid_10593,sowi,0.95
no_orcid_10604,mint,0.9
no_orcid_10605,mint,0.9
no_orcid_10608,mint,0.9
no_orcid_10609,mint,0.9
no_orcid_10610,mint,0.9
no_orcid_10614,mint,0.9
no_orcid_10616,mint,0.9
no_orcid_10617,mint,0.9
no_orcid_10619,mint,0.9
no_orcid_10620,mint,0.9
no_orcid_10622,mint,0.9
no_orcid_10624,mint,0.9
no_orcid_10625,mint,0.9
no_orcid_10628,mint,0.9
no_orcid_10630,mint,0.9
no_orcid_10632,mint,0.9
no_orcid_10633,mint,0.9
no_orcid_1064,sowi,1
no_orcid_10644,phil,1
no_orcid_10647,med,0.95
no_orcid_10648,med,0.95
no_orcid_1065,sowi,0.95
no_orcid_10658,med,1
no_orcid_10661,sowi,0.95
no_orcid_10683,mint,0.9
no_orcid_10704,agrar,1
no_orcid_10707,med,0.95
no_orcid_10720,med,0.95
no_orcid_10726,sowi,0.95
no_orcid_1073,mint,1
no_orcid_10734,mint,0.95
no_orcid_10737,NA,NA
no_orcid_1074,mint,0.95
no_orcid_10745,med,1
no_orcid_10746,sowi,0.95
no_orcid_10747,tech,0.95
no_orcid_10748,tech,0.95
no_orcid_10757,med,1
no_orcid_1077,mint,1
no_orcid_10777,NA,NA
no_orcid_1078,mint,0.95
no_orcid_1079,mint,0.95
no_orcid_10790,mint,0.9
no_orcid_10793,med,1
no_orcid_10794,med,1
no_orcid_10799,mint,0.95
no_orcid_1080,mint,0.95
no_orcid_10814,agrar,0.95
no_orcid_10819,agrar,1
no_orcid_1082,mint,0.95
no_orcid_10821,mint,1
no_orcid_10829,med,1
no_orcid_10845,mint,0.95
no_orcid_10846,mint,1
no_orcid_10847,mint,1
no_orcid_10848,mint,1
no_orcid_1085,agrar,0.95
no_orcid_10854,mint,0.9
no_orcid_10855,mint,0.9
no_orcid_10859,mint,0.9
no_orcid_1086,agrar,0.95
no_orcid_10861,mint,0.8
no_orcid_10864,mint,0.8
no_orcid_10869,mint,0.8
no_orcid_1087,agrar,0.95
no_orcid_10878,med,1
no_orcid_10879,med,1
no_orcid_10881,mint,1
no_orcid_10888,med,1
no_orcid_10890,med,0.85
no_orcid_10891,med,1
no_orcid_10893,tech,1
no_orcid_10894,med,1
no_orcid_10895,med,1
no_orcid_10903,med,0.95
no_orcid_10904,med,0.95
no_orcid_10905,med,0.95
no_orcid_10906,med,0.95
no_orcid_10919,sowi,0.95
no_orcid_10922,sowi,1
no_orcid_10924,mint,0.8
no_orcid_10936,mint,0.95
no_orcid_10937,mint,0.95
no_orcid_10938,mint,0.95
no_orcid_10939,mint,0.95
no_orcid_1095,med,1
no_orcid_10954,sowi,0.95
no_orcid_10957,mint,1
no_orcid_1096,med,1
no_orcid_10967,mint,0.9
no_orcid_10987,sowi,0.95
no_orcid_1100,med,1
no_orcid_11002,med,1
no_orcid_1101,med,1
no_orcid_1104,mint,1
no_orcid_11049,med,1
no_orcid_1105,mint,1
no_orcid_11067,phil,0.95
no_orcid_11078,med,1
no_orcid_1108,jura,1
no_orcid_11084,mint,1
no_orcid_11096,sowi,0.95
no_orcid_11099,med,1
no_orcid_11101,med,1
no_orcid_11102,med,1
no_orcid_11103,med,1
no_orcid_11104,med,1
no_orcid_11105,med,1
no_orcid_11106,med,1
no_orcid_11107,tech,0.95
no_orcid_11109,sowi,0.95
no_orcid_1111,med,1
no_orcid_11115,phil,0.95
no_orcid_1114,mint,0.95
no_orcid_1115,mint,0.95
no_orcid_1132,mint,0.95
no_orcid_1133,med,1
no_orcid_1136,mint,0.95
no_orcid_1137,med,1
no_orcid_1139,med,1
no_orcid_1142,mint,0.95
no_orcid_1144,med,0.95
no_orcid_1145,med,0.95
no_orcid_1146,med,0.95
no_orcid_1147,med,0.95
no_orcid_1148,med,1
no_orcid_1149,mint,0.95
no_orcid_1150,med,1
no_orcid_1151,med,1
no_orcid_1152,med,1
no_orcid_1153,med,0.98
no_orcid_1154,med,0.98
no_orcid_1171,jura,0.95
no_orcid_1172,mint,1
no_orcid_1173,mint,1
no_orcid_1174,mint,1
no_orcid_1175,mint,1
no_orcid_1176,mint,1
no_orcid_1180,phil,0.95
no_orcid_1182,sowi,0.95
no_orcid_1183,jura,1
no_orcid_1184,phil,0.95
no_orcid_1189,med,1
no_orcid_1191,med,1
no_orcid_1192,med,1
no_orcid_1193,med,1
no_orcid_1194,med,1
no_orcid_1195,med,1
no_orcid_1196,phil,1
no_orcid_1197,mint,0.95
no_orcid_1199,phil,0.95
no_orcid_120,med,0.85
no_orcid_1201,agrar,1
no_orcid_1205,med,0.9
no_orcid_1209,sowi,0.95
no_orcid_1220,agrar,0.95
no_orcid_1221,agrar,0.95
no_orcid_1224,tech,1
no_orcid_1225,agrar,1
no_orcid_1228,agrar,0.95
no_orcid_1234,med,1
no_orcid_1238,sowi,0.95
no_orcid_1239,sowi,0.95
no_orcid_1246,mint,0.95
no_orcid_1249,med,1
no_orcid_1253,med,1
no_orcid_1257,med,1
no_orcid_1259,sowi,0.95
no_orcid_1260,med,1
no_orcid_1261,med,1
no_orcid_1262,med,1
no_orcid_1271,phil,0.9
no_orcid_1272,mint,1
no_orcid_128,mint,0.95
no_orcid_1284,sowi,0.95
no_orcid_1288,agrar,0.95
no_orcid_1289,agrar,0.95
no_orcid_129,mint,0.95
no_orcid_1290,jura,1
no_orcid_1291,sowi,0.95
no_orcid_1292,jura,1
no_orcid_1298,mint,0.95
no_orcid_130,mint,0.95
no_orcid_1302,med,0.95
no_orcid_1303,agrar,0.95
no_orcid_1307,mint,1
no_orcid_131,mint,0.95
no_orcid_1310,jura,1
no_orcid_1311,med,1
no_orcid_1312,med,1
no_orcid_1313,med,1
no_orcid_1314,med,1
no_orcid_1316,mint,1
no_orcid_1319,mint,1
no_orcid_1324,mint,1
no_orcid_1327,med,0.95
no_orcid_133,mint,0.95
no_orcid_1339,mint,1
no_orcid_134,mint,1
no_orcid_1341,agrar,0.95
no_orcid_1342,sowi,0.95
no_orcid_1353,mint,1
no_orcid_1354,mint,1
no_orcid_1355,mint,1
no_orcid_1356,med,1
no_orcid_1357,med,1
no_orcid_1359,med,1
no_orcid_1362,med,1
no_orcid_1364,sowi,0.95
no_orcid_1365,med,1
no_orcid_1369,agrar,0.95
no_orcid_1376,med,1
no_orcid_1377,med,1
no_orcid_1378,med,1
no_orcid_1379,med,1
no_orcid_138,med,1
no_orcid_1380,med,1
no_orcid_1381,med,1
no_orcid_1382,med,1
no_orcid_1383,med,1
no_orcid_1384,med,1
no_orcid_1385,agrar,0.95
no_orcid_1387,sowi,1
no_orcid_1388,jura,0.95
no_orcid_1391,med,0.95
no_orcid_1392,phil,0.95
no_orcid_1399,agrar,0.95
no_orcid_140,sowi,0.95
no_orcid_1401,mint,0.95
no_orcid_1404,mint,1
no_orcid_1405,mint,1
no_orcid_141,mint,0.9
no_orcid_1410,agrar,0.95
no_orcid_1415,mint,0.95
no_orcid_1416,mint,0.95
no_orcid_1417,med,1
no_orcid_1418,med,1
no_orcid_1419,med,1
no_orcid_1421,agrar,1
no_orcid_1422,sowi,0.95
no_orcid_1423,sowi,0.95
no_orcid_1424,sowi,0.95
no_orcid_1425,sowi,0.95
no_orcid_1426,med,0.95
no_orcid_1428,med,1
no_orcid_1429,med,1
no_orcid_1431,agrar,0.95
no_orcid_1432,agrar,1
no_orcid_1433,agrar,1
no_orcid_1434,agrar,1
no_orcid_1438,agrar,1
no_orcid_1439,sowi,0.95
no_orcid_1443,sowi,0.9
no_orcid_1445,phil,0.95
no_orcid_1446,mint,0.95
no_orcid_1447,mint,1
no_orcid_1448,jura,1
no_orcid_1449,jura,1
no_orcid_145,mint,1
no_orcid_1451,med,1
no_orcid_1452,med,1
no_orcid_1455,agrar,1
no_orcid_1456,agrar,1
no_orcid_1457,agrar,1
no_orcid_1460,mint,1
no_orcid_1461,mint,1
no_orcid_1462,mint,1
no_orcid_1463,med,1
no_orcid_1464,phil,0.95
no_orcid_1468,phil,0.95
no_orcid_1469,mint,0.95
no_orcid_147,mint,0.95
no_orcid_1470,mint,0.95
no_orcid_1471,mint,0.95
no_orcid_1479,mint,1
no_orcid_1480,mint,1
no_orcid_1481,med,1
no_orcid_1486,agrar,0.95
no_orcid_1491,med,1
no_orcid_1495,agrar,1
no_orcid_1496,agrar,1
no_orcid_1498,mint,1
no_orcid_1500,mint,0.95
no_orcid_1504,mint,0.95
no_orcid_151,med,1
no_orcid_1512,sowi,1
no_orcid_1515,med,1
no_orcid_1516,med,1
no_orcid_1517,med,1
no_orcid_1518,med,1
no_orcid_1519,med,1
no_orcid_1520,sowi,0.95
no_orcid_1521,sowi,0.95
no_orcid_1522,med,1
no_orcid_1523,med,1
no_orcid_1524,med,1
no_orcid_1525,med,1
no_orcid_1528,med,0.95
no_orcid_1529,phil,0.95
no_orcid_153,med,1
no_orcid_1530,agrar,0.95
no_orcid_1534,med,1
no_orcid_1536,med,1
no_orcid_1538,med,1
no_orcid_154,med,1
no_orcid_1541,med,1
no_orcid_1542,med,1
no_orcid_1545,sowi,0.95
no_orcid_1546,med,0.95
no_orcid_1547,sowi,0.95
no_orcid_1548,sowi,0.95
no_orcid_1551,sowi,0.95
no_orcid_1552,sowi,1
no_orcid_1553,sowi,0.95
no_orcid_1554,mint,0.95
no_orcid_1557,sowi,0.95
no_orcid_156,jura,1
no_orcid_1560,agrar,0.95
no_orcid_1564,med,0.95
no_orcid_1565,med,1
no_orcid_1566,sowi,0.95
no_orcid_1568,mint,0.95
no_orcid_1573,med,1
no_orcid_1574,med,1
no_orcid_1575,med,1
no_orcid_1576,med,1
no_orcid_1577,med,1
no_orcid_1578,sowi,0.95
no_orcid_158,med,1
no_orcid_1581,mint,0.95
no_orcid_1583,med,1
no_orcid_1584,med,1
no_orcid_1589,med,1
no_orcid_1596,mint,1
no_orcid_16,mint,0.95
no_orcid_160,mint,1
no_orcid_1601,mint,1
no_orcid_1602,mint,0.95
no_orcid_1605,phil,0.95
no_orcid_1606,mint,0.95
no_orcid_1607,sowi,0.95
no_orcid_1608,mint,1
no_orcid_161,mint,0.95
no_orcid_1610,sowi,1
no_orcid_1611,sowi,1
no_orcid_1612,sowi,0.95
no_orcid_1613,agrar,0.95
no_orcid_1614,mint,0.95
no_orcid_1615,sowi,0.95
no_orcid_1617,sowi,0.95
no_orcid_1618,phil,0.95
no_orcid_1619,med,1
no_orcid_162,mint,1
no_orcid_1621,med,0.95
no_orcid_1622,mint,1
no_orcid_1623,med,0.95
no_orcid_1624,med,0.95
no_orcid_1625,med,0.95
no_orcid_1627,sowi,0.9
no_orcid_163,med,1
no_orcid_1632,med,1
no_orcid_1634,med,1
no_orcid_1638,sowi,1
no_orcid_1639,mint,1
no_orcid_164,phil,1
no_orcid_1640,phil,0.95
no_orcid_1641,agrar,1
no_orcid_1646,med,1
no_orcid_1648,med,1
no_orcid_165,phil,1
no_orcid_1650,mint,1
no_orcid_1651,mint,1
no_orcid_1653,phil,0.95
no_orcid_166,med,0.95
no_orcid_1668,phil,0.5
no_orcid_167,med,0.95
no_orcid_168,med,0.95
no_orcid_1686,phil,0.5
no_orcid_169,med,0.95
no_orcid_1696,sowi,0.95
no_orcid_1697,phil,0.95
no_orcid_1699,med,0.95
no_orcid_1700,med,0.95
no_orcid_1701,med,0.95
no_orcid_1702,med,0.95
no_orcid_1703,mint,1
no_orcid_1704,mint,1
no_orcid_1705,sowi,0.95
no_orcid_1706,mint,1
no_orcid_1707,mint,1
no_orcid_1708,mint,0.95
no_orcid_1709,agrar,0.95
no_orcid_1713,med,1
no_orcid_1714,agrar,0.95
no_orcid_1715,med,0.95
no_orcid_1716,sowi,0.95
no_orcid_1719,med,1
no_orcid_172,med,1
no_orcid_1723,mint,1
no_orcid_1726,agrar,1
no_orcid_1728,sowi,0.95
no_orcid_1731,med,1
no_orcid_1732,med,1
no_orcid_1733,med,1
no_orcid_1735,mint,1
no_orcid_1736,mint,1
no_orcid_1738,med,0.95
no_orcid_1741,mint,1
no_orcid_1742,mint,1
no_orcid_1743,mint,1
no_orcid_1746,mint,0.95
no_orcid_1747,mint,0.95
no_orcid_1748,sowi,0.9
no_orcid_1749,med,0.9
no_orcid_175,med,0.95
no_orcid_1753,mint,1
no_orcid_1759,med,1
no_orcid_1760,sowi,0.95
no_orcid_1761,sowi,0.95
no_orcid_1763,agrar,1
no_orcid_1764,mint,0.95
no_orcid_1765,mint,0.95
no_orcid_1767,mint,1
no_orcid_1768,mint,0.95
no_orcid_177,med,1
no_orcid_1770,med,1
no_orcid_1771,med,1
no_orcid_1772,med,1
no_orcid_1775,phil,1
no_orcid_1776,med,1
no_orcid_1777,med,1
no_orcid_1778,med,1
no_orcid_1779,med,1
no_orcid_1780,med,1
no_orcid_1781,med,0.95
no_orcid_1782,med,1
no_orcid_179,agrar,1
no_orcid_1792,med,0.95
no_orcid_1802,sowi,0.95
no_orcid_1807,sowi,0.95
no_orcid_1814,agrar,0.95
no_orcid_1815,agrar,0.95
no_orcid_1818,mint,0.95
no_orcid_1821,sowi,0.95
no_orcid_1826,agrar,0.95
no_orcid_1827,med,1
no_orcid_1828,med,1
no_orcid_1831,med,1
no_orcid_1834,mint,1
no_orcid_1837,med,1
no_orcid_1838,med,1
no_orcid_1839,med,1
no_orcid_184,med,1
no_orcid_1840,med,1
no_orcid_1841,mint,0.95
no_orcid_1842,med,1
no_orcid_1843,med,1
no_orcid_1844,med,1
no_orcid_1845,med,1
no_orcid_1848,med,1
no_orcid_1849,med,1
no_orcid_185,med,1
no_orcid_1853,med,1
no_orcid_1857,med,1
no_orcid_1858,med,1
no_orcid_1859,med,1
no_orcid_186,med,1
no_orcid_1860,med,1
no_orcid_1861,med,1
no_orcid_1862,med,1
no_orcid_187,med,1
no_orcid_188,med,1
no_orcid_1889,agrar,1
no_orcid_189,mint,0.95
no_orcid_1894,mint,1
no_orcid_1897,sowi,1
no_orcid_1898,med,1
no_orcid_19,sowi,0.95
no_orcid_190,mint,1
no_orcid_1902,mint,1
no_orcid_1903,mint,1
no_orcid_1904,sowi,0.95
no_orcid_1907,med,1
no_orcid_1908,med,1
no_orcid_1909,med,1
no_orcid_191,med,0.95
no_orcid_1917,agrar,0.95
no_orcid_1918,mint,0.95
no_orcid_1919,phil,0.95
no_orcid_192,med,0.95
no_orcid_1920,sowi,0.95
no_orcid_1921,agrar,0.95
no_orcid_1927,mint,0.95
no_orcid_1928,med,1
no_orcid_193,med,0.95
no_orcid_1935,sowi,0.95
no_orcid_1938,mint,0.95
no_orcid_1939,mint,0.95
no_orcid_194,med,0.95
no_orcid_1940,mint,0.95
no_orcid_1944,mint,0.95
no_orcid_195,med,0.95
no_orcid_1955,jura,1
no_orcid_1957,sowi,0.95
no_orcid_1958,mint,1
no_orcid_1959,sowi,1
no_orcid_196,med,0.95
no_orcid_1964,sowi,0.95
no_orcid_1966,sowi,0.9
no_orcid_1968,sowi,0.5
no_orcid_197,med,0.95
no_orcid_1970,sowi,0.95
no_orcid_1971,sowi,0.95
no_orcid_1972,sowi,0.95
no_orcid_1973,mint,1
no_orcid_1976,mint,1
no_orcid_198,med,0.95
no_orcid_1980,mint,1
no_orcid_1986,sowi,1
no_orcid_1987,sowi,0.95
no_orcid_199,med,0.95
no_orcid_1990,sowi,0.9
no_orcid_1991,agrar,1
no_orcid_1992,agrar,1
no_orcid_1999,med,1
no_orcid_20,jura,1
no_orcid_200,med,0.95
no_orcid_2000,med,1
no_orcid_2001,med,1
no_orcid_2002,med,1
no_orcid_2006,sowi,0.95
no_orcid_2009,agrar,0.95
no_orcid_201,med,1
no_orcid_2010,agrar,0.95
no_orcid_2011,mint,0.95
no_orcid_2012,sowi,0.95
no_orcid_2013,sowi,0.5
no_orcid_2018,agrar,1
no_orcid_202,med,1
no_orcid_2024,phil,0.95
no_orcid_2033,sowi,0.9
no_orcid_2035,sowi,1
no_orcid_2049,mint,0.95
no_orcid_2053,agrar,0.95
no_orcid_2069,sowi,1
no_orcid_207,mint,1
no_orcid_2082,med,1
no_orcid_2084,med,1
no_orcid_2085,med,1
no_orcid_2086,med,1
no_orcid_2087,med,1
no_orcid_2089,med,1
no_orcid_209,mint,0.95
no_orcid_2090,med,1
no_orcid_2091,med,1
no_orcid_2092,med,1
no_orcid_2095,sowi,0.9
no_orcid_2098,mint,1
no_orcid_210,sowi,0.95
no_orcid_2102,sowi,0.9
no_orcid_2103,agrar,0.95
no_orcid_211,mint,0.95
no_orcid_2122,agrar,0.95
no_orcid_2123,mint,1
no_orcid_2124,mint,1
no_orcid_2125,med,1
no_orcid_2138,tech,0.95
no_orcid_2141,sowi,1
no_orcid_2144,mint,1
no_orcid_2145,mint,1
no_orcid_2158,med,1
no_orcid_2165,sowi,0.95
no_orcid_2167,mint,1
no_orcid_2172,sowi,0.95
no_orcid_2174,mint,1
no_orcid_2175,sowi,0.95
no_orcid_2176,sowi,0.95
no_orcid_2179,mint,0.95
no_orcid_218,mint,0.95
no_orcid_2181,mint,1
no_orcid_2186,mint,0.95
no_orcid_2188,sowi,0.9
no_orcid_2191,med,0.95
no_orcid_2192,med,1
no_orcid_2199,agrar,1
no_orcid_220,sowi,0.9
no_orcid_2206,mint,0.95
no_orcid_2209,NA,NA
no_orcid_221,sowi,0.9
no_orcid_2210,sowi,0.95
no_orcid_2211,jura,1
no_orcid_2213,mint,0.9
no_orcid_2216,mint,1
no_orcid_2223,sowi,0.95
no_orcid_2225,med,0.95
no_orcid_2228,sowi,0.95
no_orcid_2229,sowi,0.95
no_orcid_223,mint,1
no_orcid_2232,med,0.95
no_orcid_2233,agrar,0.95
no_orcid_2234,agrar,0.95
no_orcid_2235,sowi,0.95
no_orcid_2238,sowi,0.95
no_orcid_2240,phil,0.95
no_orcid_2241,sowi,0.95
no_orcid_2242,jura,1
no_orcid_2249,med,0.95
no_orcid_2250,jura,1
no_orcid_2251,sowi,0.95
no_orcid_2252,sowi,0.95
no_orcid_2253,mint,0.95
no_orcid_2254,mint,1
no_orcid_2255,sowi,0.95
no_orcid_2257,med,1
no_orcid_226,mint,0.95
no_orcid_2261,sowi,0.95
no_orcid_2271,mint,0.95
no_orcid_2276,rewi,1
no_orcid_2277,med,1
no_orcid_2278,med,1
no_orcid_2279,med,1
no_orcid_2280,med,1
no_orcid_2281,med,1
no_orcid_2282,med,1
no_orcid_229,med,1
no_orcid_2290,med,0.95
no_orcid_2293,med,0.95
no_orcid_2296,mint,0.95
no_orcid_230,sowi,0.95
no_orcid_2301,agrar,0.95
no_orcid_2309,med,0.95
no_orcid_231,sowi,0.95
no_orcid_2310,med,0.95
no_orcid_2311,mint,0.95
no_orcid_2313,agrar,0.95
no_orcid_2319,med,1
no_orcid_2320,med,1
no_orcid_2321,med,1
no_orcid_2322,med,1
no_orcid_2324,med,1
no_orcid_2325,med,1
no_orcid_2328,med,0.95
no_orcid_2329,med,0.95
no_orcid_2330,med,0.95
no_orcid_2339,agrar,1
no_orcid_2340,agrar,1
no_orcid_2341,mint,1
no_orcid_2345,sowi,0.95
no_orcid_235,sowi,0.95
no_orcid_2353,med,1
no_orcid_2355,med,1
no_orcid_2384,med,1
no_orcid_2387,agrar,0.95
no_orcid_2390,sowi,0.95
no_orcid_2391,sowi,0.95
no_orcid_2395,med,0.95
no_orcid_2396,mint,0.95
no_orcid_2399,mint,0.95
no_orcid_24,mint,1
no_orcid_240,mint,1
no_orcid_2402,phil,0.95
no_orcid_2403,sowi,0.95
no_orcid_2404,mint,1
no_orcid_2412,mint,1
no_orcid_2413,mint,1
no_orcid_2414,mint,1
no_orcid_2415,mint,1
no_orcid_2416,sowi,1
no_orcid_2417,mint,1
no_orcid_242,med,1
no_orcid_243,med,1
no_orcid_244,med,1
no_orcid_2440,mint,0.95
no_orcid_2444,sowi,1
no_orcid_2449,sowi,0.95
no_orcid_2450,mint,0.95
no_orcid_2451,mint,0.95
no_orcid_2454,agrar,0.95
no_orcid_246,med,1
no_orcid_2463,sowi,0.95
no_orcid_2465,med,1
no_orcid_2471,mint,0.95
no_orcid_2472,mint,0.95
no_orcid_2473,mint,0.95
no_orcid_2479,med,1
no_orcid_2488,phil,0.95
no_orcid_2491,mint,1
no_orcid_25,sowi,0.95
no_orcid_251,med,1
no_orcid_252,med,1
no_orcid_253,med,1
no_orcid_2533,mint,1
no_orcid_254,med,1
no_orcid_255,med,1
no_orcid_2577,med,0.95
no_orcid_258,med,1
no_orcid_2581,mint,1
no_orcid_2585,mint,0.95
no_orcid_2587,mint,1
no_orcid_2591,agrar,1
no_orcid_2596,agrar,1
no_orcid_2597,med,1
no_orcid_2600,med,1
no_orcid_2605,mint,0.95
no_orcid_2606,mint,0.95
no_orcid_2607,sowi,1
no_orcid_2608,mint,0.95
no_orcid_2609,sowi,0.95
no_orcid_261,sowi,0.9
no_orcid_2610,sowi,0.95
no_orcid_2611,sowi,0.95
no_orcid_2612,sowi,0.95
no_orcid_2613,sowi,0.95
no_orcid_2614,sowi,0.95
no_orcid_2617,phil,1
no_orcid_262,sowi,0.9
no_orcid_2621,sowi,1
no_orcid_2623,mint,0.95
no_orcid_2625,mint,0.95
no_orcid_2634,sowi,0.95
no_orcid_2637,med,1
no_orcid_264,sowi,0.95
no_orcid_2640,sowi,0.9
no_orcid_2641,mint,0.95
no_orcid_2648,med,1
no_orcid_2649,agrar,1
no_orcid_2650,mint,1
no_orcid_2651,mint,0.95
no_orcid_2653,mint,1
no_orcid_2656,mint,1
no_orcid_2659,mint,1
no_orcid_2663,sowi,0.95
no_orcid_2667,med,1
no_orcid_2669,sowi,0.95
no_orcid_267,mint,0.95
no_orcid_2671,agrar,1
no_orcid_2672,sowi,1
no_orcid_2673,med,1
no_orcid_2674,mint,1
no_orcid_2675,mint,1
no_orcid_2677,mint,1
no_orcid_2678,mint,1
no_orcid_2679,mint,0.95
no_orcid_2680,sowi,0.95
no_orcid_2683,sowi,1
no_orcid_2684,sowi,0.95
no_orcid_2685,jura,1
no_orcid_2688,sowi,0.95
no_orcid_2693,med,0.95
no_orcid_2694,mint,1
no_orcid_2695,mint,1
no_orcid_2696,jura,0.95
no_orcid_2697,sowi,0.95
no_orcid_2698,sowi,0.95
no_orcid_2699,sowi,0.95
no_orcid_27,mint,0.95
no_orcid_2700,sowi,1
no_orcid_2708,mint,1
no_orcid_2709,mint,1
no_orcid_271,mint,0.95
no_orcid_2715,med,1
no_orcid_2716,med,1
no_orcid_2717,med,1
no_orcid_2719,med,1
no_orcid_2720,sowi,0.95
no_orcid_2722,mint,1
no_orcid_2727,mint,1
no_orcid_2729,med,1
no_orcid_273,mint,1
no_orcid_2730,med,1
no_orcid_2731,med,1
no_orcid_2732,med,1
no_orcid_2733,med,1
no_orcid_2734,med,1
no_orcid_2735,mint,0.95
no_orcid_2740,mint,1
no_orcid_2750,mint,1
no_orcid_2763,med,1
no_orcid_2764,sowi,0.9
no_orcid_2766,phil,0.95
no_orcid_2767,agrar,0.95
no_orcid_2768,sowi,0.95
no_orcid_277,mint,0.95
no_orcid_2771,med,1
no_orcid_2772,med,1
no_orcid_2773,med,1
no_orcid_2776,med,1
no_orcid_2777,med,1
no_orcid_2779,sowi,1
no_orcid_2782,mint,0.95
no_orcid_2783,mint,0.95
no_orcid_2788,agrar,0.95
no_orcid_2790,med,1
no_orcid_2791,med,1
no_orcid_2795,med,1
no_orcid_2796,med,1
no_orcid_2797,sowi,0.95
no_orcid_2799,agrar,1
no_orcid_2803,mint,1
no_orcid_2809,mint,1
no_orcid_281,phil,0.95
no_orcid_2810,mint,1
no_orcid_2811,sowi,0.95
no_orcid_282,sowi,0.95
no_orcid_2821,med,1
no_orcid_283,sowi,0.95
no_orcid_284,med,1
no_orcid_2858,mint,0.95
no_orcid_2862,mint,1
no_orcid_2867,mint,1
no_orcid_287,med,1
no_orcid_2878,mint,0.95
no_orcid_2879,mint,0.95
no_orcid_2882,sowi,0.95
no_orcid_2885,sowi,0.95
no_orcid_2887,mint,0.95
no_orcid_2893,mint,0.95
no_orcid_2899,mint,1
no_orcid_29,mint,0.95
no_orcid_290,sowi,0.95
no_orcid_2900,mint,1
no_orcid_291,sowi,0.95
no_orcid_2911,mint,0.95
no_orcid_2913,mint,0.95
no_orcid_2915,mint,1
no_orcid_2916,sowi,1
no_orcid_2917,med,1
no_orcid_2926,med,1
no_orcid_2927,phil,1
no_orcid_2929,med,1
no_orcid_2940,mint,0.95
no_orcid_2946,med,1
no_orcid_2950,agrar,0.95
no_orcid_2951,mint,0.95
no_orcid_2952,phil,0.95
no_orcid_2953,agrar,0.95
no_orcid_2954,mint,0.95
no_orcid_2955,mint,1
no_orcid_296,mint,0.95
no_orcid_2960,sowi,0.95
no_orcid_2967,phil,0.95
no_orcid_2972,med,0.95
no_orcid_2975,mint,1
no_orcid_2977,sowi,0.95
no_orcid_2979,sowi,1
no_orcid_2980,agrar,0.95
no_orcid_299,mint,0.95
no_orcid_2991,sowi,0.95
no_orcid_2992,sowi,0.95
no_orcid_2993,mint,0.95
no_orcid_2994,agrar,0.95
no_orcid_2996,agrar,0.95
no_orcid_2997,agrar,0.95
no_orcid_2999,sowi,1
no_orcid_3000,sowi,0.95
no_orcid_3001,sowi,0.95
no_orcid_3005,phil,0.95
no_orcid_3006,sowi,0.95
no_orcid_3018,mint,1
no_orcid_3020,mint,0.95
no_orcid_303,med,1
no_orcid_3071,sowi,0.95
no_orcid_3072,sowi,0.95
no_orcid_3077,agrar,1
no_orcid_3086,med,1
no_orcid_3087,sowi,0.95
no_orcid_3092,mint,0.95
no_orcid_3097,med,0.95
no_orcid_3099,mint,1
no_orcid_3107,tech,1
no_orcid_3109,agrar,0.95
no_orcid_3110,agrar,0.95
no_orcid_3111,mint,0.95
no_orcid_3113,phil,0.95
no_orcid_3114,mint,1
no_orcid_3118,sowi,0.95
no_orcid_3119,sowi,0.95
no_orcid_312,mint,1
no_orcid_3122,med,1
no_orcid_3123,med,1
no_orcid_3127,med,1
no_orcid_313,mint,0.95
no_orcid_3131,sowi,0.95
no_orcid_3132,sowi,0.95
no_orcid_3133,mint,1
no_orcid_3137,phil,0.95
no_orcid_3139,mint,0.95
no_orcid_314,mint,0.95
no_orcid_3140,jura,1
no_orcid_3141,med,0.95
no_orcid_3142,med,0.95
no_orcid_3145,sowi,0.95
no_orcid_3146,rewi,1
no_orcid_3148,agrar,0.95
no_orcid_315,mint,1
no_orcid_3159,mint,0.95
no_orcid_316,phil,0.95
no_orcid_3161,mint,1
no_orcid_317,phil,0.95
no_orcid_3178,mint,1
no_orcid_319,phil,0.95
no_orcid_3194,mint,1
no_orcid_320,sowi,1
no_orcid_321,sowi,0.95
no_orcid_3215,med,1
no_orcid_322,mint,0.95
no_orcid_3221,tech,1
no_orcid_3226,mint,0.95
no_orcid_3228,mint,1
no_orcid_3229,mint,1
no_orcid_3232,mint,1
no_orcid_3235,sowi,0.95
no_orcid_3236,phil,0.95
no_orcid_3242,mint,0.95
no_orcid_3243,mint,0.95
no_orcid_3248,mint,1
no_orcid_3249,mint,0.95
no_orcid_3250,mint,0.95
no_orcid_3253,mint,1
no_orcid_3257,agrar,0.95
no_orcid_3258,med,1
no_orcid_3259,sowi,0.95
no_orcid_326,mint,1
no_orcid_3264,mint,0.95
no_orcid_3269,agrar,0.95
no_orcid_3271,tech,0.95
no_orcid_3279,mint,0.95
no_orcid_328,med,1
no_orcid_3280,mint,0.95
no_orcid_3281,mint,0.95
no_orcid_3293,med,1
no_orcid_3294,mint,0.95
no_orcid_3297,sowi,1
no_orcid_3299,mint,0.95
no_orcid_33,mint,0.95
no_orcid_3302,med,0.95
no_orcid_3303,med,1
no_orcid_3305,med,1
no_orcid_3307,med,1
no_orcid_3308,med,1
no_orcid_3309,med,1
no_orcid_331,sowi,0.95
no_orcid_3310,med,1
no_orcid_3311,med,1
no_orcid_3313,tech,0.95
no_orcid_3314,mint,0.95
no_orcid_3315,jura,1
no_orcid_332,med,0.95
no_orcid_3326,mint,1
no_orcid_3327,mint,0.95
no_orcid_333,med,0.95
no_orcid_3331,sowi,0.95
no_orcid_3339,sowi,0.95
no_orcid_334,med,0.95
no_orcid_3341,agrar,1
no_orcid_3346,mint,1
no_orcid_3347,mint,0.95
no_orcid_335,med,0.95
no_orcid_3355,agrar,1
no_orcid_3357,phil,0.95
no_orcid_3358,phil,0.95
no_orcid_336,med,0.95
no_orcid_3361,med,0.95
no_orcid_3363,mint,1
no_orcid_3365,mint,1
no_orcid_3369,mint,1
no_orcid_337,mint,1
no_orcid_3375,med,1
no_orcid_338,mint,1
no_orcid_3385,sowi,0.95
no_orcid_3386,sowi,0.95
no_orcid_3389,med,1
no_orcid_339,mint,0.95
no_orcid_34,mint,1
no_orcid_340,med,1
no_orcid_3400,med,1
no_orcid_3402,med,1
no_orcid_3404,med,1
no_orcid_3405,med,1
no_orcid_3411,mint,0.95
no_orcid_3412,sowi,0.95
no_orcid_342,med,1
no_orcid_3422,tech,0.95
no_orcid_3424,jura,1
no_orcid_3427,mint,0.95
no_orcid_3430,sowi,0.95
no_orcid_3431,med,1
no_orcid_3432,med,1
no_orcid_3433,med,1
no_orcid_3439,sowi,0.9
no_orcid_345,mint,0.95
no_orcid_3453,agrar,1
no_orcid_3474,mint,0.9
no_orcid_3475,mint,0.95
no_orcid_3485,med,1
no_orcid_3488,med,1
no_orcid_3493,med,1
no_orcid_3494,mint,0.95
no_orcid_3495,mint,0.95
no_orcid_3497,mint,0.95
no_orcid_35,mint,1
no_orcid_3500,med,0.95
no_orcid_3502,sowi,0.9
no_orcid_3504,mint,1
no_orcid_3507,phil,0.95
no_orcid_3508,mint,0.95
no_orcid_3509,mint,0.95
no_orcid_351,mint,1
no_orcid_3510,mint,0.95
no_orcid_3515,sowi,0.95
no_orcid_3518,mint,1
no_orcid_352,mint,0.95
no_orcid_3523,phil,0.95
no_orcid_3526,agrar,0.95
no_orcid_3528,mint,0.95
no_orcid_353,mint,0.95
no_orcid_3530,mint,1
no_orcid_3531,mint,1
no_orcid_3532,phil,0.95
no_orcid_3536,med,1
no_orcid_354,mint,0.95
no_orcid_3540,sowi,0.5
no_orcid_3541,sowi,0.5
no_orcid_3542,phil,0.95
no_orcid_3547,med,1
no_orcid_3567,med,1
no_orcid_3578,med,0.95
no_orcid_3584,tech,0.95
no_orcid_3586,med,1
no_orcid_3591,agrar,1
no_orcid_3597,sowi,0.95
no_orcid_3598,sowi,0.95
no_orcid_36,mint,1
no_orcid_3601,jura,1
no_orcid_3602,mint,0.95
no_orcid_3606,sowi,0.95
no_orcid_3607,jura,1
no_orcid_3609,jura,1
no_orcid_361,agrar,0.95
no_orcid_3610,phil,0.95
no_orcid_3611,agrar,0.95
no_orcid_3612,phil,0.95
no_orcid_3614,mint,0.95
no_orcid_3615,mint,0.95
no_orcid_3617,mint,0.95
no_orcid_3618,mint,0.95
no_orcid_3621,mint,1
no_orcid_3623,mint,0.95
no_orcid_363,med,1
no_orcid_3630,mint,1
no_orcid_3636,med,1
no_orcid_364,med,1
no_orcid_3653,agrar,0.95
no_orcid_3654,agrar,0.95
no_orcid_3655,agrar,0.95
no_orcid_3660,med,0.95
no_orcid_3661,mint,1
no_orcid_367,mint,1
no_orcid_3670,phil,0.95
no_orcid_3671,med,0.95
no_orcid_3681,mint,0.95
no_orcid_37,mint,1
no_orcid_370,med,0.95
no_orcid_3709,mint,0.95
no_orcid_3711,mint,0.95
no_orcid_372,phil,0.95
no_orcid_373,phil,0.95
no_orcid_3744,sowi,0.9
no_orcid_3745,phil,0.95
no_orcid_375,med,0.95
no_orcid_376,med,0.95
no_orcid_3767,phil,0.95
no_orcid_377,med,0.95
no_orcid_3770,mint,1
no_orcid_3773,mint,1
no_orcid_3775,mint,1
no_orcid_3776,phil,0.95
no_orcid_3779,agrar,1
no_orcid_378,med,0.95
no_orcid_3783,agrar,0.95
no_orcid_3784,med,1
no_orcid_3790,mint,0.95
no_orcid_3791,mint,0.95
no_orcid_3792,med,1
no_orcid_38,mint,1
no_orcid_380,agrar,0.95
no_orcid_3800,med,1
no_orcid_3805,med,1
no_orcid_3807,med,0.95
no_orcid_3808,med,0.95
no_orcid_3810,NA,NA
no_orcid_3813,med,0.95
no_orcid_3816,med,1
no_orcid_3817,sowi,1
no_orcid_3818,phil,1
no_orcid_3825,mint,0.9
no_orcid_3834,mint,0.95
no_orcid_3835,mint,0.95
no_orcid_3836,mint,0.95
no_orcid_3839,mint,1
no_orcid_3840,mint,1
no_orcid_3841,mint,1
no_orcid_3847,sowi,0.95
no_orcid_3849,mint,0.95
no_orcid_3853,sowi,0.9
no_orcid_3855,sowi,0.95
no_orcid_3856,jura,1
no_orcid_3857,mint,1
no_orcid_3858,NA,NA
no_orcid_3859,mint,0.95
no_orcid_386,phil,0.95
no_orcid_3862,sowi,1
no_orcid_3864,sowi,0.95
no_orcid_387,phil,0.95
no_orcid_3897,mint,0.95
no_orcid_3899,med,1
no_orcid_39,mint,1
no_orcid_390,sowi,1
no_orcid_3901,sowi,0.95
no_orcid_391,med,0.95
no_orcid_3910,med,1
no_orcid_3913,mint,0.95
no_orcid_3914,mint,0.95
no_orcid_3915,sowi,0.95
no_orcid_3926,med,1
no_orcid_3927,agrar,0.95
no_orcid_3928,med,1
no_orcid_3929,med,1
no_orcid_3930,med,1
no_orcid_3932,med,0.95
no_orcid_3935,med,1
no_orcid_3936,med,1
no_orcid_3937,med,1
no_orcid_3939,mint,1
no_orcid_394,med,0.95
no_orcid_3946,mint,0.95
no_orcid_395,med,0.95
no_orcid_396,med,0.95
no_orcid_3971,mint,0.95
no_orcid_3974,agrar,1
no_orcid_3975,agrar,1
no_orcid_3976,agrar,0.95
no_orcid_3977,med,0.95
no_orcid_3978,phil,0.95
no_orcid_3983,agrar,0.95
no_orcid_3984,mint,0.95
no_orcid_3985,sowi,0.9
no_orcid_3986,mint,0.95
no_orcid_3989,sowi,0.95
no_orcid_3991,mint,1
no_orcid_3992,phil,0.95
no_orcid_3993,mint,1
no_orcid_3997,mint,0.95
no_orcid_40,med,1
no_orcid_400,sowi,0.9
no_orcid_4003,mint,0.95
no_orcid_4012,mint,1
no_orcid_4013,mint,0.95
no_orcid_4017,med,1
no_orcid_402,mint,0.95
no_orcid_4024,mint,0.95
no_orcid_4029,sowi,0.95
no_orcid_4032,med,1
no_orcid_4053,phil,1
no_orcid_4056,mint,1
no_orcid_407,mint,0.95
no_orcid_4071,tech,0.95
no_orcid_4073,tech,0.95
no_orcid_4076,sowi,0.9
no_orcid_408,mint,1
no_orcid_4080,tech,0.95
no_orcid_4082,mint,0.95
no_orcid_4083,med,1
no_orcid_4084,med,1
no_orcid_4085,agrar,1
no_orcid_4086,phil,0.95
no_orcid_4087,sowi,0.95
no_orcid_4088,sowi,0.95
no_orcid_409,agrar,0.95
no_orcid_4092,sowi,0.95
no_orcid_4095,jura,1
no_orcid_4097,rewi,0.95
no_orcid_4098,sowi,0.9
no_orcid_41,med,1
no_orcid_410,agrar,0.95
no_orcid_4101,sowi,0.95
no_orcid_4102,sowi,1
no_orcid_4105,sowi,0.95
no_orcid_4109,sowi,1
no_orcid_411,mint,0.95
no_orcid_4110,sowi,1
no_orcid_4111,med,1
no_orcid_4112,med,1
no_orcid_4113,tech,0.95
no_orcid_4114,tech,0.95
no_orcid_4115,sowi,0.95
no_orcid_412,mint,0.95
no_orcid_413,mint,1
no_orcid_4130,agrar,1
no_orcid_4131,mint,1
no_orcid_4132,mint,1
no_orcid_4135,sowi,0.95
no_orcid_4148,mint,0.95
no_orcid_4149,mint,0.95
no_orcid_4156,mint,0.95
no_orcid_4170,mint,1
no_orcid_4172,sowi,0.95
no_orcid_4180,med,0.95
no_orcid_4184,med,0.95
no_orcid_4185,mint,1
no_orcid_4186,mint,1
no_orcid_419,mint,1
no_orcid_4190,phil,0.95
no_orcid_4191,med,1
no_orcid_4192,med,1
no_orcid_4193,sowi,0.95
no_orcid_4194,mint,0.95
no_orcid_4197,jura,1
no_orcid_4199,med,0.95
no_orcid_42,med,1
no_orcid_420,sowi,0.95
no_orcid_4200,med,1
no_orcid_4203,med,1
no_orcid_4204,med,1
no_orcid_4207,med,1
no_orcid_4208,med,1
no_orcid_4213,med,1
no_orcid_4215,med,1
no_orcid_422,sowi,1
no_orcid_4220,tech,0.95
no_orcid_4229,mint,1
no_orcid_423,mint,1
no_orcid_4230,mint,1
no_orcid_4231,mint,1
no_orcid_4232,mint,1
no_orcid_4247,agrar,0.95
no_orcid_4259,mint,0.95
no_orcid_4260,mint,0.95
no_orcid_4261,med,1
no_orcid_4262,med,1
no_orcid_4263,med,1
no_orcid_4267,mint,1
no_orcid_4269,med,1
no_orcid_4271,agrar,0.95
no_orcid_4276,mint,1
no_orcid_43,tech,0.95
no_orcid_4307,med,1
no_orcid_4308,med,1
no_orcid_4309,med,1
no_orcid_431,phil,1
no_orcid_4310,med,1
no_orcid_4311,sowi,0.95
no_orcid_4312,sowi,1
no_orcid_4315,sowi,0.95
no_orcid_4316,sowi,0.95
no_orcid_4317,sowi,0.95
no_orcid_4326,mint,1
no_orcid_4329,mint,0.95
no_orcid_4340,mint,0.95
no_orcid_435,sowi,0.95
no_orcid_4350,sowi,1
no_orcid_4351,med,1
no_orcid_4352,med,1
no_orcid_4353,med,1
no_orcid_4354,med,1
no_orcid_4355,med,1
no_orcid_436,sowi,0.95
no_orcid_4365,mint,0.95
no_orcid_437,sowi,0.95
no_orcid_4371,med,1
no_orcid_4372,agrar,1
no_orcid_4375,mint,0.9
no_orcid_4376,mint,0.95
no_orcid_4378,med,0.95
no_orcid_438,sowi,0.95
no_orcid_4381,sowi,0.95
no_orcid_4382,sowi,0.95
no_orcid_4384,sowi,0.95
no_orcid_4390,sowi,0.95
no_orcid_4391,sowi,0.95
no_orcid_4400,sowi,0.95
no_orcid_4401,sowi,0.95
no_orcid_4415,mint,0.95
no_orcid_4417,agrar,0.95
no_orcid_4429,mint,0.95
no_orcid_443,mint,0.95
no_orcid_4440,mint,0.95
no_orcid_4443,sowi,0.95
no_orcid_4446,sowi,0.95
no_orcid_4450,med,1
no_orcid_4451,rewi,0.95
no_orcid_4454,phil,0.95
no_orcid_4459,mint,0.95
no_orcid_4461,sowi,0.95
no_orcid_4462,tech,0.95
no_orcid_4463,sowi,0.95
no_orcid_4464,sowi,1
no_orcid_4465,sowi,1
no_orcid_4466,sowi,1
no_orcid_4468,sowi,0.95
no_orcid_4472,mint,0.95
no_orcid_4474,med,1
no_orcid_4476,mint,1
no_orcid_4480,mint,0.95
no_orcid_4486,med,1
no_orcid_4487,mint,0.95
no_orcid_4488,mint,0.95
no_orcid_4494,jura,1
no_orcid_4495,sowi,1
no_orcid_4497,phil,0.95
no_orcid_4499,mint,1
no_orcid_4500,sowi,0.95
no_orcid_451,mint,0.95
no_orcid_4511,sowi,0.95
no_orcid_4512,jura,1
no_orcid_4513,sowi,0.95
no_orcid_4514,sowi,0.95
no_orcid_4515,mint,1
no_orcid_4516,sowi,0.95
no_orcid_4517,sowi,0.95
no_orcid_4518,sowi,0.95
no_orcid_4519,sowi,0.95
no_orcid_452,phil,1
no_orcid_4520,sowi,0.95
no_orcid_4521,sowi,1
no_orcid_4528,sowi,1
no_orcid_453,mint,0.95
no_orcid_4536,med,1
no_orcid_4540,sowi,0.95
no_orcid_4541,sowi,0.95
no_orcid_4544,mint,1
no_orcid_455,mint,0.95
no_orcid_456,mint,0.95
no_orcid_4561,sowi,0.95
no_orcid_4562,sowi,0.95
no_orcid_4563,sowi,0.95
no_orcid_4564,sowi,1
no_orcid_4565,agrar,0.95
no_orcid_4577,sowi,0.95
no_orcid_458,mint,0.95
no_orcid_4582,med,0.95
no_orcid_4583,med,0.95
no_orcid_4587,sowi,0.95
no_orcid_459,mint,0.95
no_orcid_4590,agrar,1
no_orcid_4591,med,1
no_orcid_4592,med,1
no_orcid_460,mint,0.95
no_orcid_4602,med,1
no_orcid_4605,phil,0.9
no_orcid_4609,mint,0.95
no_orcid_4617,mint,0.95
no_orcid_4619,sowi,0.95
no_orcid_462,sowi,0.95
no_orcid_4620,sowi,0.95
no_orcid_4626,phil,0.95
no_orcid_463,mint,0.95
no_orcid_4630,phil,1
no_orcid_4631,tech,0.95
no_orcid_4633,med,1
no_orcid_4636,med,1
no_orcid_4637,med,1
no_orcid_4638,med,1
no_orcid_464,mint,1
no_orcid_4640,med,1
no_orcid_4642,mint,0.95
no_orcid_4644,mint,0.95
no_orcid_4645,med,1
no_orcid_4648,mint,0.95
no_orcid_4651,mint,0.95
no_orcid_4653,med,1
no_orcid_4655,med,1
no_orcid_4656,med,1
no_orcid_4657,mint,1
no_orcid_4658,mint,1
no_orcid_4659,mint,1
no_orcid_4666,med,1
no_orcid_4668,mint,1
no_orcid_4669,med,1
no_orcid_4670,med,1
no_orcid_4671,med,1
no_orcid_4672,med,1
no_orcid_4673,med,1
no_orcid_4674,med,1
no_orcid_4675,med,1
no_orcid_4676,med,1
no_orcid_4677,med,1
no_orcid_4678,med,1
no_orcid_4679,med,1
no_orcid_4680,med,1
no_orcid_4681,med,1
no_orcid_4682,med,1
no_orcid_4683,med,1
no_orcid_4684,mint,1
no_orcid_4687,mint,1
no_orcid_4689,mint,0.95
no_orcid_4697,mint,0.95
no_orcid_4698,mint,0.95
no_orcid_4717,sowi,0.95
no_orcid_4718,sowi,0.95
no_orcid_4719,sowi,0.95
no_orcid_4731,med,1
no_orcid_4733,agrar,1
no_orcid_4735,mint,0.95
no_orcid_4738,mint,0.95
no_orcid_4745,mint,1
no_orcid_4749,mint,0.9
no_orcid_4756,agrar,1
no_orcid_4765,agrar,0.95
no_orcid_4766,sowi,0.95
no_orcid_4770,med,1
no_orcid_4775,med,1
no_orcid_4776,med,1
no_orcid_4777,med,1
no_orcid_4778,med,1
no_orcid_4779,med,1
no_orcid_4791,mint,1
no_orcid_4792,mint,1
no_orcid_4794,sowi,0.95
no_orcid_4797,sowi,0.9
no_orcid_4798,sowi,0.95
no_orcid_4800,sowi,0.95
no_orcid_4801,sowi,0.95
no_orcid_4802,sowi,0.95
no_orcid_4807,mint,1
no_orcid_4808,sowi,0.9
no_orcid_4818,med,1
no_orcid_4819,med,1
no_orcid_4820,med,1
no_orcid_4833,sowi,0.95
no_orcid_4834,sowi,0.95
no_orcid_4849,med,1
no_orcid_4853,mint,1
no_orcid_4876,mint,0.95
no_orcid_4883,mint,1
no_orcid_4884,mint,1
no_orcid_4892,phil,0.95
no_orcid_493,sowi,0.95
no_orcid_4930,phil,0.95
no_orcid_494,sowi,0.95
no_orcid_4947,sowi,0.95
no_orcid_4948,med,0.95
no_orcid_495,sowi,0.95
no_orcid_4956,mint,0.95
no_orcid_4958,sowi,0.95
no_orcid_4960,mint,0.95
no_orcid_4961,sowi,0.95
no_orcid_4962,sowi,0.95
no_orcid_4967,sowi,1
no_orcid_4969,NA,NA
no_orcid_4972,mint,0.95
no_orcid_4973,mint,0.95
no_orcid_4974,agrar,0.95
no_orcid_4978,sowi,1
no_orcid_4979,sowi,1
no_orcid_4980,sowi,0.95
no_orcid_4989,med,1
no_orcid_4993,mint,1
no_orcid_4996,sowi,0.95
no_orcid_500,phil,0.95
no_orcid_5000,med,1
no_orcid_501,med,1
no_orcid_5015,NA,NA
no_orcid_5019,med,1
no_orcid_5020,med,1
no_orcid_5021,med,1
no_orcid_5022,med,1
no_orcid_5023,med,1
no_orcid_5024,med,1
no_orcid_5025,mint,0.95
no_orcid_5030,med,1
no_orcid_5031,NA,NA
no_orcid_5032,sowi,0.95
no_orcid_5033,mint,1
no_orcid_5036,med,0.95
no_orcid_504,med,0.95
no_orcid_505,med,0.95
no_orcid_506,med,0.95
no_orcid_5064,tech,0.95
no_orcid_5072,med,1
no_orcid_5074,sowi,0.95
no_orcid_5081,agrar,0.95
no_orcid_5082,agrar,0.95
no_orcid_5084,mint,1
no_orcid_5086,med,1
no_orcid_5094,med,0.95
no_orcid_51,sowi,0.9
no_orcid_510,mint,0.95
no_orcid_5100,sowi,0.95
no_orcid_512,mint,1
no_orcid_5124,sowi,0.95
no_orcid_5125,mint,0.95
no_orcid_5126,mint,0.95
no_orcid_5127,med,1
no_orcid_5128,sowi,0.95
no_orcid_5136,mint,1
no_orcid_5138,mint,0.95
no_orcid_5139,mint,0.95
no_orcid_514,agrar,1
no_orcid_5140,med,1
no_orcid_5141,med,1
no_orcid_5144,jura,1
no_orcid_5145,sowi,0.95
no_orcid_5146,med,1
no_orcid_515,agrar,1
no_orcid_5155,sowi,0.95
no_orcid_5159,med,1
no_orcid_517,mint,0.95
no_orcid_5177,med,1
no_orcid_518,tech,1
no_orcid_5187,mint,1
no_orcid_5189,med,1
no_orcid_519,tech,1
no_orcid_5190,med,1
no_orcid_5191,med,1
no_orcid_5192,med,1
no_orcid_5197,mint,0.95
no_orcid_5205,mint,0.95
no_orcid_5210,mint,1
no_orcid_5215,agrar,0.95
no_orcid_523,mint,1
no_orcid_524,mint,1
no_orcid_5283,sowi,0.95
no_orcid_5284,sowi,0.95
no_orcid_5291,phil,0.95
no_orcid_5295,sowi,0.95
no_orcid_5298,agrar,0.95
no_orcid_5299,mint,0.95
no_orcid_5301,agrar,0.95
no_orcid_5302,med,1
no_orcid_5303,med,1
no_orcid_5304,med,1
no_orcid_5305,med,1
no_orcid_5312,med,1
no_orcid_5314,med,1
no_orcid_5318,agrar,1
no_orcid_5319,sowi,1
no_orcid_532,mint,0.95
no_orcid_5320,med,0.95
no_orcid_533,mint,0.95
no_orcid_534,mint,0.95
no_orcid_5343,agrar,0.95
no_orcid_5344,mint,0.95
no_orcid_5347,tech,1
no_orcid_535,mint,0.95
no_orcid_5355,phil,0.95
no_orcid_5360,mint,0.95
no_orcid_5363,tech,0.95
no_orcid_5364,sowi,0.95
no_orcid_5365,sowi,0.95
no_orcid_5378,sowi,1
no_orcid_5379,sowi,0.95
no_orcid_538,mint,1
no_orcid_5393,agrar,1
no_orcid_5395,phil,1
no_orcid_5396,sowi,0.95
no_orcid_5397,sowi,1
no_orcid_5398,phil,0.95
no_orcid_54,sowi,0.9
no_orcid_540,med,0.95
no_orcid_5407,mint,0.95
no_orcid_541,med,0.95
no_orcid_5416,sowi,1
no_orcid_542,med,0.95
no_orcid_5420,mint,0.95
no_orcid_5421,mint,0.95
no_orcid_5423,sowi,0.95
no_orcid_5427,phil,0.5
no_orcid_543,med,1
no_orcid_5432,med,1
no_orcid_547,med,1
no_orcid_548,med,1
no_orcid_5485,med,0.95
no_orcid_549,med,1
no_orcid_5490,agrar,0.95
no_orcid_5492,mint,0.95
no_orcid_5493,mint,0.95
no_orcid_55,med,1
no_orcid_550,med,1
no_orcid_551,med,1
no_orcid_552,med,1
no_orcid_5524,sowi,0.9
no_orcid_5529,jura,1
no_orcid_553,med,1
no_orcid_5534,mint,0.95
no_orcid_5535,mint,0.95
no_orcid_5536,mint,0.95
no_orcid_554,med,1
no_orcid_555,mint,0.95
no_orcid_5551,med,0.95
no_orcid_5552,med,0.95
no_orcid_5554,med,1
no_orcid_5556,mint,0.95
no_orcid_5557,mint,0.95
no_orcid_5558,mint,1
no_orcid_5564,phil,1
no_orcid_5569,sowi,1
no_orcid_5578,med,1
no_orcid_5579,med,1
no_orcid_558,med,1
no_orcid_5580,med,1
no_orcid_5581,med,1
no_orcid_5584,mint,0.95
no_orcid_5585,phil,1
no_orcid_5587,phil,0.95
no_orcid_5593,mint,0.95
no_orcid_5596,mint,0.95
no_orcid_5597,med,1
no_orcid_5599,phil,0.95
no_orcid_5611,med,1
no_orcid_5616,med,1
no_orcid_5628,mint,0.95
no_orcid_5629,mint,0.95
no_orcid_5632,med,1
no_orcid_5633,sowi,0.9
no_orcid_5634,sowi,0.95
no_orcid_565,sowi,0.9
no_orcid_5656,phil,0.9
no_orcid_5658,med,1
no_orcid_566,sowi,0.9
no_orcid_5660,jura,0.95
no_orcid_5661,mint,0.95
no_orcid_5662,mint,0.95
no_orcid_5665,mint,0.95
no_orcid_567,med,1
no_orcid_5671,sowi,1
no_orcid_5673,sowi,1
no_orcid_5674,sowi,0.95
no_orcid_5676,agrar,1
no_orcid_5679,mint,1
no_orcid_568,med,1
no_orcid_569,med,1
no_orcid_570,med,1
no_orcid_5717,phil,1
no_orcid_5718,mint,0.95
no_orcid_572,med,1
no_orcid_573,med,1
no_orcid_574,sowi,0.95
no_orcid_575,sowi,0.9
no_orcid_5756,sowi,0.95
no_orcid_5766,tech,0.95
no_orcid_5779,sowi,0.95
no_orcid_5780,sowi,0.95
no_orcid_5793,mint,1
no_orcid_5794,mint,1
no_orcid_5799,sowi,0.95
no_orcid_5800,mint,0.95
no_orcid_5815,med,1
no_orcid_5822,mint,0.95
no_orcid_5825,agrar,0.95
no_orcid_5826,sowi,0.95
no_orcid_5829,mint,0.95
no_orcid_5837,mint,1
no_orcid_584,med,1
no_orcid_5840,med,1
no_orcid_5844,sowi,0.95
no_orcid_5851,mint,0.95
no_orcid_586,mint,0.95
no_orcid_5864,sowi,0.95
no_orcid_588,sowi,1
no_orcid_5881,mint,0.95
no_orcid_589,sowi,0.95
no_orcid_5890,sowi,0.95
no_orcid_5891,sowi,0.95
no_orcid_5896,phil,0.95
no_orcid_5900,agrar,0.95
no_orcid_5901,agrar,0.95
no_orcid_5906,sowi,0.95
no_orcid_591,mint,1
no_orcid_5911,sowi,1
no_orcid_5912,sowi,1
no_orcid_5913,phil,0.95
no_orcid_5922,phil,0.95
no_orcid_593,med,1
no_orcid_5948,mint,1
no_orcid_5949,sowi,1
no_orcid_595,med,1
no_orcid_5952,mint,1
no_orcid_5953,mint,1
no_orcid_5957,sowi,0.95
no_orcid_596,med,1
no_orcid_5964,med,1
no_orcid_5965,med,1
no_orcid_5966,med,1
no_orcid_598,mint,0.95
no_orcid_5989,sowi,0.95
no_orcid_5995,med,1
no_orcid_5996,med,0.95
no_orcid_5997,sowi,1
no_orcid_60,agrar,0.9
no_orcid_600,mint,1
no_orcid_6004,phil,0.95
no_orcid_6005,sowi,0.95
no_orcid_6006,sowi,0.95
no_orcid_601,mint,0.95
no_orcid_6015,mint,1
no_orcid_6022,sowi,1
no_orcid_6023,phil,0.95
no_orcid_603,mint,1
no_orcid_6031,med,1
no_orcid_6033,mint,0.95
no_orcid_6036,mint,0.95
no_orcid_6037,sowi,0.95
no_orcid_6047,med,0.95
no_orcid_6048,med,0.95
no_orcid_6049,sowi,1
no_orcid_605,mint,1
no_orcid_6050,phil,1
no_orcid_6051,mint,0.95
no_orcid_6052,jura,1
no_orcid_6062,med,1
no_orcid_6070,med,1
no_orcid_6071,med,1
no_orcid_6072,med,1
no_orcid_6073,med,1
no_orcid_6074,med,1
no_orcid_6078,sowi,0.95
no_orcid_608,mint,1
no_orcid_6084,sowi,0.95
no_orcid_6089,med,1
no_orcid_609,mint,0.95
no_orcid_6096,mint,0.95
no_orcid_6099,mint,0.95
no_orcid_61,mint,0.95
no_orcid_6111,sowi,0.95
no_orcid_6114,sowi,0.95
no_orcid_6117,sowi,1
no_orcid_612,phil,0.85
no_orcid_6137,mint,1
no_orcid_6138,mint,0.95
no_orcid_6140,sowi,0.95
no_orcid_6142,mint,0.95
no_orcid_615,sowi,0.95
no_orcid_6159,mint,0.95
no_orcid_6160,mint,0.95
no_orcid_6163,mint,1
no_orcid_6164,agrar,1
no_orcid_6165,med,1
no_orcid_6166,med,1
no_orcid_6168,agrar,0.95
no_orcid_617,sowi,0.9
no_orcid_6172,mint,1
no_orcid_6174,mint,0.95
no_orcid_6178,mint,0.95
no_orcid_618,phil,0.98
no_orcid_621,mint,0.9
no_orcid_6228,mint,0.95
no_orcid_6230,phil,0.95
no_orcid_6240,mint,0.95
no_orcid_6248,mint,1
no_orcid_6249,mint,1
no_orcid_6250,mint,1
no_orcid_6262,mint,1
no_orcid_6267,agrar,1
no_orcid_628,sowi,1
no_orcid_6283,jura,1
no_orcid_6287,med,1
no_orcid_6289,sowi,0.95
no_orcid_629,sowi,0.95
no_orcid_6297,phil,0.95
no_orcid_630,mint,0.95
no_orcid_6300,sowi,0.9
no_orcid_6301,sowi,0.95
no_orcid_631,med,1
no_orcid_6316,mint,0.95
no_orcid_6319,agrar,0.95
no_orcid_632,med,1
no_orcid_6320,sowi,0.95
no_orcid_6321,sowi,0.95
no_orcid_6325,mint,0.95
no_orcid_6329,mint,0.95
no_orcid_633,med,1
no_orcid_6330,mint,1
no_orcid_6331,mint,1
no_orcid_6335,mint,1
no_orcid_634,med,1
no_orcid_635,med,1
no_orcid_6354,med,0.95
no_orcid_636,med,1
no_orcid_6360,sowi,0.95
no_orcid_6362,med,1
no_orcid_6363,med,1
no_orcid_637,med,1
no_orcid_6373,med,0.95
no_orcid_638,med,1
no_orcid_6389,med,1
no_orcid_639,med,0.95
no_orcid_6391,mint,0.95
no_orcid_6393,sowi,0.95
no_orcid_6394,med,1
no_orcid_6398,jura,0.95
no_orcid_640,med,0.95
no_orcid_6404,mint,1
no_orcid_6407,sowi,0.95
no_orcid_641,med,1
no_orcid_6417,sowi,0.95
no_orcid_6419,sowi,0.95
no_orcid_642,med,1
no_orcid_6420,mint,0.95
no_orcid_6422,sowi,0.95
no_orcid_6423,sowi,1
no_orcid_6424,sowi,0.95
no_orcid_6425,phil,0.95
no_orcid_643,med,1
no_orcid_644,med,1
no_orcid_6446,phil,0.95
no_orcid_645,med,0.95
no_orcid_6452,mint,0.95
no_orcid_6453,mint,0.9
no_orcid_6458,sowi,0.95
no_orcid_6465,sowi,0.95
no_orcid_648,mint,1
no_orcid_649,med,1
no_orcid_6490,mint,1
no_orcid_65,med,1
no_orcid_650,med,1
no_orcid_6500,med,1
no_orcid_6501,med,1
no_orcid_6507,phil,0.95
no_orcid_6509,mint,0.95
no_orcid_651,med,1
no_orcid_652,med,1
no_orcid_653,med,1
no_orcid_6535,med,1
no_orcid_6536,med,1
no_orcid_654,med,1
no_orcid_6542,agrar,0.95
no_orcid_655,med,1
no_orcid_6550,mint,0.95
no_orcid_6551,mint,1
no_orcid_6552,mint,1
no_orcid_6556,mint,0.95
no_orcid_6557,mint,1
no_orcid_6558,mint,0.95
no_orcid_656,med,1
no_orcid_6560,mint,0.95
no_orcid_6561,mint,0.95
no_orcid_6565,mint,0.95
no_orcid_6570,mint,1
no_orcid_6571,mint,1
no_orcid_6587,mint,1
no_orcid_6589,med,1
no_orcid_659,agrar,1
no_orcid_6590,med,1
no_orcid_6591,med,1
no_orcid_6599,mint,0.95
no_orcid_6600,agrar,0.95
no_orcid_6606,med,0.95
no_orcid_662,mint,1
no_orcid_663,med,1
no_orcid_664,med,1
no_orcid_6640,mint,1
no_orcid_6647,sowi,0.95
no_orcid_6648,mint,1
no_orcid_665,med,1
no_orcid_6654,mint,1
no_orcid_6659,med,1
no_orcid_666,med,1
no_orcid_6668,sowi,1
no_orcid_6669,mint,0.95
no_orcid_667,med,1
no_orcid_6670,mint,0.95
no_orcid_668,med,1
no_orcid_669,med,1
no_orcid_67,med,1
no_orcid_670,sowi,0.95
no_orcid_6706,phil,0.95
no_orcid_6708,med,1
no_orcid_6709,med,1
no_orcid_6720,agrar,0.95
no_orcid_6728,med,1
no_orcid_6729,mint,1
no_orcid_673,med,1
no_orcid_6730,sowi,0.95
no_orcid_6732,mint,1
no_orcid_6736,sowi,0.95
no_orcid_6737,sowi,0.95
no_orcid_674,med,1
no_orcid_675,med,1
no_orcid_6758,med,0.9
no_orcid_676,med,1
no_orcid_6767,med,1
no_orcid_677,med,1
no_orcid_6775,sowi,0.95
no_orcid_6777,sowi,0.95
no_orcid_6778,sowi,0.95
no_orcid_6779,phil,0.95
no_orcid_678,med,1
no_orcid_6784,jura,0.95
no_orcid_6786,med,1
no_orcid_6794,mint,0.85
no_orcid_68,med,1
no_orcid_6805,med,1
no_orcid_6806,med,1
no_orcid_6808,med,1
no_orcid_6809,med,1
no_orcid_6823,med,1
no_orcid_6824,med,1
no_orcid_6828,med,1
no_orcid_6829,med,1
no_orcid_683,med,1
no_orcid_6830,med,1
no_orcid_6839,med,1
no_orcid_6840,med,1
no_orcid_6841,med,1
no_orcid_6847,med,1
no_orcid_6848,med,1
no_orcid_6852,med,1
no_orcid_6860,med,1
no_orcid_6861,med,1
no_orcid_6862,med,1
no_orcid_6863,med,1
no_orcid_6869,agrar,1
no_orcid_6876,mint,1
no_orcid_6879,mint,1
no_orcid_688,sowi,0.9
no_orcid_6882,mint,1
no_orcid_6885,med,1
no_orcid_6886,med,1
no_orcid_6887,med,1
no_orcid_6888,med,1
no_orcid_6889,med,1
no_orcid_689,med,1
no_orcid_690,sowi,0.95
no_orcid_6902,med,1
no_orcid_6911,sowi,0.95
no_orcid_6919,med,1
no_orcid_6920,med,1
no_orcid_6921,med,1
no_orcid_693,mint,1
no_orcid_6936,mint,1
no_orcid_6937,mint,0.95
no_orcid_6938,mint,0.95
no_orcid_694,mint,1
no_orcid_695,mint,1
no_orcid_6957,mint,1
no_orcid_6964,agrar,1
no_orcid_6968,sowi,0.95
no_orcid_6969,jura,1
no_orcid_6973,phil,0.95
no_orcid_6975,sowi,0.95
no_orcid_6976,phil,0.95
no_orcid_6977,med,0.95
no_orcid_6981,mint,1
no_orcid_6982,sowi,0.95
no_orcid_6987,sowi,0.95
no_orcid_6988,sowi,0.95
no_orcid_699,mint,1
no_orcid_6990,mint,1
no_orcid_6991,phil,0.95
no_orcid_7004,sowi,0.95
no_orcid_7005,med,1
no_orcid_7006,mint,0.95
no_orcid_7007,mint,0.95
no_orcid_7021,med,1
no_orcid_7022,med,1
no_orcid_7023,sowi,0.95
no_orcid_7024,sowi,0.95
no_orcid_7028,agrar,0.95
no_orcid_7034,mint,1
no_orcid_7035,mint,1
no_orcid_7036,mint,1
no_orcid_7037,mint,1
no_orcid_7038,mint,1
no_orcid_7044,med,1
no_orcid_7055,med,1
no_orcid_7067,sowi,0.95
no_orcid_7069,mint,1
no_orcid_707,mint,1
no_orcid_7072,phil,0.95
no_orcid_7073,mint,0.95
no_orcid_7075,sowi,0.95
no_orcid_708,mint,1
no_orcid_7080,mint,0.85
no_orcid_7089,med,1
no_orcid_7090,med,1
no_orcid_71,mint,0.95
no_orcid_711,mint,1
no_orcid_7110,mint,0.95
no_orcid_7124,med,1
no_orcid_7126,med,0.95
no_orcid_714,mint,0.95
no_orcid_7147,mint,1
no_orcid_7151,sowi,0.95
no_orcid_7158,med,1
no_orcid_7160,mint,0.95
no_orcid_7162,agrar,0.95
no_orcid_717,sowi,1
no_orcid_7175,mint,0.95
no_orcid_7176,mint,0.95
no_orcid_718,sowi,0.95
no_orcid_7184,sowi,0.95
no_orcid_7187,mint,1
no_orcid_7188,mint,1
no_orcid_7189,med,0.95
no_orcid_719,mint,0.95
no_orcid_7191,mint,0.95
no_orcid_7192,phil,0.95
no_orcid_7193,mint,1
no_orcid_7194,sowi,0.95
no_orcid_7211,mint,1
no_orcid_7221,med,1
no_orcid_7226,med,1
no_orcid_7227,med,1
no_orcid_7228,med,1
no_orcid_7229,med,1
no_orcid_723,mint,1
no_orcid_7238,mint,0.9
no_orcid_7241,mint,0.9
no_orcid_7254,mint,0.95
no_orcid_7259,med,1
no_orcid_726,phil,0.95
no_orcid_7260,med,1
no_orcid_7261,med,1
no_orcid_7267,sowi,0.95
no_orcid_727,phil,0.95
no_orcid_7275,sowi,0.9
no_orcid_7278,mint,1
no_orcid_73,med,0.95
no_orcid_730,mint,0.95
no_orcid_731,med,0.95
no_orcid_7329,mint,0.95
no_orcid_7333,mint,0.95
no_orcid_7345,sowi,0.95
no_orcid_735,mint,0.95
no_orcid_7355,med,1
no_orcid_7364,mint,1
no_orcid_7371,agrar,0.95
no_orcid_7376,med,1
no_orcid_7379,med,1
no_orcid_7380,med,1
no_orcid_7381,sowi,0.95
no_orcid_7385,sowi,0.85
no_orcid_7386,tech,0.95
no_orcid_7387,tech,0.95
no_orcid_74,med,1
no_orcid_740,med,1
no_orcid_7401,sowi,0.95
no_orcid_7407,agrar,1
no_orcid_741,med,1
no_orcid_7412,mint,1
no_orcid_7413,phil,0.95
no_orcid_7414,sowi,0.95
no_orcid_742,sowi,0.95
no_orcid_7422,sowi,0.95
no_orcid_7423,mint,0.95
no_orcid_7425,mint,1
no_orcid_7426,mint,1
no_orcid_743,mint,0.95
no_orcid_7430,med,1
no_orcid_7441,jura,1
no_orcid_7443,sowi,0.95
no_orcid_7447,med,1
no_orcid_745,mint,0.95
no_orcid_7452,phil,0.95
no_orcid_7457,mint,1
no_orcid_7477,sowi,0.95
no_orcid_7482,med,1
no_orcid_7483,phil,0.95
no_orcid_7485,agrar,0.95
no_orcid_7495,phil,1
no_orcid_7500,phil,0.95
no_orcid_7503,med,1
no_orcid_7506,sowi,0.95
no_orcid_7509,agrar,0.95
no_orcid_751,med,1
no_orcid_7517,sowi,1
no_orcid_7519,sowi,0.95
no_orcid_752,med,1
no_orcid_7521,med,1
no_orcid_7523,mint,0.95
no_orcid_7537,sowi,0.95
no_orcid_7540,mint,0.95
no_orcid_7544,mint,0.95
no_orcid_7546,sowi,0.95
no_orcid_7547,sowi,1
no_orcid_7551,agrar,0.95
no_orcid_7552,sowi,0.95
no_orcid_7553,med,1
no_orcid_7554,med,1
no_orcid_7555,med,1
no_orcid_7561,mint,1
no_orcid_7562,mint,1
no_orcid_7564,mint,1
no_orcid_7565,med,1
no_orcid_7566,tech,1
no_orcid_7567,sowi,0.95
no_orcid_7572,sowi,0.95
no_orcid_7583,sowi,0.95
no_orcid_7596,sowi,0.95
no_orcid_7598,mint,1
no_orcid_7599,mint,1
no_orcid_7614,sowi,0.95
no_orcid_7644,mint,0.95
no_orcid_7659,sowi,0.95
no_orcid_7662,mint,0.95
no_orcid_7663,phil,0.95
no_orcid_7666,sowi,0.95
no_orcid_7671,mint,0.9
no_orcid_7675,sowi,0.95
no_orcid_7676,sowi,0.95
no_orcid_7678,sowi,0.95
no_orcid_7681,med,1
no_orcid_7683,phil,0.95
no_orcid_7684,mint,0.95
no_orcid_7686,jura,1
no_orcid_7687,jura,1
no_orcid_7688,sowi,0.95
no_orcid_7691,mint,0.9
no_orcid_770,agrar,0.95
no_orcid_771,sowi,0.95
no_orcid_7710,mint,0.85
no_orcid_772,med,1
no_orcid_7722,med,1
no_orcid_7736,mint,0.95
no_orcid_774,med,1
no_orcid_7740,med,1
no_orcid_7743,med,1
no_orcid_7755,med,1
no_orcid_7756,mint,0.95
no_orcid_7758,med,1
no_orcid_7759,mint,0.95
no_orcid_7761,med,1
no_orcid_7769,med,1
no_orcid_777,sowi,0.95
no_orcid_7770,med,1
no_orcid_7771,med,1
no_orcid_7773,mint,0.95
no_orcid_778,mint,0.95
no_orcid_7785,mint,1
no_orcid_7786,mint,1
no_orcid_779,jura,1
no_orcid_7793,med,1
no_orcid_7794,med,1
no_orcid_7797,med,0.95
no_orcid_780,phil,0.95
no_orcid_7806,med,1
no_orcid_781,mint,1
no_orcid_7816,agrar,1
no_orcid_782,mint,0.95
no_orcid_787,mint,1
no_orcid_7885,mint,1
no_orcid_7888,mint,0.95
no_orcid_7890,phil,1
no_orcid_7891,med,1
no_orcid_7892,med,1
no_orcid_79,mint,1
no_orcid_790,sowi,0.95
no_orcid_7917,agrar,0.95
no_orcid_7925,mint,0.95
no_orcid_7927,mint,0.95
no_orcid_796,med,0.95
no_orcid_797,med,0.95
no_orcid_7971,sowi,0.95
no_orcid_7972,sowi,0.9
no_orcid_7973,mint,0.95
no_orcid_7974,med,1
no_orcid_798,med,0.95
no_orcid_7985,med,1
no_orcid_7986,agrar,0.95
no_orcid_7987,agrar,0.95
no_orcid_7988,agrar,0.95
no_orcid_799,med,0.95
no_orcid_8,mint,0.95
no_orcid_80,mint,1
no_orcid_800,med,0.95
no_orcid_8002,med,1
no_orcid_801,mint,0.95
no_orcid_8011,agrar,1
no_orcid_802,mint,0.95
no_orcid_8023,mint,1
no_orcid_8024,mint,1
no_orcid_8025,mint,1
no_orcid_8026,mint,1
no_orcid_8027,mint,1
no_orcid_8028,mint,0.95
no_orcid_8029,mint,1
no_orcid_8030,mint,1
no_orcid_8031,mint,0.95
no_orcid_8032,mint,1
no_orcid_8033,mint,0.95
no_orcid_8034,mint,1
no_orcid_8035,mint,1
no_orcid_8036,mint,1
no_orcid_8037,mint,1
no_orcid_8038,mint,1
no_orcid_8050,mint,1
no_orcid_8051,mint,1
no_orcid_8058,med,1
no_orcid_8065,med,1
no_orcid_8079,mint,1
no_orcid_808,sowi,0.9
no_orcid_8084,mint,0.95
no_orcid_809,mint,0.95
no_orcid_8096,med,1
no_orcid_8097,sowi,0.9
no_orcid_8099,mint,1
no_orcid_810,mint,1
no_orcid_8100,mint,1
no_orcid_8101,sowi,0.9
no_orcid_8102,sowi,0.9
no_orcid_8104,sowi,0.9
no_orcid_8105,sowi,0.9
no_orcid_8106,sowi,0.9
no_orcid_8107,sowi,0.9
no_orcid_811,mint,0.95
no_orcid_8110,sowi,0.9
no_orcid_8113,sowi,0.9
no_orcid_8114,sowi,0.9
no_orcid_8115,sowi,0.9
no_orcid_8116,sowi,0.9
no_orcid_8117,sowi,0.9
no_orcid_8118,sowi,0.9
no_orcid_8119,mint,1
no_orcid_812,mint,0.9
no_orcid_8120,sowi,0.9
no_orcid_8156,mint,0.95
no_orcid_8157,tech,1
no_orcid_8169,mint,0.95
no_orcid_8174,mint,0.95
no_orcid_8175,med,1
no_orcid_8176,med,1
no_orcid_8177,agrar,1
no_orcid_8182,sowi,0.95
no_orcid_8184,sowi,0.95
no_orcid_8188,sowi,0.95
no_orcid_8190,sowi,0.95
no_orcid_8191,sowi,0.95
no_orcid_8192,mint,1
no_orcid_8195,mint,0.95
no_orcid_82,med,1
no_orcid_8200,med,1
no_orcid_8201,med,1
no_orcid_8202,phil,1
no_orcid_8219,sowi,0.95
no_orcid_822,med,1
no_orcid_8226,mint,0.95
no_orcid_823,med,1
no_orcid_824,med,1
no_orcid_8240,mint,1
no_orcid_8243,tech,0.95
no_orcid_825,med,1
no_orcid_8250,phil,0.95
no_orcid_8255,mint,0.95
no_orcid_826,med,1
no_orcid_8260,med,1
no_orcid_8261,agrar,0.95
no_orcid_8262,mint,0.95
no_orcid_8265,mint,1
no_orcid_827,med,1
no_orcid_8270,mint,1
no_orcid_828,mint,1
no_orcid_8284,med,1
no_orcid_8285,med,1
no_orcid_829,mint,1
no_orcid_8293,agrar,1
no_orcid_83,med,1
no_orcid_830,mint,0.95
no_orcid_8309,med,1
no_orcid_8327,agrar,0.95
no_orcid_8343,med,0.95
no_orcid_8354,mint,0.95
no_orcid_8358,med,1
no_orcid_8365,med,1
no_orcid_8366,sowi,0.95
no_orcid_8367,med,1
no_orcid_8368,med,1
no_orcid_837,mint,0.95
no_orcid_8381,mint,1
no_orcid_8388,mint,0.95
no_orcid_839,sowi,0.95
no_orcid_8390,mint,0.95
no_orcid_8392,phil,0.95
no_orcid_8393,sowi,0.9
no_orcid_840,sowi,0.95
no_orcid_8401,sowi,0.95
no_orcid_8403,sowi,1
no_orcid_8404,med,1
no_orcid_8405,sowi,0.5
no_orcid_8406,sowi,0.5
no_orcid_8408,mint,0.95
no_orcid_8409,sowi,0.95
no_orcid_841,sowi,0.95
no_orcid_8419,sowi,0.95
no_orcid_842,med,1
no_orcid_8420,sowi,0.95
no_orcid_8427,sowi,0.95
no_orcid_8428,phil,0.95
no_orcid_8429,sowi,0.95
no_orcid_843,med,1
no_orcid_8434,agrar,0.95
no_orcid_8435,agrar,0.95
no_orcid_8436,agrar,0.95
no_orcid_8437,phil,0.95
no_orcid_8438,phil,0.95
no_orcid_844,med,1
no_orcid_8447,sowi,0.95
no_orcid_845,med,1
no_orcid_8452,med,1
no_orcid_8463,sowi,0.9
no_orcid_8464,sowi,0.9
no_orcid_8465,sowi,0.9
no_orcid_847,mint,1
no_orcid_8485,mint,0.95
no_orcid_8486,mint,0.95
no_orcid_8487,mint,0.95
no_orcid_8490,mint,0.95
no_orcid_8497,sowi,0.95
no_orcid_8498,sowi,0.95
no_orcid_8499,sowi,0.95
no_orcid_8503,mint,1
no_orcid_8505,mint,0.95
no_orcid_8507,sowi,0.95
no_orcid_8508,mint,0.95
no_orcid_8510,med,1
no_orcid_8516,sowi,0.95
no_orcid_8519,phil,0.95
no_orcid_852,med,1
no_orcid_8521,phil,0.95
no_orcid_8526,mint,0.95
no_orcid_8527,mint,0.95
no_orcid_8528,sowi,0.95
no_orcid_8529,med,1
no_orcid_853,mint,1
no_orcid_8531,tech,0.95
no_orcid_8533,mint,0.95
no_orcid_8547,sowi,0.95
no_orcid_8550,mint,0.95
no_orcid_8551,mint,0.95
no_orcid_8552,mint,0.95
no_orcid_8554,mint,0.95
no_orcid_8556,mint,0.95
no_orcid_8558,mint,1
no_orcid_859,mint,0.95
no_orcid_861,mint,1
no_orcid_866,mint,0.95
no_orcid_8667,mint,1
no_orcid_867,agrar,0.95
no_orcid_868,agrar,0.95
no_orcid_869,agrar,0.95
no_orcid_870,mint,0.95
no_orcid_8706,mint,0.95
no_orcid_8709,mint,1
no_orcid_871,mint,1
no_orcid_8712,sowi,0.95
no_orcid_8713,med,1
no_orcid_8718,med,1
no_orcid_872,mint,1
no_orcid_8726,sowi,0.9
no_orcid_8727,sowi,0.9
no_orcid_8728,sowi,0.9
no_orcid_8729,sowi,0.9
no_orcid_873,mint,1
no_orcid_8730,sowi,0.9
no_orcid_8732,agrar,0.95
no_orcid_8748,mint,0.95
no_orcid_8756,sowi,0.9
no_orcid_8780,mint,1
no_orcid_8781,med,1
no_orcid_8782,med,1
no_orcid_8783,med,1
no_orcid_879,med,1
no_orcid_8801,sowi,0.95
no_orcid_883,mint,0.95
no_orcid_888,mint,0.95
no_orcid_8882,sowi,0.95
no_orcid_8888,sowi,0.85
no_orcid_8893,tech,0.95
no_orcid_890,med,1
no_orcid_8906,tech,0.95
no_orcid_8907,tech,0.95
no_orcid_891,mint,1
no_orcid_8932,mint,0.95
no_orcid_8942,med,1
no_orcid_8943,med,1
no_orcid_8944,med,1
no_orcid_8946,mint,0.95
no_orcid_8951,mint,1
no_orcid_8956,mint,0.9
no_orcid_8965,mint,0.95
no_orcid_8966,med,1
no_orcid_8967,med,1
no_orcid_8968,med,1
no_orcid_8969,med,1
no_orcid_8970,tech,0.95
no_orcid_8981,med,1
no_orcid_8985,mint,0.95
no_orcid_8987,mint,0.9
no_orcid_8989,mint,0.95
no_orcid_8990,mint,0.95
no_orcid_8997,sowi,1
no_orcid_9010,mint,0.95
no_orcid_9014,sowi,0.9
no_orcid_9019,tech,0.95
no_orcid_9039,sowi,0.9
no_orcid_9089,sowi,0.95
no_orcid_9091,sowi,0.5
no_orcid_9094,mint,0.95
no_orcid_9095,phil,0.95
no_orcid_9096,phil,0.95
no_orcid_91,mint,0.95
no_orcid_9108,sowi,0.95
no_orcid_9133,mint,0.95
no_orcid_9136,mint,0.95
no_orcid_9139,mint,0.95
no_orcid_9140,mint,0.95
no_orcid_9141,mint,1
no_orcid_9142,mint,1
no_orcid_9155,sowi,0.5
no_orcid_9161,mint,0.95
no_orcid_9163,jura,0.95
no_orcid_9164,med,1
no_orcid_9165,med,0.95
no_orcid_9166,med,0.95
no_orcid_9175,sowi,0.95
no_orcid_9189,mint,0.95
no_orcid_9193,med,1
no_orcid_9194,med,1
no_orcid_9199,sowi,1
no_orcid_9205,mint,0.95
no_orcid_9206,mint,0.95
no_orcid_9209,mint,0.95
no_orcid_9211,mint,0.95
no_orcid_9212,mint,0.95
no_orcid_9213,mint,0.95
no_orcid_9215,phil,0.85
no_orcid_9217,phil,0.95
no_orcid_9222,mint,1
no_orcid_9227,sowi,0.95
no_orcid_9239,mint,0.95
no_orcid_9253,phil,0.95
no_orcid_9254,phil,0.95
no_orcid_9258,phil,0.95
no_orcid_9261,mint,0.95
no_orcid_9270,mint,0.95
no_orcid_9271,mint,1
no_orcid_9272,phil,0.95
no_orcid_9273,med,0.95
no_orcid_9274,sowi,1
no_orcid_9295,med,1
no_orcid_9296,med,1
no_orcid_9297,med,1
no_orcid_9303,phil,0.95
no_orcid_9313,med,1
no_orcid_9314,med,1
no_orcid_932,med,1
no_orcid_9320,sowi,0.95
no_orcid_9322,mint,0.95
no_orcid_9327,sowi,0.95
no_orcid_9338,mint,1
no_orcid_9341,phil,0.9
no_orcid_9344,sowi,0.95
no_orcid_9348,mint,0.95
no_orcid_935,mint,1
no_orcid_9350,sowi,0.9
no_orcid_9351,sowi,0.9
no_orcid_9352,sowi,0.9
no_orcid_9355,sowi,0.9
no_orcid_9357,phil,0.95
no_orcid_9360,sowi,0.95
no_orcid_9368,mint,0.9
no_orcid_937,agrar,1
no_orcid_9371,mint,0.9
no_orcid_94,med,1
no_orcid_9400,mint,1
no_orcid_9401,mint,0.95
no_orcid_9410,sowi,1
no_orcid_9411,med,1
no_orcid_9412,med,1
no_orcid_9413,med,1
no_orcid_9414,med,1
no_orcid_9415,med,1
no_orcid_9416,med,1
no_orcid_943,mint,1
no_orcid_9431,mint,0.9
no_orcid_9433,mint,1
no_orcid_9434,mint,1
no_orcid_944,mint,1
no_orcid_9441,sowi,0.95
no_orcid_9447,mint,0.95
no_orcid_9448,mint,1
no_orcid_9458,med,1
no_orcid_9459,NA,NA
no_orcid_9470,sowi,0.9
no_orcid_9471,sowi,0.9
no_orcid_9472,sowi,0.9
no_orcid_9473,sowi,0.9
no_orcid_9474,phil,0.95
no_orcid_9479,mint,0.95
no_orcid_948,jura,1
no_orcid_9481,mint,1
no_orcid_9486,mint,0.95
no_orcid_949,phil,0.95
no_orcid_9491,mint,0.95
no_orcid_9498,sowi,0.9
no_orcid_9499,mint,1
no_orcid_95,med,1
no_orcid_9501,mint,0.9
no_orcid_9502,mint,0.9
no_orcid_9503,mint,0.9
no_orcid_9504,mint,0.9
no_orcid_9508,mint,0.9
no_orcid_9517,sowi,0.95
no_orcid_9520,mint,0.95
no_orcid_9522,mint,1
no_orcid_953,sowi,1
no_orcid_9536,mint,0.9
no_orcid_9539,mint,0.9
no_orcid_957,med,0.95
no_orcid_958,med,0.95
no_orcid_9586,mint,0.9
no_orcid_959,med,0.95
no_orcid_9591,phil,0.95
no_orcid_9592,med,1
no_orcid_9593,med,1
no_orcid_9594,med,1
no_orcid_9595,med,1
no_orcid_9596,med,1
no_orcid_9597,med,1
no_orcid_9598,med,1
no_orcid_9599,med,1
no_orcid_96,med,1
no_orcid_960,med,0.95
no_orcid_9600,med,1
no_orcid_9601,med,1
no_orcid_9602,med,1
no_orcid_961,med,0.95
no_orcid_9615,med,1
no_orcid_9616,med,1
no_orcid_9617,med,1
no_orcid_9618,med,1
no_orcid_9619,med,1
no_orcid_962,med,0.95
no_orcid_9621,mint,0.95
no_orcid_9622,mint,0.95
no_orcid_9626,med,0.95
no_orcid_9627,agrar,0.95
no_orcid_963,med,1
no_orcid_9631,phil,0.95
no_orcid_9635,agrar,0.95
no_orcid_9636,med,1
no_orcid_9637,med,1
no_orcid_9638,med,1
no_orcid_9639,med,1
no_orcid_964,med,0.95
no_orcid_9640,med,1
no_orcid_9641,med,1
no_orcid_9645,med,1
no_orcid_9646,med,1
no_orcid_965,jura,0.95
no_orcid_9665,phil,0.95
no_orcid_9669,mint,0.95
no_orcid_967,med,1
no_orcid_9676,med,1
no_orcid_968,med,1
no_orcid_969,med,1
no_orcid_9692,mint,1
no_orcid_9697,sowi,0.9
no_orcid_9698,sowi,0.9
no_orcid_9699,sowi,0.95
no_orcid_97,mint,1
no_orcid_970,med,1
no_orcid_9702,sowi,0.95
no_orcid_9703,sowi,0.95
no_orcid_9704,mint,0.95
no_orcid_9705,mint,0.95
no_orcid_9706,mint,0.95
no_orcid_9707,mint,0.95
no_orcid_9708,mint,0.95
no_orcid_9709,mint,0.95
no_orcid_971,med,1
no_orcid_9711,tech,0.95
no_orcid_9712,tech,0.95
no_orcid_972,med,1
no_orcid_973,sowi,1
no_orcid_974,sowi,0.95
no_orcid_975,sowi,0.95
no_orcid_9751,sowi,1
no_orcid_976,med,1
no_orcid_9765,mint,0.95
no_orcid_9767,mint,1
no_orcid_977,med,1
no_orcid_9773,sowi,0.95
no_orcid_9774,sowi,0.95
no_orcid_9775,phil,1
no_orcid_9776,jura,1
no_orcid_9777,med,1
no_orcid_978,med,1
no_orcid_979,med,1
no_orcid_98,med,1
no_orcid_980,med,1
no_orcid_981,med,1
no_orcid_9821,med,1
no_orcid_9823,sowi,0.95
no_orcid_983,mint,0.95
no_orcid_9836,tech,1
no_orcid_984,mint,0.95
no_orcid_9853,sowi,0.95
no_orcid_9854,phil,0.95
no_orcid_9865,mint,0.95
no_orcid_9866,mint,0.95
no_orcid_9869,mint,0.95
no_orcid_987,med,1
no_orcid_9879,med,1
no_orcid_9890,med,1
no_orcid_9895,phil,0.85
no_orcid_9896,phil,0.85
no_orcid_990,mint,0.95
no_orcid_9902,sowi,0.95
no_orcid_9906,mint,0.95
no_orcid_991,mint,1
no_orcid_9914,mint,1
no_orcid_9915,sowi,0.95
no_orcid_9917,med,1
no_orcid_992,med,1
no_orcid_9927,med,1
no_orcid_9929,med,1
no_orcid_9930,phil,1
no_orcid_9931,mint,0.95
no_orcid_9934,mint,0.95
no_orcid_994,med,1
no_orcid_9950,med,1
no_orcid_9963,agrar,0.95
no_orcid_9964,agrar,0.95
no_orcid_9965,agrar,0.95
no_orcid_9966,agrar,0.95
no_orcid_9967,phil,0.95
no_orcid_9975,mint,1
no_orcid_9976,med,0.95
no_orcid_9977,phil,1
no_orcid_9980,med,1
no_orcid_9985,med,1
no_orcid_9996,mint,0.9
