organization_name,department_name,faculties
Griffith University,Centre for Sustainability Management,sowi
Peoples' Friendship University of Russia,Institute for Hematopathology,med
Princeton University,Carnegie Mellon University - Center for Integrated Study of the Human Dimensions of Global Change,sowi
"University of Greifswald, Institute of Slavic Studies",Slavic Studies,phil
Universität Hamburg,German Climate Computing Center and University of Hamburg,mint
Princeton University,Institute for Peace Research and Security Policy at the University of Hamburg,sowi
City University of Hong Kong,Institute for Coastal Research,mint
Institute of Law,University of California,jura
Universität Bremen,Assistant Professor Kathmandu University School of Education Nepal,phil
Forschungszentrum Energiespeichertechnologien,Energy Research Center of Lower Saxony (EFZN),tech
Hellenic American University,HUN-REN Hungarian Research Centre for Linguistics,phil
Universität Hamburg,Centre for Interdisciplinary Addiction Research of Hamburg University,med
Sichuan University,Energy Research Center of Lower Saxony (EFZN),tech
Universität Hamburg,University of Hamburg - Department for Japanese Studies,phil
Pacific International Center for High Technology Research,International Pacific Research Center,sowi
University of Saskatchewan,Institute of Space and Atmospheric Studies,mint
Norwegian University of Science and Technology,Center for Advanced Studies in Arid Zones (CEAZA),mint
University of Leicester,School of Geography,sowi
University of Nairobi,Department of African and Ethiopian Studies,phil
University of Central Asia,Grassland and Fodder Science,agrar
Universität Hamburg,Carnegie Mellon University - Center for Integrated Study of the Human Dimensions of Global Change,sowi
Universität Hamburg,Centre for Bioinformatics,med
Universität Hamburg,Centre for Biomolecular Interactions,mint
German Climate Computing Centre,German Climate Computing Center and University of Hamburg,mint
Universität Hamburg,Centre for Wood Science,mint
Universität Hamburg,Institute of Wastewater Management and Water Protection,agrar
HafenCity University Hamburg,Resource Efficiency in Architecture and Planning,tech
HafenCity University Hamburg,Resource Efficiency in Architecture and Planning (REAP),tech
Universität Hamburg,Neuronal Patterning and Connectivity,mint
Universität Hamburg,Hamburg School of Food Science,agrar
Jiangsu Center for Collaborative Innovation in Geographical Information Resource Development and Application,School of Geography,sowi
Hamburg University of Music and Drama,Institute of Musicology University of Hamburg Neue Rabenstr. 13,phil
Universität Hamburg,Endokrinologie und Diabetologie,med
Russian New University,Institute for Hematopathology,med
Universität Hamburg,Institute for Human Resource Management,sowi
Universität Hamburg,Institute for Human Resource Management and Organizations,sowi
University of Central Asia,Grassland and Fodder Sciences,agrar
Nanjing Normal University,School of Geography,sowi
Institute of Bioinformatics,University of Greifswald -,tech
Huazhong University of Science and Technology,NA,tech
Hokkaido University,COE Neo-Science of Natural History,mint
Hamburg University of Music and Drama,Institut of Systematic Musicology,phil
Foundation for Research and Technology Hellas,CSTACC,tech
Zentrum für Molekulare Neurobiologie Hamburg,NA,mint
Flensburg University of Applied Sciences,University of Applied Sciences,tech
Universität Hamburg,Institute for Peace Research and Security Policy at the University of Hamburg,sowi
Universität Hamburg,Center for Buddhist Studies,rewi
Universität Hamburg,Centre for Interdisciplinary Addiction Research (CIAR),med
Universität Hamburg,Research Institute for Linguistics,phil
Wuhan University,Kiel Centre for Globalization,sowi
Hamburg University of Music and Drama,Institute of Systematic Musicology,phil
Leuphana Universität Lüneburg,Institute of Sustainability Governance (INSUGO),sowi
HAW Hamburg,Hochschule für Angewandte Wissenschaften,tech
Universität Hamburg,Korean Studies Department,phil
CAU Kiel,Biochemisches Institut,mint
HAW Hamburg,Key Laboratory of Geographic Information Science of Ministry of Education,sowi
Senckenberg am Meer,Leibniz-Institut für Ostseeforschung Warnemünde,mint
Universität Hamburg,Inst. of Musicology,phil
German Institute for Global and Area Studies,Adjunct Professor at the University of Hamburg,phil
East China Normal University,Center for Geopolitical and Strategic Studies and Institute for Global Innovation and Development,sowi
University of Göttingen,Chair Group of Forest and Nature Conservation Policy,mint
Institute of Law,Erasmus University Rotterdam (EUR) - Rotterdam,jura
University of Electronic Science and Technology of China,NA,tech
University of Oslo,Meteorology and Oceanography Section,mint
Hungarian Research Centre for Linguistics,Research Institute for Linguistics,phil
Europa-Universität Flensburg,Strategic and International Management,sowi
Nanyang Technological University,Asian School of the Environment,mint
Macquarie University,Discipline of Geography and Planning,sowi
University College London,Annu Aggarwal and Susanne A. Schneider contributed equally and are shared first authors for this article.,mint
Institute for Peace Research and Security Policy,at the University of Hamburg,sowi
Universität Rostock,Faculty of Law and Interdisciplinary Faculty,jura
HEC Montréal,Department of Management,sowi
CAU Kiel,Institute for Security Policy at,sowi
Leuphana Universität Lüneburg,Centre for Sustainability Management#R##N#Leuphana University of Lueneburg,sowi
Universität Hamburg,Elasmo-Lab,mint
Universität Hamburg,Department of African and Ethiopian Studies,phil
DLR Institut für Vernetzte Energiesysteme,Energiesystemanalyse,mint
Universität Hamburg,University of Hamburg - Institute of Law and Economics,sowi
Universität Hamburg,Department of Strategic Management,sowi
Universität Hamburg,Gene Center,med
Universität Hamburg,Research Unit for Evolutionary Immunogenomics,med
University of South Australia,Centre for Accounting,sowi
Universität Hamburg,Oncology,med
South China University of Technology,Division of Microrobotics,tech
Public Works Research Institute,Aqua Restoration Research Center,med
Zhejiang University,Department of Land Management,sowi
Leuphana Universität Lüneburg,Junior Professor of Public Law and European Law,jura
Carl von Ossietzky Universität Oldenburg,Department of Sport and Motion,phil
Universität Hamburg,Auslandseinsätze der Bundeswehr. Sozialwissenschaftliche Analysen,sowi
Heinrich Heine University Düsseldorf,Centre for Biomolecular Interactions,med
China Meteorological Administration,Laboratory for Climate Studies,mint
CAU Kiel,Center for Archaeological Science,phil
Universität Bremen,Faculty of Law,jura
Universität Hamburg,Erasmus University Rotterdam (EUR) - Rotterdam Institute of Law and Economics,jura
Guangzhou University,School of Public Administration & Institute of Rural Revitalization,sowi
University of Oxford,School of Geography and Environment,sowi
University of Regensburg,Institute of Psychology,med
The American College of Greece,Research Institute for Linguistics,phil
Universität Hamburg,Neonatal Screening Laboratory,mint
Universität Hamburg,Metabolic Laboratory,mint
Social Insurance Institution,Department of Civil and Environmental Engineering and Institute of Transportation Studies University of California,tech
Universität Hamburg,HUN-REN Hungarian Research Centre for Linguistics Budapest Hungary,phil
Universität Hamburg,HUN-REN Hungarian Research Centre for Linguistics,phil
Universität Hamburg,Department of Austronesian Studies,phil
Lower Saxony Institute for Historical Coastal Research,NA,mint
Universität Hamburg,Department of History,phil
HafenCity University Hamburg,REAP research group (Resource Efficiency in Architecture and Planning),sowi
Otto-von-Guericke University Magdeburg,Center for Behavioral Brain Sciences (CBBS),med
Delft University of Technology,Delta Futures Lab,tech
Universität Rostock,Helmholtzzentrum,mint
Universität Rostock,Urology,med
Universität Hamburg,Institute of Environmental Technology and Energy Economics (IUE),sowi
Universität Hamburg,Center for Natural History,phil
Institute for Peace Research and Security Policy,IFSH,sowi
Universität Hamburg,Center for the Study of Manuscript Cultures,phil
Sichuan University,Center for Archaeological Science,phil
University of Oslo,Institut für Geowissenschaften and SFB 574,mint
Royal Netherlands Institute for Sea Research,NIOZ-,mint
CAU Kiel,Department of Gynecology and Obstetrics,med
Universität Hamburg,General Psychology,med
Institute for Applied Systems Technology Bremen,Department C-Business in Enterprise Networks,sowi
Joetsu University of Education,Department of Geoscience,med
University of Calgary,Department of Biological Sciences,mint
Universität Hamburg,Laboratory for Artificial Intelligence,tech
Hokkaido University,Integrated Ocean Drilling Program Management International,mint
CAU Kiel,Department of Prosthodontics,med
CAU Kiel,Department of Horticulture,mint
CAU Kiel,Department of Zoophysiology,mint
CAU Kiel,Department of Oceanology,mint
CAU Kiel,Department of Anthropology,sowi
Universität Hamburg,Organische Chemie,mint
Institute for Peace Research and Security Policy,Büro der Generalsekretärin,sowi
HAW Hamburg,Media Technology,tech
CAU Kiel,Biochemical  Institute,mint
Hanover University of Music Drama and Media,Hanover University of Music,phil
University of Vienna,Department for Geodynamics and Sedimentology,mint
Europa-Universität Flensburg,Department of Energy and Environmental,tech
Hamburg University of Technology,Institute of Environmental Technology and Energy Economics (IUE),tech
CAU Kiel,Department of Ecosystem Management,mint
Universität Hamburg,Institute of Musicology University of Hamburg Neue Rabenstr. 13,phil
Universität Bremen,Center of Studies of Air quality and Climate Change,mint
Fraunhofer Institute for Silicon Technology,ISIT Branch Lab Kiel,tech
Universität Hamburg,Department for Cultural Studies,phil
Lanzhou University,Center for Arid Environment and Paleoclimate Research,mint
Center for Free-Electron Laser Science,NA,tech
Universität Bremen,Research Centre for East European Studies at the,phil
Carl von Ossietzky Universität Oldenburg,Department of Informatics Carl von Ossietzky University Oldenburg,tech
Universität Hamburg,University of Hamburg / Hungarian Research Centre for Linguistics,phil
CAU Kiel,Department of Genetics,med
International Institute for Applied Systems Analysis,NA,mint
Carnegie Mellon University,Center for Integrated Study of the Human Dimensions of Global Change,sowi
Universität Hamburg,Asian School of the Environment,mint
CAU Kiel,History Department,phil
"for Materials and Coastal Research""",NA,mint
National Taiwan University,Biodiversity Research Centre,mint
University of Madras,Department of Applied Geology,mint
Leuphana Universität Lüneburg,Institute of Corporate Development,sowi
Dharma Drum Institute of Liberal Arts,Center for Buddhist Studies,rewi
Center for Integrated Protein Science Munich,Gene Center,med
Universität Hamburg,Department,mint
National Changhua University of Education,Department of Geography,sowi
Carl von Ossietzky Universität Oldenburg,Computer Science,tech
Universität Hamburg,Center of Natural History,phil
Sichuan University,Clausthal University of Technology (TUC),tech
CAU Kiel,Department of Operative Dentistry and Periodontology,med
Hochschule für Angewandte Wissenschaften Hamburg Fakultät Technik und Informatik,Maschinenbau und Produktion,tech
Forest Industry Research Institute,CIFOR Jl. CIFOR,tech
Industrial Technology Research Institute,Green Energy and Environment Research Laboratories,mint
Universität Hamburg,Arbeitsgruppe Trauma- und Stressforschung,med
Hungarian Research Centre for Linguistics,HUN-REN,phil
Carl von Ossietzky Universität Oldenburg,Department of Paediatrics,med
Vietnam National University of Agriculture,CIFOR Jl. CIFOR,agrar
Universität Bremen,Research Centre for East European Studies,phil
Federal Office for Food and Agriculture,Department 522,agrar
Universität Hamburg,Laboratory for Climate Studies,mint
Universität Bremen,Cognitive Systems,mint
Forschungszentrum Energiespeichertechnologien,Energy Research Centre of Lower Saxony,mint
Universität Hamburg,Center for Behavioral Brain Sciences (CBBS),med
University of Bonn,Department of Ecology and Natural Resources Management,mint
Universität Greifswald,University of Greifswald - Institute of Bioinformatics,mint
Universität Bremen,Centre for Biomolecular Interactions,mint
Leibniz-Institut für Virologie,NA,med
Hamburg University of Technology,Institute of Wastewater Management and Water Protection,agrar
Ghent University,Department of Geography,sowi
Manchester Metropolitan University,Key Laboratory of Geographic Information Science of Ministry of Education,sowi
Universität Greifswald,Historical Institute,phil
Universität Hamburg,Department of Developmental Biology University of Hamburg Hamburg Germany,mint
Universität Greifswald,Department of Land Management,sowi
Universität Hamburg,Department for Endocrinology and Diabetology,med
Institute of Tibetan Plateau Research,Laboratory for Climate Studies,mint
Carl von Ossietzky Universität Oldenburg,Department Ageing of Individuals and Society,sowi
"Biodiversity Research Center, Academia Sinica",Biodiversity Research Centre,mint
Hochschule Bremen,Bionik,mint
Hochschule Bremen,B-I-C,mint
Universität Hamburg,Zoologisches Museum Hamburg,mint
Chinese Academy of Sciences,Laboratory for Climate Studies,mint
Universität Bremen,Center for Biomolecular Interactions,mint
University of Crete,Center of Studies of Air quality and Climate Change,sowi
Hamburg University of Technology,Institute for Human Resource Management and Organizations,tech
Deutsches Forschungszentrum für Künstliche Intelligenz GmbH,Robotics Innovation Center,tech
Institute for Peace Research and Security Policy,Researcher at the,sowi
Carl von Ossietzky Universität Oldenburg,University of Oldenburg - Economic Theory,sowi
Universität Bremen,Eduational Science,phil
CAU Kiel,Law School,jura
Carl von Ossietzky Universität Oldenburg,Center for Oceanic Research and Education (CORE sea),mint
Erasmus University Rotterdam,EUR) - Rotterdam Institute of Law and Economics,jura
Heidelberg University,Dep. of Mathematics TU Clausthal Erzstraße 1 38678 Clausthal‐Zellerfeld Germany,mint
Universität Hamburg,Microbiology & Biotechnology,mint
Universität Hamburg,Center of Natural History (CeNak),phil
Economic Research Service,Department of Civil and Environmental Engineering and Institute of Transportation Studies University of California,tech
Hamburg University of Technology,Institut für Umwelttechnik und Energiewirtschaft,tech
University of Edinburgh,Institute of Evolutionary Biology,mint
University of Peradeniya,Department of Geology,mint
Stanford University,Center for Conservation Biology,med
Zhejiang Normal University,Department of African and Ethiopian Studies,phil
Universiti Sains Malaysia,School of Communication,tech
University of Crete,Environmental Chemical Processes Laboratory,mint
Ho Chi Minh City University of Science,Department of Oceanology,med
China Pharmaceutical University,Neurobiology Laboratory,mint
Swedish University of Agricultural Sciences,Department of Aquatic Sciences and Assessment,mint
Universität Hamburg,Biodiversity,mint
Ho Chi Minh City University of Science,Departament of Oceanography,mint
Universität Hamburg,Neuronal Translational Control Group,mint
Leuphana Universität Lüneburg,Institute for Environmental and Sustainability Communication (INFU),mint
Max Planck Institute for Comparative and International Private Law,Associate Member,jura
CAU Kiel,Burns Injury Research Unit,med
Sichuan University,Energy Research Centre of Lower Saxony,tech
Universität Hamburg,Fac. Economics (dean),sowi
Center for Neuroscience and Cognitive Systems,Istituto Italiano di Tecnologia (IIT),med
CAU Kiel,Department of Aquatic Science,mint
Carl von Ossietzky Universität Oldenburg,Institut für Philosophie,phil
University of Guelph,Department of Agricultural Extension Education,agrar
Staats- und Universitätsbibliothek Bremen,Computing Center,tech
Erasmus University Rotterdam,University of Hamburg - Institute of Law and Economics,jura
CAU Kiel,Department of Agricultural Policy and Market Research,agrar
Helmut-Schmidt-Universität / UdB Hamburg,Fakultät für Geistes- und Sozialwissenschaften,phil
Technical University of Darmstadt,Institut für Angewandte Geowissenschaften,mint
CAU Kiel,Universität Kiel (ISPK) Institut für Sicherheitspolitik Kiel Deutschland,sowi
University of Aberdeen,Department of Geology and Petroleum Geology,tech
Stockholm University,Dept. of Meteorology,mint
Guangzhou University,Public Administration School,sowi
Klinikum Lüneburg,Pathology,med
The University of Western Australia,Burns Injury Research Unit,med
Universität Hamburg,Laboratory for Research and Diagnostics,mint
CAU Kiel,Department for Dermatology,med
Dalhousie University,Department of Civil and Environmental Engineering and Institute of Transportation Studies University of California,tech
Åbo Akademi University,Department of Civil and Environmental Engineering and Institute of Transportation Studies University of California,tech
Universität Hamburg,Department of Silviculture,mint
Universität Hamburg,Department of Forests,agrar
Universität Hamburg,Department of Urology,med
Universität Hamburg,Department of Andrology,med
Universität Hamburg,Department of Cariology,med
Universität Hamburg,Department of Paediatrics,med
Hokkaido University,Department of Natural History Sciences,mint
CAU Kiel,Institute for Pre- and Protohistory,phil
Universität Hamburg,Biocentre Klein Flottbek and Botanical Garden,mint
Fraunhofer Institute for Manufacturing Technology and Advanced Materials,IFAM,tech
Munich Cluster for Systems Neurology,SyNergy),med
"University of California, Davis",Department of Civil and Environmental Engineering and Institute of Transportation Studies University of California,tech
University of Utah,Department of Civil and Environmental Engineering and Institute of Transportation Studies University of California,tech
UNSW Sydney,Climate Change Research Centre University of New South Wales,sowi
Max Planck Institute for Comparative and International Private Law,GmbH & Co. KG Postfach 2040 D-72010 Tübingen,jura
University of London,Department of Pharmaceutical and Biological Chemistry,med
Universität Hamburg,Department of Organizational Psychology,med
Universität Hamburg,Department of Cognitive Psychology,med
Universität Hamburg,Friends of Nature (FON),mint
Universität Hamburg,Friends of Nature,mint
Universität Rostock,Institut für Biowissenschaften – Meeresbiologie,mint
East China Normal University,Key Laboratory of Geographic Information Science of Ministry of Education,sowi
Universität Bremen,Computing Center,tech
University of Michigan,Department of Anthropology,sowi
University of Leicester,Department of Genetics,med
Universität Hamburg,Mathematisches Seminar der,mint
Universität Hamburg,European Doctorate Programe in Law and Economics and Institute of Law and Economics,jura
University of Göttingen,Department of Palynology and Climate Dynamics,mint
Universität Hamburg,Key Laboratory of Geographic Information Science of Ministry of Education,sowi
Carl von Ossietzky Universität Oldenburg,Physics Education,med
Universität Hamburg,Institute for Asian and African Studies,phil
British Institute of International and Comparative Law,Associate Member,jura
Universität Hamburg,Leibniz Institute for the Analysis of Biodiversity Change (LIB Hamburg),mint
Carl von Ossietzky Universität Oldenburg,Institute of Sport Science,med
Universität Hamburg,Neurobiology Laboratory,mint
Universität Hamburg,Center for Interdisciplinary Addiction Research (ZIS),med
Hochschule Bremen,Biomimetics-Innovation-Centre (B-I-C),mint
Carl-von-Ossietzky-Universität Oldenburg,Department of Neuroscience,med
Carl von Ossietzky Universität Oldenburg,Department of Neuroscience,med
University of Cologne,Department of Biomedicine,med
Krankenhaus Salem,Laboratory of Alcohol Research (HKS),med
Krankenhaus Salem,Laboratory of Alcohol Research,med
Indian Institute of Technology Madras,Center for Atmospheric and Climate Sciences,mint
CAU Kiel,Professor für Politikwissenschaft und Direktor,sowi
Universität Hamburg,Department of Languages and Cultures,phil
Carl von Ossietzky Universität Oldenburg,Chemistry Education,mint
Hungarian Academy of Sciences,Research Institute for Linguistics,phil
Universität Hamburg,Assistant Professor of Global Christianity and Religious Studies,rewi
Universität Hamburg,Institute for Journalism and Communication Studies,phil
Burapha University,Department of Aquatic Science,mint
Universität Hamburg,Leibniz Institute for the Analysis of Biodiversity Change (LIB),mint
University of Oslo,Department of Geosciences,mint
University of Malta,Department of Geosciences,mint
Tunghai University,Biodiversity Research Centre,mint
Louisiana State University,Department of Geology and Geophysics and Coastal Studies Institute,mint
Center for International Forestry Research,CIFOR Jl. CIFOR,agrar
Center for International Forestry Research,CIFOR),agrar
Institut de Recherche pour le Développement,IRD),mint
Universität Bremen,English-Speaking Cultures,phil
Universität Hamburg,Assistant Professor of Religious Studies and Global Christianity,rewi
Universität Hamburg,Biocentre Klein Flottbek & Botanical Garden,mint
Universität Innsbruck,Department of Atmospheric and Cryospheric Sciences,mint
Vietnam Academy of Science and Technology,Helmholtzzentrum,mint
University of Chinese Academy of Sciences,Energie-Forschungszentrum Niedersachsen,tech
Nanjing University of Information Science and Technology,Key Laboratory of Meteorological Disaster,mint
Universität Bremen,Department of Linguistics and Literature,phil
Leibniz Institute for the Analysis of Biodiversity Change,LIB Hamburg),mint
Hochschule für Technik und Wirtschaft des Saarlandes,Andrea Strayer,tech
Natural History Museum of Basel,Centrum für Naturkunde Universität Hamburg Hamburg Germany,mint
Universität Bremen,Chair in Small Business & Entrepreneurship,sowi
Universität Bremen,Chair in Small Business & Entrepreneurship (LEMEX),sowi
University of Science and Technology of China,CAS Key Laboratory of Gas Hydrate,mint
Center for Behavioral Brain Sciences,CBBS),med
Institut de Biologia Evolutiva,Department of Herpetology Zoologische Staatssammlung München (ZSM‐SNSB),med
Universität Hamburg,Department of Cardiology,med
Muthesius University in Kiel,"Institute for the Science of Art, Design and Media",phil
University of Haifa,Now at Institute of Geology,sowi
City University of Hong Kong,Department of Chemistry,mint
Carl von Ossietzky Universität Oldenburg,Division of Microrobotics,tech
Schmerzklinik Kiel,Department of Geoscience,med
Foundation for Research and Technology Hellas,Center of Studies of Air quality and Climate Change,mint
Tokai University,Laboratory of Alcohol Research (HKS),med
Tufts University,Laboratory of Alcohol Research (HKS),med
Universität Hamburg,Division of Nephrology and Hypertension,med
University of Münster,Institute of Geology and Paleontology,mint
University of Münster,Institute of Geology and Palaeontology,mint
Universität Hamburg,Department of Biomedicine,med
Leibniz University Hannover,Institute of Economic and Cultural Geography,sowi
Universität Hamburg,Department of Prosthetic Dentistry,med
Universität Bremen,Center for Atmospheric and Climate Sciences,mint
German Research Centre for Artificial Intelligence,Faculty of Mathematics and Computer Science,tech
Justus-Liebig-Universität Gießen,Department of Agricultural Policy and Market Research,med
Fraunhofer Institute for Wind Energy Systems,ForWind,tech
Hamburg Institute for Social Research,Department for Cultural Studies,phil
Deutsches Diabetes-Zentrum e.V.,Centre for Biomolecular Interactions,mint
Universität Hamburg,Fakultät für Wirtschafts- und Sozialwissenschaften,sowi
MSH Medical School Hamburg – University of Applied Sciences and Medical University,NA,med
Institute for ImplantTechnology and Biomaterials,IIB e.V.,mint
Nanjing University of Information Science and Technology,Collaborative Innovation Center on Forecast and Evaluation of Meteorological Disasters,mint
Leibniz Institute for Research on Society and Space,NA,sowi
State Museum of Natural History Karlsruhe,NA,mint
Banaras Hindu University,Department of Geology,mint
Universität Hamburg,Pediatric Hematology and Oncology,med
Universität Bremen,Institute for Sociology,sowi
Yunnan University,Yunnan Institute of Microbiology,mint
CAU Kiel,Department of Food Technology,agrar
Carl von Ossietzky Universität Oldenburg,Division of Animal Physiology and Behaviour,mint
Universität Bremen,"Institute for Electrical Drives, Power Electronics and Devices",tech
Universität Greifswald,Department of Mathematics and Computer Science,tech
Institut für Hämatopathologie Hamburg,Institute for Hematopathology,med
Swedish Museum of Natural History,Department of Geoscience,mint
CAU Kiel,Cellular and Molecular Biology Research Center,mint
Potsdam Institute for Climate Impact Research,NA,mint
Universität Hamburg,Zentrum für Molekulare Neurobiologie,mint
Copperbelt University,Department of Zoology and Aquatic Science,mint
Universität Rostock,Institute for British and North American Studies,phil
Universität Hamburg,Authors’ addresses: 1Biocenter Klein Flottbek and Botanical Garden,mint
CAU Kiel,Lehrfach Variationsstatistik,sowi
University of Münster,Auslandseinsätze der Bundeswehr. Sozialwissenschaftliche Analysen,sowi
"Biodiversity Research Center, Academia Sinica",Biodiversity Program,mint
Universität Bremen,Sustainability Research Center (artec) /,mint
Leipzig University,Center for Interdisciplinary Addiction Research (ZIS),med
Korea Maritime and Ocean University,Department of Ocean Science,mint
CAU Kiel,Department of Plant Nutrition,med
Universität Greifswald,Historisches Institut,phil
Hamburg University of Technology,Institute of Multiphase Flows (IMS),tech
Universität Bremen,English Literature and Culture,phil
Universität Bremen,Theretical Computer Science,tech
CAU Kiel,Department of Food Economics and Consumption Studies,agrar
Norwegian University of Science and Technology,Department of Psychology,med
University of Hyderabad,Georgia Tech,tech
Cleveland Clinic,Cole Eye Institute,mint
Cleveland Eye Clinic,Cole Eye Institute,mint
Carl von Ossietzky Universität Oldenburg,Cluster of Excellence Hearing4all and Dept. for Neurosci.,mint
Leuphana Universität Lüneburg,Lichtenberg-Professor for Provenance Studies - Institute of Philosophy and Art History,phil
Universität Hamburg,Discipline of Geography and Planning,mint
International Union for Conservation of Nature,IUCN Species Survival Commission Pigeon and Dove Specialist Group,mint
Carl von Ossietzky Universität Oldenburg,Division for Prevention and Rehabilitation Research,mint
Museum am Rothenbaum,Center of Natural History,mint
German Institute of Development and Sustainability,Georg-August University,mint
Universität Hamburg,World Forestry,mint
Universität Hamburg,German Institute of Global and Area Studies (GIGA) and University of Hamburg,sowi
CAU Kiel,Department of Pharmaceutical and Medicinal Chemistry,med
Universität Hamburg,Zoologisches Museum,mint
Technische Universität Dresden,Center for Interdisciplinary Addiction Research (ZIS),mint
Zhejiang A & F University,Department of Horticulture,mint
Zhejiang University,Department of Horticulture,mint
Kanazawa University,Department of Geoscience,mint
Harvard University,Department of Urology,med
Leipzig University,Department of Cariology,med
Georgia State University,Department of Geosciences,mint
National Taiwan University,Ocean Center,mint
China Meteorological Administration,National Climate Center,mint
University and University of Music Lübeck,NA,med
Universität Hamburg,Missionsakademie an der,mint
Institute of Geography,NA,mint
Indira Gandhi Institute of Development Research,Department of Civil and Environmental Engineering and Institute of Transportation Studies University of California,tech
Carl von Ossietzky Universität Oldenburg,University Library,mint
Chinese Academy of Sciences,Graduate University of,mint
Leibniz University Hannover,Institute for Economic and Cultural Geography,sowi
CAU Kiel,German Institute of Global and Area Studies,sowi
Maulana Abul Kalam Azad Institute of Asian Studies,Kiel University and GIGA Institute of Asian Studies,sowi
UNSW Sydney,ARC Centre of Excellence for Climate Extremes,mint
Hungarian Research Centre for Linguistics,Department of Languages and Cultures,phil
German Centre for Integrative Biodiversity Research,iDiv),mint
East China University of Technology,State Key Laboratory of Nuclear Resources and Environment,mint
Ludwig-Maximilians-Universität München,Gene Center,mint
Bangladesh Agricultural University,Department of Agricultural Extension Education,agrar
CAU Kiel,Institut für Theoretische Physik und Astrophysik,mint
German Center for Diabetes Research,Centre for Biomolecular Interactions,med
Universität Hamburg,Hubei Key Laboratory of Paleontology and Geological Environment Evolution,mint
Japan Institute of International Affairs,Giljae-gil,sowi
University of Iowa,Department of Anatomy and Cell Biology,med
Universität Hamburg,Chair of Marketing and Innovation,mint
HafenCity University Hamburg,Department of Building Physics,tech
ETH Zurich,KOF Swiss Economic Institute at,sowi
CAU Kiel,Institute of Human Nutrition and Food Science,agrar
CAU Kiel,Department of Pharmaceutical and Biological Chemistry,med
Kyoto University,Department of Applied Mathematics and Physics,mint
Centre for European Economic Research,ZEW),sowi
Centre for European Economic Research,NA,sowi
Leuphana Universität Lüneburg,Department of Civil and Environmental Engineering and Institute of Transportation Studies University of California,tech
Museum am Rothenbaum,Leibniz Institute for the Analysis of Biodiversity Change (LIB Hamburg),mint
Leibniz Institute for Catalysis,at the University of Rostock,mint
Fudan University,Economics Program,sowi
Medizinische Hochschule Hannover,Centre for Structural Systems Biology (CSSB),med
Museum am Rothenbaum,Center of Natural History (CeNak),mint
Seoul National University,Economics Program,sowi
CAU Kiel,and GIGA Institute of Asian Studies,phil
Universität Bremen,China Quyi Artists Association,mint
Louisiana State University,Department of Geology and Geophysics,med
Institut für Friedensforschung und Sicherheitspolitik an der Universität Hamburg,Political Science,sowi
Indian Institute of Technology Madras,Centre for Atmospheric and Climate Sciences,mint
Medizinische Hochschule Hannover,Cluster of Excellence RESIST (EXC 2155),med
Friedrich Schiller University Jena,German Centre for Integrative Biodiversity Research (iDiv),mint
Leuphana Universität Lüneburg,"Faculty of Sustainability, Institue of Ecology",mint
National Taiwan Ocean University,Ocean Center,mint
Nanjing Normal University,Department of English and American Studies,phil
Universität Hamburg,American Society for Engineering Education,tech
Institut de Biologie Moléculaire des Plantes,Department of Developmental Biology,mint
Universität Bremen,Faculty of Mathematics and Computer Science,tech
East China Normal University,School of Urban and Regional Sciences,sowi
Universität Bremen,Institute of Geology and Paleontology University of Münster,mint
ZBW – Leibniz-Informationszentrum Wirtschaft,Leibniz Information Center for Economics and Kiel University,sowi
Chinese Academy of Sciences,Department of Wood Science,mint
ZheJiang Academy of Agricultural Sciences,Department of Horticulture,mint
Northeast Normal University,Department of Plant Nutrition,med
Université de Strasbourg,Department of Developmental Biology,mint
"Rutgers, The State University of New Jersey",Keck Centre for Collaborative Neuroscience and Department of Cell Biology and Neuroscience,mint
German Institute for Global and Area Studies,German Institute of Global and Area Studies,sowi
Staats- und Universitätsbibliothek Bremen,International Studies of Aquatic Tropical Ecology,mint
Woods Hole Oceanographic Institution,ARC Centre of Excellence for Climate Extremes,mint
Institute of Oceanology,Institut für Meerskunde,mint
Leuphana Universität Lüneburg,Social-Ecological System Institute,sowi
Universität Hamburg,Department of English and American Studies,phil
Universität Rostock,Faculty of Agricultural & Environmental Sciences,agrar
Universität Hamburg,Department of Biology,mint
Swiss Finance Institute,KOF Swiss Economic Institute at ETH Zurich,sowi
Beijing Institute of Technology,Department of Business Administration,sowi
Carl von Ossietzky Universität Oldenburg,Department of Psychology,med
Zhejiang University of Finance and Economics,Department of Urban and Rural Planning,sowi
MSH Medical School Hamburg – University of Applied Sciences and Medical University,Martin-Luther-University Halle-Wittenberg,med
CAU Kiel,Institut für Haustierkunde,sowi
Leibniz Institute for Neurobiology,Center for Behavioral Brain Sciences (CBBS),mint
East China University of Technology,Key Laboratory of Mineral Resources,mint
Universität Rostock,Department for Computer Science,tech
"Sjællands Universitetshospital, Nykøbing F.",Department of Cardiology,med
Government of Nepal,Department of Forests,mint
Universität Rostock,Universität Rostock,mint
Hamburg University of Technology,Technical University of Hamburg,tech
German Centre for Cardiovascular Research,DZHK (),med
University of Oslo,Physics of Geological Processes,mint
Seoul National University,FB5 Geowissenschaften,mint
Harvard University,Centre for Economic Policy Research (CEPR),sowi
Carl von Ossietzky Universität Oldenburg,Institute of Chemistry Carl von Ossietzky University of Oldenburg,mint
Universität Bremen,Department of Anthropology and Cultural Research,mint
Nanjing Institute of Vegetable Science,Department of Horticulture,mint
Universität Greifswald,Institute for British and North American Studies,phil
Institute of Paleobiology,Department of Geoscience,mint
Institute of Tibetan Plateau Research,Department of Wood Science,mint
Goethe University Frankfurt,Institute for Ecology,mint
Aarhus University,Department of Biomedicine,med
Thai Nguyen University of Agriculture and Forestry,Department of Silviculture,med
CAU Kiel,Department of Applied Mathematics and Physics,mint
Christian-Albrechts-Universität zu Kiel Walther-Schücking-Institut für Internationales Recht,NA,mint
CAU Kiel,Archaeological Micromorphology and Biomarkers – AMBI Lab,mint
Institute of Law,GmbH & Co. KG Postfach 2040 D-72010 Tübingen,jura
University of the Philippines System,National Institute of Geological Sciences,mint
Leuphana Universität Lüneburg,Social-Ecological Systems Institute (SESI),sowi
Max Planck Institute for Evolutionary Anthropology,Department of Cariology,mint
Universität Bremen,Institute for Labor and Economics,sowi
Leibniz Institute for Applied Geophysics,NA,mint
Universität Hamburg,Zentrum für Bioinformatik,mint
Universität Hamburg,Zoologisches Museum der,mint
Universität Hamburg,Zentrum für Innere Medizin und Zentrum für Operative Medizin,mint
Evangelisches Krankenhaus Oldenburg,Universitätsklinik für Hals-Nasen-Ohrenheilkunde am Evangelischen Krankenhaus Oldenburg,med
Universität Hamburg,Department of General,med
Universität Bremen,Institute of Project Management and Innovation,sowi
Leuphana Universität Lüneburg,Chair of Nature Conservation and Landscape Ecology,mint
Leibniz Institute for the Analysis of Biodiversity Change,LIB),mint
Nanjing Normal University,Department of Geology and Geophysics,med
CAU Kiel,Molecular Physiology,mint
International Zinc Association,IZA,tech
Universität Hamburg,From the Heinrich-Pette-Institut für Experimentelle Virologie und Immunologie an der,med
Hamburg University of Technology,Prof.,tech
Georgia Institute of Technology,Georgia Tech,tech
Italian Institute of Technology,Istituto Italiano di Tecnologia (IIT),tech
Karlsruhe Institute of Technology,Institute for Chemical Technology and Polymer Chemistry,tech
German Institute for Economic Research,Humboldt-Universität zu Berlin and,sowi
Max Planck Institute for the Science of Human History,Department of Archaeology,phil
Carl von Ossietzky Universität Oldenburg,Ecological Economics Group,sowi
Max Planck Institute for the Science of Human History,Department of Anthropology,mint
Universität Rostock,Medizinische Fakultät der Universität Rostock.,med
Universität Bremen,Institute for Institutional and Innovation Economics (IINO),sowi
Universität Bremen,Institute for Institutional and Innovation Economics (iino),sowi
University of Aberdeen,School of Geosciences,mint
Polish Academy of Sciences,Department of Geoscience,mint
National Research and Innovation Agency,Paleoclimate and Paleoenvironment Research Group,mint
Hamburg University of Technology,Institute of Air Transportation Systems,tech
Kaohsiung Municipal Hsiao-Kang Hospital,Institut für Geophysik,mint
Hohai University,College of Oceanography,mint
Senckenberg Research Institute and Natural History Museum Frankfurt/M,Senckenberg Naturmuseum,mint
Universität Bremen,IPMI - Institute of Project Management and Innovation,sowi
Bauhaus-Universität Weimar,Direktor der Universitäts-Hautklinik Kiel Schittenhelmstraße 7,med
Universität Bremen,ISIS Sensorial Materials Scientific Centre,mint
Guangzhou University,Department of Food Economics and Consumption Studies,agrar
Carl von Ossietzky Universität Oldenburg,Department of Anatomy and Cell Biology,med
Centre National de la Recherche Scientifique,Department of Developmental Biology,mint
Deutsches Zentrum für Luft- und Raumfahrt e. V. (DLR),Deutsches Zentrum für Luft- und Raumfahrt (DLR),tech
Deutsches Zentrum für Luft- und Raumfahrt e. V. (DLR),Deutsches Zentrum für Luft-und Raumfahrt (DLR),tech
University of Freiburg,Department of Ophthalmology,med
IZA - Institute of Labor Economics,DIW Berlin,sowi
Institute of World Economics,NA,sowi
Leibniz Institute of Agricultural Development in Transition Economies,Department of Agricultural Markets,mint
CAU Kiel,Leibniz Information Center for Economics and,sowi
Universität Greifswald,Department of Business Administration and Health Care Management,sowi
Klinikum Oldenburg,NA,med
Ilia State University,Department of Civil Engineering,tech
Hochschule Bremen - City University of Applied Sciences Bremen,Bionik,tech
Universität Hamburg,Chemistry Department,mint
Barcelona Supercomputing Center,NA,tech
Government of Nepal,Department of National Parks and Wildlife Conservation,mint
Leuphana Universität Lüneburg,"Faculty of Sustanability, Institute of Sustainable and Environmental Chemistry",mint
Universität Bremen,Institute for Religious Studies and Religious Education,rewi
German Center for Infection Research,Centre for Structural Systems Biology (CSSB),med
Universität Bremen,Environmental Engineering Division,tech
National Institute of Advanced Industrial Science and Technology,AIST),tech
Universität Greifswald,Department of General Business Administration and Health Care Management,med
Chinese Academy of Cultural Heritage,China Quyi Artists Association,phil
Indian Institute of Technology Jodhpur,Department of Civil and Infrastructure Engineering,tech
National Taiwan Normal University,Biodiversity Program,mint
Klinikum Oldenburg,HörTech gGmbH,mint
Universitat Greifswald,"Department of Molecular Genetics and Infection Biology, Interfaculty Institute for Genetics and Functional Genomics, Center for Functional Genomics of Microbes",mint
Humboldt-Universität zu Berlin,and German Institute for Economic Research (DIW Berlin),sowi
State Key Laboratory of Oil and Gas Reservoir Geology and Exploitation,Division of Key Laboratory of Carbonate Reservoirs,mint
Universität Hamburg,Department for Inorganic Environmental Chemistry,mint
Universität Bremen,Department for Geodynamics and Sedimentology,mint
Universität Greifswald,Department of School Pedagogics,phil
CAU Kiel,Department of Organic Geochemistry,mint
"Center of Brain, Behavior and Metabolism",NA,mint
Centre for Nursing Innovation,Nursing Research,mint
CAU Kiel,Department of Functional Morphology and Biomechanics,med
CAU Kiel,From the Biochemisches Institut,mint
Southwest Petroleum University,Division of Key Laboratory of Carbonate Reservoirs,med
University of Otago,Department of Microbiology and Biotechnology,med
Senckenberg German Entomological Institute,NA,mint
China Pharmaceutical University,NA,med
South China Sea Institute Of Oceanology,Institut für Meerskunde,mint
Technische Hochschule Lübeck,"Civil Engineering, Lab. for Hydrology",tech
Universität Bremen,Institut für Organische und Analytische Chemie,mint
Eye Center,Department of Ophthalmology,med
ARC Centre of Excellence for Climate System Science,ARC Centre of Excellence for Climate Extremes,mint
Royal Netherlands Institute for Sea Research,Institut für Geowissenschaften,mint
Technische Universität Clausthal,Department of Geology,mint
Carl von Ossietzky University Oldenburg,Institute of Sport Science,phil
Universität Hamburg,Department of Zoology and Aquatic Science,med
"Hochschule Bremen, City University of Applied Sciences",Biomimetics,tech
University of Oslo,Meteorology and Oceanography Department of Geosciences,mint
National Institute of Advanced Industrial Science and Technology,Institute for Coastal Research,mint
CAU Kiel,Biochemistry,mint
CAU Kiel,Leibniz-Laboratory,mint
Europa-Universität Flensburg,Uni Flensburg,phil
CAU Kiel,FB-II Sinologie,mint
Universität Hamburg,Amber Study Group,mint
Centre for Higher Education,American Society for Engineering Education,tech
University of Chinese Academy of Sciences,Key Laboratory of Mineral Resources,mint
Technische Universität Clausthal,Division of Key Laboratory of Carbonate Reservoirs,tech
Universität Hamburg,Art History,phil
Universität Hamburg,Zoological Museum Hamburg,mint
Universität Hamburg,Department of Stem Cell Transplantation,med
Universität Bremen,Aki Harima -. Adres do korespondencji: Wilhelm-Herbst-Straße 5,mint
Universität Hamburg,Biocenter Grindel and Zoological Museum,mint
Universität Hamburg,Zoological Museum and Biocenter Grindel,mint
Leuphana Universität Lüneburg,Centre for Applied Health Science,med
Carl von Ossietzky Universität Oldenburg,AG Systematik und Evolutionsbiologie,mint
Ospedale di Bolzano,Center for Biomedicine,med
CAU Kiel,TAB#,mint
Universität Bremen,Department of Palynology and Climate Dynamics,mint
China Agricultural University,Department of Plant Nutrition,med
Universität Bremen,Geocoastal Research Group,mint
Universität Bremen,Karst Processes Research Group,mint
Universität Rostock,Leibniz Institute for Catalysis at the,mint
CAU Kiel,Institute of Epidemiology,mint
Zhejiang Ocean University,Ocean College,mint
Zhejiang University,Ocean College,mint
Clinical Research Center Kiel,International Farm Comparison Network (IFCN) Dairy Research Center,med
Woods Hole Oceanographic Institution,Department of Physical Oceanography.,med
Woods Hole Oceanographic Institution,Department of Physical Oceanography,med
Universität Rostock,Dept of Botany,mint
Universität Bremen,International Studies of Aquatic Tropical Ecology,mint
Universität Bremen,International Studies of Aquatic Tropical Ecology (ISATEC),mint
Ministry of Forests and Soil Conservation,Department of National Parks and Wildlife Conservation,med
Universität Bremen,Capacity Lab,mint
UNSW Sydney,Climate Change Research Centre,sowi
CAU Kiel,Department of Anatomy,med
Universität Bremen,Research Center on Spatial Cognition (SFB/TR 8),mint
Universität Hamburg,Division of Paediatric Stem Cell Transplantation and Immunology,med
Universität Hamburg,Keck Centre for Collaborative Neuroscience and Department of Cell Biology and Neuroscience,med
Fraunhofer Institute for Silicon Technology,Electronic Energy Systems,tech
"Max-Planck-Institut für Meteorologie: Hamburg, Hamburg, DE",AES,mint
Universität Hamburg,Department of Agricultural Extension Education,med
University of Aberdeen,Key Laboratory of Marginal Sea Geology,mint
Universität Rostock,Department of Computers and Electrical Engineering,tech
Universität Greifswald,Department of Geography,med
Universität Hamburg,Helmholtz-Zentrum Geesthacht,mint
Reiner Lemoine Institute,Europa‐Universität Flensburg,phil
Universität Greifswald,Physik,mint
Banaras Hindu University,Centre of Advanced Study in Geology,mint
Robert Koch Institute,Immunization Unit,mint
Universität Rostock,Department Ageing of Individuals and Society,med
American Society For Engineering Education,American Society for Engineering Education,tech
Leuphana Universität Lüneburg,Georges Lemaître Centre for Earth and Climate Research,mint
Universität Bremen,UFT-Centre for Environmental Research and Sustainable Technology,mint
Universität Rostock,Department of Systems Biology and Bioinformatics,mint
Universität Rostock,Department of Urology,med
Universität Rostock,Department of Orthopaedics,med
Universität Rostock,Obstetrics and Gynecology,mint
Technische Universität Clausthal,Institut für Geophysik,mint
CAU Kiel,Department of Psychiatry and Psychotherapy Christian‐Albrecht University of,med
Vietnam National University Ho Chi Minh City,Department of Oceanology,med
German Institute of Development and Sustainability,German Development Institute / Deutsches Institut für Entwicklungspolitik (DIE),mint
Technical University of Darmstadt,Institute of Applied Geosciences,mint
Universität Hamburg,Department for Organic Environmental Chemistry,mint
Korea Development Institute,Giljae-gil,mint
Leibniz Institute for the Analysis of Biodiversity Change,Department of Biodiversity of Animals,mint
Zoological Institute,Interdisciplinary Research Center,mint
Medizinische Hochschule Hannover,Cluster of Excellence Hearing4all,med
Central South University,Martini-Klinik Prostate Cancer Center,med
German Centre for Cardiovascular Research,Department of Cardiology,med
Universität Bremen,DFKI GmbH and SFB/TR 8 Spatial Cognition,mint
Technische Universität Clausthal,Technical University Clausthal; Institute for Geophysics; Arnold-Sommerfeld-Strasse 1 D-38678 Clausthal-Zellerfeld Germany,tech
German Institute for Economic Research,DIW Berlin European University Institute &amp; Kiel Institute for the World Economy Berlin Germany,sowi
University of Regensburg,American Society for Engineering Education,tech
University of Washington,American Society for Engineering Education,tech
Carl von Ossietzky Universität Oldenburg,Department of Business Administration,sowi
Freie Universität Berlin,Department of Anthropology and Cultural Research,med
China University of Mining and Technology,Department of Business Administration,sowi
Universität Hamburg,Department of Developmental Biology,mint
Universität Hamburg,Biocenter Grindel und Zoological Museum,mint
Hochschule Bremen,Economics Program,sowi
Leibniz Institute for Baltic Sea Research,Leibniz-Institut für Ostseeforschung Warnemünde,mint
Universität Rostock,Abteilung für Virologie,mint
Universität Hamburg,Zoologisches Institut und Zoologisches Museum,mint
CAU Kiel,Agronomy and Crop Science,mint
Universität Rostock,Joint,mint
Universität Hamburg,Engineering and Public Policy,tech
Universität Rostock,Institute of Clinical Chemistry and Pathobiochemistry,med
Leuphana Universität Lüneburg,Center for Applied Health Science,med
Zhejiang University of Finance and Economics,School of Public Administration,sowi
Wuhan University of Technology,Computer Science,tech
MSH Medical School Hamburg – University of Applied Sciences and Medical University,Psychology,med
Universität Hamburg,Department of Wood Science,med
Universität Hamburg,Institute for World Forestry,mint
German Institute for Economic Research,DIW Berlin),sowi
German Institute for Economic Research,DIW Berlin,sowi
Leuphana Universität Lüneburg,Institute of Sustainable and Environmental Chemistry,mint
Universität Bremen,Bremen Center for Computational Materials Science,mint
German Center for Infection Research,Cluster of Excellence RESIST (EXC 2155),med
Universidad de La Laguna,Archaeological Micromorphology and Biomarkers – AMBI Lab,mint
New Valley University,Department of Anatomy and Histology,med
Nile Valley University,Department of Anatomy and Histology,med
Universität Greifswald,Department of Political Science,sowi
Universität Greifswald,Department of Molecular Genetics and Infection Biology,mint
German Center for Lung Research,Institute for Epidemiology,med
Chinese Academy of Sciences,Key Laboratory of Marginal Sea Geology,mint
China Geological Survey,Hubei Key Laboratory of Paleontology and Geological Environment Evolution,mint
Eötvös Loránd University,MTA–ELTE Theoretical Physics Research Group,mint
Fachhochschule Kiel,NA,mint
Université de Versailles Saint-Quentin-en-Yvelines,IRD‐Sorbonne Universités (UPMC,mint
Ifremer,MARBEC - IRD/CNRS/IFREMER/Université de Montpellier,mint
Université de Montpellier,MARBEC - IRD/CNRS/IFREMER/,mint
Universität Hamburg,Division of Pediatric Stem Cell Transplantation,med
State Key Laboratory of Continental Dynamics,NA,mint
Universität Hamburg,Institut of Systematic Musicology,mint
Technische Universität Clausthal,Key Laboratory of Mineral Resources,tech
CAU Kiel,The Doctoral Programme Quantitative Economics,sowi
German Institute for Global and Area Studies,German Institute of Global and Area Studies (GIGA) and University of Hamburg,sowi
German Center for Neurodegenerative Diseases,Center for Behavioral Brain Sciences (CBBS),med
Universität Rostock,Department of Biological Sciences,med
China Meteorological Administration,Graduate University of Chinese Academy of Sciences,mint
Osaka Prefecture University,Graduate School of Life and Environmental Sciences,mint
Universität Bremen,Department of Atmospheric and Cryospheric Sciences,mint
Universität Hamburg,Institut für Rechtsmedizin,mint
Universität Hamburg,Institut für Humangenetik,mint
Universität Hamburg,Institut für Bewegungswissenschaften,mint
Universität Hamburg,Institut für Meerskunde,mint
National Nuclear Energy Agency of Indonesia,Res. Group of Paleoclimate & Paleoenvironment,mint
Carl von Ossietzky Universität Oldenburg,Department of Psychiatry and Psychotherapy III,med
National Research and Innovation Agency,Res. Group of Paleoclimate & Paleoenvironment,mint
Universität Greifswald,Interdisciplinary Centre for Baltic Sea Region Research,mint
CAU Kiel,Department of Physiology,med
Universitätsklinikum Tübingen,Gastroenterologie,med
Universität Hamburg,Zoologisches Institut & Museum,mint
National Taiwan University,Institute of Oceanography,mint
Universität Rostock,Grassland and Fodder Science,mint
Qilu Hospital of Shandong University,NA,med
South China Sea Institute Of Oceanology,Key Laboratory of Ocean and Marginal Sea Geology,med
Universität Hamburg,School of Integrated Climate System Sciences,mint
Institute for Economic Research,Austrian,sowi
Sungkyunkwan University,Department of Architecture,med
Freie Universität Berlin,NA,mint
HAW Hamburg,"Research and Transfer Centre ""Sustainable Development and Climate Change Management""",sowi
Bavarian State Collection of Zoology,Department of Herpetology Zoologische Staatssammlung München (ZSM‐SNSB),med
Carl von Ossietzky Universität Oldenburg,Fakultät III - Sprach- und Kulturwissenschaften,mint
Institute of Geographic Sciences and Natural Resources Research,Department of Wood Science,mint
Guangzhou Institute of Energy Conversion,CAS Key Laboratory of Gas Hydrate,mint
Universität Rostock,Grassland and Fodder Sciences,mint
Deutsches Zentrum für Luft- und Raumfahrt eV,Air Transportation Systems,mint
China Agricultural University,College of Agronomy and Biotechnology,mint
Clinical Research Center Kiel,Kiel,med
Technical University of Applied Sciences Lübeck,Department of Civil Engineering,tech
Universität Rostock,Institute for Economics,sowi
Universität Hamburg,Institute of Human Genetics University of Hamburg Germany,mint
Centre National de la Recherche Scientifique,NA,mint
Friedrich-Alexander-Universität Erlangen-Nürnberg,Geozentrum Nordbayern,mint
Friedrich-Alexander-Universität Erlangen-Nürnberg,GeoZentrum Nordbayern,mint
Hamburg Institute of International Economics,Department of Ecology and Natural Resources Management,sowi
Institute of Tibetan Plateau Research,Institute of Geographical Sciences and Natural Resources Research,mint
Max Planck Institute for Meteorology,Laboratory for Climate Studies,mint
CAU Kiel,Clinic for Conservative Dentistry and Periodontology,med
Asian Institute of Technology,Max Planck Institute in Hamburg,mint
Chinese Academy of Sciences,Key Laboratory of Mineral Resources,mint
Universität Hamburg,Department of Psychology,med
Universität Hamburg,Institut für Feststoffverfahrenstechnik und Partikeltechnologie der Technischen,mint
Universität Hamburg,Department of Languages and Cultures of Southeast Asia,med
Universität Rostock,College of Marine and Biological Engineering,mint
Universität Hamburg,CRG Media Constructions of Climate Change (MCCC),sowi
Centre National de la Recherche Scientifique,IRD‐Sorbonne Universités (UPMC,mint
Klinik und Poliklinik für Psychiatrie und Psychotherapie,der Ernst-Moritz-Arndt-Universität Greifswald am HANSE-Klinikum Stralsund,med
Pius Hospital Oldenburg,Pius-Hospital Oldenburg,med
University of Aberdeen,Also at Deutsch Finnische Gesellschaft Research Center Ocean Margins (DFG-RCOM),mint
Leibniz Institut für Präventionsforschung und Epidemiologie - BIPS,NA,med
CAU Kiel,Biogeodynamics and Biodiversity Group,mint
Universität Bremen,Department of Business Administration,sowi
Universität Greifswald,Klinik und Poliklinik für Psychiatrie und Psychotherapie der Ernst-Moritz-Arndt- am HANSE-Klinikum Stralsund,med
Technische Universität Clausthal,Institute of Mathematics,mint
Universität Hamburg,Institute of Experimental and Clinical Pharmacology and Toxicology,med
Technische Universität Dresden,Botanical Garden,mint
State Key Laboratory of Geological Processes and Mineral Resources,Hubei Key Laboratory of Paleontology and Geological Environment Evolution,mint
University Cancer Center Hamburg,University Cancer Center Leipzig (UCCL),med
Fulda University of Applied Sciences,Centre for Applied Health Science,med
Tongji University,Institut für Geowissenschaften,mint
Universidad Politécnica de Madrid,NA,mint
Universidad de Salamanca,Departamento de Geología,mint
Universidad de León,NA,mint
Universität Hamburg,Medizinische Kernklinik und Poliklinik,med
Universität Bremen,Cognitive Systems Lab,mint
German Center for Neurodegenerative Diseases,Deutsches Zentrum für Neurodegenerative Erkrankungen (DZNE),med
Universität Rostock,Klinik für Innere Medizin III and Institut für Integrative Medizin,med
CAU Kiel,CSIR-Central Institute of Mining and Fuel Research,mint
Universität Greifswald,Clinic for Orthodontics,med
"Czech Academy of Sciences, Institute of Psychology",NA,mint
Universiti Sains Malaysia,Economics Program,sowi
Brigham and Women's Hospital,Department of Urology,med
CAU Kiel,Institute of Pharmacology,mint
CEA Paris-Saclay,IRD‐Sorbonne Universités (UPMC,mint
Université Paris-Saclay,IRD‐Sorbonne Universités (UPMC,mint
Universität Hamburg,University of Hamburg-Eppendorf,med
Staats- und Universitätsbibliothek Bremen,Universität Bremen (Bibliothekstraße 1,mint
Pacific International Center for High Technology Research,International Pacific Research Center Contribution Number 121 and School of Ocean and Earth Science and Technology Contribution,mint
Jacobs University Bremen,Life Sciences and Chemistry,mint
National Taiwan Normal University,Biodiversity Research Centre,mint
Museum am Rothenbaum,Zoological Museum Hamburg,mint
Universität Bremen,Key Laboratory of Marginal Sea Geology,mint
Centre National de la Recherche Scientifique,MARBEC - IRD/CNRS/IFREMER/Université de Montpellier,mint
Clinical Research Center Kiel,Kiel Centre for Globalization,med
Universität Hamburg,Department of Biodiversity of Animals,med
Universität Hamburg,Department of Cardiovascular Surgery,med
Institute of Oceanology,Key Laboratory of Ocean and Marginal Sea Geology,mint
Evangelisches Krankenhaus Königin Elisabeth Herzberge,Abteilung für Psychiatrie,mint
Carnegie Mellon University,Engineering and Public Policy,tech
Central Institute of Mining and Fuel Research,Academy of Scientific and Innovative Research (AcSIR),mint
Hamburg University of Technology,Department of Chemical Engineering I,tech
McMaster University,Department of Neonatology and Pediatric Intensive Care,med
Universität Greifswald,Faculty of Law and Economics,sowi
First Affiliated Hospital of Zhengzhou University,NA,med
Soochow University,First Affiliated Hospital of,med
Senckenberg Research Institute and Natural History Museum Frankfurt/M,Institute for Ecology,mint
MSH Medical School Hamburg – University of Applied Sciences and Medical University,Department of Urology,med
Institute of Tibetan Plateau Research,Graduate University of Chinese Academy of Sciences,mint
CAU Kiel,AG Schneider; AG Gottschalk; AG Winter,mint
Universität Hamburg,Faculty of Environmental Science and Engineering,tech
CAU Kiel,Institute of Animal Breeding and Husbandry,mint
Technische Universität Clausthal,Simulationswissenschaftliches Zentrum Clausthal-Göttingen,tech
Technische Universität Clausthal,c/o Simulationswissenschaftliches Zentrum Clausthal-Göttingen,tech
CAU Kiel,Institute of Agricultural Engineering,tech
Universität Rostock,Department of Geology,med
CAU Kiel,Institute of Pre- and Protohistory,mint
Chinese Academy of Sciences,Key Laboratory of Tibetan Environment Changes and Land Surface Processes,mint
Chinese Academy of Sciences,Key Laboratory of Tibetan Environment Changes and Land Surface Processes (TEL),mint
Universität Bremen,Molecular Genetics,mint
"of Integrative Ecophysiology""",mint,mint
"of Integrative Ecophysiology""",NA,mint
University of Chinese Academy of Sciences,Key Laboratory of Ocean and Marginal Sea Geology,med
Czech University of Life Sciences Prague,Faculty of Environmental Science and Engineering,tech
Northwest Institute of Eco-Environment and Resources,School of Urban and Regional Sciences,mint
Leibniz Institute for Prevention Research and Epidemiology - BIPS,Faculty of Mathematics and Computer Science,med
Shanxi Jincheng Anthracite Mining Group (China),Department of Rehabilitation,med
Shanxi Jincheng Anthracite Mining Group (China),General Hospital of Jincheng Anthracite Coal Mining Group Co. Ltd,med
Clinical Research Center Kiel,Interdisciplinary Research Center,med
Universität Hamburg,Institut für Mikrobiologie,mint
Carl von Ossietzky Universität Oldenburg,Institut für Chemie,mint
Universität Bremen,Department of Clinical Epidemiology,med
Universität Rostock,Institute of Agricultural and Environmental Sciences,mint
Clinical Research Center Kiel,Planton GmbH,med
German Center for Lung Research,Center North (ARCN),med
CAU Kiel,Biodiversity Research Centre,mint
Leuphana Universität Lüneburg,Center for Applied Health Sciences,med
Universität Bremen,Dept. of Meteorology,mint
Carl von Ossietzky Universität Oldenburg,Institut für Mathematik,mint
Universität Hamburg,Clinic for Endocrinology,med
Universität Hamburg,Dept of Biology,mint
CAU Kiel,Institute of Animal Breeding and Husbandry Christian‐Albrechts‐University Kiel Hermann‐Rodewald‐Straße 6 24118 Kiel Germany,mint
Universität Bremen,Bremen Institute for Addiction Research,mint
ETH Zurich,Geological Institute,mint
HafenCity University Hamburg,Department of Architecture,med
Universität Rostock,Economics,sowi
Alexandria University,Department of Microbiology and Immunology,med
Centre d'Estudis Avançats de Blanes,Biogeodynamics and Biodiversity Group,mint
CAU Kiel,College of Agronomy and Biotechnology,mint
Schiller (France),Direktor der Universitäts-Hautklinik Kiel Schittenhelmstraße 7,mint
Uber AI (United States),Direktor der Universitäts-Hautklinik Kiel Schittenhelmstraße 7,mint
Universitäts Hautklinik Kiel,Direktor der Universitäts-Hautklinik Kiel Schittenhelmstraße 7,mint
Technische Universität Clausthal,Institute for Chemical Technology and Polymer Chemistry,tech
Max Planck Institute for the Science of Human History,Center for Archaeological Science,mint
Carl von Ossietzky Universität Oldenburg,Animal Physiology and Behavior Group,mint
State Key Laboratory of Oil and Gas Reservoir Geology and Exploitation,Institute of Petroleum Engineering,tech
Matthias Nauck,"DZHK (German Centre for Cardiovascular Research), Partner Site Greifswald, University Medicine, Greifswald, Germany",med
Universität Hamburg,School of Mechanical Engineering,tech
Institute of Geographic Sciences and Natural Resources Research,Institute of Geographical Sciences and Natural Resources Research,mint
Inner Mongolia Agricultural University,College of Agro-grassland Science,mint
Nanjing Agricultural University,College of Agro-grassland Science,mint
Centre for Economic Policy Research,CEPR),sowi
Charité - Universitätsmedizin Berlin,Abteilung für Psychiatrie,med
Max Planck Institute for Human Cognitive and Brain Sciences,Institute of Psychology,mint
Universität Greifswald,Dept. of Physiology,mint
MSH Medical School Hamburg – University of Applied Sciences and Medical University,MSH Medical School,med
Ifo Institute for Economic Research,CESifo,sowi
Laboratoire d'Océanographie et du Climat : Expérimentations et Approches Numériques,IRD‐Sorbonne Universités (UPMC,mint
Universität Hamburg,Institute of Human Movement Science,mint
Australian Museum,Harry Butler Institute,mint
Western Australian Museum,Harry Butler Institute,mint
Technische Universität Clausthal,Dep. of Mathematics TU Clausthal Erzstraße 1 38678 Clausthal‐Zellerfeld Germany,mint
Babeș-Bolyai University,Faculty of Environmental Science and Engineering,tech
Universität Bremen,Biotechnology and Molecular Genetics,mint
Centre for Social Justice,NA,sowi
Hamburg University of Technology,American Society for Engineering Education,tech
Universität Rostock,Institute of Sociology and Demography,mint
Technische Universität Clausthal,Technische Universität Clausthal (as Doctoral Student between 1996-2000),tech
Technische Universität Clausthal,Energie-Forschungszentrum Niedersachsen,tech
Technische Universität Clausthal,TUC),tech
Universität Hamburg,Department of Anatomy and Histology,med
MSH Medical School Hamburg – University of Applied Sciences and Medical University,Institute of Interdisciplinary Exercise Science and Sports Medicine,med
Chinese Academy of Sciences,Laboratory of Tibetan Environment Changes and Land Surface Processes,mint
Helmut-Schmidt-Universität / UdB Hamburg,Department of Organizational Psychology,med
Universität Hamburg,Hamburg University of Economics and Politics,sowi
CAU Kiel,Laboratory of Molecular Gastroenterology and Hepatology,mint
Technische Universität Clausthal,Mineral and Waste Processing,tech
Chinese Academy of Sciences,NA,mint
Universität Hamburg,Institute of Developmental Neurophysiology,mint
Central Institute of Mining and Fuel Research,CSIR-,mint
Universität Trier,FB-II Sinologie,mint
Helsinki University Hospital,Laboratory of Alcohol Research (HKS),med
Universität Hamburg,Martini-Klinik Prostate Cancer Center,med
Vietnamese Academy of Forest Sciences,CIFOR Jl. CIFOR,mint
Fulda University of Applied Sciences,Center for Applied Health Science,med
Universität Hamburg,aPAPRSB Institute of Health Sciences,med
Universität Hamburg,Department of National Parks and Wildlife Conservation,med
Technische Universität Clausthal,Energy Research Center of Lower Saxony (EFZN),tech
Universität Hamburg,Institute for Biochemistry and Molecular Biology Laboratory for Structural Biology of Infection and Inflammation University of Hamburg Hamburg Germany,mint
Universität Hamburg,Department of Endocrinology and Diabetology,med
Universitäres Kinderwunschzentrum Lübeck,Deutschland,med
Universitäres Kinderwunschzentrum Lübeck,Kinderklinik,med
Technische Universität Clausthal,Research Area Raw Materials Supply and Resource Efficiency,tech
Chinese Academy of Sciences,Biotechnology and Molecular Genetics,mint
Hamburg Institute of International Economics,Department of Energy and Environmental Economics,sowi
Leibniz Institute of Freshwater Ecology and Inland Fisheries,Department of Microbiology and Biotechnology,mint
Université d'Angers,NA,mint
Commissariat à l'Énergie Atomique et aux Énergies Alternatives,IRD‐Sorbonne Universités (UPMC,mint
Sorbonne Université,IRD‐s (UPMC,mint
Fundación Juan March,Agong Lupat and Johannes Hengelbrock are joint first authors.,mint
GTx (United States),Agong Lupat and Johannes Hengelbrock are joint first authors.,mint
Krankenhaus Nordwest,Agong Lupat and Johannes Hengelbrock are joint first authors.,mint
Universiti Brunei Darussalam,Agong Lupat and Johannes Hengelbrock are joint first authors.,mint
University Teaching Hospital,Pathology,med
Universität Rostock,Institute of Occupational and Social Medicine,med
Universität Hamburg,Institute of Social and Cultural Anthropology,sowi
Yancheng Institute of Technology,College of Marine and Biological Engineering,mint
Hamburg Institute for Social Research,Institute of Social and Cultural Anthropology,sowi
Korea Institute for International Economic Policy,Giljae-gil,sowi
Universität Hamburg,University Children’s Hospital,med
Universität Hamburg,Department of Microbiology and Biotechnology,med
Polish Academy of Sciences,NA,mint
MSH Medical School Hamburg – University of Applied Sciences and Medical University,Institute of Toxicology and Environmental Medicine,med
Universität Greifswald,Ecosystem Dynamics,mint
Universität Hamburg,Department of Hematology and Oncology,med
Hearing4all,HörTech gGmbH,mint
Institute of Rock and Soil Mechanics,Energie-Forschungszentrum Niedersachsen,mint
Universität Hamburg,University of Hamburg - Department of Economics,sowi
Carl von Ossietzky Universität Oldenburg,Institut für Mathematik [Oldenburg] (Ammerländer Heerstraße 114 - 118,mint
Universität Hamburg,Animal Ecology and Conservation,mint
Nepal Red Cross Society,NA,mint
Royal Historical Society,NA,mint
Universität Bremen,Department of Geology and Petroleum Geology,mint
Universität Hamburg,Institute of Human Genetics,mint
Universität Rostock,Limnological Institute Siberian Branch of the Russian Academy of Sciences,mint
IPB University,Aquaculture and Sea-Ranching,mint
ICMA Centre,NA,mint
Vrije Universiteit Amsterdam,Engineering and Public Policy,tech
Institute of Oceanology,Department of Geology and Petroleum Geology,mint
Universität Hamburg,Centrum für Naturkunde (CeNak),mint
Universität Hamburg,University of Hamburg - School of Business,sowi
Georgia Institute of Technology,John A. Paulson School of Engineering and Applied Sciences,tech
Institute of Rock and Soil Mechanics,State Key Laboratory of Geomechanics and Geotechnical Engineering,tech
Universität Lübeck,Graduate School of Life and Environmental Sciences,med
Hans-Bredow-Institute,NA,mint
Asian Institute of Technology,Water Engineering and Management,tech
Universiti Sains Malaysia,China,mint
Krankenhaus Nordwest,Department of Neurology,med
Heidelberg University,aPAPRSB Institute of Health Sciences,med
The University of Tokyo,Department of Earth and Planetary Science,mint
CAU Kiel,Institut für Allgemeine Mikrobiologie,mint
China Agricultural University,College of Resource and Environmental Science,mint
Technische Universität Clausthal,Geophysics,tech
South China Sea Institute Of Oceanology,Department of Geology and Petroleum Geology,mint
German Center for Neurodegenerative Diseases,Deutsches Zentrum fuer Neurodegenerative Erkrankungen (DZNE),med
Universität Hamburg,Institute of Legal Medicine,med
Sichuan University,German Center for Infection Research (DZIF) Hamburg–Lübeck– Borstel–Riems Site University of Lübeck Lübeck Germany,med
Universität Rostock,IUCN Species Survival Commission Pigeon and Dove Specialist Group,mint
Laboratoire des Sciences du Climat et de l'Environnement,IRD‐Sorbonne Universités (UPMC,mint
Physical Research Laboratory,Environmental Engineering Division,tech
Martini-Klinik,Prostate Cancer Center,med
University Hospital of Bern,Center North (ARCN),med
University of Tsukuba,Institute of Community Medicine (SHa),med
Zhejiang University of Finance and Economics,School of Public Administration & China Research Institute of Regulation and Public Policy,sowi
Royal Perth Hospital,Burns Injury Research Unit,med
CAU Kiel,Paleontology and Historical Geology,mint
Fafo Foundation,CESIfo,mint
Universität Bremen,Department of Human Biology,mint
Universität Hamburg,Business Administration Faculty,sowi
Siemens (Germany),NA,mint
Eurofins (Germany),NA,mint
MacArtney Germany,NA,mint
"University of California, Santa Barbara",Department of Earth Science,mint
Harvard University,John A. Paulson School of Engineering and Applied Sciences,tech
Hamburg University of Technology,Institute of Bioprocess and Biosystems Engineering,tech
Hamburg University of Technology,School of Mechanical Engineering,tech
MSH Medical School Hamburg – University of Applied Sciences and Medical University,MSH Medical School Hamburg,med
Maharashtra National Law University Mumbai,Assistant Professor of Economics,sowi
Southern Marine Science and Engineering Guangdong Laboratory (Guangzhou),Key Laboratory of Ocean and Marginal Sea Geology,mint
Centre for Structural Systems Biology,CSSB),mint
Universität Hamburg,College of Geology Engineering and Geomatics,tech
Centre d'études et de recherches internationales de Sciences Po,IZA,mint
Helmholtz-Zentrum Hereon,Department,mint
Institute of Tibetan Plateau Research,Key Laboratory of Tibetan Environment Changes and Land Surface Processes,mint
Institute of Tibetan Plateau Research,Key Laboratory of Tibetan Environment Changes and Land Surface Processes (TEL),mint
Universität Hamburg,MTA–ELTE Theoretical Physics Research Group,mint
Universität Bremen,Bremen Center of Computational Materials Science,mint
Evangelisches Krankenhaus Königin Elisabeth Herzberge,Department of Psychiatry and Psychotherapy,med
Royal Netherlands Institute for Sea Research,GFZ–German Research Centre for Geosciences Potsdam Section 5.2 Climate Dynamics and Landscape Evolution Telegrafenberg D‐14473 Potsdam Germany,mint
Thomayer University Hospital,Oncology,med
Charité - Universitätsmedizin Berlin,Charité,med
Universität Ulm,Department of Psychiatry and Psychotherapy III,med
Carl von Ossietzky Universität Oldenburg,Institut für Chemie,mint
Deutsche Forschungsgemeinschaft,Sponsorship: The study was supported by grants from the,mint
CAU Kiel,Faculty for Mathematics and Natural Sciences,mint
Leibniz Institute of Agricultural Development in Transition Economies,IAMO) Halle (Saale) Germany,mint
Universität Rostock,Modeling and Simulation Group,mint
Forschungszentrum Energiespeichertechnologien,Energie-Forschungszentrum Niedersachsen,mint
CK-CARE,Christine Herter,mint
World Bank,email: ),mint
Academia Sinica,NA,mint
ORCID,Anne Christin Rahn,mint
ORCID,Lori Rhudy,mint
ORCID,Peter Nydahl,mint
ORCID,Sheena Ramazanu,mint
Instytut Oceanologii Polskiej Akademii Nauk,NA,mint
William & Mary,AidData,mint
Williams (United States),AidData,mint
World Bank,AidData,mint
Konrad-Adenauer-Stiftung,Giljae-gil,mint
Mitsui (Japan),Giljae-gil,mint
"Vietnam National University, Hanoi",Institute of Microbiology and Biotechnology,mint
German Center for Lung Research,Department of Pneumology,med
Senckenberg am Meer,Forschungsinstitut Senckenberg,mint
Senckenberg am Meer,NA,mint
Universität Rostock,Institute of Biodiversity Research,mint
Hearing4all,Animal Physiology and Behavior Group,mint
CAU Kiel,Ecology Center,mint
Universität Hamburg,Institute of Systematic Musicology,mint
Kinderkrebs-Zentrum Hamburg,Department of Hematology and Oncology,med
Institute of Oceanology,Biotechnology and Molecular Genetics,mint
Academia Sinica,Biodiversity Program,mint
Universität Rostock,Department of Botany and Botanical Garden,med
Sylhet Agricultural University,Department of Coastal and Marine Fisheries,mint
Universität Rostock,Aquaculture & Sea-Ranching,mint
Universität Rostock,Prof. Hydromechanics and Sanitary Engineering,tech
University Hospital Heidelberg,Agong Lupat and Johannes Hengelbrock are joint first authors.,med
Universität Rostock,Faculty for Social and Economic Sciences,sowi
Babol University of Medical Sciences,Cellular,med
Max Planck Institute for Comparative and International Private Law,International Max Planck Research School of Earth Systems Modelling,mint
"for Environmental Chemistry""",NA,mint
Constructor University,School of Humanities and Social Sciences; Jacobs University Bremen; Germany,sowi
Universität Rostock,University Children's Hospital Rostock,med
Smith College,Banerjee/Ling,mint
Universität Bremen,Institut Technik & Bildung (ITB),mint
Universität Hamburg,University Hospital Eppendorf,med
CAU Kiel,Otto Diels-Institut für Organische Chemie der Christian-Albrechts-Universität zu Kiel; Otto-Hahn-Platz 3 24098 Kiel Deutschland,mint
Universität Greifswald,Department of Functional Genomics,med
CAU Kiel,College of Resource and Environmental Science,mint
Research Institute for Farm Animal Biology (FBN),Institute of Agricultural and Environmental Sciences,mint
Northeast Catholic College,NA,mint
Technische Universität Clausthal,Institute of Mineral and Waste Processing,tech
German Center for Infection Research,DZIF) Hamburg–Lübeck– Borstel–Riems Site University of Lübeck Lübeck Germany,med
CAU Kiel,Institute of Crop Science and Plant Breeding-Grass and Forage Science/Organic Agriculture,agrar
Universität Bremen,Institute of Sociology,mint
University of Freiburg,Chair of Nature Conservation and Landscape Ecology,mint
Taian City Central Hospital,NA,med
Universität Bremen,Department of Physics (retired),mint
Institute of Tibetan Plateau Research,Laboratory of Tibetan Environment Changes and Land Surface Processes,mint
Henan Provincial People's Hospital,NA,med
Jiangsu Province Hospital,NA,med
Hospital Universiti Sains Malaysia,NA,med
Toranomon Hospital,Giljae-gil,med
Universität Bremen,Electrical Engineering,tech
Universität Rostock,Institute of Sport Science,mint
Max Planck Institute of Biochemistry,Department of Biomedical Sciences of Cells and Systems University Medical Center Groningen University of Groningen Groningen The Netherlands,med
Carl von Ossietzky Universität Oldenburg,Department of Biomedical Sciences of Cells and Systems University Medical Center Groningen University of Groningen Groningen The Netherlands,med
Institute of Oceanology,South China Sea,mint
South China Sea Institute Of Oceanology,South China Sea Institute of Oceanology,mint
Georgia Institute of Technology,Environmental Engineering Division,tech
Indian Institute of Technology Madras,Environmental Engineering Division,tech
National Hospital for Neurology and Neurosurgery,Annu Aggarwal and Susanne A. Schneider contributed equally and are shared first authors for this article.,med
Universität Hamburg,Institute of Meteorology,mint
Meiji University,Department of Earth and Planetary Science,mint
Universität Hamburg,English and American Studies,phil
CAU Kiel,Otto Diels-Institut für Organische Chemie der Christian-Albrechts-Universität zu Kiel,mint
Universität Greifswald,Deutsches Zentrum für Neurodegenerative Erkrankungen (DZNE),mint
University of Aberdeen,DFG‐Research Centre Ocean Margins (RCOM) and Geowissenschaften (FB5) Universität Bremen,mint
MSH Medical School Hamburg – University of Applied Sciences and Medical University,Department of Psychology,med
Institute of Political Science,NA,sowi
Universität Rostock,Systems biology and bioinformatics,mint
Freie Universität Berlin,Freie Universitaet Berlin,mint
Universität Greifswald,Department of Psychiatry,med
Hamburg Institut (Germany),Max Planck Institute in Hamburg,mint
Institute of Tibetan Plateau Research,Institute for Botany and Landscape Ecology,mint
Carl von Ossietzky Universität Oldenburg,Alfred-Wegener Institute,mint
Carl von Ossietzky Universität Oldenburg,Alfred Wegener Institute,mint
Universität Hamburg,Zoological Museum and Institute,mint
Chinese Academy of Sciences,Institute of Geographical Sciences and Natural Resources Research,mint
Universität Hamburg,Department of Psychiatry,med
Universität Greifswald,Department of Prosthetic Dentistry,med
Universitätsmedizin Greifswald,Department of General Business Administration and Health Care Management,med
Fahrenheit (Germany),Institute of Sociology,mint
Changchun Discovery Sciences (China),Changchun Discovery Sciences,mint
Helmholtz Centre for Environmental Research,Department of Computational Landscape Ecology,mint
National Taiwan University,Institute of Physical Chemistry,mint
Universität Rostock,Department of Forensic Psychiatry,med
Tokyo University of Science,Department of Earth and Planetary Science,mint
CAU Kiel,Otto Diels Institute of Organic Chemistry,mint
Babol University of Medical Sciences,Cellular and Molecular Biology Research Center,med
GEOMAR,Goethe-University Frankfurt; Frankfurt am Main Germany,mint
Peking University,School of Earth and Space Sciences,mint
Carl von Ossietzky Universität Oldenburg,Carl-von-Ossietzky University Oldenburg Department of Biology and Environmental Sciences,mint
Marienkrankenhaus Hamburg,Department of General,med
Kiel Institut für Weltwirtschaft,Ludwig Maximilian University of Munich (LMU),sowi
Universität Hamburg,Assistant Professor of Economics,sowi
International Monetary Fund,Centre for Economic Policy Research (CEPR),sowi
University of Georgia,Department of Marine Sciences,mint
HAW Hamburg,Department of Health Sciences,med
Universität Bremen,Environmental Chemical Processes Laboratory,mint
Institute of Oceanology,State Key Laboratory of Tropical Oceanography,mint
CAU Kiel,Faculty of Mathematics and Natural,mint
Universität Hamburg,Department of Cell and Gene Therapy,med
ESCP Business School,ESCP Europe,sowi
South China Sea Institute Of Oceanology,Key Laboratory of Marginal Sea Geology,mint
Universität Hamburg,Institute for Biochemistry and Molecular Biology,mint
Nanjing University of Chinese Medicine,NA,med
Leuphana Universität Lüneburg,Institute of Economics,sowi
Beijing Drainage Group (China),Bao'an Drainage Co.,mint
Universität Greifswald,Sponsorship: The study was supported by grants from the Deutsche Forschungsgemeinschaft (GR 1430/2-1,mint
"Sciences""",mint,mint
"Institute of Cellular and Organismic Biology, Academia Sinica",Biodiversity Research Centre,mint
Universität Greifswald,Department Of Health Care Management,med
Universität Greifswald,Department of Health Care Management,med
Universität Rostock,Helmholtz Zentrum,mint
Ocean University of China,Key Laboratory of Physical Oceanography; ; Qingdao Shandong China,mint
Institute of Urban Environment,NA,mint
Institute of Biochemistry,Gene Center,mint
"of Chemistry""",NA,mint
Biologie Labor,Aide à la Décision pour une Médecine Personnalisé - Laboratoire de Biostatistique,mint
Chengdu University of Technology,College of Earth Sciences,mint
University of Tartu,Estonian Marine Institute,mint
Chinese Academy of Sciences,Department of Geology and Petroleum Geology,mint
Universität Rostock,Institute of Pathology,mint
Universität Greifswald,Institute of Psychology,mint
"Mass Spectrometry Centre""",med,mint
Universität Hamburg,Now at Institute of Geology,mint
University of Hawaiʻi at Mānoa,International Pacific Research Center Contribution Number 121 and School of Ocean and Earth Science and Technology Contribution,mint
Universität Hamburg,Department of Psychiatry and Psychotherapy,med
Chiba University,Institute of Community Medicine (SHa),med
Leibniz Institute of Virology (LIV),Dynamic of Viral Structures,mint
University of Haifa,Dr. Moses Strauss Department of Marine Geosciences,mint
University of Haifa,Dr. Moses Strauss Department of Marine Geosciences,mint
University of Münster,Dr. Moses Strauss Department of Marine Geosciences,mint
University of Münster,Dr. Moses Strauss Department of Marine Geosciences,mint
Jacobs University Bremen,Bremen International Graduate School of Social Sciences (BIGSSS),sowi
CAU Kiel,GFZ–German Research Centre for Geosciences Potsdam Section 5.2 Climate Dynamics and Landscape Evolution Telegrafenberg D‐14473 Potsdam Germany,mint
Ocean University of China,Key Laboratory of Physical Oceanography,mint
Beijing Normal University,Institute of Evolutionary Biology,mint
University of Groningen,Department of Biomedical Sciences of Cells and Systems University Medical Center Groningen,med
Southwest Petroleum University,Institute of Petroleum Engineering,tech
Fulda University of Applied Sciences,Center for Applied Health Sciences,med
South China Sea Institute Of Oceanology,State Key Laboratory of Tropical Oceanography,mint
Universität Hamburg,Department of General Surgery,med
CAU Kiel,College of Agro-grassland Science,mint
Marienkrankenhaus Hamburg,Department of Anesthesiology,med
Institute of Medical Microbiology and Hygiene,Graduate School of Life and Environmental Sciences,med
CAU Kiel,Institute of Chemistry,mint
National Bureau of Economic Research,Centre for Economic Policy Research (CEPR),sowi
Institute of Sports Medicine and Science,Institute of Interdisciplinary Exercise Science and Sports Medicine,med
Universität Rostock,Department of Mathematics,med
Federal Institute for Geosciences and Natural Resources,BGR),mint
State Key Laboratory of Biotherapy,German Center for Infection Research (DZIF) Hamburg–Lübeck– Borstel–Riems Site University of Lübeck Lübeck Germany,med
Helmholtz-Zentrum Hereon,Department for Inorganic Environmental Chemistry,mint
Universität Rostock,Institute of Biological Sciences,mint
Helmholtz-Zentrum Hereon,Department for Environmental Chemistry,mint
Universität Rostock,Department of Marketing,med
Leuphana Universität Lüneburg,Didactics of Economics,sowi
Institute of Oceanology,Key Laboratory of Marginal Sea Geology,mint
CAU Kiel,Department of Rheumatology and Clinical Immunology,med
Institute of Geology and Geophysics,Key Laboratory of Mineral Resources,mint
Universität Greifswald,Environmental Ethics Research Group,mint
Universität Hamburg,Institute of Evolutionary Biology,mint
Helmholtz-Zentrum Hereon,Department for Organic Environmental Chemistry,mint
Research Center Borstel - Leibniz Lung Center,Division of Clinical and Molecular Allergology,med
"Group)""",mint,mint
Universität Rostock,Department of Biostatistics,med
Clinical Research Center Kiel,Department of Dermatology,med
Hamburg University of Technology,Institute of Solids Process Engineering and Particle Technology,tech
Universität Bremen,National Institute of Geological Sciences,mint
Marienkrankenhaus Hamburg,Klinik für Allgemein-,med
Museum am Rothenbaum,CeNak,mint
Museum am Rothenbaum,NA,mint
Museum am Rothenbaum,Zoologisches Institut & Museum,mint
Georgia Institute of Technology,School of Earth and Atmospheric Sciences,mint
Universität Hamburg,Dr. Moses Strauss Department of Marine Geosciences,mint
Princess Margaret Hospital for Children,Burns Injury Research Unit,med
Universität Hamburg,Department of Health Sciences,med
Universität Bremen,Fachbereich 3,mint
Universität Bremen,Fachbereich Wirtschaftswissenschaft,mint
Universität Rostock,Department of Orthopedics,med
University of Tasmania,Centre for Marine Socioecology (CMS),mint
Island Conservation Society,Institute of Biological Sciences,mint
Swiss Tropical and Public Health Institute,Current address: GEOMAR Helmholtz Centre for Ocean Research Kiel,mint
CAU Kiel,Institute for Geosciences University Kiel 24118 Kiel Germany,mint
CAU Kiel,Institute for Pre-and Protohistoric Archaeology,phil
Museum am Rothenbaum,Zoologisches Museum,mint
Universität Rostock,Institute of Forensic Medicine,med
University of Luebeck,Department of Rheumatology and Clinical Immunology,med
Instituto Español de Oceanografía,Spanish Institute of Oceanography IEO C.O. Santander Promontorio de San Martín S/N 39004 Santander Spain,mint
Universiti Brunei Darussalam,aPAPRSB Institute of Health Sciences,med
Universität Bremen,Faculty 2 Biology/Chemistry,mint
Chinese Academy of Sciences,Key Laboratory of Alpine Ecology and Biodiversity,mint
Universität Bremen,Faculty of Biology/Chemistry,mint
Universität Bremen,"SOCIUM Research Center on Inequality and Social Policy and Collaborative Research Centre 1342 ""Global Dynamics of Social Policy""",sowi
CAU Kiel,Remote Sensing & Environmental Modelling Lab,mint
Kiel Institut für Weltwirtschaft,Advanced Studies Program,sowi
GEOMAR,Department of Aquatic Science,mint
Universität Hamburg,Department of Primary Medical Care,med
Technische Universität Berlin,Institute of Chemistry,mint
Universitätsmedizin Greifswald,"Interfaculty Institute for Genetics and Functional Genomics, Department of Functional Genomics",med
Universität Bremen,AWI – Alfred Wegener Institute,mint
Universität Greifswald,Institute of Pathology,mint
Max Planck Institute for Meteorology,Graduate University of Chinese Academy of Sciences,mint
China University of Geosciences,Institute of Geophysics &amp; Geomatics,mint
Universität Hamburg,Institute of Community Medicine (SHa),med
University of Chinese Academy of Sciences,State Key Laboratory of Geomechanics and Geotechnical Engineering,tech
Universität Bremen,Institute for Ecology & Evolutionary Biology,mint
Universität Rostock,Joint Mass Spectrometry Center Cooperation Group Comprehensive Molecular Analytics Helmholtz Zentrum München German Research Center for Environmental Health,med
Helmholtz-Zentrum Hereon,Helmholtz-Zentrum Geesthacht,mint
Tsinghua University,Department of Earth System Science,mint
UCLouvain,Georges Lemaître Centre for Earth and Climate Research,mint
Martini-Klinik,Institute of Experimental and Clinical Pharmacology and Toxicology,med
Jilin Academy of Agricultural Sciences,Institute of Agricultural and Environmental Sciences,mint
Museum am Rothenbaum,Biocenter Grindel and Zoological Museum,mint
Museum am Rothenbaum,Zoological Museum and Biocenter Grindel,mint
Museum am Rothenbaum,Biocenter Grindel und Zoological Museum,mint
Universität Hamburg,Department of Trauma Surgery,med
GEOMAR,CAU Kiel,mint
Royal Holloway University of London,Department of Earth Sciences,mint
Kiel Institut für Weltwirtschaft,DIW Berlin European University Institute &amp;,sowi
Kiel Institut für Weltwirtschaft,Georg-August University,sowi
Tongji University,Department of Geosciences and Research Centre Ocean Margins (RCOM),mint
Universität Bremen,Institute of Geology and Palaeontology,mint
Universität Hamburg,Dept. of Health Sciences,med
Universität Lübeck,University of Luebeck,med
Universität Hamburg,Research Institute for Economics and Business Administration (Asia Africa Institute on sabbatical leave),sowi
Museum am Rothenbaum,Amber Study Group,mint
University Hospital Heidelberg,aPAPRSB Institute of Health Sciences,med
MARUM,AG Kopf,mint
Fachhochschule Kiel,Institute of Chemistry,mint
Universität Hamburg,School of Business,sowi
Universität Bremen,Faculty of Human and Health Sciences,med
Carl von Ossietzky Universität Oldenburg,Department of Human Medicine,med
HAW Hamburg,Dept. of Health Sciences,med
Helmholtz-Zentrum Hereon,CliSAP,mint
Universität Hamburg,International Max Planck Research School of Earth Systems Modelling,mint
Hamburg Institute of International Economics,Thünen Institute of Sea Fisheries Hamburg Germany,sowi
Universität Greifswald,Institute für Mikrobiologie und Molecular Biologie,mint
Universität Bremen,Business Studies & Economics,sowi
Fudan University,Department of Psychological Medicine,med
Universitätsmedizin Greifswald,Institute of Bioinformatics,med
Max-Planck-Institut für Plasmaphysik Teilinstitut Greifswald,Stellarator Theory,mint
Max-Planck-Institut für Plasmaphysik Teilinstitut Greifswald,E3,mint
"Max Planck Institut für Plasmaphysik, Greifswald",W7-X Operations,mint
Tinbergen Institute,Joseph F. Francois is professor of economics and research fellow at the,sowi
Universität Hamburg,Institute of Physical Chemistry,mint
CAU Kiel,Zoological Institute / Structural Biology,mint
CAU Kiel,Zoological Institute - Structural Biology,mint
Universität Bremen,Department of Earth and Planetary Science,mint
Helmholtz Zentrum München,Joint Mass Spectrometry Center Cooperation Group Comprehensive Molecular Analytics,mint
Museum am Rothenbaum,Centrum für Naturkunde (CeNak),mint
Universität Bremen,Soil Microbial Ecology,mint
Medical University of Vienna,Department of Urology,med
Universität Bremen,Department for Health Services Research,med
Chang'an University,College of Geology Engineering and Geomatics,tech
Universität Greifswald,Department of Neurology,med
Chinese Academy of Sciences,Institute for Botany and Landscape Ecology,mint
University of Cambridge,Department of Economics and CSERGE,sowi
Universität Bremen,Department of Geosciences and Research Centre Ocean Margins (RCOM),mint
Universitätsmedizin Rostock,Klinik für Innere Medizin III and Institut für Integrative Medizin,med
Deutsches Elektronen-Synchrotron DESY,Photon science / CSSB,mint
University Medical Center Groningen,Department of Biomedical Sciences of Cells and Systems,med
Universität Rostock,"Joint Mass Spectrometry Centre – Cooperation Group ""Comprehensive Molecular Analytics""",mint
Universität Bremen,Institute of Geology,mint
Martin Luther University Halle-Wittenberg,MSH Medical School,med
Universität Innsbruck,Institute of Geology,mint
Helmholtz Zentrum München,Helmholtzzentrum,mint
Helmholtz Zentrum München,Helmholtz Zentrum,mint
Universität Bremen,Research Center Ocean Margins Universität Bremen Bremen Germany,mint
Universität Bremen,Alfred-Wegener-Institute,mint
Universität Hamburg,Faculty of Business Administration,sowi
Universität Bremen,General and Theoretical Ecology,mint
Universität Bremen,Institute of Public Health and Nursing Science,med
Universität Hamburg,Institut of Marine Ecosystem and Fisheries Science,mint
Huazhong Agricultural University,College of Economics and Management,sowi
Universität Greifswald,General and Special Botany,mint
GEOMAR,Department of Geosciences,mint
Silpakorn University,Parasitology and Medical Malacology Research Unit,med
"German Center for Neurodegenerative Disease, DZNE, site Rostock/Greifswald",Clinical Dementia Research,med
Universität Bremen,Faculty Biology and Chemistry,mint
China University of Geosciences,Hubei Key Laboratory of Paleontology and Geological Environment Evolution,mint
Hamburg Institute of International Economics,HWW),sowi
Hamburg Institute of International Economics,HWWA),sowi
Hamburg Institute of International Economics,HWWI,sowi
Hamburg Institute of International Economics,HWWI),sowi
Hamburg Institute of International Economics,CIFOR Jl. CIFOR,sowi
Hamburg Institute of International Economics,NA,sowi
Xiangya Hospital Central South University,Martini-Klinik Prostate Cancer Center,med
GEOMAR,Institut für Meereskunde,mint
Universität Bremen,Bremen Institute for Prevention Research and Social Medicine,med
CAU Kiel,Institute of Geology / Paleoclimate Modelling,mint
Universität Hamburg,Department of Economics and CSERGE,sowi
Universität Hamburg,German Centre for Marine Biodiversity Research,mint
Universität Hamburg,Parasitology and Medical Malacology Research Unit,med
Max Planck Institute for Meteorology,Institute of Meteorology,mint
Helmholtz Zentrum München,"Joint Mass Spectrometry Centre – Cooperation Group ""Comprehensive Molecular Analytics""",mint
GFZ Helmholtz Centre for Geosciences,GFZ–German Research Centre for Geosciences Potsdam Section 5.2 Climate Dynamics and Landscape Evolution Telegrafenberg D‐14473 Potsdam Germany,mint
Charité - Universitätsmedizin Berlin,Department of Psychiatry,med
Berlin Institute of Health at Charité - Universitätsmedizin Berlin,Berlin Institute of Health,med
CAU Kiel,International Pacific Research Center Contribution Number 121 and School of Ocean and Earth Science and Technology Contribution,mint
Universität Bremen,Also at Deutsch Finnische Gesellschaft Research Center Ocean Margins (DFG-RCOM),mint
Universität Rostock,Institute of Biological Sciences - Applied Ecology,mint
Universität Bremen,Centre for Social Policy Research (CeS),sowi
CAU Kiel,Department of Earth Sciences,mint
Center for Excellence in Tibetan Plateau Earth Sciences,CAS,mint
Hamburg Institute of International Economics,HWWI) Neuer Jungfernstieg 21 | 20354 Hamburg | Germany,sowi
University College London,Department of Economics and CSERGE,sowi
Kiel Institut für Weltwirtschaft,Graduate School of Arts and Sciences,sowi
Museum am Rothenbaum,Zoological Museum and Institute,mint
Universität Rostock,"Department of Neurology, Division of Neuroimmunology",med
Jikei University School of Medicine,Division of Nephrology and Hypertension,med
Universität Hamburg,School of Public Health,med
National Kaohsiung Marine University,Marine Science and Information Research Center,mint
Universitätsmedizin Greifswald,Coordination Center for Clinical Studies (KKS),med
Universität Bremen,Bremen International Graduate School for Marine Sciences (GLOMAR),mint
Universität Lübeck,Institute of Chemistry and Metabolomics University Lübeck,med
Universität Bremen,Heisenberg Group on Marine Kerogen,mint
Carmel (Israel),Dr. Moses Strauss Department of Marine Geosciences,mint
Technische Universität Clausthal,Institute of Petroleum Engineering,tech
Nanjing Medical University,NA,med
Capital Medical University,NA,med
Hebei Medical University,NA,med
Leibniz Centre for Tropical Marine Research,Institute for Sociology,mint
Universität Rostock,Department of Infectious Diseases,med
First People's Hospital of Foshan,Department of Infectious Diseases,med
Martin Luther University Halle-Wittenberg,Institute for Medical Epidemiology,med
GFZ Helmholtz Centre for Geosciences,Geoforschungszentrum,mint
GFZ Helmholtz Centre for Geosciences,Dynafrax UG haftungsbeschränkt,mint
Kiel Institut für Weltwirtschaft,Joseph F. Francois is professor of economics and research fellow at the Tinbergen Institute and research fellow at the Centre for Economic Policy Research,sowi
Frankfurt School of Finance & Management,BSc Business Administration Class 2021,sowi
Macquarie University,Institute for Marine Ecosystem and Fisheries Science,mint
"MARUM Center for Marine Environmental Sciences, University of Bremen",NA,mint
Universität Rostock,Institute of Chemistry,mint
Universität Rostock,Estonian Marine Institute,mint
GEOMAR,Technology and Logistics Centre,mint
Universität Hamburg,Institute of Marine Ecosystem and Fisheries Science,mint
Universität Hamburg,Institute of Marine Ecosystem and Fishery Science,mint
GEOMAR,Department of Pharmaceutical and Biological Chemistry,mint
National Taiwan University,Institute of Earth Sciences,mint
National Taiwan University,Institute of Earth Sciences Academia Sinica Taipei Taiwan,mint
Carl von Ossietzky Universität Oldenburg,Division for Ethics in Medicine,med
Universität Bremen,Department of Marine Sciences,mint
Charité - Universitätsmedizin Berlin,Department of Psychiatry and Psychotherapy,med
Max Planck Institute for Chemical Ecology,Ernst-Moritz-Arndt-University of Greifswald,mint
Universität Bremen,Universtät Bremen Fachbereich Geowissenschaften,mint
Universitätsmedizin Greifswald,Interfakultäres Institut für Genetik und Funktionelle Genomforschung,med
German Center for Lung Research,Division of Clinical and Molecular Allergology,med
Universität Bremen,Linguistics and Literary Studies (FB 10) | English Speaking Cultures,phil
Leibniz Centre for Tropical Marine Research,Institute of Sociology,mint
Universitätsmedizin Greifswald,University Greifswald,med
Charité - Universitätsmedizin Berlin,Klinik für Psychiatrie und Psychotherapie,med
Woods Hole Oceanographic Institution,Department of Earth System Science,mint
Technische Universität Clausthal,College of Earth Sciences,mint
Universität Bremen,DFG‐Research Centre Ocean Margins (RCOM) and Geowissenschaften (FB5) Universität Bremen,mint
Universität Greifswald,Greifswald University Institute of Botany and Landscape Ecology,mint
German Institute for Economic Research,Humboldt University of Berlin - Faculty of Economics,sowi
CAU Kiel,The Faculty of Mathematics and Natural Sciences,mint
Senckenberg am Meer,INES-Integrated Environmental Solutions UG; c/o Centrum für Naturkunde; Universität Hamburg; German Centre for Marine Biodiversity Research-DZMB; Martin-Luther-King-Platz 3; 20146 Hamburg; Germany. kgerdes@ines-solutions.eu.,mint
CAU Kiel,Institute for Infection Medicine,med
Kobe University,Research Institute for Economics and Business Administration (Asia Africa Institute on sabbatical leave),sowi
GFZ Helmholtz Centre for Geosciences,GFZ German Research Centre for Geosciences,mint
Economic Policy Institute,Joseph F. Francois is professor of economics and research fellow at the Tinbergen Institute and research fellow at the Centre for Economic Policy Research,sowi
Universitätsmedizin Rostock,Department of Naturopathy,med
Hamburg Institute of International Economics,Center for International Forestry Research (CIFOR),sowi
"Institute for Public Health and Nursing Research - IPP, University of Bremen",NA,med
Universität Hamburg,Institute for Marine Ecosystem and Fisheries Science,mint
Universität Greifswald,Institut für Angewandte Geowissenschaften,mint
Kiel Institut für Weltwirtschaft,The Kiel Institute of World Economics,sowi
Helmholtz Zentrum München,Joint Mass Spectrometry Centre (JMSC),mint
Chinese Academy of Sciences,CAS Center for Excellence in Tibetan Plateau Earth Sciences Beijing 100101 China,mint
Ocean University of China,Helmholtz Centre for Ocean Research at Kiel University (GEOMAR),mint
Universität Bremen,FB5 Geowissenschaften,mint
Universität Bremen,Centre for Marine Socioecology (CMS),mint
Peterson Institute for International Economics,Centre for Economic Policy Research (CEPR),sowi
Universität Rostock,Institute of Medical Biochemistry and Molecular Biology,med
Zhongshan Hospital,Department of Psychological Medicine,med
Universität Bremen,Research Centre Ocean Margins,mint
Universität Hamburg,INES-Integrated Environmental Solutions UG; c/o Centrum für Naturkunde; ; German Centre for Marine Biodiversity Research-DZMB; Martin-Luther-King-Platz 3; 20146 Hamburg; Germany. kgerdes@ines-solutions.eu.,mint
Universität Rostock,Berlin Institute of Health at Charité – Universitätsmedizin Berlin (BIH),med
Carl von Ossietzky Universität Oldenburg,Institute of Physics,mint
Universität Bremen,Graduate School of Public Health,med
Technische Universität Clausthal,Institute for Software and Systems Engineering,tech
Universität Lübeck,Institute of Systems Motor Science,med
Universität Hamburg,University of Hamburg - Faculty of Economics and Business Administration,sowi
Universitäres Kinderwunschzentrum Lübeck,Klinik für Kinder- und Jugendmedizin,med
Universität Rostock,Fac. of Medicine,med
Hamburg School of Business Administration,University of Hamburg - School of Business,sowi
CAU Kiel,Medical Faculty,med
Hamburg School of Business Administration,Faculty of Business Administration,sowi
Hamburg School of Business Administration,Business Administration Faculty,sowi
Berlin Institute of Health at Charité - Universitätsmedizin Berlin,Berlin Institute of Health at Charité – Universitätsmedizin Berlin (BIH),med
Universität Bremen,"Institute for Public Health and Nursing Research, Health Sciences",med
Kiel Institut für Weltwirtschaft,Kiel Institute of World Economics,sowi
Hamburg Institute of International Economics,Thuenen Institute of International Forestry and Forest Economics,sowi
Universitätsmedizin Greifswald,Deutsches Zentrum für Neurodegenerative Erkrankungen (DZNE),med
Universität Hamburg,Competence Centre for Epidemiology and Health Services Research for Healthcare Professionals (CVcare),med
Hamburg School of Business Administration,BSc Business Administration Class 2021,sowi
CAU Kiel,Institut für Geowissenschaften der Christian-Albrechts Universität zu Kiel,mint
Carl von Ossietzky Universität Oldenburg,School of Medicine and Health Sciences,med
Vienna University of Economics and Business,NA,sowi
Universität Lübeck,Department of Psychiatry and Psychotherapy Christian‐Albrecht University of,med
Universitätsmedizin Rostock,Institut für Biostatistik und Informatik in Medizin und Alternsforschung,med
Alfred-Wegener-Institut Helmholtz-Zentrum für Polar- und Meeresforschung,Department,mint
Universität Bremen,Graduate School of Public Health Department of Public Health Sciences,med
Universität Hamburg,Department of Sports and Exercise Medicine,med
Imperial College London,Department of Economics and CSERGE,sowi
Leibniz Institute for Prevention Research and Epidemiology - BIPS,Department of Clinical Epidemiology,med
Universität Hamburg,University Hospital Hamburg Eppendorf,med
Universität Lübeck,Changchun Discovery Sciences,med
Universität Lübeck,Chemistry and Metabolomics,med
Universität Bremen,Alfred-Wegener-Institut Helmholtz-Zentrum für Polar- und Meeresforschung (AWI),mint
Leibniz Institute for Baltic Sea Research,Institute for Marine Ecosystem and Fisheries Science,mint
Universität Bremen,School of Humanities and Social Sciences,sowi
University Medical Center,Christoph Lutter,med
Universitätsmedizin Greifswald,DZHK (German Centre for Cardiovascular Research),med
CAU Kiel,Institute for Experimental Medicine,med
Universität Lübeck,Institut für Radiologie,med
Ministry of Forests and Soil Conservation,Center for Earth Systems Research and Sustainability (CEN) and IWS-World Forestry,mint
Technische Universität Clausthal,Institute for Software and Systems Engineering at TU Clausthal,tech
Kiel Institut für Weltwirtschaft,JICA Research Institute,sowi
Universitätsmedizin Greifswald,Department of Neurosurgery,med
Universitätsmedizin Greifswald,Department of Ophthalmology,med
Universität Lübeck,Department of Civil Engineering,med
Universität Rostock,Institute for Biostatistics and Informatics in Medicine and Ageing Research,med
Universitätsmedizin Greifswald,Department Of Health Care Management,med
Universitätsmedizin Greifswald,Department of Health Care Management,med
University Medical Center,Department of Ophthalmology,med
Kenya Marine and Fisheries Research Institute,Institute for Marine Ecosystem and Fisheries Science,mint
Universität Lübeck,Institut of Systems Motor Science,med
Fourth Hospital of Hebei Medical University,NA,med
Universitätsmedizin Rostock,Hematology and Oncolgy,med
Leibniz Centre for Tropical Marine Research,Geocoastal Research Group,mint
Universität Greifswald,Department of Anesthesiology and Intensive Care Medicine,med
Universität Lübeck,Institute of Biomedical Optics,med
Universität Rostock,Institute of Geophysics &amp; Geomatics China University of Geosciences Wuhan China,mint
Universitätsmedizin Greifswald,Department of Neonatology and Pediatric Intensive Care,med
CAU Kiel,Experimental Medicine,med
Universität Bremen,MARUM - Geosciences,mint
Leibniz Institute for Prevention Research and Epidemiology - BIPS,Bremen Institute for Prevention Research and Social Medicine,med
Asia School of Business,NA,sowi
Universität Hamburg,Center for Earth Systems Research and Sustainability (CEN) and IWS-World Forestry,mint
University Cancer Center Hamburg,Eppendorf,med
Universität Hamburg,HanseMerkur Center for Traditional Chinese Medicine,med
Constructor University,Bremen International Graduate School of Social Sciences (BIGSSS),sowi
Universität Lübeck,Laboratory of Alcohol Research (HKS),med
Hamburg School of Business Administration,School of Business,sowi
Universität Lübeck,Graduate School of Computing in Medicine and Life Sciences,med
Universitätsmedizin Rostock,Abteilung für Tropenmedizin und Infektionskrankheiten,med
Medical University of Graz,Friedrich Loeffler Institute of Medical Microbiology,med
Universität Rostock,Institute of Clinical Chemistry and Laboratory Medicine,med
Friedrich-Loeffler-Institut,Friedrich Loeffler Institute of Medical Microbiology,med
CAU Kiel,Institut für Sicherheitspolitik an der Universität Kiel Kiel Germany,mint
Greifswald University Medicine,Medical Ethics and History,med
Hamburg Institute of International Economics,Chair Group of Forest and Nature Conservation Policy,sowi
Universitätsmedizin Rostock,Institut fur Allgemeinmedizin Universitatsmedizin Rostock,med
Universität Lübeck,Institute for the History of Medicine and Science Studies,med
"Institute of Earth Sciences, Academia Sinica",NA,mint
"Institute of Earth Sciences, Academia Sinica",Institute of Earth Sciences,mint
"Institute of Earth Sciences, Academia Sinica",Institute of Earth Sciences Academia Sinica Taipei Taiwan,mint
Marine Biodiversity Exploitation and Conservation,MARBEC - IRD/CNRS/IFREMER/Université de Montpellier,mint
CAU Kiel,Department of Medicine II,med
Seoul National University,Graduate School of Public Health,med
Universität Lübeck,Institute of Epidemiology,med
Universität Rostock,Institute for Medical Microbiology,med
Universität Lübeck,Applied Ecohydrology,med
Berufsgenossenschaft für Gesundheitsdienst und Wohlfahrtspflege,Competence Centre for Epidemiology and Health Services Research for Healthcare Professionals (CVcare),med
Australian Institute of Marine Science,School of Earth and Environment and ; Oceans Institute,mint
Universität Bremen,Institute of Earth Sciences,mint
GEOMAR,Federal Institute for Geosciences and Natural Resources (BGR),mint
GEOMAR,Faculty for Mathematics and Natural Sciences,mint
CAU Kiel,Institut für Infektionsmedizin Christian‐Albrechts‐Universität zu Kiel und Universitätsklinikum Schleswig Holstein Kiel Germany,med
Universitätsmedizin Rostock,Abteilung für Infektionskrankheiten und Tropenmedizin,med
Universität Lübeck,Department of Pneumology,med
Universität Lübeck,Department of Ophthalmology,med
GEOMAR,and Kiel,mint
Universität Lübeck,Department of Obstetrics and Gynaecology,med
Leibniz-Zentrum für Marine Tropenökologie,Biogeochemistry,mint
Chinese Academy of Medical Sciences & Peking Union Medical College,Chinese Academy of Medical Sciences and Peking Union Medical College,med
Universität Lübeck,University Eye Hospital Lübeck,med
CAU Kiel,A. M. Obukhov Institute of Atmospheric Physics RAS,mint
Universität Lübeck,Centre for Structural Systems Biology (CSSB),med
Kiel Institut für Weltwirtschaft,Peter Nunnenkamp,sowi
Kiel Institut für Weltwirtschaft,IFW,sowi
Kiel Institut für Weltwirtschaft,Senior Researcher,sowi
Kiel Institut für Weltwirtschaft,AidData,sowi
Kiel Institut für Weltwirtschaft,Giljae-gil,sowi
Hamburg School of Business Administration,DIW Berlin,sowi
Universität Lübeck,NA,med
Universität Lübeck,Anne Christin Rahn,med
Universität Lübeck,Kinderklinik,med
Universität Lübeck,Peter Nydahl,med
Universitätsmedizin Greifswald,Department of Microbiology and Immunology,med
Chinese Academy of Sciences,Key Laboratory of Marine Geology and Environment,mint
Lamont-Doherty Earth Observatory,NA,mint
Universität Lübeck,Institut für Humangenetik Universität zu Lübeck,med
Centre for Marine Socioecology,CMS),mint
Universität Lübeck,in Germany.,med
CAU Kiel,Institute of Geosciences Christian‐Albrechts University of Kiel Kiel Germany,mint
GEOMAR,Yunnan Institute of Microbiology,mint
Hamburg Institute of International Economics,Research Programme on International Climate,sowi
Universitätsmedizin Rostock,Universität Rostock,med
Universität Rostock,Department of Psychosomatic Medicine,med
BG Trauma Hospital of Hamburg,"Department of Sports and Rehabilitation Medicine,",med
Universitätsmedizin Greifswald,Unit of Periodontology,med
Staats- und Universitätsbibliothek Bremen,Centre for Marine Socioecology (CMS),mint
Kiel Institut für Weltwirtschaft,Kiel,sowi
GEOMAR,CAS Key Laboratory of Gas Hydrate,mint
GEOMAR,Faculty of Mathematics and Natural,mint
Hamburg School of Business Administration,HSBA,sowi
Alfred-Wegener-Institut Helmholtz-Zentrum für Polar- und Meeresforschung,AWI – Alfred Wegener Institute,mint
Universität Lübeck,Nursing Research,med
Universitätsmedizin Greifswald,University of Medicine Greifswald (Germany),med
Universitätsmedizin Rostock,Hämatologie,med
Seoul National University,Graduate School of Public Health Department of Public Health Sciences,med
Universitätsmedizin Greifswald,Department of General,med
National Taiwan Ocean University,Institute of Earth Sciences Academia Sinica Taipei Taiwan,mint
University of Oslo,Helmholtz Centre for Ocean Research Kiel (GEOMAR),mint
Kiel Institut für Weltwirtschaft,Peter Nunnenkamp is affiliated with,sowi
Kiel Institut für Weltwirtschaft,CESifo,sowi
Kiel Institut für Weltwirtschaft,CESIfo,sowi
Universität Lübeck,Experimental Trauma Surgery Department of Trauma Surgery and Orthopedics University Hospital Schleswig‐Holstein,med
A.M. Obukhov Institute of Atmospheric Physics,A. M. Obukhov Institute of Atmospheric Physics RAS,mint
"Institute of Legal Medicine, Rostock University Medical Center",NA,med
Universitätsmedizin Greifswald,Institute for Hygiene and Environmental Medicine,med
Universität Lübeck,Cluster of Excellence RESIST (EXC 2155),med
Universität Bremen,Key Laboratory of Marine Geology and Environment,mint
Chinese Academy of Medical Sciences & Peking Union Medical College,NA,med
Universität Rostock,Department of Nuclear Medicine,med
University of the Witwatersrand,School of Earth and Environment and Australian Institute of Marine Science; Oceans Institute,mint
Alfred-Wegener-Institut Helmholtz-Zentrum für Polar- und Meeresforschung,NA,mint
Alfred-Wegener-Institut Helmholtz-Zentrum für Polar- und Meeresforschung,AWI),mint
Ajman University,Center of Medical and Bio-Allied Health Sciences Research,med
Universität Lübeck,Department of Dermatology; University Hospital of Schleswig-Holstein; Kiel Germany,med
Universität Rostock,Department of Medical Microbiology & Hygiene,med
GEOMAR,Coordinatrice scientifique de projets de recherche internationaux,mint
Vrije Universiteit Amsterdam,Faculty of Earth and Life Sciences,mint
CAU Kiel,University of Kiel- Faculty of Economics and Social Sciences,sowi
Hamburg School of Business Administration,University of Hamburg - Faculty of Economics and Business Administration,sowi
Universität Lübeck,Universität zu Lübeck Königsstraße 42,med
Kenya Marine and Fisheries Research Institute,Faculty Biology and Chemistry,mint
Universität Lübeck,Lübeck Institute of Experimental Dermatology,med
Leibniz Centre for Tropical Marine Research,Faculty of Biology/Chemistry,mint
Leibniz Centre for Tropical Marine Research,Faculty Biology and Chemistry,mint
Universität Lübeck,Annu Aggarwal and Susanne A. Schneider contributed equally and are shared first authors for this article.,med
Universität Bremen,MARUM–Center for Marine and Environmental Sciences,mint
Universität Bremen,MARUM-Center for Marine and Environmental Sciences,mint
Universität Bremen,MARUM—Center for Marine and Environmental Sciences,mint
Japan Agency for Marine-Earth Science and Technology,NA,mint
University Medical Center Freiburg,Department of Ophthalmology,med
GEOMAR,AG Wallmann,mint
Leibniz Institute of Atmospheric Physics at the Rostock University,Institute of Geophysics &amp; Geomatics China University of Geosciences Wuhan China,mint
Alfred-Wegener-Institut Helmholtz-Zentrum für Polar- und Meeresforschung,Alfred-Wegener Institute,mint
German Center for Neurodegenerative Diseases,Department of Psychosomatic Medicine,med
MSH Medical School Hamburg,Faculty of Medicine,med
Tongji University,State Key Laboratory of Marine Geology,mint
Pacific International Center for High Technology Research,Leibniz‐Institut für Meereswissenschaften an der Universität zu Kiel (IFM‐GEOMAR),mint
Leibniz Centre for Tropical Marine Research,Centre for Marine Socioecology (CMS),mint
Senckenberg am Meer,German Centre for Marine Biodiversity Research,mint
Helmholtz Institute for Functional Marine Biodiversity,NA,mint
Sichuan University,Mental Health Centre,med
Universität Lübeck,German Center for Infection Research (DZIF) Hamburg–Lübeck– Borstel–Riems Site,med
CAU Kiel,Institute of Geosciences / AG Gottschalk,mint
Universität Lübeck,Department of Radiation Oncology,med
Universität Lübeck,Department of Surgery,med
Universitätsmedizin Greifswald,Department for Conservative Dentistry,med
Leibniz Institute for Prevention Research and Epidemiology - BIPS,Faculty of Human and Health Sciences,med
Universität Lübeck,Institute of Neurogenetics and Department of Neurology,med
Universität Lübeck,Center North (ARCN),med
Universität Lübeck,Department of Anesthesiology and Intensive Care Medicine,med
Tongji University,Laboratory of Marine Geology,mint
Universität Bremen,Alfred Wegener Institute for Polar and Marine Research Bremerhaven and Universität Bremen,mint
Infektionsmedizinisches Centrum Hamburg,Department of Medicine II,med
Universität Greifswald,aFriedrich Loeffler Institute of Medical Microbiology,med
Institut Polytechnique de Paris,Montimage//Telecom Sudparis),tech
GEOMAR,Department of Earth System Science,mint
Universität Lübeck,Institute of Clinical and Experimental Pharmacology,med
Universitätsmedizin Greifswald,Department of Pharmacology University Medicine Greifswald Greifswald Germany,med
Universität Rostock,Department of Medicine,med
Beijing Hospital of Traditional Chinese Medicine,Department of Psychosomatic Medicine,med
Universitätsmedizin Greifswald,Department of Anesthesiology and Intensive Care Medicine,med
Medizinisches Laserzentrum Lübeck (Germany),Medical Laser Center Luebeck,med
Vietnamese - German Center of Excellence in Medical Research,Institute of Medical Microbiology and Center for Infectious Diseases,med
University of Basel,Current address: GEOMAR Helmholtz Centre for Ocean Research Kiel,mint
University of London,Current address: GEOMAR Helmholtz Centre for Ocean Research Kiel,mint
CAU Kiel,Institut für Infektionsmedizin Christian‐Albrechts‐Universität zu Kiel und Universitätsklinikum Schleswig Holstein,med
Alfred-Wegener-Institut Helmholtz-Zentrum für Polar- und Meeresforschung,Alfred Wegener Institute Helmholtz Zentrum für Polar‐ und Meeresforschung,mint
Leibniz Centre for Tropical Marine Research,ZMT),mint
Universitätsklinikum Hamburg-Eppendorf,Institute of Developmental Neurophysiology,med
Medizinisches Laserzentrum Lübeck (Germany),Medical Laser Center Lübeck GmbH,med
Dalhousie University,Alfred Wegener Institute for Polar and Marine Science,mint
GEOMAR,FB1 - Ocean Circulation and Climate Dynamics,mint
Universitätsklinikum Schleswig-Holstein,Department of Psychiatry and Psychotherapy Christian‐Albrecht University of,med
Weifang Medical University,School of Public Health,med
Universität Lübeck,Department of Gynecology & Obstetrics,med
Universitätsmedizin Greifswald,"Poliklinik für zahnärztliche Prothetik, Alterszahnmedizin und Medizinische Werkstoffkunde",med
Universität Greifswald,Friedrich Loeffler Institute of Medical Microbiology,med
Hanoi Medical University,Department of Nuclear Medicine,med
Universitätsmedizin Greifswald,Institute of Clinical Chemistry and Laboratory Medicine,med
Xuzhou Medical College,Affiliated Hospital of,med
GEOMAR,e,mint
GEOMAR,Current address:,mint
GEOMAR,Dynafrax UG haftungsbeschränkt,mint
GEOMAR,ORTC,mint
Universitätsmedizin Greifswald,Neurology,med
CAU Kiel,GEOMAR Helmholz Centre for Ocean Research Kiel,mint
Friedrich-Loeffler-Institut,aFriedrich Loeffler Institute of Medical Microbiology,med
Universität Lübeck,Department of Obstetrics and Gynecology,med
Universität Lübeck,Institute for Epidemiology,med
University of Hawaii System,Leibniz‐Institut für Meereswissenschaften an der Universität zu Kiel (IFM‐GEOMAR),mint
University of Hawaiʻi at Mānoa,Leibniz‐Institut für Meereswissenschaften an der Universität zu Kiel (IFM‐GEOMAR),mint
Universitätsklinikum Schleswig-Holstein,Institut für Infektionsmedizin Christian‐Albrechts‐Universität zu Kiel und Universitätsklinikum Schleswig Holstein Kiel Germany,med
Universitätsklinikum Hamburg-Eppendorf,aPAPRSB Institute of Health Sciences,med
Universität Rostock,Clinic of Internal Medicine IV,med
Universität Lübeck,Department of Cardiology,med
Leibniz Institute for Neurobiology,Leibniz Institut für Meereswissenschaften IFM-GEOMAR,mint
CAU Kiel,GEOMAR Helmholtz Centre for Ocean Research Kiel and Kiel,mint
Institute of Oceanology,Key Laboratory of Marine Geology and Environment,mint
Sichuan University,Mental Health Center,med
GEOMAR,RD4,mint
Universität Rostock,Department of Tropical Medicine at the Bernhard Nocht Institute,med
Max Planck Institute for Plasma Physics - Greifswald,Edge and Divertor Physics,mint
Universitätsmedizin Greifswald,Dr.,med
Universitätsmedizin Greifswald,Gastroenterologie,med
Universitätsmedizin Greifswald,Bioinformatics,med
Universitätsmedizin Greifswald,Banerjee/Ling,med
Universitätsklinikum Hamburg-Eppendorf,Center for Behavioral Brain Sciences (CBBS),med
Universität Bremen,Department of Marine Geology Alfred‐Wegener‐Institut Helmholtz‐Zentrum für Polar‐ und Meeresforschung,mint
Chinese Academy of Social Sciences,GmbH & Co. KG Postfach 2040 D-72010 Tübingen,sowi
Universitätsklinikum Schleswig-Holstein,Institute of Neurogenetics and Department of Neurology,med
Universitätsklinikum Schleswig-Holstein,Department of Dermatology; University Hospital of Schleswig-Holstein; Kiel Germany,med
Universität Hamburg,Institute of Human Genetics University Medical Center Hamburg‐Eppendorf,med
GEOMAR,College of Oceanography,mint
GEOMAR,Kieler Wirkstoff-Zentrum am Leibniz-Institut für Meereswissenschaften,mint
Universität Lübeck,Department of Congenital Heart Disease and Pediatric Cardiology,med
CAU Kiel,GEOMAR Research Center for Marine Geosciences,mint
Universität Lübeck,Lübeck Institute for Experimental Dermatology (LIED),med
Universitätsklinikum Schleswig-Holstein,Department of Obstetrics and Gynaecology,med
Universität Lübeck,Department of Medical Molecular Biology,med
Universität Hamburg,University Medical Center Hamburg – Eppendorf,med
National Taiwan Ocean University,GEOMAR: Helmholtz Center for Ocean Research,mint
Universitätsklinikum Schleswig-Holstein,Department of Obstetrics and Gynecology,med
Arizona State University,GEOMAR Helmholtz Centre for Ocean Research Kiel; Kiel Germany,mint
Swiss Federal Institute of Aquatic Science and Technology,Leibniz-Institute of Marine Science IFM-GEOMAR,mint
Universität Hamburg,AGO & University Medical Center Hamburg-Eppendorf,med
Universität Bremen,MARUM ‐ Center for Marine Environmental Research Universität Bremen Bremen Germany,mint
Universität Lübeck,Institut für Infektionsmedizin Christian‐Albrechts‐Universität zu Kiel und Universitätsklinikum Schleswig Holstein Kiel Germany,med
Alfred-Wegener-Institut Helmholtz-Zentrum für Polar- und Meeresforschung,Department for Marine Geology,mint
Capital Medical University,Department of Psychosomatic Medicine,med
Vrije Universiteit Brussel,Marine Biology,mint
Peking Union Medical College Hospital,NA,med
Max Planck Institute for Plasma Physics - Greifswald,Max Planck Institute for Plasma Physics,mint
Universitätsklinikum Schleswig-Holstein,Department of Congenital Heart Disease and Pediatric Cardiology,med
University Medical Center Hamburg-Eppendorf (UKE),Institute of Human Genetics,med
Peking Union Medical College Hospital,Chinese Academy of Medical Sciences and Peking Union Medical College,med
GEOMAR,Research Division 4:  Dynamics of the Ocean Floor,mint
Universität Lübeck,Klinik für Chirurgie,med
Rostock University Medical Center,"Clinic III (Hematology, Oncology, Palliative Care)",med
Universität Lübeck,Department of Neurology Lübeck Germany,med
Universitätsklinikum Greifswald,Community Medicine,med
Universität Hamburg,AGO and University Medical Center Hamburg-Eppendorf,med
Weifang Medical University,Teaching and Research Section of Health Statistics,med
Leibniz Institute for Prevention Research and Epidemiology - BIPS,Research Group for Evidence-Based Public Health,med
Universität Lübeck,Department of Cardiovascular Surgery,med
Universitätsklinikum Hamburg-Eppendorf,Institute of Human Genetics,med
Universitätsklinikum Hamburg-Eppendorf,Center for Interdisciplinary Adiction Research (ZIS) University of  Hamburg,med
Chinese Academy of Medical Sciences & Peking Union Medical College,Department of Psychological Medicine,med
Universitätsklinikum Hamburg-Eppendorf,School of Public Health,med
Universität Lübeck,University Clinic Schleswig‐Holstein – Campus Kiel,med
Universität Lübeck,University Hospital Schleswig‐Holstein Campus Kiel,med
Institut de Recherche pour le Développement,GEOMAR—Helmholtz Center for Ocean Research,mint
Universität Lübeck,Comprehensive Centre for Inflammation Medicine,med
Universitätsmedizin Greifswald,Center of Medical and Bio-Allied Health Sciences Research,med
Centre National de la Recherche Scientifique,GEOMAR Helmholtz-Centre for Ocean Research Kiel,mint
Universität Lübeck,Klinik für Kinder- und Jugendmedizin,med
Klinikum Südstadt Rostock,Clinic of Internal Medicine IV,med
Universität Lübeck,Division of Clinical and Molecular Allergology,med
Universität Lübeck,Medical Systems Biology Division,med
Universitätsklinikum Hamburg-Eppendorf Zentrum für Molekulare Neurobiologie Hamburg,Research Group Development und Maintenance of the Nervous System (Dr. Edgar Kramer),med
Hamburg Institute of International Economics,Research Programme on International Climate Policy,sowi
Universitätsklinikum Schleswig-Holstein,Department of Gynecology & Obstetrics,med
Universität Lübeck,Department of Neuroscience and Brain Health,med
Universitätsklinikum Schleswig-Holstein,Department of Radiation Oncology,med
Universität Lübeck,Department of Radiology and Neuroradiology,med
Université de Montpellier,GEOMAR—Helmholtz Center for Ocean Research,mint
Universität Bremen,Alfred Wegener Institute – Helmholz Centre for Polar and Marine Research (AWI),mint
Ifremer,GEOMAR—Helmholtz Center for Ocean Research,mint
Universitätsklinikum Schleswig-Holstein,Institut für Infektionsmedizin Christian‐Albrechts‐Universität zu Kiel und Universitätsklinikum Schleswig Holstein,med
Universität Lübeck,Klinik für Chirurgie und Deutsches NET-Register,med
Instituto Español de Oceanografía,Helmholtz Centre for Ocean Research Kiel (GEOMAR),mint
Progress-Institut für Wirtschaftsforschung,GEOMAR Helmholtz Center for Ocean Research Kiel,mint
Universität Hamburg,HanseMerkur Center for Traditional Chinese Medicine at the University Medical Center,med
Helmholtz Institute for Functional Marine Biodiversity,Alfred-Wegener Institute,mint
Peking Union Medical College Hospital,Department of Psychological Medicine,med
Hamburg Institute of International Economics,Research Programme International Climate Policy,sowi
Max Planck Institute for Plasma Physics - Greifswald,Max-Planck-Institut für Plasmaphysik Teilinstitut Greifswald,mint
Universitätsklinikum Schleswig-Holstein,Department of Surgery,med
Centre National de la Recherche Scientifique,GEOMAR—Helmholtz Center for Ocean Research,mint
Universitätsklinikum Schleswig-Holstein,Department of Radiology and Neuroradiology,med
Bernhard Nocht Institute for Tropical Medicine,Department of Tropical Medicine at the Bernhard Nocht Institute,med
GEOMAR,Leibniz Institute of Marine Sciences at the University of Kiel (IFM-GEOMAR),mint
Universitätsklinikum Hamburg-Eppendorf,Institute of Experimental and Clinical Pharmacology and Toxicology,med
Universitätsmedizin Greifswald,Institute für Community Medicine,med
Universitätsklinikum Schleswig-Holstein,Department of Cardiovascular Surgery,med
Universitätsklinikum Schleswig-Holstein,Institute of Epidemiology,med
Universität Rostock,Clinic for Internal Medicine III,med
GEOMAR,Helmholtz Metadata Collaboration,mint
Universitätsklinikum Schleswig-Holstein,Department of Gynecological Endocrinology and Reproductive Medicine,med
University Hospital Leipzig,st Department of Medicine (Hematology and Medical Oncology),med
Universitätsklinikum Schleswig-Holstein,Institute of Clinical and Experimental Pharmacology,med
Institut de Recherche pour le Développement,GEOMAR Helmholtz-Centre for Ocean Research Kiel,mint
Alfred-Wegener-Institut Helmholtz-Zentrum für Polar- und Meeresforschung,MARUM—Center for Marine Environmental Sciences and Faculty of Geosciences,mint
Universitätsklinikum Hamburg-Eppendorf,Department of Tumor Biology,med
Universität Lübeck,Institute of Medical Informatics,med
Universitätsmedizin Greifswald,"Center for Orthopedics, Trauma Surgery and Rehabilitation Medicine",med
West China Hospital of Sichuan University,Mental Health Centre,med
GEOMAR,Leibniz Institute of Marine Sciences at University of Kiel (IFM-GEOMAR) Kiel Germany,mint
Universität Bremen,MARUM – Centre for Marine Environmental,mint
Universitätsklinikum Hamburg-Eppendorf Zentrum für Molekulare Neurobiologie Hamburg,Research Group Neuronal Development (Dr. Froylan Calderon de Anda),med
University Cancer Center Hamburg,st Department of Medicine (Hematology and Medical Oncology),med
Marine Biodiversity Exploitation and Conservation,GEOMAR—Helmholtz Center for Ocean Research,mint
Max Planck Institute for Plasma Physics - Greifswald,Max-Planck-Institut für Plasmaphysik,mint
Universität Lübeck,Department of Gynecological Endocrinology and Reproductive Medicine,med
Universitätsklinikum Schleswig-Holstein,Department of Anaesthesiology and Operrative Intensive Care Medicine,med
Universitätsklinikum Hamburg-Eppendorf,Neuronal Patterning and Connectivity,med
Universitätsklinikum Hamburg-Eppendorf,AGO and,med
Universitätsklinikum Hamburg-Eppendorf,Endokrinologie und Diabetologie,med
Universitätsklinikum Hamburg-Eppendorf,Anesthesiology,med
Universitätsklinikum Hamburg-Eppendorf,Zentrum für Innere Medizin und Zentrum für Operative Medizin,med
Universitätsklinikum Hamburg-Eppendorf,Oncology,med
Universität Lübeck,Department of Nuclear Medicine,med
Universitätsklinikum Hamburg-Eppendorf,Institute for Applied Medical Informatics,med
Universitätsklinikum Schleswig-Holstein,Department of Anesthesiology and Intensive Care Medicine,med
Centre for Mental Health,Wuhan Mental Health Centre,med
Universität Lübeck,Department of Anaesthesiology and Operrative Intensive Care Medicine,med
Bernhard Nocht Institute for Tropical Medicine,NA,med
Bernhard Nocht Institute for Tropical Medicine,BNITM),med
Bernhard Nocht Institute for Tropical Medicine,Implementation Research,med
Universität Lübeck,Institut für Infektionsmedizin Christian‐Albrechts‐Universität zu Kiel und Universitätsklinikum Schleswig Holstein,med
Universitätsklinikum Schleswig-Holstein,Institute for Epidemiology,med
West China Hospital of Sichuan University,Mental Health Center,med
Universitätsklinikum Hamburg-Eppendorf,AGO &,med
Universitätsmedizin Greifswald,Friedrich Loeffler Institute of Medical Microbiology,med
Oregon State University,Leibniz‐Institute of Marine Sciences IFM‐GEOMAR Kiel Germany,mint
German Center for Infection Research,Bernhard Nocht Institute for Tropical Medicine (BNITM),med
GEOMAR,"Biotech, Marine Ecology, Natural Product Chemistry",mint
Carl von Ossietzky Universität Oldenburg,Research Group for Marine Geochemistry (MPI-ICBM Bridging,mint
Sorbonne Université,GEOMAR Helmholtz-Centre for Ocean Research Kiel,mint
Universitätsklinikum Hamburg-Eppendorf,University Children’s Research,med
A.M. Obukhov Institute of Atmospheric Physics,Leibniz Institute of Marine Sciences at University of Kiel (IFM-GEOMAR) Kiel Germany,mint
Universität Lübeck,University Medical Center Schleswig-Holstein,med
Universitätsklinikum Schleswig-Holstein,University Eye Hospital Lübeck,med
Universität Lübeck,Institute of Medical Microbiology and Center for Infectious Diseases,med
Universitätsmedizin Greifswald,Medical Informatics Institute for Community Health University Medicine Greifswald Greifswald Germany,med
GEOMAR,Helmholtz Centre for Ocean Research GEOMAR,mint
GEOMAR,RBS)Leibniz-Institute of Marine Sciences (IFM-GEOMAR),mint
GEOMAR,Leibniz-Institute of Marine Science IFM-GEOMAR,mint
Laboratoire d'Océanographie et du Climat : Expérimentations et Approches Numériques,GEOMAR Helmholtz-Centre for Ocean Research Kiel,mint
Laboratoire d'Océanographie et du Climat : Expérimentations et Approches Numériques,Laboratoire d'Oceanographie et du Climat Experimentations et Approches Numeriques Mojib Latif GEOMAR: Helmholtz-Zentrum fur Ozeanforschung Kiel,mint
Universitätsklinikum Hamburg-Eppendorf,Centre for Biomolecular Interactions,med
Universitätsklinikum Schleswig-Holstein,University Clinic Schleswig‐Holstein – Campus Kiel,med
Universität Bremen,MARUM‐Center for Marine Environmental Sciences,mint
Universitätsklinikum Schleswig-Holstein,Institute for Immunology,med
Universitätsklinikum Hamburg-Eppendorf,University Hospital Eppendorf,med
Universitätsklinikum Hamburg-Eppendorf,Department of Urology,med
Universitätsklinikum Hamburg-Eppendorf,Department of Andrology,med
Universitätsklinikum Hamburg-Eppendorf,Department of Paediatrics,med
Universitätsklinikum Hamburg-Eppendorf,"Centre for Internal Medicine, Institute for Infection Research and Vaccine Development (IIRVD); Prof. Dr. Marylyn M. Addo",med
Universitätsklinikum Schleswig-Holstein Campus Kiel Klinik für Gynäkologie und Geburtshilfe,Obstetrics and Gynaecology,med
GEOMAR,Laboratoire d'Oceanographie et du Climat Experimentations et Approches Numeriques Mojib Latif GEOMAR: Helmholtz-Zentrum fur Ozeanforschung Kiel,mint
Universität Lübeck,Universitatsklinikum Schleswig-Holstein,med
Alfred-Wegener-Institut Helmholtz-Zentrum für Polar- und Meeresforschung,Alfred Wegener Institute for Polar and Marine Research Bremerhaven and Universität Bremen,mint
Universitätsklinikum Hamburg-Eppendorf,Laboratory for Research and Diagnostics,med
Universitätsklinikum Hamburg-Eppendorf Zentrum für Experimentelle Medizin,"The Center for Experimental Medicine,",med
Universität Lübeck,Universitätsklinikum Schleswig-Holstein-Campus Lübeck,med
Universitätsklinikum Hamburg-Eppendorf,Institut für Humangenetik,med
Universitätsklinikum Hamburg-Eppendorf,Division of Nephrology and Hypertension,med
Alfred-Wegener-Institut Helmholtz-Zentrum für Polar- und Meeresforschung,Alfred Wegener Institute for Polar and Marine Science,mint
Universitätsklinikum Hamburg-Eppendorf,Arbeitsgruppe Trauma- und Stressforschung,med
Universitätsklinikum Hamburg-Eppendorf,Agong Lupat and Johannes Hengelbrock are joint first authors.,med
GEOMAR,Marine Microbiology,mint
Universitätsklinikum Hamburg-Eppendorf,Institute of Human Genetics University Medical Center Hamburg‐Eppendorf,med
GEOMAR,Leibniz‐Institute of Marine Sciences IFM‐GEOMAR Kiel Germany,mint
GEOMAR,GEOMAR: Helmholtz Center for Ocean Research,mint
GEOMAR,GEOMAR—Helmholtz Center for Ocean Research,mint
Universität Lübeck,Klinik für Dermatologie Venerologie und Allergologie Universitätsklinikum Schleswig‐Holstein Campus Kiel,med
Universitätsklinikum Hamburg-Eppendorf,Center for Interdisciplinary Addiction Research (ZIS),med
Universitätsklinikum Hamburg-Eppendorf,Division of Pediatric Stem Cell Transplantation,med
GEOMAR,Leibniz-Institut für Meereswissenschaften IFM-GEOMAR,mint
Universitätsklinikum Schleswig-Holstein,Institute of Medical Microbiology and Center for Infectious Diseases,med
Universitätsklinikum Hamburg-Eppendorf,Pediatric Hematology and Oncology,med
GEOMAR,IFM‐GEOMAR) Leibniz Institute of Marine Sciences Kiel Germany,mint
Universitätsklinikum Hamburg-Eppendorf,Centre,med
Universitätsklinikum Schleswig-Holstein,Nursing Research,med
Universität Hamburg,HanseMerkur Center for Traditional Chinese Medicine at the University Medical Center Hamburg-Eppendorf,med
Universitätsklinikum Hamburg-Eppendorf,Department for Endocrinology and Diabetology,med
Universitätsklinikum Hamburg-Eppendorf,Division of Paediatric Stem Cell Transplantation and Immunology,med
Universitätsklinikum Hamburg-Eppendorf,University Children’s Hospital,med
Universitätsklinikum Hamburg-Eppendorf,Competence Centre for Epidemiology and Health Services Research for Healthcare Professionals (CVcare),med
Universitätsklinikum Hamburg-Eppendorf,Neuronal Translational Control Group,med
Universitätsklinikum Hamburg-Eppendorf,HanseMerkur Center for Traditional Chinese Medicine at the,med
Carl von Ossietzky Universität Oldenburg,c Institute for Chemistry and Biology of the Marine Environment,mint
Alfred-Wegener-Institut Helmholtz-Zentrum für Polar- und Meeresforschung,Alfred-Wegner-Institute - Helmholtz Centre for Polar and Marine Research,mint
Universitätsklinikum Schleswig-Holstein,Experimental Trauma Surgery Department of Trauma Surgery and Orthopedics University Hospital Schleswig‐Holstein,med
Universitätsklinikum Hamburg-Eppendorf,Clinic for Endocrinology,med
Universitätsklinikum Schleswig-Holstein,Comprehensive Centre for Inflammation Medicine,med
Universitätsklinikum Hamburg-Eppendorf,HanseMerkur Center for Traditional Chinese Medicine,med
Alfred-Wegener-Institut Helmholtz-Zentrum für Polar- und Meeresforschung,Alfred Wegener Institute for Polar and Marine Research Bremerhaven Germany,mint
GEOMAR,GEOMAR -Helmholtz Zentrum für Ozeanforschung,mint
Universität Lübeck,Klinik für Dermatologie Venerologie und Allergologie Universitätsklinikum Schleswig‐Holstein,med
Universität Lübeck,Klinik für Dermatologie Allergologie und Venerologie Universitätsklinikum Schleswig‐Holstein,med
Universitätsklinikum Schleswig-Holstein,University Hospital Schleswig‐Holstein Campus Kiel,med
Universitätsklinikum Hamburg-Eppendorf,University Medical Center Hemburg-Eppendorf,med
Universitätsklinikum Schleswig-Holstein,Institute for experimental medicine,med
Universitätsklinikum Schleswig-Holstein,Klinik für Dermatologie Venerologie und Allergologie Universitätsklinikum Schleswig‐Holstein Campus Kiel,med
Universitätsklinikum Schleswig-Holstein,Universitätsklinikum Schleswig-Holstein-Campus Lübeck,med
Universitätsklinikum Hamburg-Eppendorf,HanseMerkur Center for Traditional Chinese Medicine at the University Medical Center,med
Universitätsklinikum Hamburg-Eppendorf,Department of Cell and Gene Therapy,med
Universitätsklinikum Hamburg-Eppendorf,Martini-Klinik Prostate Cancer Center,med
GEOMAR,GEOMAR–Helmholtz Centre for Ocean Research Kiel,mint
Universitätsklinikum Schleswig-Holstein,NA,med
Universitätsklinikum Schleswig-Holstein,Universitatsklinikum Schleswig-Holstein,med
Universitätsklinikum Schleswig-Holstein,Kinderklinik,med
Universitätsklinikum Schleswig-Holstein,Peter Nydahl,med
Universitätsklinikum Schleswig-Holstein,Klinik für Kinder- und Jugendmedizin,med
Alfred-Wegener-Institut Helmholtz-Zentrum für Polar- und Meeresforschung,Alfred Wegener Institute – Helmholz Centre for Polar and Marine Research (AWI),mint
GEOMAR,Geomar: Helmholtz Centre for Ocean Research,mint
Universitätsklinikum Schleswig-Holstein,Klinik für Chirurgie und Deutsches NET-Register,med
Universitätsklinikum Hamburg-Eppendorf,University Medical Center Hamburg – Eppendorf,med
Universitätsklinikum Hamburg-Eppendorf,Department of Anatomy and Histology,med
Universitätsklinikum Hamburg-Eppendorf,Department of Endocrinology and Diabetology,med
Universitätsklinikum Hamburg-Eppendorf,Department of Cardiology,med
Universitätsklinikum Schleswig-Holstein,Klinik für Chirurgie,med
Universitätsklinikum Hamburg-Eppendorf,Department of General Surgery,med
Universitätsklinikum Hamburg-Eppendorf,Department of Psychiatry and Psychotherapy,med
Universitätsklinikum Hamburg-Eppendorf,Department of General,med
Universitätsklinikum Hamburg-Eppendorf,Department of Biomedicine,med
Universitätsklinikum Hamburg-Eppendorf,Department of Prosthetic Dentistry,med
Universitätsklinikum Hamburg-Eppendorf,Department of Stem Cell Transplantation,med
Universitätsklinikum Schleswig-Holstein,Klinik für Dermatologie Venerologie und Allergologie Universitätsklinikum Schleswig‐Holstein,med
Universitätsklinikum Schleswig-Holstein,Klinik für Dermatologie Allergologie und Venerologie Universitätsklinikum Schleswig‐Holstein,med
Universitätsklinikum Hamburg-Eppendorf,Department of Psychiatry,med
Universitätsklinikum Hamburg-Eppendorf,Department of Primary Medical Care,med
Alfred-Wegener-Institute,IPCC WGII Technical Support Unit,tech
Applied University Fresenius Hamburg,NA,tech
Beiersdorf AG,Supply Chain & Supply Chain Controlling,tech
Bernhard Nocht Institute for Tropical Medicine,Medical Department,med
Bernhard Nocht Institute for Tropical Medicine,Medicine,med
Bernhard-Nocht-Institut für Tropenmedizin,Department of Clinical Immunology of Infectious Diseases,med
Bernhard-Nocht-Institut für Tropenmedizin,Department of Virology,med
Bernhard-Nocht-Institut für Tropenmedizin,Infectious Disease Epidemiology,med
Bethesda Hospital Bergedorf,Clinic for Psychiatry and Psychotherapy,med
Bremen Institute for Prevention Research and Social Medicine (BIPS),NA,med
Bremen International Graduate School of Social Sciences,NA,sowi
Bremen International Graduate School of Social Sciences (BIGSSS),NA,sowi
Bundesforschungsanstalt für Forst- und Holzwirtschaft,Institut für Holzphysik und mechanische Technologie des Holzes,mint
C.L. Science Consult,NA,mint
CAU Kiel,A&F Marketing – Consumer Psychology,mint
CAU Kiel,"Animal Hygiene & health, Food microbiology",agrar
CAU Kiel,Archaeological Stable Isotope Laboratory,mint
CAU Kiel,Biology,mint
CAU Kiel,Center for Ocean and Society,mint
CAU Kiel,China Centre,phil
CAU Kiel,Christian Albrechts-University of Kiel - Department of Soil and Plant Microbiome,agrar
CAU Kiel,Christian-Albrechts-Universitat zu Kiel (IfG),sowi
CAU Kiel,Clinical Molecular Biology,med
CAU Kiel,"Cluster of Excellence ""The Future Ocean""",mint
CAU Kiel,Co-Chief Scientist Institute of Geosciences Christian-Albrechts Universität zu Kiel Ludewig-Meyn-Strasse 10-14 D-24118 Kiel Germany,mint
CAU Kiel,Coastal Geology and Sedimentology,mint
CAU Kiel,Coastal Risks and Sea-Level Rise Research Group,mint
CAU Kiel,Collaborative Research Center ’Scales of Transformation – Human-Environmental Interaction in Prehistoric and Archaic Societies’,phil
CAU Kiel,"Collaborative Research Centre 1266 ""Scales of Transformation",phil
CAU Kiel,Collaborative Research Centre 1266 'Scales of Transformation in Prehistoric and Archaic Societies',phil
CAU Kiel,Dep. of Hydrology and Water Resources Management; Institute for Natural Resource Conservation,agrar
CAU Kiel,Department for Geography,phil
CAU Kiel,Department for Internal Medicine I,med
CAU Kiel,Department for Philosophy and Environmental Ethics,phil
CAU Kiel,Department of Agricultural Economics,agrar
CAU Kiel,Department of Animal Health and Animal Hygiene,agrar
CAU Kiel,Department of Animal Nutrition and Feed Science/Organic Agriculture,agrar
CAU Kiel,Department of Biogeochemistry and Geology,mint
CAU Kiel,Department of Biogeochemistry/Geology,mint
CAU Kiel,Department of Biology,mint
CAU Kiel,Department of Crop Science and Plant Breeding,agrar
CAU Kiel,Department of Dermatology,med
CAU Kiel,Department of Economics,sowi
CAU Kiel,Department of General Internal Medicine,med
CAU Kiel,Department of General Linguistics,phil
CAU Kiel,Department of General and Thoracic Surgery,mint
CAU Kiel,Department of Geography,phil
CAU Kiel,Department of Geology,mint
CAU Kiel,Department of Geosciences,tech
CAU Kiel,Department of Hydrology and Water Management,agrar
CAU Kiel,Department of Hydrology and Water Resources Management,agrar
CAU Kiel,Department of Hydrology and Water Resources Management Christian‐Albrechts‐Universität zu Kiel Kiel Germany,agrar
CAU Kiel,Department of Hydrology and Water Resources Management Christian‐Albrechts‐Unversität Kiel,agrar
CAU Kiel,Department of Hydrology and Water Resources Management Institute for Natural Resource Conservation Christian‐Albrechts‐Universität zu Kiel,agrar
CAU Kiel,Department of Hydrology and Water Resources and Management,agrar
CAU Kiel,Department of Internal Medicine,med
CAU Kiel,Department of Landscape Ecology,agrar
CAU Kiel,Department of Marketing,phil
CAU Kiel,Department of Medicine,med
CAU Kiel,Department of Neurology,med
CAU Kiel,Department of Neurology University Medical Center Schleswig‐Holstein,med
CAU Kiel,Department of Neurology Universitätsklinikum Schleswig‐Holstein Christian‐Albrechts University Kiel Germany,med
CAU Kiel,Department of Pathology,med
CAU Kiel,Department of Pharmaceutical Biology,med
CAU Kiel,Department of Philosophy,phil
CAU Kiel,Department of Political Science,sowi
CAU Kiel,Department of Psychology,med
CAU Kiel,Department of Research on Teaching and Teacher Education,phil
CAU Kiel,Department of Soil and Plant Microbiome,med
CAU Kiel,Division of Endocrinology,med
CAU Kiel,Division of Ocean Circulation and Climate Dynamics,mint
CAU Kiel,Ecology Center of the Christian-Albrechts-University,mint
CAU Kiel,Ecology Centre,mint
CAU Kiel,English Seminar,phil
CAU Kiel,Evolutionary Ecology & Genetics,agrar
CAU Kiel,Evolutionary Ecology and Genetics Reasearch Group,mint
CAU Kiel,"Excellence Cluster ""The Future Ocean""",mint
CAU Kiel,Faculty of Agricultural and Nutritional Sciences,agrar
CAU Kiel,Faculty of Arts and Humanities,phil
CAU Kiel,Faculty of Business Administration,sowi
CAU Kiel,Faculty of Mathematics & Natural Science,mint
CAU Kiel,Faculty of Mathematics and Natural Sciences,mint
CAU Kiel,Faculty of Medicine,med
CAU Kiel,Faculty pf Mathematics & Natural Science,mint
CAU Kiel,Functional Morphology & Biomechanics,mint
CAU Kiel,Functional Nanomaterials Chair,tech
CAU Kiel,GEOMAR,mint
CAU Kiel,GEOMAR‐Research Centre for Marine Geosciences Wischhofstrasse 1–3,mint
CAU Kiel,Geologisches und Mineralogisches Museum,mint
CAU Kiel,Grass Forage Science/Organic Agriculture,mint
CAU Kiel,Grass and Forage Science/Organic Agriculture,mint
CAU Kiel,Helmholtz Centre for Ocean Research,mint
CAU Kiel,Helmholtz Centre for Ocean Research at,mint
CAU Kiel,Human Geography,sowi
CAU Kiel,IFM?GEOMAR,mint
CAU Kiel,IFM‐GEOMAR,mint
CAU Kiel,Insitut für Meereskunde an der Universitat Kiel,mint
CAU Kiel,Institut Für Geowissenschaften,mint
CAU Kiel,Institut Für Meereskunde an Der Universität Kiel,mint
CAU Kiel,Institut fu ¨r Meereskunde an der Universita ¨t Kiel,mint
CAU Kiel,Institut für Geowissenschaften,mint
CAU Kiel,Institut für Medizinische Informatik und Statistik,med
CAU Kiel,Institut für Allgemeine Mikrobiologie,mint
CAU Kiel,Institut für Geowissenschaften Christian‐Albrechts Universität zu Kiel,mint
CAU Kiel,Institut für Geowissenschaften Christian‐Albrechts‐Universität Kiel 24118 Kiel Germany,mint
CAU Kiel,Institut für Geowissenschaften Christian‐Albrechts‐Universität zu Kiel,mint
CAU Kiel,Institut für Geowissenschaften University of Kiel,mint
CAU Kiel,Institut für Geowissenschaften Universität Kiel,mint
CAU Kiel,Institut für Geowissenschaften Universität Kiel Germany,mint
CAU Kiel,Institut für Geowissenschaften and SFB 574,mint
CAU Kiel,Institut für Geowissenschaften der Universität Kiel,mint
CAU Kiel,Institut für Gesellschaftswissenschaften und ihre Didaktiken,sowi
CAU Kiel,Institut für Medizinische Informatik und Statistik,med
CAU Kiel,Institut für Pädagogik,phil
CAU Kiel,"Institut für Skandinavistik, Frisistik und Allgemeine Sprachwissenschaft",phil
CAU Kiel,Institut für Sozialwissenschaften,sowi
CAU Kiel,Institut für Sozialwissenschften,sowi
CAU Kiel,Institut für Soziologie,sowi
CAU Kiel,Institut für Ur- und Frühgeschichte,phil
CAU Kiel,Institute for Art History,phil
CAU Kiel,Institute for Clinical Molecular Biology,med
CAU Kiel,Institute for Computer Science,tech
CAU Kiel,Institute for Crop Science and Plant Breeding – Grass and Forage Science/Organic Agriculture Christian‐Albrechts‐Universität Kiel Germany,agrar
CAU Kiel,Institute for Ecosystem Research,mint
CAU Kiel,Institute for Experimental Cancer Research,med
CAU Kiel,Institute for Experimental and Applied Physics,mint
CAU Kiel,Institute for Geology,mint
CAU Kiel,Institute for International Law,jura
CAU Kiel,Institute for Natural Resource Conservation,tech
CAU Kiel,Institute for Pathology,med
CAU Kiel,Institute for Pedagogy,phil
CAU Kiel,Institute for Polar Ecology,agrar
CAU Kiel,Institute for Political Science,sowi
CAU Kiel,Institute for Pre- and Protohistoric Archaeology,phil
CAU Kiel,Institute for Prehistoric and Protohistoric Archaeology,phil
CAU Kiel,Institute for Psychology of Learning and Instruction,med
CAU Kiel,Institute for Responsible Innovation,sowi
CAU Kiel,"Institute for Scandinavian Studies, Frisian Studies and General Linguistics",phil
CAU Kiel,Institute for Social sciences and their didactics,sowi
CAU Kiel,Institute for Sociology,sowi
CAU Kiel,Institute of Animal Nutrition & Physiology,mint
CAU Kiel,Institute of Animal Nutrition and Physiology,agrar
CAU Kiel,Institute of Biology Education,phil
CAU Kiel,Institute of Clinical Molecular Biology,med
CAU Kiel,Institute of Crop Sciences and Plant Breeding,agrar
CAU Kiel,Institute of East European Law,jura
CAU Kiel,Institute of Ecosystem Research,mint
CAU Kiel,Institute of Experimental Medicine,med
CAU Kiel,Institute of Experimental and Applied Physics,mint
CAU Kiel,Institute of Experimental and Clinical Pharmacology,med
CAU Kiel,Institute of General Microbiology,mint
CAU Kiel,Institute of Geography,phil
CAU Kiel,Institute of Geoscience,mint
CAU Kiel,Institute of Geosciences,mint
CAU Kiel,Institute of Geosciences & Informatics,mint
CAU Kiel,Institute of Geosciences - Department of Sedimentology,mint
CAU Kiel,Institute of Geosciences Christian Albrechts University,mint
CAU Kiel,Institute of Geosciences Christian‐Albrechts University,mint
CAU Kiel,Institute of Geosciences Christian‐Albrechts‐University,mint
CAU Kiel,Institute of Geosciences Christian‐Albrechts‐Universität zu Kiel,mint
CAU Kiel,Institute of Geosciences Sedimentology,mint
CAU Kiel,Institute of Geosciences — Sedimentology,mint
CAU Kiel,Institute of Geosciences; Christian-Albrechts Universität zu Kiel; Kiel Germany,mint
CAU Kiel,Institute of Geosciences; Christian-Albrechts-Universität; Kiel Germany,mint
CAU Kiel,Institute of Geosciences; University of Kiel; Kiel Germany.,mint
CAU Kiel,Institute of Immunology,med
CAU Kiel,Institute of Medical Informatics and Statistics,med
CAU Kiel,Institute of Microbiology,mint
CAU Kiel,Institute of Natural Resource Conservation,mint
CAU Kiel,Institute of Pathology,med
CAU Kiel,Institute of Physiology,med
CAU Kiel,Institute of Plant Nutrition,agrar
CAU Kiel,Institute of Plant Nutrition and Soil Science Christian‐Albrechts‐Univ. zu Kiel Hermann‐Rodewald‐Str.2 D‐24118 Kiel Germany,agrar
CAU Kiel,Institute of Prehistoric and Protohistoric Archaeology,phil
CAU Kiel,Institute of Social Sciences,sowi
CAU Kiel,Integrated School of Ocean Sciences,mint
CAU Kiel,Internal Medicine II,med
CAU Kiel,Laboratory for Radiometric Dating and Stable Isotope Research,mint
CAU Kiel,Landscape ecology,mint
CAU Kiel,Leibniz Institut für Meereswissenschaften an der Universität Kiel Kiel Germany,mint
CAU Kiel,Leibniz Institute for Marine Sciences,mint
CAU Kiel,Leibniz Institute of Marine Sciences,mint
CAU Kiel,Leibniz Laboratory for Radiometric Dating and Stable Isotope Research,tech
CAU Kiel,Leibniz Laboratory for Radiometric Dating and Stable Isotope Research Christian‐Albrechts University Kiel Germany,tech
CAU Kiel,Leibniz-Laboratory for Radiometric Dating and Isotope Research,tech
CAU Kiel,Leibniz-Laboratory for Radiometric Dating and Stable Isotope Research,tech
CAU Kiel,Leibniz‐Institut für Meereswissenschaften an der Universität Kiel,mint
CAU Kiel,Leibniz‐Laboratory for Radiometric Dating and Isotope Research Christian‐Albrechts Universität zu Kiel Kiel Germany,mint
CAU Kiel,Linguistics and Phonetics,phil
CAU Kiel,Marine Biogeochemie Leibniz-Institut für Meereswissenschaften an der Universität Kiel Kiel Germany,mint
CAU Kiel,Marine Geophysics and Hydroacustics,mint
CAU Kiel,Marine Micropaleontology,mint
CAU Kiel,Marine Science,mint
CAU Kiel,Medical Informatics and Statistics,med
CAU Kiel,Medical Systems Biology,med
CAU Kiel,Medical Systems Biology Research Group,med
CAU Kiel,Medicine,med
CAU Kiel,Meereskunde an der Universität Kiel,mint
CAU Kiel,Microbiology,mint
CAU Kiel,N##TAB##TAB##TAB##TAB#5 Institut für Geowissenschaften,mint
CAU Kiel,POPGEN Biobank Project,med
CAU Kiel,Pharmaceutical Biology,med
CAU Kiel,Pharmazeutisches Institut,med
CAU Kiel,Philosophisches Seminar,phil
CAU Kiel,Plant Breeding,agrar
CAU Kiel,Plant Breeding Institute,agrar
CAU Kiel,Popgen Biobank,med
CAU Kiel,Power Electronics Chair,tech
CAU Kiel,Remote Sensing & Environmental Modelling,mint
CAU Kiel,SFB 95,mint
CAU Kiel,Section of Evolutionary Medicine,med
CAU Kiel,Systematic Proteome Research &amp; Bioanalytics Institute for Experimental Medicine,med
CAU Kiel,Teaching and Teacher Education,phil
CAU Kiel,Unit for Hematological Diagnostics,med
CAU Kiel,Universitat Kiel Institut fûr Geowissenschaften Kiel Germany,mint
CAU Kiel,Universitätsbibliothek,phil
CAU Kiel,Walther Schücking Institute for International Law,jura
CAU Kiel,Zoological Institute,mint
CAU Kiel,Zoological Museum,mint
CAU Kiel,Zoologisches Museum der Christian-Albrechts Universität Kiel,mint
Carl von Ossietzky Universitat Oldenburg Institut für Sozialwissenschaften,Political Economy,sowi
Carl von Ossietzky Universitat Oldenburg Institut für Sozialwissenschaften,Political System of Germany,sowi
Carl von Ossietzky Universitat Oldenburg Institut für Sozialwissenschaften,School for Educational and Social Sciences,sowi
Carl von Ossietzky Universität Oldenburg,AG Biodiversität und Evolution der Pflanzen,agrar
Carl von Ossietzky Universität Oldenburg,AG Plant Biodiversity and Evolution,mint
Carl von Ossietzky Universität Oldenburg,Department of Biology and Environmental Sciences,mint
Carl von Ossietzky Universität Oldenburg,"Department of Business Administration, Economics and Law",sowi
Carl von Ossietzky Universität Oldenburg,Department of Computer Science,tech
Carl von Ossietzky Universität Oldenburg,Department of Educational Sciences,phil
Carl von Ossietzky Universität Oldenburg,Department of Geosciences,tech
Carl von Ossietzky Universität Oldenburg,Department of Marine Isotope Geochemistry,mint
Carl von Ossietzky Universität Oldenburg,Department of Mathematics and Natural Sciences,med
Carl von Ossietzky Universität Oldenburg,Department of Medical Physics and Acoustics,mint
Carl von Ossietzky Universität Oldenburg,Department of Music,phil
Carl von Ossietzky Universität Oldenburg,Department of Neurosciences,med
Carl von Ossietzky Universität Oldenburg,Department of Neurosurgery,med
Carl von Ossietzky Universität Oldenburg,Department of Physics and Earth Sciences,mint
Carl von Ossietzky Universität Oldenburg,Department of Social Sciences,sowi
Carl von Ossietzky Universität Oldenburg,Department of Special Needs Education and Rehabilitation,phil
Carl von Ossietzky Universität Oldenburg,Environmental Biochemistry,mint
Carl von Ossietzky Universität Oldenburg,Faculty of Education and Social Sciences,sowi
Carl von Ossietzky Universität Oldenburg,Fakultat fur Medizin und Gesundheitswissenschaften,med
Carl von Ossietzky Universität Oldenburg,"Fakultät V, Insitut für Mathematik",mint
Carl von Ossietzky Universität Oldenburg,Functional Ecology,mint
Carl von Ossietzky Universität Oldenburg,Functional Ecology Group,mint
Carl von Ossietzky Universität Oldenburg,Functional Ecology of Plants,agrar
Carl von Ossietzky Universität Oldenburg,Helmholtz Institute for Functional Marine Biodiversity,mint
Carl von Ossietzky Universität Oldenburg,Helmholtz Institute for Functional Marine Biodiversity at the University of Oldenburg,mint
Carl von Ossietzky Universität Oldenburg,Hydrogeology and Landscape Hydrology Group,agrar
Carl von Ossietzky Universität Oldenburg,ICBM - Institute for Chemistry and Biology of the Marine Environment (,mint
Carl von Ossietzky Universität Oldenburg,Insitute of Biology and Environmental Sciences,mint
Carl von Ossietzky Universität Oldenburg,Institut für Biologie und Umweltwissenschaften,mint
Carl von Ossietzky Universität Oldenburg,Institut für Biologie und Umweltwissenschaften AG Funktionelle Ökologie der Pflanzen Oldenburg Germany,mint
Carl von Ossietzky Universität Oldenburg,Institut für Chemie und Biologie Des Meeres (ICBM),mint
Carl von Ossietzky Universität Oldenburg,Institut für Materielle Kultur,phil
Carl von Ossietzky Universität Oldenburg,Institut für Sonder- und Rehabilitationspädagogik,phil
Carl von Ossietzky Universität Oldenburg,Institute for Biology and Environmental Sciences,mint
Carl von Ossietzky Universität Oldenburg,Institute for Biology and Environmental Sciences (IBU),mint
Carl von Ossietzky Universität Oldenburg,Institute for Biology and Environmental Sciences Carl von Ossietzky Universität,mint
Carl von Ossietzky Universität Oldenburg,Institute for Biology and Environmental Sciences Carl von Ossietzky‐University Oldenburg,mint
Carl von Ossietzky Universität Oldenburg,Institute for Biology and Environmental Sciences IBU,mint
Carl von Ossietzky Universität Oldenburg,Institute for Chemistry and Biology of the Marine Environment,mint
Carl von Ossietzky Universität Oldenburg,Institute for Chemistry and Biology of the Marine Environment (ICBM) University of Oldenburg,mint
Carl von Ossietzky Universität Oldenburg,Institute for Chemistry and Biology of the Marine environment (ICBM) Carl‐von‐Ossietzky University,mint
Carl von Ossietzky Universität Oldenburg,Institute for English and American Studies,phil
Carl von Ossietzky Universität Oldenburg,Institute for Material Culture,phil
Carl von Ossietzky Universität Oldenburg,Institute for Mathematics,mint
Carl von Ossietzky Universität Oldenburg,Institute for Medical Microbiology and Virology,med
Carl von Ossietzky Universität Oldenburg,Institute for Social Sciences,sowi
Carl von Ossietzky Universität Oldenburg,Institute of Biology and Environmental Sciences,mint
Carl von Ossietzky Universität Oldenburg,Institute of Biology and Environmental Sciences University of Oldenburg Ammerländer Heerstrasse 114 Oldenburg 26129 Germany,mint
Carl von Ossietzky Universität Oldenburg,Institute of Chemistry,mint
Carl von Ossietzky Universität Oldenburg,Institute of Chemistry and Biology of the Marine Environment Carl von Ossietzky University Oldenburg Germany,mint
Carl von Ossietzky Universität Oldenburg,Institute of Chemistry and Biology of the Marine Environment ICBM,mint
Carl von Ossietzky Universität Oldenburg,Institute of Dutch Studies & Intercultural Education,phil
Carl von Ossietzky Universität Oldenburg,Institute of Education,phil
Carl von Ossietzky Universität Oldenburg,Institute of Geosciences,mint
Carl von Ossietzky Universität Oldenburg,Institute of Social Sciences,sowi
Carl von Ossietzky Universität Oldenburg,Institute of Sports,med
Carl von Ossietzky Universität Oldenburg,Institute of Sports Science,phil
Carl von Ossietzky Universität Oldenburg,Institute#R#for Chemistry and Biology of the Marine Environment (ICBM),mint
Carl von Ossietzky Universität Oldenburg,Isotope Geochemistry,mint
Carl von Ossietzky Universität Oldenburg,Knowledge Transfer & Learning with New Technologies,phil
Carl von Ossietzky Universität Oldenburg,Marine Perception Research Group,mint
Carl von Ossietzky Universität Oldenburg,Marine Sensor Systems Group,mint
Carl von Ossietzky Universität Oldenburg,Max Planck Research Group for Marine Isotope Geochemistry,mint
Carl von Ossietzky Universität Oldenburg,Medizinische Physik and Cluster of Excellence “Hearing4all”,med
Carl von Ossietzky Universität Oldenburg,Microbiogeochemistry,mint
Carl von Ossietzky Universität Oldenburg,Microbiogeochemistry Group,mint
Carl von Ossietzky Universität Oldenburg,Paleomicrobiology Group,mint
Carl von Ossietzky Universität Oldenburg,Research Group for Marine Geochemistry,mint
Carl von Ossietzky Universität Oldenburg,Research Group for Marine Geochemistry (ICBM-MPI Bridging Group),mint
Carl von Ossietzky Universität Oldenburg,Science Education through Earth Observation,phil
Carl von Ossietzky Universität Oldenburg,Sports & Education,phil
Carl von Ossietzky Universität Oldenburg Institut für Chemie und Biologie des Meeres,Benthic Microbiology,mint
Carl von Ossietzky Universität Oldenburg Institut für Chemie und Biologie des Meeres,Isotope Geochemistry,mint
Carl von Ossietzky Universität Oldenburg Institut für Chemie und Biologie des Meeres,Marine Isotope Geochemistry,mint
Carl von Ossietzky Universität Oldenburg Institut für Chemie und Biologie des Meeres,Paläomicrobiology/ Benthic Microbiology,mint
Carl von Ossietzky Universität Oldenburg Institut für Chemie und Biologie des Meeres,NA,mint
"Center for Ocean and Society, Kiel University",NA,mint
Centre for Structural Systems Biology,NA,mint
China-EU School of Law,Law School,jura
Christian Albrechts Universität zu Kiel Technische Fakultät,Functional Nanomaterials Chair,tech
Christian-Albrechts-Universität zu Kiel (CAU) / Kiel University,Center for Ocean and Society (CeOS),sowi
Christian-Albrechts-Universität zu Kiel Geographisches Institut,Geography,phil
Christian-Albrechts-Universität zu Kiel Geographisches Institut,Institute of Geography,phil
Christian-Albrechts-Universität zu Kiel Institut für Geowissenschaften,Department of Economics,sowi
Christian-Albrechts-Universität zu Kiel Institut für Geowissenschaften,Economics,sowi
Christian-Albrechts-Universität zu Kiel Institut für Geowissenschaften,Faculty of Business Studies & Economics,sowi
Christian-Albrechts-Universität zu Kiel Institut für Geowissenschaften,Faculty of Economic and Social Sciences,sowi
Christian-Albrechts-Universität zu Kiel Institut für Geowissenschaften,Faculty of Economics and Social Sciences,sowi
Christian-Albrechts-Universität zu Kiel Philosophische Fakultät,NA,phil
Christian-Albrechts-Universität zu Kiel Sektion Biologie,Functional Morphology & Biomechanics,mint
Christian-Albrechts-Universität zu Kiel Sektion Biologie,Kiel Marine Science,mint
Christian-Albrechts-Universität zu Kiel Sektion Biologie,Marine Science,mint
Christian-Albrechts-Universität zu Kiel Sektion Biologie,Zoological Museum,mint
Christian-Albrechts-Universität zu Kiel Sektion Biologie,Zoological Museum Kiel,mint
Christian-Albrechts-Universität zu Kiel Universitätsbibliothek Kiel,Department of Soil and Plant Microbiome,med
Christian-Albrechts-Universität zu Kiel Universitätsbibliothek Kiel,Dept. Soil and Plant Microbiome,agrar
Christian-Albrechts-Universität zu Kiel Universitätsbibliothek Kiel,Institute for Pre- and Protohistoric Archaeology,phil
Christian-Albrechts-Universität zu Kiel Universitätsbibliothek Kiel,Institute of Pre and Protohistorical Archaeology,phil
Clinical Research Center Kiel,CAU Kiel,med
Clinical Research Center Kiel,Christian-Albrechts University of Kiel,med
Clinical Research Center Kiel,Collaborative Research Center ’Scales of Transformation – Human-Environmental Interaction in Prehistoric and Archaic Societies’,phil
Clinical Research Center Kiel,Department of Hydrology and Water Resources and Management,agrar
Clinical Research Center Kiel,Department of Neuropediatrics,med
Clinical Research Center Kiel,Dept. Hydrology and Water Resources Management,agrar
Clinical Research Center Kiel,Institute of Clinical and Experimental Pharmacology at the University Medical Center Schleswig-Holstein,mint
Clinical Research Center Kiel,The Graduate School of Human Development in Landscapes (GSHDL) / Institute for Prehistoric and Protohistoric Archaeology,phil
Constructor University,Health Psychology & Behavioral Medicine,med
Constructor University,Psychology & Methods,med
Constructor University,Research Project ‘Cooperation of European firms with Chinese universities: Forms and Effects’,sowi
Constructor University,School of Science,mint
Constructor University Bremen gGmbH,Physics & Earth Sciences,mint
Constructor University Bremen gGmbH,"School of Business, Social & Decision Sciences",sowi
Deutsche Rentenversicherung Oldenburg-Bremen,Social Medicine,med
Deutsches Elektronen-Synchrotron DESY,Photon Science,mint
Deutsches Elektronen-Synchrotron DESY,NA,mint
Deutsches Orient-Institut,NA,phil
EUCC Coastal Union Germany,NA,mint
Ecolog-Institute Hannover,NA,sowi
Ernst-Moritz-Arndt Universität Greifswald Mathematisch-Naturwissenschaftliche Fakultät,Institut für Biochemie,mint
Ernst-Moritz-Arndt Universität Greifswald Mathematisch-Naturwissenschaftliche Fakultät,Institute of Biochemistry,mint
Europa-Universität Flensburg,Center for Sustainable Energy Systems (ZNES),mint
Europa-Universität Flensburg,Centre for European Studies,phil
Europa-Universität Flensburg,Department for Sustainable Energy Transition,tech
Europa-Universität Flensburg,Department of Energy and Development,tech
Europa-Universität Flensburg,Department of Health Psychology & Health Education,med
Europa-Universität Flensburg,Energy & Environmental Management,tech
Europa-Universität Flensburg,Energy and Development,tech
Europa-Universität Flensburg,Energy and Environmental Management in Developing Countries,tech
Europa-Universität Flensburg,Institut für Sportwissenschaft,med
Europa-Universität Flensburg,Institut für Ästhetisch-Kulturelle Bildung,phil
Europa-Universität Flensburg,Institute for Aesthetic-Cultural Science and Practice,phil
Europa-Universität Flensburg,Institute for American Studies,phil
Europa-Universität Flensburg,Institute for Educational Sciences,phil
Europa-Universität Flensburg,Institute for English & American Studies,phil
Europa-Universität Flensburg,Institute of Sports,phil
Europa-Universität Flensburg,Sport Science,phil
Europa-Universität Flensburg Institut für Sprache Literatur und Medien,"Institut für Sprache, Literatur und Medien",phil
Europa-Universität Flensburg Institut für Sprache Literatur und Medien,"Institute for Language, Literature & Media",phil
"Europa-Universität Flensburg Institut für Ästhetisch-Kulturelle Bildung, Fach Kunst & visuelle Medien,",Art & visual Media,phil
European Centre for Minority Issues,NA,phil
Evangelisches Krankenhaus Oldenburg,Department of Neurosciences,med
FOM Hochschule für Oekonomie und Management - University of Applied Sciences in Economics and Mangement,NA,sowi
Fachhochschule Flensburg,School of Business,sowi
Fachhochschule Kiel,Department of Media,phil
Fachhochschule Kiel,Department of Social Work & Health,sowi
Fachhochschule Kiel,Social welfare,sowi
Friedrich-Loeffler-Institut Bundesforschungsinstitut für Tiergesundheit,Institute of Epidemiology,med
GEOMAR,Benthic Ecology,sowi
GEOMAR,Biogeochemical Modelling,mint
GEOMAR,Biological Oceanography,mint
GEOMAR,Center of Earth System Research and Sustainability,mint
GEOMAR,Chemical Oceanography,mint
GEOMAR,Chemical Oceanography Department,mint
GEOMAR,Chemical Paleoceanography,mint
GEOMAR,"Cluster of Excellence ""The Future Ocean""",mint
GEOMAR,Data Technology,tech
GEOMAR,Department of Benthic Ecology,mint
GEOMAR,Department of Benthic Ecology GEOMAR Helmholtz‐Zentrum für Ozeanforschung 24105 Kiel Germany,mint
GEOMAR,Department of Benthic Ecology GEOMAR Helmholtz‐Zentrum für Ozeanforschung Kiel 24105 Kiel Germany,mint
GEOMAR,Department of Biology,mint
GEOMAR,Department of Dynamics of the Ocean floor,mint
GEOMAR,Department of Earth Sciences,mint
GEOMAR,Department of Earth System Sciences,mint
GEOMAR,Department of Geodynamics,mint
GEOMAR,"Department of Marine Biogeochemistry, Chemical Oceanography",mint
GEOMAR,Department of Marine Ecology,mint
GEOMAR,Department of Oceanography,mint
GEOMAR,Department of Physical Oceanography,mint
GEOMAR,Division of Marine Geosystems,mint
GEOMAR,Division of Ocean Circulation and Climate Dynamics,mint
GEOMAR,Dynamics of the Ocean Floor,mint
GEOMAR,Earth Sciences,mint
GEOMAR,Evolutionary Ecology of Marine Fishes,agrar
GEOMAR,Evolutionary Ecology of marine fishes,mint
GEOMAR,"Excellence Cluster ""The Future Ocean""",mint
GEOMAR,Experimental Ecology GEOMAR Helmholtz‐Zentrum für Ozeanforschung Kiel,mint
GEOMAR,FB Geowissenschaften,mint
GEOMAR,Faculty of Mathematics and Natural Sciences,mint
GEOMAR,Forschungsberech Marine Biogeochemie GEOMAR Helmholtz‐Zentrum für Ozeanforschung Kiel,mint
GEOMAR,Forschungsbereich Marine Biogeochemie,mint
GEOMAR,GEOMAR,mint
GEOMAR,GEOMAR - Helmholtz Zentrum für Ozeanforschung; Kiel Germany,mint
GEOMAR,GEOMAR Helmholtz Center for Ocean Research,mint
GEOMAR,GEOMAR Helmholtz Center for Ocean Research Kiel Kiel Schleswig‐Holstein Germany,mint
GEOMAR,GEOMAR Helmholtz Centre Ocean Research Kiel,mint
GEOMAR,GEOMAR Helmholtz Centre of Ocean Research,mint
GEOMAR,GEOMAR Helmholtz-Zentrum Für Ozeanforschung Kiel,mint
GEOMAR,GEOMAR Helmholtz-Zentrum f ür Ozeanforschung Kiel,mint
GEOMAR,GEOMAR Helmholtz-Zentrum fÃ¼r Ozeanforschung Kiel,mint
GEOMAR,GEOMAR Helmholtz-Zentrum für Ozeanforschung,mint
GEOMAR,GEOMAR Helmholtzzentrum für Ozeanforschung,mint
GEOMAR,GEOMAR Helmholtz‐Centre for Ocean Research Kiel,mint
GEOMAR,GEOMAR Helmholtz‐Zentrum für Ozeanforschung Kiel,mint
GEOMAR,GEOMAR Helmholtz‐Zentrum für Ozeanforschung Kiel Düsternbrooker Weg 20 Kiel 24105 Germany,mint
GEOMAR,GEOMAR Helmholtz‐Zentrum für Ozeanforschung Kiel Kiel Germany,mint
GEOMAR,GEOMAR Helmholz Centre for Ocean Research Kiel,mint
GEOMAR,GEOMAR Research Center for Marine Geosciences Kiel Germany,mint
GEOMAR,GEOMAR | Helmholtz Centre for Ocean Research Kiel,mint
GEOMAR,GEOMAR-Helmholtz Center for Ocean Research,mint
GEOMAR,GEOMAR-Helmholtz Center for Ocean Research Kiel; Kiel Germany,mint
GEOMAR,GEOMAR-Helmholtz Centre for Ocean Research,mint
GEOMAR,GEOMAR–Helmholtz-Centre for Ocean Research Kiel,mint
GEOMAR,GEOMAR—Helmholtz Centre for Ocean Research,mint
GEOMAR,Geomar,mint
GEOMAR,Geomar Helmholtz Centre for Ocean Research,mint
GEOMAR,Geomar Helmholtz Centre for Ocean Research Kiel,mint
GEOMAR,Germany,mint
GEOMAR,IFM-GEOMAR - Leibniz-Institut für Meereswissenschaften (24148 Kiel - Allemagne),mint
GEOMAR,IFM-GEOMAR - Leibniz-Institut für Meereswissenschaften (24148 Kiel - Germany),mint
GEOMAR,IFM-GEOMAR Wischhofstrasse 1-3,mint
GEOMAR,IFM-GEOMAR; Leibniz-Institute of Marine Sciences; Wischhofstrasse 1-3,mint
GEOMAR,IFM?GEOMAR,mint
GEOMAR,IFM‐GEOMAR,mint
GEOMAR,IFM‐GEOMAR Kiel Germany,mint
GEOMAR,IFM–GEOMAR,mint
GEOMAR,IfM-GEOMAR Leibniz Institute of Marine Sciences,mint
GEOMAR,Institute for Meteorology,mint
GEOMAR,Institute of Geosciences,mint
GEOMAR,Leibniz Insitut für Meereswissenschaften,mint
GEOMAR,Leibniz Institut für Meereswissenschaften,mint
GEOMAR,Leibniz Institut für Meereswissenschaften Kiel,mint
GEOMAR,Leibniz Institute for Marine Sciences,mint
GEOMAR,Leibniz Institute für Meereswisenschaften,mint
GEOMAR,Leibniz Institute of Marine Sciences at University of Kiel (IFM‐GEOMAR),mint
GEOMAR,Leibniz-Institut für Meereswissenschaften IfM-GEOMAR,mint
GEOMAR,Leibniz-Institut für Meereswissenschaften an der Universität Kiel (IFM-GEOMAR); Kiel; Germany,mint
GEOMAR,Leibniz-Institute for Marine Sciences at the University of Kiel,mint
GEOMAR,Leibniz-Institute of Marine Sciences (IFM-GEOMAR),mint
GEOMAR,Leibniz‐Institut für Meereswissenschaften IFM‐GEOMAR,mint
GEOMAR,Leibniz‐Institut für Meereswissenschaften an der Universität Kiel (IFM‐GEOMAR),mint
GEOMAR,Leibniz‐Institut für Meereswissenschaften an der Universität zu Kiel (IFM‐GEOMAR),mint
GEOMAR,Lithothek,mint
GEOMAR,Marine & Environmental Geology,mint
GEOMAR,Marine Benthic Ecology,mint
GEOMAR,Marine Biogeochemical Modelling,mint
GEOMAR,Marine Biogeochemistry,mint
GEOMAR,Marine Ecology Department,mint
GEOMAR,Marine Ecology Division GEOMAR Helmholtz‐Zentrum für Ozeanforschung Kiel,mint
GEOMAR,Marine Geodynamics,mint
GEOMAR,Marine Geology,mint
GEOMAR,Marine Geophysics and Hydroacustics,mint
GEOMAR,Marine Geosciences,mint
GEOMAR,Marine Geosystems,mint
GEOMAR,Marine Meteorology,mint
GEOMAR,Marine Symbiosis Unit,mint
GEOMAR,Maritime Meteorology,mint
GEOMAR,Meteorology,mint
GEOMAR,N##TAB##TAB##TAB##TAB#4 GEOMAR,mint
GEOMAR,Ocean Circulation and Climate Dynamics,mint
GEOMAR,Ocean Circulation and Climate Dynamics Leibniz Institute of Marine Sciences Kiel Germany,mint
GEOMAR,Ocean Dynamics,mint
GEOMAR,Ocean Floor Dynamics,mint
GEOMAR,Paleoceanography,mint
GEOMAR,Physical Oceanography,mint
GEOMAR,RD 3: Marine Ecology,mint
GEOMAR,RD4 – Dynamics of the Ocean Floor,mint
GEOMAR,Research Unit Ocean Dynamics,mint
GEOMAR,Section Benthic Ecology,mint
GEOMAR,Universitaet Kiel,mint
GEOMAR,NA,mint
GEOMAR Research Centre,Marine Geodynamics,mint
GIGA German Institute of Global and Area Studies,Institute of African Affairs,sowi
GIGA German Institute of Global and Area Studies,Institute of Asian Studies,phil
"Genanet Berlin, Environmental Research Centre Leipzig, Wuppertal Institute for Climate, Environment and Energy, Institute for Social-Ecological Research (ISOE) Frankfurt a.M. and the Institute for Social-Ecological Research and Education (ecolog) Hannover","Active in the fields of consulting, workshop concepts and moderations, expertises and expert opinions in the fields of environmental and technology policy, environmental planning, sustainability and gender",phil
German Center for Infection Research (DZIF),Emerging Infections,med
German Institute for Global and Area Studies,Institute of Asian Studies,phil
German Institute for Global and Area Studies,Institute of Latin America Studies,phil
German Nature Conservation Ring,"At Leuphana University Lüneburg, on behalf of Federal Ministry for the Environment, Nature Conservation and Nuclear Safety",mint
German Nutrition Society (DGE),NA,agrar
German UNESCO Commission and UNESCO Institute for Education,Organization and Coordination in Germany of the International Literacy Year on behalf of the German UNESCO Commission,sowi
HAW Hamburg,Applications of Life Sciences,mint
HAW Hamburg,Bremen International Graduate School of Social Sciences,sowi
HAW Hamburg,Business,sowi
HAW Hamburg,Centre for Sustainability & Climate Change Management,sowi
HAW Hamburg,Centre for Sustainable Development & Climate Change Management,sowi
HAW Hamburg,Department of Social Work,sowi
HAW Hamburg,Digital Reality,tech
HAW Hamburg,European School of Sustainability Science and Research,mint
HAW Hamburg,Faculty of Life Sciences,mint
HAW Hamburg,Hamburg University of Applied Sciences,tech
HAW Hamburg,Hamburg University of Applied Sciences (HAW),tech
HAW Hamburg,Hamburg University of Applied Sciences: Hochschule fur Angewandte Wissenschaften Hamburg,tech
HAW Hamburg,Health Sciences,med
HAW Hamburg,Hochschule für Angewandte Wissenschaften Hamburg - Hamburg University of Applied Sciences,tech
HAW Hamburg,Interdisciplinary Centre for Climate Change and Human Health,med
HAW Hamburg,International Climate Change Information and Research Programme,med
HAW Hamburg,Psychology & Social Work,sowi
HAW Hamburg,Psychology/Social Work,sowi
HAW Hamburg,"Research and Transfer Centre ""Sustainability and Climate Change Management""",sowi
HAW Hamburg,Research and Transfer Centre Sustainability and Climate Change Management,sowi
HAW Hamburg,Research and Transfer Centre “Applications of Life Sciences”,mint
HAW Hamburg,Research and Transfer Centre „Sustainability & Climate Change Management“ (FTZ-NK),tech
HAW Hamburg,"Research and Transfer Centre „Sustainable Development and Climate Change Management""",sowi
HAW Hamburg,School of Social Sciences,sowi
HAW Hamburg,Social Work,sowi
HAW Hamburg,Sustainable Development and Climate Change Management,sowi
HSBA Hamburg School of Business Administration,Finance and Accounting,sowi
HafenCity University Hamburg,Architecture,tech
HafenCity University Hamburg,City Science Lab,tech
HafenCity University Hamburg,Geodesy & Geoinformatics,mint
HafenCity University Hamburg,History and Theory of the City,phil
HafenCity University Hamburg,Photogrammetry & Laser Scanning Lab,mint
HafenCity University Hamburg,Photogrammetry and Laser Scanning Lab,tech
HafenCity Universität Hamburg,Hydrography & Geodesy,agrar
HafenCity Universität Hamburg,Urban Planning,tech
Hamburg Institut (Germany),Institute for Applied Physics,mint
Hamburg Institut (Germany),Institute for Experimental Physics,mint
Hamburg Institute of International Economics,Migration Research,sowi
Hamburg Institute of International Economics,Niederlassung Bremen,sowi
Hamburg School of Business Administration,NA,sowi
Hamburg University of Music and Drama,Hochschule für Musik und Theater Hamburg,phil
Hamburg University of Technology,Chemical Reaction Technique,mint
Hamburg University of Technology,Department of Informatics,tech
Hamburg University of Technology,Department of Management Sciences and Technology,tech
Hamburg University of Technology,Hamburg University of Technology,tech
Hamburg University of Technology,Institut für Technologie- und Innovationsmanagement,tech
Hamburg University of Technology,Institute for Technology and Innovation Management,tech
Hamburg University of Technology,Institute for Technology and Innovation Management (TIM),tech
Hamburg University of Technology,Institute for Water Resources and Water Supply,agrar
Hamburg University of Technology,Institute of Geo-Hydroinformatics,mint
Hamburg University of Technology,Institute of Polymer and Composites,tech
Hamburg University of Technology,Institute of Polymers and Composites,tech
Hamburg University of Technology,Management Science and Technology,sowi
Hamburg University of Technology,Research Methods & Statistics,mint
Hamburg University of Technology,Transportation Planning and Logistics,med
Hamburg University of Technology,NA,tech
Hamburger Fern-Hochschule,Health Sciences,med
Hamburg University of Technology,Institut für Technische Bildung und Hochschuldidaktik (ITBH),phil
Hamburg University of Technology,Institute for Technical Education and University Didactics,phil
Hamburg University of Technology,Institute for Water Resources and Water Supply,agrar
Heinrich-Pette-Institut  Leibniz-Institut für Experimentelle Virologie,NA,med
Helmholtz-Zentrum Hereon GERICS - Deutsches Institut für Klimaservices,NA,med
Helmut Schmidt University / University of the Federal Armed Forces Hamburg,Experimental Psychology Unit,med
Helmut-Schmidt-Universität / UdB Hamburg,Department of Economics,sowi
Helmut-Schmidt-Universität / UdB Hamburg,Department of Social Sciences,sowi
Helmut-Schmidt-Universität / UdB Hamburg,Educational Science,phil
Helmut-Schmidt-Universität / UdB Hamburg,Experimental Psychology Unit,med
Helmut-Schmidt-Universität / UdB Hamburg,Faculty of Business Studies & Economics,sowi
Helmut-Schmidt-Universität / UdB Hamburg,Faculty of Economic and Social Sciences,sowi
Helmut-Schmidt-Universität / UdB Hamburg,Faculty of Economics and Social Sciences,sowi
Helmut-Schmidt-Universität / UdB Hamburg,Fakultät für Geistes- und Sozialwissenschaften - Geschichte der Frühen Neuzeit unter besonderer Berücksichtigung der Sozial- und Wirtschaftsgeschichte,sowi
Helmut-Schmidt-Universität / UdB Hamburg,History of the Early Modern Period,phil
Helmut-Schmidt-Universität / UdB Hamburg,Humanities & Social Sciences,sowi
Helmut-Schmidt-Universität / UdB Hamburg,Humanities and Social Sciences,phil
Helmut-Schmidt-Universität / UdB Hamburg,Institute of Social Sciences,sowi
Helmut-Schmidt-Universität / UdB Hamburg,International Relations & Regional Governance,sowi
Hochschule Bremen,Biological Structures and Biomimetics,med
Hochschule Bremen,Bremen University of Applied Sciences,tech
Hochschule Bremen,International Summer School,phil
Hochschule Bremen,School of Architecture,tech
Hochschule Bremen,"School of Architecture, Bremer Zentrum für Baukultur",tech
Hochschule Bremen,School of International Business,sowi
Hochschule Bremen Fakultät 1 Wirtschaftswissenschaften,School of International Business,sowi
Hochschule für Angewandte Wissenschaften Hamburg,Faculty of Life Sciences,mint
Hochschule für Angewandte Wissenschaften Hamburg,NA,tech
Hochschule für Angewandte Wissenschaften Hamburg Fakultät Life Sciences,Public Health,med
Hochschule für Musik und Theater,Cultural & Media Management,phil
Hochschule für öffentliche Verwaltung Bremen,Tax Law,jura
Infektionsmedizinisches Centrum Hamburg,Centrum für Erdsystemforschung und Nachhaltigkeit Universität Hamburg,mint
"Institute for Hygiene and Environment, FH Hamburg",Air/Radioactivity,mint
Institute for Information Management Bremen,NA,sowi
Institute for Marine Research,Maritime Meteorology,mint
Institute for Peace Research and Security Policy at the University of Hamburg,Arms Control & Emerging Technologies,mint
Institute for Peace Research and Security Policy at the University of Hamburg,Arms Control and Emerging Technologies,tech
Institute for Prevention Research and Social Medicine (BIPS),Epidemiological Methods & Field Work,med
"Institute of Communicty Medicine, University of Greifswald",Clinical-epidemiological research,med
"Institute of Communicty Medicine, University of Greifswald",SHIP / Clinical-epidemiological research,med
"Institute of Materials Science, Bremen",Process Engineering,tech
International School of Management,Psychology & Management,sowi
International School of Management Campus Hamburg,Human Relations,phil
Jacobs University Bremen,Department of Business and Economics,sowi
Jacobs University Bremen,Department of Social Sciences,sowi
Jacobs University Bremen,Department of Social Sciences & Humanities,phil
Jacobs University Bremen,Focus Area Health,med
Jacobs University Bremen,History,phil
Jacobs University Bremen,Humanities & Social Sciences,sowi
Jacobs University Bremen,Humanities and Social Sciences,phil
Jacobs University Bremen,Institute of Social Sciences,sowi
Jacobs University Bremen,Physics & Earth Sciences,mint
Jacobs University Bremen,Physics and Earth Sciences,mint
Jacobs University Bremen,School of Social Sciences,sowi
Jacobs University Bremen,Social Sciences,sowi
Johann Heinrich von Thünen-Institut Institut für Holzforschung,NA,agrar
K.U.M. Umwelt- und Meerestechnik Kiel GmbH,NA,mint
KfH Nierenzentrum Greifswald,NA,med
Kiel Institut für Weltwirtschaft,CAU Kiel,sowi
Kiel Institut für Weltwirtschaft,DIW Berlin &,sowi
Kiel Institut für Weltwirtschaft,Department of Economics,sowi
Kiel Institut für Weltwirtschaft,Department of Environmental and Resource Economics,tech
Kiel Institut für Weltwirtschaft,Forschungsmanagement & Transfer,sowi
Kiel Institut für Weltwirtschaft,Forschungszentrums Trade Policy und leitet die Geopolitics and Economics Initiative am Kiel Institut für Weltwirtschaft (IfW).,sowi
Kiel Institut für Weltwirtschaft,Innovation and International Competition,sowi
Kiel Institut für Weltwirtschaft,Institut für Volkswirtschaftslehre,sowi
Kiel Institut für Weltwirtschaft,Institute for World Economy Kiel,sowi
Kiel Institut für Weltwirtschaft,Kiel Centre for Globalization,sowi
Kiel Institut für Weltwirtschaft,Kiel Institut f�r Weltwirtschaft,sowi
Kiel Institut für Weltwirtschaft,Professor,sowi
Kiel Institut für Weltwirtschaft,Research Department,sowi
Kiel Institut für Weltwirtschaft,The Environment and Natural Resources,mint
Kiel Institut für Weltwirtschaft,VRCenter DEGIT,tech
Kiel Institut für Weltwirtschaft,NA,sowi
Klinikum Bremen-Mitte,Department of Diagnostic and Interventional Neuroradiology,med
Knochenarbeit,NA,med
Landesarchäologie Bremen,NA,phil
Leibniz Center for Tropical Marine Ecology,NA,mint
Leibniz Centre for Tropical Marine Research,Department of Social Sciences,sowi
Leibniz Centre for Tropical Marine Research,Development and Knowledge Sociology,sowi
Leibniz Centre for Tropical Marine Research,Ecology,mint
Leibniz Centre for Tropical Marine Research,Institute of Social Sciences,sowi
Leibniz Centre for Tropical Marine Research,Science Management,mint
Leibniz Centre for Tropical Marine Research (ZMT),NA,mint
Leibniz Institute for Plasma Science and Technology,NA,tech
Leibniz Institute for Prevention Research and Epidemiology - BIPS,Department of Biometry and Data Management,mint
Leibniz Institute for Prevention Research and Epidemiology - BIPS,Epidemiological Methods & Etiological Research,med
Leibniz Institute for Prevention Research and Epidemiology - BIPS,Prevention and Evaluation,med
Leibniz Institute for Prevention Research and Epidemiology - BIPS,NA,med
Leibniz Institute for Science and Mathematics Education,Biology Education,phil
Leibniz Institute of Atmospheric Physics at the Rostock University,Leibniz Institute of Atmospheric Physics at the University of Rostock,mint
Leibniz Institute of Atmospheric Physics at the Rostock University,Leibniz-Institute of Atmospheric Physics at the Rostock University,mint
Leibniz Institute of Atmospheric Physics at the Rostock University,Leibniz-Institute of Atmospheric Physics at the University of Rostock,mint
Leibniz-Institut für  Werkstofforientierte Technologien - IWT,"Multiphase Flow, Heat and Mass Transfer",med
Leibniz-Institut für Medienforschung Hans-Bredow-Institut,(Social) Media Observatory,sowi
Leibniz-Institut für Präventionsforschung und Epidemiologie - BIPS GmbH,Epidemiological Methods & Etiological Research,med
Leibniz-Institut für Virologie,Dynamics of viral Structures,med
Leibniz-Zentrum für Marine Tropenforschung,Experimental Aquaculture,agrar
Leibniz-Zentrum für Marine Tropenforschung,WG Experimental Aquaculture,mint
Leibniz-Zentrum für Marine Tropenforschung,NA,mint
Leibniz-Zentrum für Marine Tropenforschung (ZMT) GmbH,Experimental Aquaculture,agrar
Leibniz-Zentrum für Marine Tropenforschung (ZMT) GmbH,NA,agrar
Leuphana Universität Lüneburg,Centre for Methods and Institute of Ecology/Faculty of Sustainability,mint
Leuphana Universität Lüneburg,Department of Environmental Sciences,mint
Leuphana Universität Lüneburg,Ecology,mint
Leuphana Universität Lüneburg,Ecosystem Functions,agrar
Leuphana Universität Lüneburg,Faculty Sustainability Institute of Ecology Leuphana University Lüneburg Scharnhorststr.1 21335 Lüneburg Germany,mint
Leuphana Universität Lüneburg,Faculty of Sustainability Institute of Ecology Leuphana University Lüneburg Lüneburg Germany,mint
Leuphana Universität Lüneburg,Faculty of Sustainability Institute of Ecology Leuphana University Lüneburg Scharnhorststr. 1 D‐21335 Lüneburg Germany,tech
Leuphana Universität Lüneburg,Faculty of Sustainability and Cultural Studies,tech
Leuphana Universität Lüneburg,Institute for Management and Organization,sowi
Leuphana Universität Lüneburg,Institute for Social-Ecological Systems,mint
Leuphana Universität Lüneburg,Institute for Sociology and Cultural Organization,sowi
Leuphana Universität Lüneburg,Institute for Sustainable Chemistry,mint
Leuphana Universität Lüneburg,Institute of Ecology,mint
Leuphana Universität Lüneburg,Institute of Ecology Leuphana University Lüneburg,mint
Leuphana Universität Lüneburg,Institute of Ecology Leuphana University Lüneburg Germany,mint
Leuphana Universität Lüneburg,Institute of Ecology Leuphana University Lüneburg Lüneburg Germany,mint
Leuphana Universität Lüneburg,Institute of Ecology Leuphana University Lüneburg Scharnhorststr. 1 D‐21335 Lüneburg Germany,mint
Leuphana Universität Lüneburg,Institute of Ecology Leuphana University Lüneburg Scharnhorststr. 1 Lüneburg D‐21335 Germany,mint
Leuphana Universität Lüneburg,Institute of Ecology; Leuphana University Lüneburg; Scharnhorststr. 1; D-21335; Lüneburg; Germany,mint
Leuphana Universität Lüneburg,Institute of English Studies,phil
Leuphana Universität Lüneburg,Institute of Environmental Chemistry,mint
Leuphana Universität Lüneburg,Institute of Environmental Chemistry Leuphana University Lüneburg Scharnhorststr. 1 Lüneburg D‐21335 Germany,mint
Leuphana Universität Lüneburg,Institute of Strategic HR Management,sowi
Leuphana Universität Lüneburg,Institute of Sustainability Governance,sowi
Leuphana Universität Lüneburg,Sociology and Cultural Organization,sowi
Leuphana Universität Lüneburg,Sociology of Organization & Culture Chair,sowi
Leuphana Universität Lüneburg Fakultät Nachhaltigkeit,NA,sowi
Lübeck University of Applied Sciences,Department of Computer Science & Electrical Engineering,tech
Lübeck University of Applied Sciences,Department of Electrical Engineering and Computer Science,tech
MARUM,Centre for Marine Environmental Sciences,mint
MARUM,Department of Geosciences,tech
MARUM,Experimental Geomechanics,mint
MARUM,Geosciences,mint
MARUM,Institute of Geosciences,mint
MARUM,MARUM,mint
MARUM,marum,mint
MARUM,NA,mint
"MARUM / Fachbereich Geowissenschaften, Universität Bremen",NA,tech
MPI for Marine Microbiology,Deep Sea Ecology and Technology,tech
MSH Medical School Hamburg,Department of Psychology,med
MSH Medical School Hamburg,NA,med
MSH Medical School Hamburg – University of Applied Sciences and Medical University,Department Performance,med
MSH Medical School Hamburg – University of Applied Sciences and Medical University,Faculty of Human Sciences,phil
MSH Medical School Hamburg – University of Applied Sciences and Medical University,HAMBURG SCHOOL OF FOOD SCIENCE–Institute of Food Chemistry,agrar
MSH Medical School Hamburg – University of Applied Sciences and Medical University,Hamburg School of Food Science—Institute of Food Chemistry,agrar
MSH Medical School Hamburg – University of Applied Sciences and Medical University,Institute of Food Chemistry,agrar
Marienkrankenhaus Hamburg,NA,med
Max Planck Institut für Demografische Forschung,Social & Economic Demography,sowi
Max Planck Institute for Marine Microbiology,Biogeochemistry,mint
Max Planck Institute for Marine Microbiology,Isotope Geochemistry,mint
Max Planck Institute for Marine Microbiology,Marine Isotope Geochemistry,mint
Max Planck Institute for Marine Microbiology,NA,mint
Max Planck Institute for Meteorology,Atmosphere in the Earth System,mint
Max Planck Institute for Meteorology,Ocean in the Earth System,mint
Max Planck Institute for Meteorology,Physics of the Oceans & Climate Dynamics,mint
Max Planck Institute for Meteorology,The Ocean in the Earth System,mint
Max Planck Institute for Meteorology,NA,mint
Max Planck Institute for Plasma Physics - Greifswald,Institute for Plasmaphysics,mint
Max Planck Institute for Plasma Physics - Greifswald,Max-Planck-Institut für Plasmaphysik 1,mint
Max Rubner-Institut Standort Kiel,Department of Microbiology and Biotechnology,agrar
Max-Planck-Institut für Plasmaphysik Teilinstitut Greifswald,Institute for Plasmaphysics,mint
Max-Planck-Institut für marine Mikrobiologie,HGF MPG Joint Research Group for Deep-Sea Ecology and Technology,mint
Max-Planck-Institut für marine Mikrobiologie,Microsensors,mint
Medical School Hamburg,Institute of Interdisciplinary Exercise Science and Sports Medicine (IIES),med
Medical University Lübeck,Immunology & Transfusion Medicine,med
Medical University Lübeck,Pediatrics,med
Partnership Design,NA,mint
RWE Dea AG,North Sea Division,mint
Rostock University Medical Center,Institute for Immunology,med
Rostock University Medical Center,Institute of Immunology,med
SOCIUM (former Centre for Social Policy Studies) University of Bremen,"Health, Long-Term Care and Pensions",med
Schön Klinik Hamburg Eilbek,Biozentrum Klein Flottbek,med
Schön Klinik Hamburg Eilbek,Department of Psychosomatic Medicine and Psychotherapy,med
Schön Klinik Hamburg Eilbek,Department of Psychosomatic Medicine and Psychotherapy University Medical Centre Hamburg‐Eppendorf,med
"Sciences""",NA,mint
Staats- und Universitätsbibliothek Bremen,Departments of English and Linguistics,phil
Staats- und Universitätsbibliothek Bremen,Leibniz Centre for Tropical Marine Research (ZMT),mint
Staats- und Universitätsbibliothek Bremen,Marine Botany,mint
Statista GmbH,NA,sowi
Technical University of Applied Sciences Lübeck,Department of Applied Natural Sciences,mint
Technical University of Applied Sciences Lübeck,Department of Architecture & Civil Engineering,tech
Technical University of Applied Sciences Lübeck,Energy and Building Services,tech
Technical University of Applied Sciences Lübeck,Technische Hochschule Lübeck,tech
Technical University of Applied Sciences Lübeck,NA,tech
Technical university of Hamburg,Institute of Geo-Hydroinformatics,mint
Technische Universität Clausthal,Business Administration & Environmental Management,sowi
Technische Universität Clausthal,China Competence Center,phil
Technische Universität Clausthal,Department for Disposal Research,tech
Technische Universität Clausthal,Department of Business Administration and Environmental Management,sowi
Technische Universität Clausthal,Department of Geosciences,tech
Technische Universität Clausthal,Department of Mineral Resources,mint
Technische Universität Clausthal,Department of Mineral and Waste Processing,tech
Technische Universität Clausthal,Geomechanics & Disposal Technology,mint
Technische Universität Clausthal,Geosciences,mint
Technische Universität Clausthal,Institut für#N#Mineralogie und Mineralische Rohstoffe,mint
Technische Universität Clausthal,Institut für Maschinelle Anlagentechnik und Betriebsfestigkeit,tech
Technische Universität Clausthal,Institut für Mineralogie und Mineralische Rohstoffe,mint
Technische Universität Clausthal,Institute for Mechanical systems engineering and operational stability,tech
Technische Universität Clausthal,Institute of Geosciences,mint
Technische Universität Clausthal,"Institute of Mineral and Waste Processing, Recycling and Circular Economy Systems",tech
Technische Universität Clausthal,Institute of Mineralogy and Mineral Resources,mint
Technische Universität Clausthal,Institute of Polymer Materials and Plastics Engineering,tech
Technische Universität Clausthal,Institute of Subsurface Energy Systems,tech
Technische Universität Clausthal,Lagerstätten und Rohstoffe,mint
Technische Universität Clausthal,Mineral Resources,tech
Technische Universität Clausthal,Mineral Resources 1,mint
Technische Universität Clausthal,Mineral Resources Technical University of Clausthal Adolphe Romer Street Clausthal‐Zellerfeld‐38678 Germany,mint
Technische Universität Clausthal,Mineral Resources Unit,mint
Technische Universität Clausthal,Mining Engineering,tech
Technische Universität Clausthal,Petroleum,tech
Technische Universität Clausthal,Research Centre of Energy Storage Technologies,tech
Technische Universität Clausthal,Subsurface Energy Systems,tech
Technische Universität Clausthal,TU-Clausthal,tech
Technische Universität Clausthal,Technical University of Clausthal Clausthal,tech
Technische Universität Clausthal,energy storage technologies Centre,tech
Technische Universität Clausthal,NA,tech
Technische Universität Clausthal Institut für Maschinelle Anlagentechnik und Betriebsfestigkeit,Institut für Maschinelle Anlagentechnik und Betriebsfestigkeit,tech
Technische Universität Clausthal Institut für Maschinelle Anlagentechnik und Betriebsfestigkeit,Institute for Mechanical systems engineering and operational stability,tech
Technische Universität Hamburg-Harburg,Institute for Water Resources and Water Supply,tech
TuTech Innovation GmbH und Hamburg Innovation GmbH,Life Sciences,med
Universal Medical Center   Hamburg- Eppendorf,Department of Diagnostic and Interventional Neuroradiology,med
Universitat Bremen Bremer Institut fur Produktion und Logistik GmbH,Intelligent Production and Logistics Systems,tech
University Cancer Center Hamburg,Biobank,med
University Cancer Center Hamburg,Department of Oncology,med
University Heart and Vascular Center Hamburg,Clinic for Cardiology,med
University Hospital,Medicine,med
University Hospital Hamburg UKE,Institute of Physiology,med
University Hospital Rostock,"Department of General-, Visceral-, Vascular- and Transplant Surgery",med
University Medical Centre Hamburg-Eppendorf,Department of Medicine,med
University Medical Centre Hamburg-Eppendorf,Department of Medicine I,med
University Medical Centre Hamburg-Eppendorf,Medical Biometry,med
University Medical Centre Hamburg-Eppendorf,Medicine,med
University Medicine Rostock,Translational Neurodegeneration Section „Albrecht-Kossel“,med
University of Bremen Centre for Social Policy Studies,Economic Science Department,mint
University of Bremen Centre for Social Policy Studies,Faculty of Business Studies & Economics,sowi
"University of Bremen, Centre for Social Policy Studies",Department of Economic Science,sowi
"University of Bremen, Research Center for East European Studies",Politics & Economics,sowi
"University of Bremen, Research Center for East European Studies",Politics and Economics,sowi
"University of Bremen, SOCIUM Research Center on Inequality and Social Policy","Life Course, Life Course Policy and Social Integration",sowi
University of Kiel (Christian-Albrechts-Universität zu Kiel),Department of Psychology,med
University of Kiel (Christian-Albrechts-Universität zu Kiel),Psychology,med
University of Lubeck,Department of Neurology,med
University of Schleswig-Holstein Medical Center,Department of Orthopaedic Surgery and Traumatology,med
Universität Bremen,Alfred-Wegener-Institute Helmholtz Centre for Polar and Marine Research,mint
Universität Bremen,Artec Sustainability Research Centre,mint
Universität Bremen,Biology,mint
Universität Bremen,Biology Education,mint
Universität Bremen,BreMarE -Bremen Marine Ecology Centre for Research and Education,mint
Universität Bremen,Bremen Initiative to Foster Early Childhood Development,med
Universität Bremen,Bremen Institute for Prevention Research and Social Medicine (BIPS),med
Universität Bremen,Bremen Marine Ecology (BreMarE),mint
Universität Bremen,Bremer Institut für Präventionsforschung und Sozialmedizin,med
Universität Bremen,Bremer Institut für Präventionsforschung und Sozialmedizin (BIPS),med
Universität Bremen,Center for Computing and Communication Technologies,tech
Universität Bremen,Center for Industrial Mathematics,mint
Universität Bremen,Center for Social Policy,sowi
Universität Bremen,Center for Social Policy Research,sowi
Universität Bremen,Center of Industrial Mathematics,mint
Universität Bremen,Center of Marine Environmental Sciences – MARUM,mint
Universität Bremen,Center of Marine Environmental SciencesÂ (MARUM),mint
Universität Bremen,Centre for Biomolecular Interaction Bremen,med
Universität Bremen,Centre for Environmental Research & Sustainable Technology,tech
Universität Bremen,Centre for Marine Environmental Sciences,mint
Universität Bremen,Centre for Materials and Processes,tech
Universität Bremen,"Centre for Media, Communication and Information Research",phil
Universität Bremen,Centre for Sustainability Research,mint
Universität Bremen,Centre for Transformations of the State,sowi
Universität Bremen,Climate Lab,mint
Universität Bremen,Coral Reef Ecology Group (CORE),mint
Universität Bremen,Crystallography &amp; Geomaterials Research,tech
Universität Bremen,DFG Research Center Ocean Margins,mint
Universität Bremen,Data Science Center,tech
Universität Bremen,Department of Biology & Chemistry,mint
Universität Bremen,Department of Biology and Chemistry,mint
Universität Bremen,Department of Business and Economics,sowi
Universität Bremen,Department of Computer Science,tech
Universität Bremen,Department of Earth Sciences,mint
Universität Bremen,Department of Earth Sciences; ; Bremen; Germany,mint
Universität Bremen,Department of Earth System Sciences,mint
Universität Bremen,Department of Economic Science,mint
Universität Bremen,Department of Economics,sowi
Universität Bremen,Department of Environmental Physics and Remote Sensing,mint
Universität Bremen,Department of Geography,phil
Universität Bremen,Department of Geological Sciences,mint
Universität Bremen,Department of Geosciences,mint
Universität Bremen,Department of Geosciences / MARUM - Center for Marine Environmental Sciences,tech
Universität Bremen,Department of Geosciences and MARUM Centre for Marine Environmental Sciences,mint
Universität Bremen,Department of Geosciences; ; Bremen Germany,tech
Universität Bremen,Department of Law,jura
Universität Bremen,Department of Marine Botany,mint
Universität Bremen,Department of Marine Ecology,mint
Universität Bremen,Department of Marine Zoology,mint
Universität Bremen,Department of Physics and Earth Sciences,mint
Universität Bremen,Department of Physics and Electrical Engineering,tech
Universität Bremen,Department of Physics and Electrical Engineering; ; Bremen Germany,mint
Universität Bremen,Department of Political Science,sowi
Universität Bremen,Department of Prevention and Evaluation,med
Universität Bremen,Department of Social Epidemiology,med
Universität Bremen,Department of Social Sciences,sowi
Universität Bremen,Department of Sociology,sowi
Universität Bremen,Departments of English and Linguistics,phil
Universität Bremen,Earth Sciences,mint
Universität Bremen,Education in the Migration Society & Intercultural Education,phil
Universität Bremen,English‐Speaking Cultures,phil
Universität Bremen,Environmental Physics IUP,mint
Universität Bremen,FB Geowissenschaften,mint
Universität Bremen,FB5 Geosciences,mint
Universität Bremen,Fachbereich 1: Institut für Umweltphysik / Fernerkundung,mint
Universität Bremen,Fachbereich Geowissenschafien,mint
Universität Bremen,Fachbereich Geowissenschaften,mint
Universität Bremen,Fachbereich Geowissenschaften Universität Bremen,mint
Universität Bremen,Fachbereich Geowissenschaften Universität Bremen Bremen Germany,mint
Universität Bremen,Fachbereich Geowissenschaften der Universitat Bremen,mint
Universität Bremen,Fachbereich Geowissenschaften; Universität Bremen; Bremen; Germany,mint
Universität Bremen,Fachbereich Physik Universität Bremen,mint
Universität Bremen,Faculty 10: Linguistics and Literary Studies (FB10),phil
Universität Bremen,"Faculty 8, Institute of Geography",phil
Universität Bremen,Faculty for Human and Health Sciences,med
Universität Bremen,Faculty of Biology and Chemistry,mint
Universität Bremen,Faculty of Business Studies & Economics,sowi
Universität Bremen,Faculty of Economic and Social Sciences,sowi
Universität Bremen,Faculty of Economics and Social Sciences,sowi
Universität Bremen,Faculty of Geosciences and MARUM,mint
Universität Bremen,Faculty of Geosciences and MARUM-Center for Marine Environmental Sciences,mint
Universität Bremen,Faculty of Language Sciences and Literature,phil
Universität Bremen,Faculty of Linguistics & Literary Studies,phil
Universität Bremen,Faculty of Linguistics & Literary Studies - English,phil
Universität Bremen,Faculty of Mathematics & Computer Science,tech
Universität Bremen,Faculty of Pedagogy & Educational Sciences,phil
Universität Bremen,Faculty of Physics & Electrical Engineering,tech
Universität Bremen,Faculty of Production Engineering,tech
Universität Bremen,Focus Area Health,med
Universität Bremen,Forschungszentrum Ungleichheit und Sozialpolitik,sowi
Universität Bremen,Foundation Institute of Materials Science,mint
Universität Bremen,GEOPOLAR,mint
Universität Bremen,GEOPOLAR Institute of Geography,mint
Universität Bremen,Geomorphologie und Polarforschung (GEOPOLAR),mint
Universität Bremen,Geomorphology and Polar Research,mint
Universität Bremen,Geomorphology and Polar Research (GEOPO-LAR),mint
Universität Bremen,Geomorphology and Polar Research (GEOPOLAR),mint
Universität Bremen,Geophysics,mint
Universität Bremen,Geopolar,mint
Universität Bremen,Geosciences,mint
Universität Bremen,Geosciences Department,mint
Universität Bremen,Global Dynamics of Social Policy,sowi
Universität Bremen,Global Health,med
Universität Bremen,Health Sciences,med
Universität Bremen,Health Sciences Bremen,med
Universität Bremen,"Health, Long-Term Care and Pensions",med
Universität Bremen,History,phil
Universität Bremen,IUP - Institute of Environmental Physics [Bremen] (Bremen - Germany),mint
Universität Bremen,IUP Bremen - Institut für Umweltphysik,mint
Universität Bremen,IUP Bremen â Institut fÃ¼r Umweltphysik,mint
Universität Bremen,IUP Bremen – Institut für Umweltphysik,mint
Universität Bremen,Inequality and Social Policy,sowi
Universität Bremen,Insect and Chemical Ecology,mint
Universität Bremen,Institue of Environmental Physics,mint
Universität Bremen,Institut f ür Umweltphysik,mint
Universität Bremen,Institut für Geographie,sowi
Universität Bremen,Institut für Interkulturelle und Internationale Studien,phil
Universität Bremen,Institut für Umweltphysik,mint
Universität Bremen,Institute for Environmental Physics,mint
Universität Bremen,Institute for Environmental Physics & Marine Environmental Sciences,mint
Universität Bremen,Institute for Environmental Physics IUP,mint
Universität Bremen,Institute for Geography & Marine Environmental Sciences,mint
Universität Bremen,Institute for Philosophy,tech
Universität Bremen,Institute for Political Science,sowi
Universität Bremen,Institute for Prevention Research and Epidemiology,med
Universität Bremen,Institute for Public Health and Nursing,med
Universität Bremen,Institute of Analytical & Organic Chemistry,mint
Universität Bremen,Institute of Biology Education,mint
Universität Bremen,Institute of Environmental Physics (IUP-UB),mint
Universität Bremen,Institute of Environmental Physics -IUP,mint
Universität Bremen,Institute of Environmental Physics and Institute of Remote Sensing,mint
Universität Bremen,Institute of Environmental Physics and Remote Sensing,mint
Universität Bremen,Institute of Geography,tech
Universität Bremen,Institute of Geography (Geopolar),mint
Universität Bremen,Institute of Geosciences,mint
Universität Bremen,Institute of Intercultural and International Studies,phil
Universität Bremen,Institute of Physics,mint
Universität Bremen,Institute of Social Sciences,sowi
Universität Bremen,Institute of Technology & Education,tech
Universität Bremen,Interdisciplinary Ageing- and Nursing Sciences,med
Universität Bremen,International,mint
Universität Bremen,Laboratory for Modeling and Observation of the Earth System (LAMOS),mint
Universität Bremen,Laboratory for Modeling and Observation of the Earth SystemÂ (LAMOS),mint
Universität Bremen,Laboratory for Modelling and Observation of the Earth System (LAMOS),mint
Universität Bremen,Leibniz Centre for Tropical Marine Research (ZMT),mint
Universität Bremen,Leibniz Centre for Tropical Marine Research (ZMT) GmbH,mint
Universität Bremen,Leibniz Institute for Prevention Research and Epidemiology - BIPS,med
Universität Bremen,"Life Course, Life Course Policy and Social Integration",sowi
Universität Bremen,Lifelong Learning,phil
Universität Bremen,MARUM,mint
Universität Bremen,MARUM - Center for Marine Environmental Science,mint
Universität Bremen,MARUM - Center for Marine Environmental Sciences [Bremen] (Leo­bener Str. 8,mint
Universität Bremen,MARUM - Center for Marine Environmental Sciences and Faculty of Geosciences; ; Bremen Germany,mint
Universität Bremen,MARUM - Centre for Marine Environmental Sciences,mint
Universität Bremen,MARUM -Center for Marine Environmental Sciences and Faculty of Geosciences,mint
Universität Bremen,MARUM -Centre for Marine Environmental Sciences,mint
Universität Bremen,MARUM Center for Marine Environmental Sciences Universität Bremen,mint
Universität Bremen,MARUM Zentrum für Marine Umweltwissenschaften,mint
Universität Bremen,MARUM â Center for Marine Environmental Sciences,mint
Universität Bremen,MARUM â Center for Marine Environmental Sciences and Faculty of Geosciences,mint
Universität Bremen,MARUM – Center for Marine Environmental Science,mint
Universität Bremen,MARUM – Center for Marine Environmental Sciences,mint
Universität Bremen,MARUM – Center for Marine Environmental Sciences and Department of Geosciences,mint
Universität Bremen,MARUM – Center for Marine Environmental Sciences and Faculty of Geosciences,mint
Universität Bremen,MARUM – Center for Marine and Environmental Sciences and Department of Geosciences,mint
Universität Bremen,MARUM – Center for Marine and Environmental Sciences and Faculty of Geosciences,mint
Universität Bremen,MARUM – Centre for Marine Environmental Sciences,mint
Universität Bremen,MARUM – Centre of Marine Environmental Science,mint
Universität Bremen,MARUM — Center for Marine Environmental Sciences,mint
Universität Bremen,MARUM � Center for Marine Environmental Sciences and Faculty of Geosciences,mint
Universität Bremen,MARUM-Center for Marine Environmental Sciences; ; Bremen Germany,mint
Universität Bremen,MARUM-Centre for Marine Environmental Science,mint
Universität Bremen,MARUM/: Center for Marine Environmental Sciences Universität Bremen,mint
Universität Bremen,MARUM/Fachbereich 5-Geowissenschaften,mint
Universität Bremen,MARUM–Center for Marine Environmental Science,mint
Universität Bremen,MARUM–Center for Marine Environmental Sciences,mint
Universität Bremen,MARUM–Center for Marine and Environmental Sciences and Department of Geosciences,mint
Universität Bremen,MARUM—Center for Marine Environmental Sciences,mint
Universität Bremen,MARUM—Center for Marine Environmental Sciences &amp; Faculty of Geosciences,mint
Universität Bremen,MARUM—Center for Marine Environmental Sciences and Department of Geosciences,mint
Universität Bremen,MARUM—Center for Marine Environmental Sciences and Faculty of Geosciences,mint
Universität Bremen,Marine Botany,agrar
Universität Bremen,Marine Ecology Department,mint
Universität Bremen,Marine Ecology and Coral Reef Ecology Group,mint
Universität Bremen,Marine Zoology,mint
Universität Bremen,Marum – Center for Marine Environmental Sciences,mint
Universität Bremen,Marum-Center for Marine Environmental Sciences,mint
Universität Bremen,Marum–Zentrum für Marine Umweltwissenschaften der Universität Bremen,mint
Universität Bremen,Max Planck Institute for Marine Microiology,mint
Universität Bremen,Microbe-Plant Interactions,agrar
Universität Bremen,Organic Geochemistry Group,mint
Universität Bremen,Organic Geochemistry Group MARUM – Center for Marine Environmental Sciences and Faculty of Geosciences,mint
Universität Bremen,Particles and Process Engineering,tech
Universität Bremen,Physics & Earth Sciences,mint
Universität Bremen,Physics & Environmental Engineering,mint
Universität Bremen,Politics & Economics,sowi
Universität Bremen,Population and Evolutionary Ecology Group,mint
Universität Bremen,Production & Logistics,tech
Universität Bremen,Public Health,med
Universität Bremen,Research Center Ocean Margins,mint
Universität Bremen,Research Center Ocean Margins Universität Bremen,mint
Universität Bremen,SFB 597 – TRansformations of the State,sowi
Universität Bremen,SOCIUM Research Center on Inequality and Social Policy,sowi
Universität Bremen,SOCIUM – Research Center on Inequality and Social Policy,sowi
Universität Bremen,"School of Business, Social & Decision Sciences",sowi
Universität Bremen,School of Social Sciences,sowi
Universität Bremen,Sedimentology and Environmental Geology,mint
Universität Bremen,SfB 597 – Transformations of the State,phil
Universität Bremen,Social Policy,sowi
Universität Bremen,Sustainability Research Center,sowi
Universität Bremen,Tropical Marine Ecology,mint
Universität Bremen,Zentrallabor für Kristallographie und Angewandte Materialwissenschaften (ZeKAM),tech
Universität Bremen,Zentrum für Marine Umweltwissenschaften (MARUM) Universität Bremen,mint
Universität Bremen,Zoological Institute,mint
Universität Bremen,d MARUM,mint
Universität Bremen Forschungsstelle-Osteuropa,NA,phil
Universität Greifswald,AG Vogelwarte,mint
Universität Greifswald,Chair of Sustainability Science and Applied Geography,mint
Universität Greifswald,Clinical-epidemiological research,med
Universität Greifswald,Department Sustainability Science and Applied Geography,mint
Universität Greifswald,Department of Biotechnology & Enzyme Catalysis,med
Universität Greifswald,Department of Economics,sowi
Universität Greifswald,Department of General and Systematic Zoology,mint
Universität Greifswald,Department of Geology,mint
Universität Greifswald,Department of Geosciences,tech
Universität Greifswald,Department of Internal Medicine A,med
Universität Greifswald,Department of Medicine A,med
Universität Greifswald,Department of Paediatric Dentistry,med
Universität Greifswald,Department of Physical Geography,phil
Universität Greifswald,Dept. of Biotechnology &amp; Enzyme Catalysis,med
Universität Greifswald,Dpt. Sustainability Science and Applied Geography,tech
Universität Greifswald,Economic and Social Geography,sowi
Universität Greifswald,Faculty of Business Studies & Economics,sowi
Universität Greifswald,Faculty of Economic and Social Sciences,sowi
Universität Greifswald,Faculty of Economics and Social Sciences,sowi
Universität Greifswald,Faculty of Law and Economics &amp; Institute of Botany and Landscape Ecology,jura
Universität Greifswald,Faculty of Mathematics and Natural Sciences,mint
Universität Greifswald,General Botany and Plant Systematics,mint
Universität Greifswald,General Zoology and Zoological Systematics Zoological Institute and Museum University of Greifswald,mint
Universität Greifswald,General and Systematic Zoology,mint
Universität Greifswald,Geoecology and Soil Geography,mint
Universität Greifswald,Geography Institute,phil
Universität Greifswald,Institut für Biochemie,mint
Universität Greifswald,Institut für Community Medicine,med
Universität Greifswald,Institut für Deutsche Philologie,phil
Universität Greifswald,Institut für Geographie und Geologie,tech
Universität Greifswald,"Institut für Geographie und Geologie, Lehrstuhl Bodengeographie und Geoökologie",mint
Universität Greifswald,"Institut für Geographie und Geologie, Lehrstuhl für Physische Geographie",mint
Universität Greifswald,Institute for Community Medicine,med
Universität Greifswald,Institute for Geography and Geology,mint
Universität Greifswald,Institute for Geology,mint
Universität Greifswald,Institute for German Philology,phil
Universität Greifswald,Institute for Mathematics and Computer Science,tech
Universität Greifswald,Institute of Biochemistry,mint
Universität Greifswald,Institute of Botanik and Landscape Ecology,mint
Universität Greifswald,Institute of Botany and Landscape Ecology,agrar
Universität Greifswald,Institute of Botany and Landscape Ecology University of Greifswald,mint
Universität Greifswald,Institute of Botany and Landscape Ecology University of Greifswald Grimmer Strasse 88 D‐17487 Greifswald Germany,mint
Universität Greifswald,Institute of Botany and Landscape ecology,mint
Universität Greifswald,Institute of Geography,phil
Universität Greifswald,Institute of Geography and Geology,mint
Universität Greifswald,Institute of Geography and Geology University of Greifswald Friedrich‐Ludwig‐Jahn Str. 17a Greifswald 17487 Germany,mint
Universität Greifswald,Institute of Geosciences,mint
Universität Greifswald,Institute of Landscape Ecology Ernst‐Moritz‐Arndt University Greifswald Soldmannstrasse 15 17487 Greifswald Germany,mint
Universität Greifswald,Institute of Landscape Ecology and Nature Conservation,mint
Universität Greifswald,Institute of Marine Biotechnology,mint
Universität Greifswald,Institute of Pharmacology,med
Universität Greifswald,Institute of Pharmacy,med
Universität Greifswald,Institute of Physics,mint
Universität Greifswald,Interfaculty Institute for Genetics and Functional Genomics,med
Universität Greifswald,Interfaculty Institute for Genetics and Functional Genomics; University of Greifswald; Greifswald Germany,med
Universität Greifswald,Nanostructure,mint
Universität Greifswald,Nanostructure at the Center for Innovation Competence for Humoral Immune Responses in Cardiovascular Disease,med
Universität Greifswald,Peatland Studies and Palaeoecology Research Group,mint
Universität Greifswald,Pharmaceutical Biology,mint
Universität Greifswald,Pharmaceutical Biotechnology,med
Universität Greifswald,Physical Geography Chair,mint
Universität Greifswald,Zoological Institute,mint
Universität Greifswald,Zoological Institute & Zoological Museum,mint
Universität Greifswald,Zoological Museum,mint
Universität Greifswald,Zoologisches Institut und Museum,mint
Universität Greifswald Mathematisch-Naturwissenschaftliche Fakultät,Department of Biochemistry,mint
Universität Hamburg,"Abteilung für Sprache und Kultur Japans, Asien-Afrika-Institut",phil
Universität Hamburg,Adult Education in cultural and social context,phil
Universität Hamburg,Affiliation Department for Diagnostic and Interventional Radiology and Nuclear Medicine,med
Universität Hamburg,Applications of Life Sciences,mint
Universität Hamburg,Aquatic Ecophysiology and Phycology,mint
Universität Hamburg,Arms Control & Emerging Technologies,mint
Universität Hamburg,Asia-Africa-Institute,phil
Universität Hamburg,Australian Catholic University,rewi
Universität Hamburg,Bernhard Nocht Centre for Clinical Trials (BNCCT),med
Universität Hamburg,Bernhard Nocht Institute for Tropical Medicine,med
Universität Hamburg,"Biodiversity, Ecology and Evolution of Plants",agrar
Universität Hamburg,Biozentrum Klein Flottbek,med
Universität Hamburg,Bremen International Graduate School of Social Sciences,sowi
Universität Hamburg,Business,sowi
Universität Hamburg,CEN Center for Earth System Research and,mint
Universität Hamburg,CEN Center for Earth System Research and Sustainability,mint
Universität Hamburg,Carbon and Nutrient Cycling,tech
Universität Hamburg,Center for Earth System Research and Sustainability CEN,mint
Universität Hamburg,Center for Earth System Sciences and Sustainability,mint
Universität Hamburg,Center for Earth System Sustainability Institute of Oceanography,mint
Universität Hamburg,Center for Earth Systems Research and Sustainability,mint
Universität Hamburg,Center for Radiology & Endoscopy,med
Universität Hamburg,Center of Earth System Research and Sustainability,mint
Universität Hamburg,Centre for Buddhist Studies (Numata Centre),rewi
Universität Hamburg,Centre for Earth System Research & Sustainability,mint
Universität Hamburg,Centre for Ethiopian and Eritrean Studies,phil
Universität Hamburg,Centre for Futures of Sustainability,tech
Universität Hamburg,Centre for Sustainable Development & Climate Change Management,sowi
Universität Hamburg,Centre for Sustainable Research Data Management,tech
Universität Hamburg,Centre for Teacher Education,phil
Universität Hamburg,Centre for the Study of Manuscript Cultures,phil
Universität Hamburg,Centre of Marine and Atmospheric Sciences ZMAW Institute of Oceanography,mint
Universität Hamburg,Centrum für Erdsystemforschung und Nachhaltigkeit,mint
Universität Hamburg,Centrum für Erdsystemforschung und Nachhaltigkeit (CEN),mint
Universität Hamburg,Chemical Reaction Technique,mint
Universität Hamburg,"Climate, Climatic Change, and Society",sowi
Universität Hamburg,Clinic for Anesthesiology and Intensive Care Medicine,med
Universität Hamburg,Clinic for General and Interventional Cardiology,med
Universität Hamburg,Clinical Psychology and Psychotherapy,med
Universität Hamburg,Cluster of Excellence  'Understanding Written Artefacts' (UWA),phil
Universität Hamburg,Cluster of Excellence Integrated Climate System Analysis and Prediction,med
Universität Hamburg,DFG Humanities Centre for Advanced Studies Futures of Sustainability,phil
Universität Hamburg,DFG Humanities Centre for Advanced Studies “Futures of Sustainability,phil
Universität Hamburg,DZHK (German Center for Cardiovascular Research),med
Universität Hamburg,DZIF Partner Site (German Center for Infection Research),med
Universität Hamburg,Department of Anesthesiology,med
Universität Hamburg,Department of Biochemistry and Molecular Biology,mint
Universität Hamburg,Department of Biogeochemistry,mint
Universität Hamburg,Department of Biostatistics and Epidemiology,med
Universität Hamburg,Department of British and American Studies,phil
Universität Hamburg,Department of Chemistry,mint
Universität Hamburg,Department of Child and Adolescent Psychiatry,med
Universität Hamburg,Department of Classical Archaeology,phil
Universität Hamburg,Department of Clinical Immunology of Infectious Diseases,med
Universität Hamburg,Department of Clinical Psychology and Psychotherapy,med
Universität Hamburg,Department of Culture & History of India and Tibet,phil
Universität Hamburg,Department of Dermatology and Venereology,med
Universität Hamburg,Department of Diagnostic and Interventional Neuroradiology,med
Universität Hamburg,Department of Diagnostic and Interventional Neuroradiology University Medical Center Hamburg‐Eppendorf Hamburg Germany,med
Universität Hamburg,Department of Diagnostic and Interventional Radiology & Nuclear Medicine,med
Universität Hamburg,Department of Diagnostic and Interventional Radiology and Nuclear Medicine,med
Universität Hamburg,Department of Earth Sciences,mint
Universität Hamburg,Department of Earth System Sciences,mint
Universität Hamburg,Department of Earth System Sciences Center for Earth System Research and Sustainability,mint
Universität Hamburg,Department of Economics,sowi
Universität Hamburg,Department of Education,phil
Universität Hamburg,Department of Educational Psychology and Motivation,phil
Universität Hamburg,Department of English,phil
Universität Hamburg,Department of Gastroenterology and Infectious Diseases,med
Universität Hamburg,Department of Geography,phil
Universität Hamburg,Department of Geology,mint
Universität Hamburg,Department of Geosciences,tech
Universität Hamburg,Department of Geosciences University of Hamburg Hamburg Germany,mint
Universität Hamburg,Department of Haematology,med
Universität Hamburg,Department of Health Economics and Health Services Research,med
Universität Hamburg,Department of Health Economics and Health Services Research University Medical Center Hamburg‐Eppendorf Hamburg Center for Health Economics,med
Universität Hamburg,Department of Hepatobiliary and Transplant Surgery,med
Universität Hamburg,Department of Human Geography,phil
Universität Hamburg,Department of Immunology,med
Universität Hamburg,Department of Informatics,tech
Universität Hamburg,Department of Intensive Care Medicine,med
Universität Hamburg,Department of Internal Medicine,med
Universität Hamburg,Department of Internal Medicine III and Clinics,med
Universität Hamburg,Department of Invertebrates,mint
Universität Hamburg,Department of Languages and Aesthetic Disciplines Education,phil
Universität Hamburg,Department of Management Sciences and Technology,tech
Universität Hamburg,Department of Mathematics,mint
Universität Hamburg,Department of Mathematics and Center for Earth System Research and Sustainability (CEN),tech
Universität Hamburg,Department of Medical Biometry and Epidemiology,med
Universität Hamburg,Department of Medical Microbiology,med
Universität Hamburg,Department of Medical Psychology,med
Universität Hamburg,Department of Medicine,med
Universität Hamburg,Department of Medicine I,med
Universität Hamburg,Department of Medicine I (Gastroenterology and Hepatology,med
Universität Hamburg,Department of Medicine University Medical Center,med
Universität Hamburg,Department of Medicine University Medical Center Hamburg‐Eppendorf Hamburg Germany,med
Universität Hamburg,Department of Medicine and Martin Zeitz Centre for Rare Diseases,med
Universität Hamburg,Department of Molecular Phytopathology,mint
Universität Hamburg,Department of Natural Sciences,mint
Universität Hamburg,Department of Nephrology,med
Universität Hamburg,Department of Neurology,med
Universität Hamburg,Department of Neurology and Schilling Department for Clinical and Molecular Neurogenetics,med
Universität Hamburg,Department of Neuropathology,med
Universität Hamburg,Department of Neuroradiology,med
Universität Hamburg,Department of Oncology,med
Universität Hamburg,Department of Oncology Hematology and Bone Marrow Transplantation University Medical Center Hamburg‐Eppendorf Hamburg,med
Universität Hamburg,Department of Oral and Maxillofacial Surgery,med
Universität Hamburg,Department of Orthopaedic Surgery,med
Universität Hamburg,Department of Otorhinolaryngology,med
Universität Hamburg,Department of Pediatrics,med
Universität Hamburg,Department of Political Science,sowi
Universität Hamburg,Department of Psychosomatic Medicine and Psychotherapy,med
Universität Hamburg,Department of Psychosomatic Medicine and Psychotherapy University Medical Centre Hamburg‐Eppendorf,med
Universität Hamburg,Department of Radiology,med
Universität Hamburg,Department of Social Sciences,sowi
Universität Hamburg,Department of Social Work,sowi
Universität Hamburg,Department of Socioeconomics,sowi
Universität Hamburg,Department of Systems Neuroscience,med
Universität Hamburg,Department of Tropical Medicine,med
Universität Hamburg,Department of Visceral Transplant Surgery,med
Universität Hamburg,Department of Visceral Transplantation,med
Universität Hamburg,Department of Visceral Transplantation University Medical Center Hamburg‐Eppendorf Hamburg Germany,med
Universität Hamburg,"Dept. Biology, Institute of Plant Science and Microbiology",agrar
Universität Hamburg,Dept. of Geosciences,mint
Universität Hamburg,Deutsches Zentrum für Suchtfragen des Kindes- und Jugendalters (DZSKJ),med
Universität Hamburg,Diagnostic and Interventional Radiology and Nuclear Medicine,med
Universität Hamburg,Diagnostikzentrum,med
Universität Hamburg,Didactics of Mathematics,mint
Universität Hamburg,Division for Tropical Diseases,med
Universität Hamburg,Division of Infectious Diseases,med
Universität Hamburg,Division of Pediatric Nephrology Department of Pediatrics University Medical Center Hamburg Germany,med
Universität Hamburg,Division of Regenerative Orofacial Medicine,med
Universität Hamburg,Division of Translational Immunology,med
Universität Hamburg,Earth Sciences,mint
Universität Hamburg,European School of Sustainability Science and Research,mint
Universität Hamburg,Evolutionary Immunogenomics,med
Universität Hamburg,Faculty Life Sciences,mint
Universität Hamburg,Faculty of Business Studies & Economics,sowi
Universität Hamburg,Faculty of Economic and Social Sciences,sowi
Universität Hamburg,Faculty of Economics and Social Sciences,sowi
Universität Hamburg,Faculty of Education,phil
Universität Hamburg,Faculty of Law,jura
Universität Hamburg,Faculty of Life Sciences,mint
Universität Hamburg,Faculty of Linguistics & Literary Studies,phil
Universität Hamburg,Faculty of Mathematics,mint
Universität Hamburg,Fakultät für Erziehungswissenschaft,phil
Universität Hamburg,"Fakultät für Geisteswissenschaften, Fachbereich Geschichte",phil
Universität Hamburg,First Department of Medicine,med
Universität Hamburg,Fraunhofer Institute for Silicon Technology (ISiT),tech
Universität Hamburg,From the Institut für Zellbiochemie und Klinische Neurobiologie,med
Universität Hamburg,Gastroenterology and Hepatology,med
Universität Hamburg,Geological-Palaeontological Institute,mint
Universität Hamburg,Geologie - Biogeochemistry,mint
Universität Hamburg,Geologisch-Paläontologisches Institut,mint
Universität Hamburg,German Armed Forces Hospital,med
Universität Hamburg,German Center for Infection Research (DZIF),med
Universität Hamburg,Global History,phil
Universität Hamburg,HAMBURG SCHOOL OF FOOD SCIENCE–Institute of Food Chemistry,agrar
Universität Hamburg,Hamburg School of Food Science—Institute of Food Chemistry,agrar
Universität Hamburg,Hamburg University Institut für Angewandte Physik,mint
Universität Hamburg,Heart Center,med
Universität Hamburg,History,phil
Universität Hamburg,Human Geography,sowi
Universität Hamburg,III. Department of Medicine,med
Universität Hamburg,Infectious Diseases,med
Universität Hamburg,Informatics,tech
Universität Hamburg,Informatics | Center for Bioinformatics,tech
Universität Hamburg,Insititute of Zoology,mint
Universität Hamburg,Insitut für Angewandte Physik und Zentrum für Mikrostrukturforschung,mint
Universität Hamburg,Institut fur Angewandte Physik und Zentrum fur Mikrostrukturforschung,mint
Universität Hamburg,Institut fur Experimentalphysik,mint
Universität Hamburg,Institut für Allgemeine Botanik,mint
Universität Hamburg,Institut für Angewandte Physik,mint
Universität Hamburg,Institut für Angewandte Physik und Zentrum für Mikrostrukturforschung,mint
Universität Hamburg,Institut für Bodenkunde,agrar
Universität Hamburg,Institut für Experimental physik,mint
Universität Hamburg,Institut für Geographie,sowi
Universität Hamburg,Institut für Geologie,mint
Universität Hamburg,Institut für Geologie CEN,mint
Universität Hamburg,Institut für Geologie Centrum für Erdsystemforschung und Nachhaltigkeit,mint
Universität Hamburg,Institut für Geophysik,mint
Universität Hamburg,Institut für Meereskunde,mint
Universität Hamburg,Institut für Osteologie und Biomechanik,med
Universität Hamburg,Institut für Politische Wissenschaft,sowi
Universität Hamburg,Institut für Politische Wissenschaft; Institut für Soziologie,sowi
Universität Hamburg,Institut für Technische und Makromolekulare Chemie,mint
Universität Hamburg,Institut of Geography,mint
Universität Hamburg,Institut of Wood Physics,tech
Universität Hamburg,Institute for American Studies,phil
Universität Hamburg,Institute for Applied Physics,mint
Universität Hamburg,Institute for Biogeochemistry and Marine Chemistry,mint
Universität Hamburg,Institute for Biometrics,med
Universität Hamburg,Institute for Computer Science,tech
Universität Hamburg,Institute for English & American Studies,phil
Universität Hamburg,Institute for Experimental Physics,mint
Universität Hamburg,Institute for Experimental physics,mint
Universität Hamburg,Institute for Geology,mint
Universität Hamburg,Institute for Geology Center for Earth System Research and Sustainability,mint
Universität Hamburg,Institute for Law and Economics,jura
Universität Hamburg,Institute for Medical Microbiology,med
Universität Hamburg,Institute for Meteorology,mint
Universität Hamburg,Institute for Oceanography,mint
Universität Hamburg,Institute for Physical Chemistry,mint
Universität Hamburg,Institute for Plant Science and Microbiology,mint
Universität Hamburg,Institute for Political Science,sowi
Universität Hamburg,Institute for Romance Linguistics,phil
Universität Hamburg,Institute for Sociology,sowi
Universität Hamburg,Institute for Soil Science,agrar
Universität Hamburg,Institute for Technical and Macromolecular Chemistry,mint
Universität Hamburg,Institute for Technology and Innovation Management,sowi
Universität Hamburg,Institute for Technology and Innovation Management (TIM),tech
Universität Hamburg,Institute for Technology and Innovation Management at Hamburg University of Technology (TUHH),tech
Universität Hamburg,Institute for Transfusion Medicine,med
Universität Hamburg,Institute for Tumor Biology,mint
Universität Hamburg,Institute for Water Resources and Water Supply,agrar
Universität Hamburg,Institute for theoretical Physics,mint
Universität Hamburg,Institute für Geologie,mint
Universität Hamburg,Institute für Geologie Centrum für Erdsystemforschung und Nachhaltigkeit,mint
Universität Hamburg,Institute of Applied Physics,mint
Universität Hamburg,Institute of Applied Physics and Microstructure Research Center,mint
Universität Hamburg,Institute of Biochemistry and Molecular Biology,mint
Universität Hamburg,Institute of Biochemistry and Molecular Biology I,mint
Universität Hamburg,Institute of Biogeochemistry and Marine Chemistry,mint
Universität Hamburg,Institute of Biometrics,mint
Universität Hamburg,Institute of Clinical Chemistry and Laboratory Medicine,med
Universität Hamburg,Institute of Food Chemistry,agrar
Universität Hamburg,Institute of Geo-Hydroinformatics,tech
Universität Hamburg,Institute of Geography,sowi
Universität Hamburg,"Institute of Geography, Research group, Climate change and security (CLISEC)",sowi
Universität Hamburg,Institute of Geology University of Hamburg,mint
Universität Hamburg,Institute of Geophysics,mint
Universität Hamburg,Institute of Geosciences,mint
Universität Hamburg,Institute of German Sign Language and Communication of the Deaf,phil
Universität Hamburg,Institute of Immunology,med
Universität Hamburg,Institute of Information Systems,tech
Universität Hamburg,Institute of Law and Economics,jura
Universität Hamburg,Institute of Marine Biogeochemistry and Marine Chemistry,mint
Universität Hamburg,Institute of Medical Biometry and Epidemiology,med
Universität Hamburg,Institute of Medical Microbiology,med
Universität Hamburg,Institute of Neuropathology,med
Universität Hamburg,Institute of Oceanography,mint
Universität Hamburg,Institute of Oceanography University of Hamburg CEN,mint
Universität Hamburg,Institute of Physics,mint
Universität Hamburg,Institute of Plant Science and Microbiology,agrar
Universität Hamburg,Institute of Polymer and Composites,tech
Universität Hamburg,Institute of Social Sciences,sowi
Universität Hamburg,Institute of Technical and Macromolecular Chemistry,mint
Universität Hamburg,Institute of Wood Physics,mint
Universität Hamburg,Institute of Zoology,mint
Universität Hamburg,Integrated Climate Data Center,mint
Universität Hamburg,Integrative Geography,phil
Universität Hamburg,Intercultural Theology & Religious Science,rewi
Universität Hamburg,Intercultural and International Comparative Educational Science,phil
Universität Hamburg,Interdisciplinary Centre for Climate Change and Human Health,med
Universität Hamburg,International Climate Change Information and Research Programme,med
Universität Hamburg,KlimaCampus Hamburg,med
Universität Hamburg,Laboratory for Structural Biology of Infection and Inflammation,mint
Universität Hamburg,Language & Culture of Japan,phil
Universität Hamburg,Leibniz Center for Tropical Marine Research,mint
Universität Hamburg,Lifelong Learning,phil
Universität Hamburg,Lukas Meyer Dept of Diagnostic and Interventional Neuroradiology,med
Universität Hamburg,Management Science and Technology,sowi
Universität Hamburg,Marine Geophysics Group,mint
Universität Hamburg,Mass Spectrometry & Preteomics,mint
Universität Hamburg,Max-Planck Institute for Meteorology,mint
Universität Hamburg,Medical Clinic III,med
Universität Hamburg,Medicine,med
Universität Hamburg,Medizinische Klinik,med
Universität Hamburg,Medizinische Klinik und Poliklinik,med
Universität Hamburg,Medizinische Klinik und Poliklinik – Sektion Infektiologie & Tropenmedizin,med
Universität Hamburg,Medizinische Psychologie,med
Universität Hamburg,Meteorological Institute Center for Earth System Research and Sustainability,mint
Universität Hamburg,Meteorological Institute and Center for Earth System Research and Sustainability (CEN),mint
Universität Hamburg,Meteorologisches Institute,mint
Universität Hamburg,Meteorology,mint
Universität Hamburg,Mineralogisch-Petrographisches Institut,mint
Universität Hamburg,Neurology,med
Universität Hamburg,Now at Max-Planck-Institut ffir Meteorologie,mint
Universität Hamburg,Oceanography,mint
Universität Hamburg,Organismic Botany and Mycology,tech
Universität Hamburg,Physical Geography,mint
Universität Hamburg,Physical Geography Chair,mint
Universität Hamburg,Project - (Beta maṣāḥǝft) Manuscripts of Ethiopia and Eritrea,phil
Universität Hamburg,Proteomics University Hamburg &amp; University Medical Center Eppendorf,med
Universität Hamburg,Psychology & Social Work,sowi
Universität Hamburg,Radboud University Nijmegen Medical Centre,med
Universität Hamburg,Regional Computer Centre Hamburg,tech
Universität Hamburg,Research Department Cell and Gene Therapy,med
Universität Hamburg,Research Dept. Cell and Gene Therapy,med
Universität Hamburg,Research Group Climate Change and Security,sowi
Universität Hamburg,Research Methods & Statistics,mint
Universität Hamburg,Research Unit Sustainability and Global Change,sowi
Universität Hamburg,"Research and Transfer Center ""Sustainability and Climate Impact Management""",sowi
Universität Hamburg,"Research and Transfer Centre ""Sustainability and Climate Change Management""",sowi
Universität Hamburg,"Research and Transfer Centre ""Sustainable development and Climate Change Management""",sowi
Universität Hamburg,Research and Transfer Centre Sustainability and Climate Change Management,sowi
Universität Hamburg,Research and Transfer Centre “Applications of Life Sciences”,mint
Universität Hamburg,School of Integrated Climate System Sciences (SICSS),mint
Universität Hamburg,School of Social Sciences,sowi
Universität Hamburg,Schulpädagogik,phil
Universität Hamburg,Section Mass Spectrometry and Proteomics,mint
Universität Hamburg,Section of Infectious Diseases and Tropical Medicine,med
Universität Hamburg,Section of Tropical Medicine,med
Universität Hamburg,Sektion Infektiologie und Tropenmedizin,med
Universität Hamburg,Socioeconomics,sowi
Universität Hamburg,Sustainability and Climate Risks,sowi
Universität Hamburg,Sustainable Development and Climate Change Management,sowi
Universität Hamburg,Technical University of Hamburg-Harburg,tech
Universität Hamburg,The Center of the Earth System Research and Sustainability (CEN),mint
Universität Hamburg,The II Medical Clinic,med
Universität Hamburg,Transportation Planning and Logistics,sowi
Universität Hamburg,UMC Hamburg-Eppendorf,med
Universität Hamburg,University Cancer Center Hamburg (UCCH)-Biobank,med
Universität Hamburg,University Children's Hospital,med
Universität Hamburg,University Heart Center Hamburg,med
Universität Hamburg,University Hospital Hamburg-Eppendorf,med
Universität Hamburg,University Hospital Hamburg‐Eppendorf Department of Neurology,med
Universität Hamburg,Universitäres Herzzentrum Hamburg-Eppendorf,med
Universität Hamburg,Universit�tsklinikum Hamburg-Eppendorf,med
Universität Hamburg,Zentrum für Lehrkräftebildung (ZLH),phil
Universität Hamburg,Zentrum für nachhaltiges Forschungsdatenmanagement,phil
Universität Hamburg Department Biologie,NA,mint
Universität Hamburg Department Chemie,Institut für Technische und Makromolekulare Chemie,mint
Universität Hamburg Department Chemie,Institute for Technical and Macromolecular Chemistry,mint
Universität Hamburg Department Physik,NA,mint
Universität Hamburg Fachbereich Volkswirtschaftslehre,Department of Economics,sowi
Universität Hamburg Hiob Ludolf Zentrum für Äthiopistik,NA,phil
Universität Hamburg I Institut für Theoretische Physik,Physics of Superconductivity,mint
Universität Lübeck,Anesthesiology Clinic,med
Universität Lübeck,Center of Structural and Cell Biology in Medicine (CSCM),med
Universität Lübeck,Chronophysiology Group,med
Universität Lübeck,Clinic for Internal Medicine,med
Universität Lübeck,Department of Computer Science & Electrical Engineering,tech
Universität Lübeck,Department of Dermatology,med
Universität Lübeck,Department of Dermatology and Allergy,med
Universität Lübeck,Department of General Internal Medicine,med
Universität Lübeck,Department of General and Thoracic Surgery,mint
Universität Lübeck,Department of Infectious Diseases and Microbiology,med
Universität Lübeck,Department of Internal Medicine,med
Universität Lübeck,Department of Medical Microbiology and Hygiene,med
Universität Lübeck,Department of Medicine,med
Universität Lübeck,Department of Medicine I,med
Universität Lübeck,Department of Neurology,med
Universität Lübeck,Department of Neurology University Hospital Schleswig-Holstein,med
Universität Lübeck,Department of Neurology Universitätsklinikum Schleswig‐Holstein Christian‐Albrechts University Kiel Germany,med
Universität Lübeck,Department of Pathology,med
Universität Lübeck,Department of Pediatrics,med
Universität Lübeck,Department of Psychiatry and Psychotherapy,med
Universität Lübeck,Deutsches Zentrum für Herz-Kreislauf-Forschung (DZHK),med
Universität Lübeck,Division of Endocrinology,med
Universität Lübeck,Division of Nephrology,med
Universität Lübeck,Division of Pediatric Endocrinology,med
Universität Lübeck,Division of Pediatric Endocrinology and Diabetes,med
Universität Lübeck,Faculty of Medicine,med
Universität Lübeck,German Center for Infection Research (DZIF),med
Universität Lübeck,Institut für Biochemie,mint
Universität Lübeck,Institut für Kardiogenetik,med
Universität Lübeck,Institut für Medizinische Biometrie und Statistik,med
Universität Lübeck,Institut für Medizinische Biometrie und Statistik Universität zu Lübeck,med
Universität Lübeck,Institut für Medizinische Biometrie und Statistik; Universität zu Lübeck,med
Universität Lübeck,Institut für Sozialmedizin und Epidemiologie Universität zu Lübeck,med
Universität Lübeck,Institut für integrative und experi-mentelle Genomik,med
Universität Lübeck,Institute for Cardiogenetic,med
Universität Lübeck,Institute for Cardiogenetics,med
Universität Lübeck,Institute for Chemistry and Biology of the Marine Environment,mint
Universität Lübeck,Institute for Clinical Molecular Biology,med
Universität Lübeck,Institute for Experimental Cancer Research,med
Universität Lübeck,Institute for Integrative and Experimental Genomics,med
Universität Lübeck,Institute for Medical Informatics and Statistics,med
Universität Lübeck,Institute for Medical Microbiology and Hygiene,med
Universität Lübeck,Institute for Neurobiology,med
Universität Lübeck,Institute for Social Medicine and Epidemiology,med
Universität Lübeck,Institute of Biochemistry,mint
Universität Lübeck,Institute of Biochemistry Center of Structural and Cell Biology in Medicine,mint
Universität Lübeck,Institute of Chemistry,mint
Universität Lübeck,Institute of Chemistry and Metabolomics,mint
Universität Lübeck,Institute of Chemistry and Metabolomics Center of Structural and Cell Biology in Medicine,mint
Universität Lübeck,Institute of Clinical Molecular Biology,mint
Universität Lübeck,Institute of Diabetes and Clinical Metabolic Research,med
Universität Lübeck,Institute of Experimental and Clinical Pharmacology,med
Universität Lübeck,Institute of Human Genetics,med
Universität Lübeck,Institute of Medical Biometry and Statistics,med
Universität Lübeck,Institute of Medical Microbiology,med
Universität Lübeck,Institute of Medical Microbiology and Clinic of Infectious Diseases,med
Universität Lübeck,Institute of Medical Statistics and Biometry,med
Universität Lübeck,Institute of Neurobiology,med
Universität Lübeck,Institute of Neurogenetics,med
Universität Lübeck,Institute of Social Medicine and Epidemiology,med
Universität Lübeck,Institute of Virology and Cell Biology,med
Universität Lübeck,Kiel Center for Functional Genomics,med
Universität Lübeck,Klinik für Anaesthesiologie,med
Universität Lübeck,Klinik für Innere Medizin I,med
Universität Lübeck,Klinik für Neurologie,med
Universität Lübeck,Medical Department II,med
Universität Lübeck,Medicine,med
Universität Lübeck,Neurobiology,med
Universität Lübeck,POPGEN Biobank,med
Universität Lübeck,Precision Neurology,mint
Universität Lübeck,Unit for Hematological Diagnostics,med
Universität Lübeck,University Heart Center Lübeck,med
Universität Lübeck,University Hospital Lübeck,med
Universität Lübeck,University Hospital Schleswig Holstein,med
Universität Lübeck,Viral Structures,med
Universität Rostock,Agricultural and Environmental Sciences,agrar
Universität Rostock,Allgemeine,med
Universität Rostock,Analytical Chemistry Chair,mint
Universität Rostock,Aquatic Ecology,mint
Universität Rostock,Cell Sorting & Cell Analysis,mint
Universität Rostock,Center for Transdisciplinary Neurosciences Rostock (CTNR),med
Universität Rostock,Clinic and Policlinic for Dermatology and Venereology University Medical Center Rostock,med
Universität Rostock,Core Facility for Cell Sorting and Cell Analysis,med
Universität Rostock,Department Life,med
Universität Rostock,Department of Agronomy,agrar
Universität Rostock,Department of Analytical and Technical Chemistry,mint
Universität Rostock,Department of Economics,sowi
Universität Rostock,Department of General Surgery,med
Universität Rostock,Department of Marine Biology,mint
Universität Rostock,Department of Otorhinolaryngology,med
Universität Rostock,Department of Political Science,sowi
Universität Rostock,Department of Tropical Medicine,med
Universität Rostock,Department of Tropical Medicine & Infectious Diseases,med
Universität Rostock,Department of Waste and Resource Management,tech
Universität Rostock,Empirical Economics,sowi
Universität Rostock,Faculty of Agricultural and Environmental Sciences,agrar
Universität Rostock,Faculty of Agriculture & Environmental Sciences,agrar
Universität Rostock,Faculty of Agriculture and Environmental Science,agrar
Universität Rostock,General and Systematic Zoology,mint
Universität Rostock,Historical Institute,phil
Universität Rostock,History,phil
Universität Rostock,Institut für Volkswirtschaftslehre,sowi
Universität Rostock,Institute for Land Use,sowi
Universität Rostock,Institute for Political Science,sowi
Universität Rostock,Institute of Biosciences,mint
Universität Rostock,Institute of Immunology,med
Universität Rostock,Institute of Physics,mint
Universität Rostock,Joint Mass Spectrometry Centre,mint
Universität Rostock,Landscape Ecology,mint
Universität Rostock,Leibniz Institute of Atmospheric Physics,mint
Universität Rostock,Leibniz-Institute of Atmospheric Physics,mint
Universität Rostock,Marine Biology Department,mint
Universität Rostock,Maritime Systems,mint
Universität Rostock,Material and energy valorization of biogenous residues,mint
Universität Rostock,Mechatronics Chair,mint
Universität Rostock,Medical School,med
Universität Rostock,Physiology of Plant Metabolism,agrar
Universität Rostock,Rudolf Zenker Institute for Experimental Surgery,med
Universität Rostock,Section for Translational Neurodegeneration,med
Universität Rostock,Soil Physics,mint
Universität Rostock,Translational Neurodegeneration Section,med
Universität Rostock,Waste and Resource Management,tech
Universität Rostock,Zoological Institute,mint
Universität Rostock Mathematisch-Naturwissenschaftliche Fakultät,Analytical Chemistry Chair,mint
Universität Rostock Mathematisch-Naturwissenschaftliche Fakultät,NA,mint
Universitätsklinikum Hamburg Eppendorf,Institut für Transfusionsmedizin,med
Universitätsklinikum Hamburg-Eppendorf,"1. Department of Medicine, Group of Prof. Dr. Stefan Lüth",med
Universitätsklinikum Hamburg-Eppendorf,Affiliation Department for Diagnostic and Interventional Radiology and Nuclear Medicine,med
Universitätsklinikum Hamburg-Eppendorf,Bernhard Nocht Centre for Clinical Trials (BNCCT),med
Universitätsklinikum Hamburg-Eppendorf,Bernhard Nocht Institute for Tropical Medicine,med
Universitätsklinikum Hamburg-Eppendorf,Bremen International Graduate School of Social Sciences,sowi
Universitätsklinikum Hamburg-Eppendorf,Cellular Signal Transduction,med
Universitätsklinikum Hamburg-Eppendorf,Center for Molecular Neurobiology Hamburg,med
Universitätsklinikum Hamburg-Eppendorf,Center for Radiology & Endoscopy,med
Universitätsklinikum Hamburg-Eppendorf,"Centre for Anesthesiology and Intensive Care Medicine, Department of Anesthesiology",med
Universitätsklinikum Hamburg-Eppendorf,Centre for Internal Medicine,med
Universitätsklinikum Hamburg-Eppendorf,Centre of Cardiovascular Science,med
Universitätsklinikum Hamburg-Eppendorf,Clinic for Anesthesiology and Intensive Care Medicine,med
Universitätsklinikum Hamburg-Eppendorf,Clinic for General and Interventional Cardiology,med
Universitätsklinikum Hamburg-Eppendorf,Clinical Neuropsychology Research Group,med
Universitätsklinikum Hamburg-Eppendorf,DZHK (German Center for Cardiovascular Research),med
Universitätsklinikum Hamburg-Eppendorf,"Department for Nephrology, Diabetology & Rheumatology",med
Universitätsklinikum Hamburg-Eppendorf,Department of Anatomy & Experimental Morphology,med
Universitätsklinikum Hamburg-Eppendorf,Department of Anesthesiology,med
Universitätsklinikum Hamburg-Eppendorf,Department of Biochemistry and Molecular Biology,mint
Universitätsklinikum Hamburg-Eppendorf,Department of Biostatistics and Epidemiology,med
Universitätsklinikum Hamburg-Eppendorf,Department of Cell and Gene Therapy & Stem Cell Transplantation,med
Universitätsklinikum Hamburg-Eppendorf,Department of Child and Adolescent Psychiatry,med
Universitätsklinikum Hamburg-Eppendorf,Department of Clinical Immunology of Infectious Diseases,med
Universitätsklinikum Hamburg-Eppendorf,Department of Dermatology and Venereology,med
Universitätsklinikum Hamburg-Eppendorf,Department of Diagnostic and Interventional Neuroradiology,med
Universitätsklinikum Hamburg-Eppendorf,Department of Diagnostic and Interventional Neuroradiology University Medical Center Hamburg‐Eppendorf Hamburg Germany,med
Universitätsklinikum Hamburg-Eppendorf,Department of Diagnostic and Interventional Radiology & Nuclear Medicine,med
Universitätsklinikum Hamburg-Eppendorf,Department of Gastroenterology and Infectious Diseases,med
Universitätsklinikum Hamburg-Eppendorf,Department of Gynaecology,med
Universitätsklinikum Hamburg-Eppendorf,Department of Haematology,med
Universitätsklinikum Hamburg-Eppendorf,Department of Health Economics and Health Services Research,med
Universitätsklinikum Hamburg-Eppendorf,Department of Health Economics and Health Services Research University Medical Center Hamburg‐Eppendorf Hamburg Center for Health Economics,med
Universitätsklinikum Hamburg-Eppendorf,Department of Hepatobiliary and Transplant Surgery,med
Universitätsklinikum Hamburg-Eppendorf,Department of Immunology,med
Universitätsklinikum Hamburg-Eppendorf,Department of Intensive Care,med
Universitätsklinikum Hamburg-Eppendorf,Department of Intensive Care Medicine,med
Universitätsklinikum Hamburg-Eppendorf,Department of Internal Medicine,med
Universitätsklinikum Hamburg-Eppendorf,Department of Internal Medicine III and Clinics,med
Universitätsklinikum Hamburg-Eppendorf,Department of Medical Biometry and Epidemiology,med
Universitätsklinikum Hamburg-Eppendorf,Department of Medical Microbiology,med
Universitätsklinikum Hamburg-Eppendorf,Department of Medical Psychology,med
Universitätsklinikum Hamburg-Eppendorf,Department of Medicine,med
Universitätsklinikum Hamburg-Eppendorf,Department of Medicine I,med
Universitätsklinikum Hamburg-Eppendorf,Department of Medicine II,med
Universitätsklinikum Hamburg-Eppendorf,Department of Medicine University Medical Center Hamburg‐Eppendorf Hamburg Germany,med
Universitätsklinikum Hamburg-Eppendorf,Department of Medicine and Martin Zeitz Centre for Rare Diseases,med
Universitätsklinikum Hamburg-Eppendorf,Department of Nephrology,med
Universitätsklinikum Hamburg-Eppendorf,Department of Neurology,med
Universitätsklinikum Hamburg-Eppendorf,Department of Neuropathology,med
Universitätsklinikum Hamburg-Eppendorf,Department of Neurophysiology and Pathophysiology,med
Universitätsklinikum Hamburg-Eppendorf,Department of Neuroradiology,med
Universitätsklinikum Hamburg-Eppendorf,Department of Oncology,med
Universitätsklinikum Hamburg-Eppendorf,Department of Oncology Hematology and Bone Marrow Transplantation University Medical Center Hamburg‐Eppendorf Hamburg,med
Universitätsklinikum Hamburg-Eppendorf,Department of Oral and Maxillofacial Surgery,med
Universitätsklinikum Hamburg-Eppendorf,Department of Osteology and Biomechanics,med
Universitätsklinikum Hamburg-Eppendorf,Department of Otorhinolaryngology,med
Universitätsklinikum Hamburg-Eppendorf,Department of Pediatrics,med
Universitätsklinikum Hamburg-Eppendorf,Department of Psychosomatic Medicine and Psychotherapy,med
Universitätsklinikum Hamburg-Eppendorf,Department of Psychosomatic Medicine and Psychotherapy University Medical Centre Hamburg‐Eppendorf,med
Universitätsklinikum Hamburg-Eppendorf,Department of Radiology,med
Universitätsklinikum Hamburg-Eppendorf,Department of Radiotherapy and Radiation Oncology,med
Universitätsklinikum Hamburg-Eppendorf,Department of Systems Neuroscience,med
Universitätsklinikum Hamburg-Eppendorf,Department of Tropical Medicine,med
Universitätsklinikum Hamburg-Eppendorf,Department of Visceral Transplant Surgery,med
Universitätsklinikum Hamburg-Eppendorf,Department of Visceral Transplantation,med
Universitätsklinikum Hamburg-Eppendorf,Department of Visceral Transplantation University Medical Center Hamburg‐Eppendorf Hamburg Germany,med
Universitätsklinikum Hamburg-Eppendorf,Deutsches Zentrum für Suchtfragen des Kindes- und Jugendalters (DZSKJ),med
Universitätsklinikum Hamburg-Eppendorf,Diagnostic and Interventional Radiology and Nuclear Medicine,med
Universitätsklinikum Hamburg-Eppendorf,Diagnostikzentrum,med
Universitätsklinikum Hamburg-Eppendorf,Division for Tropical Diseases,med
Universitätsklinikum Hamburg-Eppendorf,Division of Regenerative Orofacial Medicine,med
Universitätsklinikum Hamburg-Eppendorf,Division of Translational Immunology,med
Universitätsklinikum Hamburg-Eppendorf,First Department of Medicine,med
Universitätsklinikum Hamburg-Eppendorf,From the Department of Neuroradiology (J.F.),med
Universitätsklinikum Hamburg-Eppendorf,From the Institut für Zellbiochemie und Klinische Neurobiologie,med
Universitätsklinikum Hamburg-Eppendorf,Gastroenterology and Hepatology,med
Universitätsklinikum Hamburg-Eppendorf,German Armed Forces Hospital,med
Universitätsklinikum Hamburg-Eppendorf,German Center for Infection Research (DZIF),med
Universitätsklinikum Hamburg-Eppendorf,Health Services Research in Dermatology and Nursing,med
Universitätsklinikum Hamburg-Eppendorf,Heart Center,med
Universitätsklinikum Hamburg-Eppendorf,Hematology and Oncology,med
Universitätsklinikum Hamburg-Eppendorf,I. Medizinische Klinik und Poliklinik,med
Universitätsklinikum Hamburg-Eppendorf,III. Medizinische Klinik,med
Universitätsklinikum Hamburg-Eppendorf,Immunology and Hepatology,med
Universitätsklinikum Hamburg-Eppendorf,Infectious Diseases,med
Universitätsklinikum Hamburg-Eppendorf,Institut für Osteologie und Biomechanik,med
Universitätsklinikum Hamburg-Eppendorf,Institut für Systemische Neurowissenschaften,med
Universitätsklinikum Hamburg-Eppendorf,Institute for Biometrics,med
Universitätsklinikum Hamburg-Eppendorf,Institute for Infection Research and Vaccine Development,med
Universitätsklinikum Hamburg-Eppendorf,Institute for Medical Microbiology,med
Universitätsklinikum Hamburg-Eppendorf,Institute for Transfusion Medicine,med
Universitätsklinikum Hamburg-Eppendorf,Institute for Tumor Biology,mint
Universitätsklinikum Hamburg-Eppendorf,Institute of Biochemistry and Molecular Biology I,mint
Universitätsklinikum Hamburg-Eppendorf,Institute of Biometrics,mint
Universitätsklinikum Hamburg-Eppendorf,Institute of Clinical Chemistry and Laboratory Medicine,med
Universitätsklinikum Hamburg-Eppendorf,Institute of Immunology,med
Universitätsklinikum Hamburg-Eppendorf,Institute of Medical Biometry and Epidemiology,med
Universitätsklinikum Hamburg-Eppendorf,Institute of Medical Microbiology,med
Universitätsklinikum Hamburg-Eppendorf,"Institute of Medical Microbiology, Virology and Hygiene",med
Universitätsklinikum Hamburg-Eppendorf,Institute of Neuropathology,med
Universitätsklinikum Hamburg-Eppendorf,Intensive Care and Endoscopy,med
Universitätsklinikum Hamburg-Eppendorf,Jens Fiehler Department of Diagnostic and Interventional Neuroradiology,med
Universitätsklinikum Hamburg-Eppendorf,Jens Fiehler Dept of Diagnostic and Interventional Neuroradiology,med
Universitätsklinikum Hamburg-Eppendorf,Klinik für Strahlentherapie und Radioonkologie,med
Universitätsklinikum Hamburg-Eppendorf,Klinik und Poliklinik für Mund-Kiefer-Gesichtschirugie,med
Universitätsklinikum Hamburg-Eppendorf,Lukas Meyer Dept of Diagnostic and Interventional Neuroradiology,med
Universitätsklinikum Hamburg-Eppendorf,Mass Spectrometric Proteomics Group,med
Universitätsklinikum Hamburg-Eppendorf,Mass Spectrometry & Preteomics,mint
Universitätsklinikum Hamburg-Eppendorf,Maxillofacial Surgery,med
Universitätsklinikum Hamburg-Eppendorf,Medical Department I,med
Universitätsklinikum Hamburg-Eppendorf,Medicine,med
Universitätsklinikum Hamburg-Eppendorf,Medizinische Klinik,med
Universitätsklinikum Hamburg-Eppendorf,Medizinische Klinik und Poliklinik,med
Universitätsklinikum Hamburg-Eppendorf,Medizinische Klinik und Poliklinik – Sektion Infektiologie & Tropenmedizin,med
Universitätsklinikum Hamburg-Eppendorf,Medizinische Psychologie,med
Universitätsklinikum Hamburg-Eppendorf,Neurology,med
Universitätsklinikum Hamburg-Eppendorf,Occupational Medicine & Maritime Medicine,med
Universitätsklinikum Hamburg-Eppendorf,Oral and Maxillofacial Surgery Clinic,med
Universitätsklinikum Hamburg-Eppendorf,Prosthetic Dentistry,med
Universitätsklinikum Hamburg-Eppendorf,Proteomics University Hamburg &amp; University Medical Center Eppendorf,med
Universitätsklinikum Hamburg-Eppendorf,Psychosomatic Medicine & Psychotherapy,med
Universitätsklinikum Hamburg-Eppendorf,Radboud University Nijmegen Medical Centre,med
Universitätsklinikum Hamburg-Eppendorf,Research Department Cell and Gene Therapy,med
Universitätsklinikum Hamburg-Eppendorf,Research Dept. Cell and Gene Therapy,med
Universitätsklinikum Hamburg-Eppendorf,Research Group Snakebite envenoming,med
Universitätsklinikum Hamburg-Eppendorf,School of Social Sciences,sowi
Universitätsklinikum Hamburg-Eppendorf,Section of Infectious Diseases and Tropical Medicine,med
Universitätsklinikum Hamburg-Eppendorf,Section of Tropical Medicine,med
Universitätsklinikum Hamburg-Eppendorf,Sektion Infektiologie und Tropenmedizin,med
Universitätsklinikum Hamburg-Eppendorf,The II Medical Clinic,med
Universitätsklinikum Hamburg-Eppendorf,Trauma Surgery and Orthopedics,med
Universitätsklinikum Hamburg-Eppendorf,UMC Hamburg-Eppendorf,med
Universitätsklinikum Hamburg-Eppendorf,University Cancer Center Hamburg (UCCH)-Biobank,med
Universitätsklinikum Hamburg-Eppendorf,University Children's Hospital,med
Universitätsklinikum Hamburg-Eppendorf,University Heart and Cardiovascular Center,med
Universitätsklinikum Hamburg-Eppendorf,University Hospital Hamburg-Eppendorf,med
Universitätsklinikum Hamburg-Eppendorf,University Medical Center Hamburg Eppendorf,med
Universitätsklinikum Hamburg-Eppendorf,University Medical Centre Eppendorf,med
Universitätsklinikum Hamburg-Eppendorf,Universitäres Herzzentrum Hamburg-Eppendorf,med
Universitätsklinikum Hamburg-Eppendorf,Universitätsklinikum Hamburg Eppendorf,med
Universitätsklinikum Hamburg-Eppendorf,Universitätsklinikum Hamburg‐Eppendorf,med
Universitätsklinikum Hamburg-Eppendorf,Universit�tsklinikum Hamburg-Eppendorf,med
Universitätsklinikum Hamburg-Eppendorf,"Zentrum für Anästhesie, Klinik für Anästhesie und Intensive Medizin",med
Universitätsklinikum Hamburg-Eppendorf,NA,med
Universitätsklinikum Schleswig-Holstein,Center for Inflammatory Skin Diseases,med
Universitätsklinikum Schleswig-Holstein,Central Animal Facilities (ZTH),med
Universitätsklinikum Schleswig-Holstein,Department of Neurology,med
Universitätsklinikum Schleswig-Holstein,Dermatology and Allergy,med
Universitätsklinikum Schleswig-Holstein,Dermatology and Allergy Clinic,med
Universitätsklinikum Schleswig-Holstein,Infectious Disease Clinic & Institute of Medical Microbiology,med
Universitätsklinikum Schleswig-Holstein,Infectious Disease Clinic and Institute of Medical Microbiology,med
Universitätsklinikum Schleswig-Holstein,Institut für Klinische Chemie,med
Universitätsklinikum Schleswig-Holstein,Institute for Clinical Chemistry,med
Universitätsklinikum Schleswig-Holstein,Institute of Human Genetics,med
Universitätsklinikum Schleswig-Holstein - Campus Lübeck,Clinic for Cardiovascular Surgery,med
Universitätsklinikum Schleswig-Holstein - Campus Lübeck,Klinik für Herz- und thorakale Gefäßchirurgie,med
Universitätsmedizin Greifswald,Bereich Nephrologie,med
Universitätsmedizin Greifswald,DZHK (German Center for Cardiovascular Research),med
Universitätsmedizin Greifswald,Department of Functional Genomics,med
Universitätsmedizin Greifswald,Department of General Practice,med
Universitätsmedizin Greifswald,Department of Internal Medicine A,med
Universitätsmedizin Greifswald,Department of Medicine A,med
Universitätsmedizin Greifswald,Department of Neurology,med
Universitätsmedizin Greifswald,Department of Psychiatry and Psychotherapy,med
Universitätsmedizin Greifswald,"Department of Restorative Dentistry, Periodontology and Endodontology",med
Universitätsmedizin Greifswald,Friedric Loeffler-Institute of Medical Microbiology and Control,med
Universitätsmedizin Greifswald,Friedrich Loeffler—Institute of Medical Microbiology,med
Universitätsmedizin Greifswald,Institute for Community Medicine,med
Universitätsmedizin Greifswald,Institute for Immunology & Transfusion Medicine,med
Universitätsmedizin Greifswald,Institute of Anatomy & Cell Biology,mint
Universitätsmedizin Greifswald,Institute of Medical Microbiology,med
Universitätsmedizin Greifswald,Medicine A,med
Universitätsmedizin Greifswald,Nephrology,med
Universitätsmedizin Greifswald,Study of Health in Pomerania,med
Universitätsmedizin Greifswald,NA,med
Universitätsmedizin Rostock,Cell Sorting & Cell Analysis,mint
Universitätsmedizin Rostock,Department of Otorhinolaryngology,med
Universitätsmedizin Rostock,"Dept. of Otorhinolaryngology, Head and Neck Surgery, ”Otto Körner“",med
Universitätsmedizin Rostock,Division of Cardiology,med
Universitätsmedizin Rostock,Institut für Pharmakologie und Toxikologie,med
Universitätsmedizin Rostock,Institut für Präventivmedizin,med
Universitätsmedizin Rostock,Institute for Pharmacology and Toxicology,med
Universitätsmedizin Rostock,Institute for Preventive medicine,med
Universitätsmedizin Rostock,Section for Translational Neurodegeneration,med
Universitätsmedizin Rostock,"Sektion für Translationale Neurodegeneration ""Albrecht-Kossel""",med
Universitätsmedizin Rostock Klinik und Poliklinik für Dermatologie und Venerologie,NA,med
"Zoological Museum, University of Kiel",NA,agrar
"diversu e.V. - Institute for Diversity, Nature, Gender and Sustainability",NA,phil
Übersee-Museum Bremen,Asian Ethnology,phil
Übersee-Museum Bremen,Natural history,med
Übersee-Museum Bremen,"Wissenschaftliche Abteilungsleiterin Völkerkunde, Sachgebietsleiterin Asien",phil
Universität Bremen,Institute for Religious Studies,rewi
China University of Geosciences,Faculty of Earth Resources,mint
Universität Bremen,Faculty of Earth Resources,mint
Hamburg Institute of International Economics,"Head of Research Program ""International Climate Policy""",sowi
Hamburg Institute of International Economics,Hamburg Institute for International Economics,sowi
Hamburg Institute of International Economics,Programme “International Climate Policy”,sowi
Hamburg Institute of International Economics,Head of Programme International Climate Policy,sowi
Hamburg Institute of International Economics,Programme International Climate Policy,sowi
Hamburg Institute of International Economics,International Climate Policy,sowi
University of Zurich,Institute of Political Science–Political Economy and Development,sowi
University of Zurich,Political Economy and Development,sowi
CAU Kiel,Division of Bioinspired Materials and Biosensor Technologies,tech
Fachhochschule Kiel,Division of Bioinspired Materials and Biosensor Technologies,tech
German Institute for Global and Area Studies,GIGA German Institute of Global and Area Studies and University of Hamburg,sowi
Universität Hamburg,GIGA German Institute of Global and Area Studies and University of Hamburg,sowi
Universität Greifswald,Institute for Botany and Landscape Ecology,mint
Bernhard Nocht Institute for Tropical Medicine,Department for Virology,med
Universität Rostock,Department for Virology,med
Center for Free Electron Laser Science,DESY and Max-Planck Institute for the Structure and Dynamics of Matter,mint
Alfred-Wegener-Institut Helmholtz-Zentrum für Polar- und Meeresforschung,Alfred-Wegener Institute for Polar and Marine Research,mint
Alfred-Wegener-Institut Helmholtz-Zentrum für Polar- und Meeresforschung,Alfred Wegener Institute,mint
Alfred-Wegener-Institut Helmholtz-Zentrum für Polar- und Meeresforschung,Alfred-Wegener-Institut Helmholtz-Zentrum für Polar-und Meeresforschung,mint
Alfred-Wegener-Institut Helmholtz-Zentrum für Polar- und Meeresforschung,Department of Marine Geology Alfred‐Wegener‐Institut Helmholtz‐Zentrum für Polar‐ und Meeresforschung,mint
Alfred-Wegener-Institut Helmholtz-Zentrum für Polar- und Meeresforschung,Alfred Wegener Institute Helmholtz Center for Polar and Marine Research,mint
Universität Bremen,Alfred-Wegener Institute for Polar and Marine Research,mint
Universität Bremen,Alfred Wegener Institute,mint
Universität Bremen,Alfred Wegener Institute Helmholtz Center for Polar and Marine Research,mint
Woods Hole Oceanographic Institution,Marine Chemistry and Geochemistry Department,mint
CAU Kiel,Department of Biochemistry,mint
Beijing YouAn Hospital,Clinic for Radiology and Neuroradiology,med
Capital Medical University,Clinic for Radiology and Neuroradiology,med
Universität Lübeck,Clinic for Radiology and Neuroradiology,med
Universitätsklinikum Schleswig-Holstein,Clinic for Radiology and Neuroradiology,med
Max Planck Institute for Plasma Physics - Greifswald,EURATOM-Association Max-Planck-Institut für Plasmaphysik,mint
Universität Greifswald,Faculty of Law and Public Policy,sowi
GEOMAR,GEOMAR&ndash,mint
Russian Academy of Sciences,GEOMAR Helmholtz Center for Ocean Research,mint
Russian Academy of Sciences,GEOMAR&ndash,mint
V.I. Vernadsky Institute of Geochemistry and Analytical Chemistry,GEOMAR Helmholtz Center for Ocean Research,mint
V.I. Vernadsky Institute of Geochemistry and Analytical Chemistry,GEOMAR&ndash,mint
Medical University of Vienna,Department of Neurology,med
Universität Rostock,Department of Neurology,med
Klinikum Südstadt Rostock,Klinik für Chirurgie,med
Klinikum Südstadt Rostock,Municipal Hospital Rostock South,med
HAW Hamburg,Department of Systems Engineering and Automation,tech
Universitat Politècnica de València,Department of Systems Engineering and Automation,tech
Universität Hamburg,Department of Systems Engineering and Automation,tech
Universität Hamburg,Kulturgeschichte und Kulturkunde,phil
British Antarctic Survey,British Antarctic Sur-vey,mint
CAU Kiel,British Antarctic Sur-vey,mint
Naval Postgraduate School,British Antarctic Sur-vey,mint
University of Toronto,British Antarctic Sur-vey,mint
Universität Rostock,Institute of Biology,mint
CAU Kiel,Geology Graduate Program UNISINOS University São Leopoldo Brazil,mint
CAU Kiel,Geology Graduate Program,mint
Universidade do Vale do Rio dos Sinos,Geology Graduate Program UNISINOS University São Leopoldo Brazil,mint
Universidade do Vale do Rio dos Sinos,Geology Graduate Program,mint
Hamburg Institute of International Economics,Thünen Institute of International Forestry and Forest Economics,sowi
Universität Bremen,Institut für Festkörperphysik,mint
Universität Bremen,Universität Bremen Institut für Festkörperphysik,mint
Klinikum Südstadt Rostock,Universitätsfrauenklinik am Klinikum Südstadt,med
Universität Rostock,Department of Obstretrics and Gynecology,med
Kiel Institut für Weltwirtschaft,Senior Economist,sowi
Leuphana Universität Lüneburg,Department of International Affairs,sowi
Leuphana Universität Lüneburg,Institute of Sociology and Cultural Organization,sowi
Payap University,Department of International Affairs,sowi
Leuphana Universität Lüneburg,Institute of Ethics and Transdisciplinary Sustainability Research,phil
Gulf University,Dept of Energy Engineering,tech
Hamburg University of Technology,Dept of Energy Engineering,tech
University of Baghdad,Dept of Energy Engineering,tech
Universität Hamburg,Dept of Energy Engineering,tech
Universität Bremen,"Institute for Intercultural and International Studies (InIIS) and Collaborative Research Centre 1342 ""Global Dynamics of Social Policy""",sowi
CAU Kiel,Medical Department I,med
Universität Lübeck,Institute of Transfusion Medicine,med
Universitätsklinikum Schleswig-Holstein,Institute of Transfusion Medicine,med
Universität Rostock,Institute of General Practice,med
Universitätsmedizin Rostock,Institute for General Medicine,med
Marienkrankenhaus Hamburg,Marienkrankenhaus Soest,med
Universität Lübeck,First Department of Medicine,med
Universitätsklinikum Schleswig-Holstein,First Department of Medicine,med
Universität Greifswald,Institute of Political Science and Communication Studies,sowi
Bremen University of Applied Sciences,School of International Business,sowi
Martin Luther University Halle-Wittenberg,Department of Entomology,mint
Universität Hamburg,Department of Entomology,mint
Universität Hamburg,Center für Naturkunde,mint
Universität Hamburg,Centrum für Naturkunde,mint
Universität Hamburg,Entomology Dept,mint
University of Exeter,College of Engineering,tech
Universität Hamburg,Department of Earth & Environmental Sciences,mint
Université Libre de Bruxelles,Department of Earth & Environmental Sciences,mint
Université Libre de Bruxelles,College of Engineering,tech
CAU Kiel,SFB 1266 – Scales of Transformation Christian-Albrechts-Universität zu Kiel Leibniztraße 3 Kiel24118Germany Email:,sowi
Carl von Ossietzky Universität Oldenburg,Environmental Biochemistry Group,mint
Universität Hamburg,"Faculty of Business, Economics, and Social Sciences",sowi
Universität Lübeck,Department of Dermatology University of Luebeck Ratzeburger Allee 160,med
Museum am Rothenbaum,Amber Study Group c/o Geological‐Palaeontological Museum (CeNak) of the University of Hamburg Bundesstraße 55 20146 Hamburg Germany,mint
Universität Hamburg,Amber Study Group c/o Geological‐Palaeontological Museum (CeNak) of the University of Hamburg Bundesstraße 55 20146 Hamburg Germany,mint
3M (United States),Campbell Family Mental Health Research Institute,med
Agencia de Salud Pública de Barcelona,Campbell Family Mental Health Research Institute,med
Canada Research Chairs,Campbell Family Mental Health Research Institute,med
Centre for Addiction and Mental Health,Dalla Lana School of Public Health,med
Centre for Addiction and Mental Health,Campbell Family Mental Health Research Institute,med
Mental Health Research Canada,Campbell Family Mental Health Research Institute,med
Mental Health Research Institute,Campbell Family,med
Pan American Health Organization (Cuba),Campbell Family Mental Health Research Institute,med
Public Health Agency,Campbell Family Mental Health Research Institute,med
Public Health Ontario,Campbell Family Mental Health Research Institute,med
Public Health Ontario,Dalla Lana School of Public Health,med
Sechenov University,Campbell Family Mental Health Research Institute,med
Sechenov University,Dalla Lana School of Public Health,med
Technische Universität Dresden,Campbell Family Mental Health Research Institute,med
Technische Universität Dresden,Dalla Lana School of Public Health,med
University of Toronto,Dalla Lana School of Public Health,med
University of Toronto,Campbell Family Mental Health Research Institute,med
Universität Hamburg,Dalla Lana School of Public Health,med
Universität Hamburg,Campbell Family Mental Health Research Institute,med
Universitätsklinikum Hamburg-Eppendorf,Dalla Lana School of Public Health,med
Universitätsklinikum Hamburg-Eppendorf,Campbell Family Mental Health Research Institute,med
World Health Organization,Campbell Family Mental Health Research Institute,med
Universität Hamburg,Researcher at the Institute for Peace Research and Security Policy,sowi
Macquarie University,Montimage/Institut Polytechnique de Paris/Telecom Sudparis),tech
Montimage (France),Montimage/Institut Polytechnique de Paris/Telecom Sudparis),tech
Sungkyunkwan University,Montimage/Institut Polytechnique de Paris/Telecom Sudparis),tech
Telecom SudParis,Montimage/Institut Polytechnique de Paris/Telecom Sudparis),tech
University of Oulu,Montimage/Institut Polytechnique de Paris/Telecom Sudparis),tech
Universität Hamburg,Montimage/Institut Polytechnique de Paris/Telecom Sudparis),tech
Universität Hamburg,University Medical Center Hamburg- Eppendorf,med
Universitätsklinikum Hamburg-Eppendorf,University Medical Center Hamburg- Eppendorf,med
Hokkaido University,Graduate School of Economics and Business,sowi
Hôpital Arnaud de Villeneuve,Authors' Affiliations:1Department of Tumour Biology,med
University Cancer Center Hamburg,Authors' Affiliations:1Department of Tumour Biology,med
Universität Hamburg,Authors' Affiliations:1Department of Tumour Biology,med
Universität Hamburg,Universitaetsklinikum Hamburg-Eppendorf = University Medical Center Hamburg-Eppendorf,med
Universitätsklinikum Hamburg-Eppendorf,Authors' Affiliations:1Department of Tumour Biology,med
Universitätsklinikum Hamburg-Eppendorf,Universitaetsklinikum Hamburg-Eppendorf =,med
Radboud University Nijmegen,Aquaculture and Sea-Ranching,mint
Universität Rostock,Aquaculture and Sea-Ranching,mint
Chiba University,Center for Environmental Remote Sensing,mint
Universität Bremen,Department of Life Science and Biotechnology,mint
Leibniz Institute for Prevention Research and Epidemiology - BIPS,Institut für Public Health und Pflegeforschung – IPP,med
Universität Bremen,Institut für Public Health und Pflegeforschung – IPP,med
King Fahd University of Petroleum and Minerals,King Fadh University of Petroleum &amp; Minerals KFUPM Box 2263 Dhahran 31261 Saudi Arabia,tech
King Fahd University of Petroleum and Minerals,College of Petroleum Engineering and Geosciences,tech
Vrije Universiteit Amsterdam,Department of Sedimentology and Marine Geology,mint
Vrije Universiteit Amsterdam,Dept. of Sedimentology and Marine Geology,mint
Vrije Universiteit Amsterdam,Earth Science Department,mint
Vrije Universiteit Amsterdam,Department of Geosciences,mint
Vrije Universiteit Amsterdam,Faculty of Science,mint
Tongji University,Alfred Wegener Institute,mint
Aston University,Jun Du: Aston Business School,sowi
Kiel Institut für Weltwirtschaft,Jun Du: Aston Business School,sowi
University of Nottingham,Nottingham University Business School,sowi
Carl von Ossietzky Universität Oldenburg,University of Oldenburg - Economic Policy,sowi
Carl von Ossietzky Universität Oldenburg,Centre for European Economic Research (ZEW),sowi
Universität Hamburg,Institut für Germanistik & Institut für Medien und Kommunikation,phil
Institute for Applied Systems Technology Bremen,Fraunhofer Application Center for Systems Technology,tech
Unfallkrankenhaus Berlin,Department of Trauma and Orthopaedic Surgery,med
Universität Greifswald,Department of Trauma and Orthopaedic Surgery,med
Universität Lübeck,Department of Rheumatology and Clinical Immunology,med
Chinese Academy of Sciences,Key Laboratory of Ocean and Marginal Sea Geology,med
Guangzhou Institute of Geochemistry,Key Laboratory of Ocean and Marginal Sea Geology,med
Universität Bremen,Key Laboratory of Ocean and Marginal Sea Geology,med
Beijing Hospital of Traditional Chinese Medicine,Center for Mental Health,med
Chinese Academy of Medical Sciences & Peking Union Medical College,Center for Mental Health,med
"Czech Academy of Sciences, Institute of Psychology",University of Freiburg - Institute of Psychology,med
Fudan University,Center for Mental Health,med
Novem (Netherlands),Center for Mental Health,med
Peking Union Medical College Hospital,Center for Mental Health,med
Shanxi Jincheng Anthracite Mining Group (China),Center for Mental Health,med
Sichuan University,Center for Mental Health,med
Tongji Hospital,Center for Mental Health,med
Tongji University,Center for Mental Health,med
University of Electronic Science and Technology of China,Center for Mental Health,med
University of Freiburg,Center for Mental Health,med
University of Freiburg,Department for Social Psychology and Methodology,med
University of Freiburg,Institute of Psychology,med
Universität Hamburg,Center for Mental Health,med
Universitätsklinikum Hamburg-Eppendorf,Center for Mental Health,med
West China Hospital of Sichuan University,Center for Mental Health,med
Central Institute of Mental Health,Department of Neuropsychiatry (IM),med
Freie Universität Berlin,Department of Neuropsychiatry (IM),med
Fukushima Medical University,Department of Neuropsychiatry (IM),med
Kanazawa University,Department of Neuropsychiatry (IM),med
Max Planck Institute of Psychiatry,Department of Neuropsychiatry (IM),med
The University of Queensland,Department of Neuropsychiatry (IM),med
University Hospital Magdeburg,Department of Neuropsychiatry (IM),med
Universität Hamburg,Department of Neuropsychiatry (IM),med
Leibniz Institute for the Analysis of Biodiversity Change,Department of Biodiversity Research Universität Hamburg,mint
Museum für Naturkunde,Department of Biodiversity Research Universität Hamburg,mint
Universität Hamburg,Department of Animal Diversity,mint
Universität Hamburg,Department of Biodiversity Research,mint
Ehime University,Department of Medical Technology,med
Universität Greifswald,Department of Medical Technology,med
Carl von Ossietzky Universität Oldenburg,Department of Economics,sowi
University of Oxford,Department of Economics,sowi
CAU Kiel,CESifo (Center for Economic Studies and Ifo Institute),sowi
CAU Kiel,CESifo,sowi
Ifo Institute for Economic Research,CESifo (Center for Economic Studies and Ifo Institute),sowi
Kiel Institut für Weltwirtschaft,CESifo (Center for Economic Studies and Ifo Institute),sowi
Universität Hamburg,Department of Medical Informatics,med
Universitätsklinikum Hamburg-Eppendorf,Department of Medical Informatics,med
National University of Singapore,Asia Research Institute,sowi
Palacký University Olomouc,Asia Research Institute,sowi
Universität Hamburg,Asia Research Institute,sowi
Universität Hamburg,Institut für Hydrobiologie und Fischereiwissenschaft,mint
Universität Hamburg,Department of Indian and Tibetan Studies,phil
Universität Rostock,Department for Cardiology,med
CAU Kiel,Department of Pushkov Institute of Terrestrial Magnetism,mint
ITMO University,Department of Pushkov Institute of Terrestrial Magnetism,mint
Immanuel Kant Baltic Federal University,Department of Pushkov Institute of Terrestrial Magnetism,mint
Institute of Solar-Terrestrial Physics,Department of Pushkov Institute of Terrestrial Magnetism,mint
Institute of Terrestrial Magnetism Ionosphere and Radio Wave Propagation,Department of Pushkov Institute of Terrestrial Magnetism,mint
Southern Federal University,Department of Pushkov Institute of Terrestrial Magnetism,mint
University of Iceland,Department of Pushkov Institute of Terrestrial Magnetism,mint
Universität Hamburg,Khyentse Center for Tibetan Buddhist Textual Scholarship,phil
Universität Hamburg,Asia-Africa Institute,phil
CAU Kiel,Institute of Grassland Science,mint
Northeast Normal University,Key Laboratory of Vegetation Ecology,mint
Northeast Normal University,Institute of Grassland Science,mint
Universität Hamburg,Institute of Plant Science and Microbilogy,mint
Universität Hamburg,Fakultät für Mathematik,mint
Universitätsmedizin Greifswald,Medical Informatics Laboratory,med
University of Agriculture Faisalabad,Institute of Soil and Environmental Sciences,agrar
Universität Bremen,Institute of Soil and Environmental Sciences,agrar
Hochschule Bremen,The Biological Materials Group,mint
Hochschule Bremen,"The Biological Materials Group, Dept. of Biomimetics",mint
Phuket Rajabhat University,Alfred Wegener Institute,mint
Phuket Rajabhat University,Phuket Marine Biological Centre,mint
Universität Rostock,Institute of Pharmacology and Toxicology,mint
Universitätsmedizin Greifswald,Department of Clinical Pharmacology,med
Utrecht University,Copernicus Institute of sustainable development,tech
Christian-Albrechts-Universität zu Kiel / Kiel University,Institute of Materials Science,tech
Christian-Albrechts-Universität zu Kiel / Kiel University,"Institute of Materials Science, Faculty of Engineering",tech
German Oceanographic Museum,Institut für Geowissenschaften,mint
Swedish Museum of Natural History,Department of Paleobiology,mint
Carl von Ossietzky Universität Oldenburg,Centre for Marine Studies,mint
The University of Queensland,Centre for Marine Studies,mint
Albert Einstein College of Medicine,Institute of Bioscience,mint
Universität Rostock,Institute of Bioscience,mint
Eurac Research,Center for Biomedicine,med
Universität Lübeck,Center for Biomedicine,med
Sozialstiftung Bamberg,Department of Orthopedics and Trauma Surgery,med
Universität Rostock,Department of Orthopedics and Trauma Surgery,med
Helmholtz Zentrum München,Cooperation Group Comprehensive Molecular Analytics,mint
Universität Rostock,Cooperation Group Comprehensive Molecular Analytics,mint
CAU Kiel,College of Geography and Oceanography,mint
Chinese Academy of Sciences,College of Geography and Oceanography,mint
Institute of Geodesy and Geophysics,College of Geography and Oceanography,mint
Minjiang University,College of Geography and Oceanography,mint
CAU Kiel,Nepal Temple Project /  Institut für Ur- und Frühgeschichte,phil
Universität Hamburg,Center for History of Science and Technology,phil
CAU Kiel,The Faculty of Economic and Social Sciences,sowi
Jena University Hospital,Klinik für Hautkrankheiten Universitätsklinikum Jena Jena Germany,med
Universitätsmedizin Greifswald,Klinik für Hautkrankheiten Universitätsklinikum Jena Jena Germany,med
Alfred-Wegener-Institut Helmholtz-Zentrum für Polar- und Meeresforschung,Alfred Wegener Institute Helmholtz Centre for Polar and Marine Research,mint
Alfred-Wegener-Institut Helmholtz-Zentrum für Polar- und Meeresforschung,Alfred-Wegener-Institute,mint
Universität Bremen,Alfred Wegener Institute Helmholtz Centre for Polar and Marine Research,mint
Universitat Autònoma de Barcelona,Department of Economic History and Institutions (HISTECO),sowi
Universitat de Barcelona,Department of Economic History and Institutions (HISTECO),sowi
Universität Hamburg,Department of Economic History and Institutions (HISTECO),sowi
Universität Hamburg,Centre for Globalisation and Governance,sowi
Universität Hamburg,Center for Earth Systems Research and Sustainability (CEN) &World Forestry,mint
Universität Hamburg,Center for Earth Systems Research and Sustainability (CEN) & World Forestry,mint
Austrian Institute of Economic Research,Austrian Institute for Economic Research,sowi
Universität Hamburg,Fakultät für Geisteswissenschaften,phil
Universität Hamburg,Numata Center for Buddhist Studies,rewi
Universität Hamburg,Kunstgeschichtliches Seminar,phil
CAU Kiel,English Department University of Kiel Olshausenstrasse 40 24098 Kiel Germany,phil
GEOMAR,Institute of Earth Sciences,mint
National Taiwan Ocean University,Institute of Earth Sciences,mint
Guizhou University,College of Civil Engineering,tech
Technische Universität Clausthal,Institut für Mathematik,mint
Flensburg University of Applied Sciences,Flensburg University of Applied Science,mint
Universität Greifswald,Zoological Collection and Imaging Centre,mint
Universität Hamburg,Heilongjiang Meteorological Office,mint
Universität Rostock,Institute for ImplantTechnology and Biomaterials–IIB e.V.,mint
Universität Greifswald,Institute of Microbiology,mint
Europa-Universität Flensburg,Sustainable Energy Systems and Management (SESAM),tech
Asklepios,"Internal Medicine, Gastroenterology, Oncology and Infectious Diseases",med
Longhua Hospital Shanghai University of Traditional Chinese Medicine,Gynecology Department,med
Shanghai University of Traditional Chinese Medicine,Gynecology Department,med
Universität Hamburg,Gynecology Department,med
Universitätsklinikum Hamburg-Eppendorf,Gynecology Department,med
Yueyang Hospital,Gynecology Department,med
Leibniz Institute of Virology (LIV),From the Heinrich-Pette-Institut für Experimentelle Virologie und Immunologie an der Universität Hamburg,med
CAU Kiel,Department of Pediatrics,med
Carl von Ossietzky Universität Oldenburg,Instit für Ev. Theolgie und Religionspädagogik,rewi
Universität Bremen,Informatik Universität Bremen,tech
Bernhard Nocht Institute for Tropical Medicine,Clinical Research Group,med
Bernhard Nocht Institute for Tropical Medicine,Department of Clinical Research,med
Universität Hamburg,Bernhard-Nocht-Klinik für Tropenmedizin,med
Universität Hamburg,Clinical Research Group,med
Universität Hamburg,Department of Clinical Research,med
Universitätsklinikum Hamburg-Eppendorf,Bernhard-Nocht-Klinik für Tropenmedizin,med
Universitätsklinikum Hamburg-Eppendorf,Clinical Research Group,med
Universitätsklinikum Hamburg-Eppendorf,Department of Clinical Research,med
CAU Kiel,College of Ecology and Environment,mint
Inner Mongolia Agricultural University,College of Ecology and Environment,mint
Universität Hamburg,Department of Informatik,tech
GEOMAR,Directorate,mint
Tribhuvan University,Research Center for Applied Science and Technology,tech
Universitätsmedizin Greifswald,Department of Pharmaceutical Biology,mint
Chengdu University of Technology,College of Earth Science,mint
Technische Universität Clausthal,College of Earth Science,mint
GFZ Helmholtz Centre for Geosciences,German Research Centre for Geosciences,mint
Universität Bremen,German Research Centre for Geosciences,mint
CAU Kiel,Zoologisches Institut der Christian-Albrechts-Universität Kiel,mint
Carl von Ossietzky Universität Oldenburg,Marine Geochemistry (MPI-ICBM Group),mint
Harbin Institute of Technology,Marine Geochemistry (MPI-ICBM Group),mint
Southern University of Science and Technology,Marine Geochemistry (MPI-ICBM Group),mint
Universität Hamburg,Department of Wood Biology and Technology,mint
Universität Greifswald,Earth Observation and Geoinformation Science Lab University of Greifswald | Institute of Geography and Geology,mint
University of Bremen,Institute for Religious Studies,rewi
GIGA German Institute of Global and Area Studies,Project of the Alexander von Humboldt Foundation “War Economies and Postwar Crime”,phil
GIGA German Institute of Global and Area Studies,"Research project: “A Dangerous Liaison? Ethnicity, Natural Resources and Civil Conflict Onset” (DFG) [research on the interaction of resource extraction, ethnic identities, and (violent) conflict dynamics]",sowi
GIGA German Institute of Global and Area Studies,Research project: “Is Resource Wealth a Risk Factor?” (DFG),sowi
Kiel University,Center for Ocean and Society,mint
Kiel University,Department of Political Science,sowi
Municipal Administration Kiel,Partnerschaft für Demokratie in Kiel,sowi
Kiel University,Archaeological Stable Isotope Laboratory (ASIL),mint
Kiel University,Institute for Ecosystem Research,mint
University of Bremen,MARUM-Center for Marine Environmental Sciences,mint
University Medical Center Hamburg-Eppendorf,"Division of Infectious Diseases, First Medical Department",med
Christian-Albrechts-Universität zu Kiel,Institute of Agricultural Economics,agrar
Universität Bremen,Biology and Chemistry,mint
Leibniz Centre for Tropical Marine Research,Social Science,sowi
University of Bremen,"Faculty of Social Science, Institute for Geography",sowi
University of Hamburg,Law,jura
Alfred Wegener Institute,Geosciences/Geophysics Division,mint
Universität Bremen,Faculty of Geosciences,mint
University Medical Center Hamburg-Eppendorf,Occupational Medicine and Maritime Medicine,med
Universität Hamburg,Asien-Afrika-Institut,phil
University Clinic of Schleswig-Holstein (UKSH),Department of Neurology,med
Helmut-Schmidt-Universität / Universität der Bundeswehr Hamburg,Fakultät für Geistes- und Sozialwissenschaften - Geschichte der Frühen Neuzeit unter besonderer Berücksichtigung der Sozial- und Wirtschaftsgeschichte,phil
University of Bremen,Institute of Geography,sowi
University of Bremen,Institute of Environmental Physics (IUP),mint
Leuphana University Lüneburg,Institute of English Studies,phil
GEOMAR Helmholtz Centre for Ocean Research Kiel,Marine Geosciences,mint
University of Hamburg,Technical and Macromolecular Chemistry,mint
Helmholtz Institute for Functional Marine Biodiversity,Marine Conservation,mint
University of Hamburg,Chemistry,mint
University of Hamburg,Faculty of Law,jura
GEOMAR Helmholtz Centre for Ocean Research Kiel,Marine Geologie,mint
Medizinische Hochschule Brandenburg Theodor Fontane,Brandenburg Medical School (Theodor Fontane),med
University Medical Center Hamburg-Eppendorf,"1. Department of Medicine, Group of Prof. Dr. Stefan Lüth",med
University Medical Center Hamburg-Eppendorf,Department of Anatomy and Experimental Morphology,med
Universitätsklinikum Hamburg-Eppendorf,Institute of Biochemistry and Molecular Biology I: Cellular Signal Transduction,med
Universität Hamburg,Asien-Afrika Institut,phil
Rostock University,"Soil Physics, Faculty for Agricultural and Environmental Sciences",agrar
Kiel University,Geology,mint
Leibniz Institute for Prevention Research and Epidemiology - BIPS,Epi Methods and Etiological Research,med
University of Bremen,Earth Sciences,mint
University of Hamburg,Center for Earth System Research and Sustainability,mint
Christian-Albrechts-Universität zu Kiel,Biology,mint
GEOMAR Helmholtz Centre for Ocean Research Kiel,Dynamic of ocean floor,mint
Kiel University,Zoological Institute,mint
Universität Bremen,Faculty of Liguistics and Literary Studies,phil
Universität Hamburg,"Centre for the Study of Manuscript Cultures, CSMC",phil
Universität Hamburg,Numata Centre for Buddhist Studies,rewi
Carl von Ossietzky Universität Oldenburg,Institut fur Mathematik,mint
Universität Oldenburg,"Fakultät V, Insitut für Mathematik",mint
Universität Bremen,IUP-LAMOS & MARUM,mint
University of Greifswald,Zoological Institute and Museum,mint
Universitätsmedizin Greifswald,Internal medicine A,med
University Medical Center Hamburg-Eppendorf,III Depatment/Nephrology,med
University of Lübeck,Institute of Neurogenetics,med
University of Bremen,MARUM - Geosciences,mint
Kiel University,"Animal hygiene & health, Food Microbiology",agrar
Lübeck University,Klinik für Anaesthesiologie,med
Universität Rostock,"Mathematics and Natural Sciences, Institute of Physics",mint
Universitätsklinikum Hamburg-Eppendorf,Center for Molecular Neurobiology Hamburg (ZMNH),med
Hamburg University,Faculty of Education,phil
Universität Hamburg,Institut für Interkulturelle und Internationale Vergleichende Erziehungswissenschaft,phil
GEOMAR Helmholtz Centre for Ocean Research Kiel,Chemical Oceanography,mint
Leuphana University of Lüneburg,Center for Digital Cultures (CDC) - Institute for Sociology and Cultural Organisation,sowi
University of Hamburg,Faculty of Education,phil
Universität Bremen,Marine Ecology,mint
University of Lübeck,Department of Neurology,med
Christian-Albrechts-Universität zu Kiel,"Institut für Skandinavistik, Frisistik und Allgemeine Sprachwissenschaft",phil
Universitätsklinikum Hamburg-Eppendorf,"Research Dept. Cell & Gene Therapy, Dept. of SCT",med
Hamburg University of Applied Sciences,Psychology/Social Work,sowi
Christian Albrechts Universität zu Kiel,Institute for Pre- and Protohistory,phil
Christian-Albrechts-Universität zu Kiel,Institute for Pre-and Protohistoric Archaeology,phil
University of Hamburg,Research Unit for Sustainability and Climate Risks,mint
University of Hamburg,Art History,phil
GEOMAR Helmholtz Centre for Ocean Research Kiel,Marine Biogeochemistry,mint
Thermo Fisher Scientific (Bremen) GmbH,Inorganic Mass Spectrometry,mint
University of Rostock,Faculty of Agriculture and Environmental Sciences,agrar
Christian-Albrechts-Universität zu Kiel,Walther Schücking Institute for International Law,jura
Kiel University,Institute for Geosciences,mint
Christian Albrechts Universitat zu Kiel,"Faculty of Law, Institute of East European Law",jura
Kiel University,Teaching and Teacher Education,phil
University of Oldenburg,EU - Research Office,sowi
Universität Hamburg,Institute of Geology,mint
University of Greifswald,Economics,sowi
Universität zu Lübeck,Institut for Cardiogenetics,med
University of Lübeck,Medical Department I,med
University of Lübeck,Neurobiology,med
University of Rostock,Physiology of Plant Metabolism,mint
Jacobs University Bremen gGmbH,Focus Area Health,med
Technische Universität Hamburg,Institut für Technische Bildung und Hochschuldidaktik (ITBH),phil
University Heart and Vascular Center Hamburg,Cardiology,med
Universität Bremen,CRC Global Dynamics of Social Policy,sowi
Universitätsmedizin Greifswald,Institute of Anatomy and Cell Biology,med
GEOMAR Helmholtz-Zentrum für Ozeanforschung Kiel,Biological Oceanography,mint
University Bremen,MARUM,mint
University of Bremen,Linguistics and Literary Studies (FB 10) | English Speaking Cultures,phil
University of Hamburg,Chair of Marketing and Innovation,sowi
Christian-Albrechts-University of Kiel,Institute of Geosciences,phil
Carl von Ossietzky University of Oldenburg,The Institute for Marine Chemistry and Biology (ICBM),mint
Kiel University,Institute of Experimental and Clinical Pharmacology,med
University of Greifswald,Institute of Pharmacology,med
University of Bremen,"ZeMKI, Centre for Media, Communication and Information Research",phil
Universität Bremen,Geography,sowi
University of Bremen,Department of Earth Sciences,mint
University of Rostock,Institute of Physics,mint
Max Planck Institut für Demografische Forschung,Social and Economic Demography,sowi
University of Hamburg,Department of Economics,sowi
Universität Bremen,MARUM - Center for Marine Environmental Sciences,mint
Hamburg University of Applied Sciences,Business,sowi
University of Bremen,Institute for Philosophy,phil
Kiel University,Economics,sowi
Leuphana University of Lüneburg,"Faculty of Sustainability, Institue of Ecology",mint
GEOMAR,Section of Marine Dynamics,mint
Uppsala University,Department of Earth Sciences,mint
University of Bremen,Faculty of Education Sciences / Institute Technology and Education,phil
University of Bremen,Institute Technology and Education (ITB),tech
University of Bremen,Linguistics,phil
Universität Hamburg,Linguistics,phil
Universität Greifswald,Animal Ecology,mint
Kiel University,Institute for Psychology of Learning and Instruction (IPL),mint
Europa-Universität Flensburg,Energy and Environmental Management,tech
GEOMAR Helmholtz Centre for Ocean Research Kiel,Division of Marine Geosystems,mint
Christian-Albrechts-Universität zu Kiel,Pre and Protohistoric Archaeology,phil
Universität Hamburg,Interkulturelle Theologie und Religionswissenschaft,rewi
University of Bremen,"Institute for Electrical Drives, Power Electronics and Devices",tech
Christian-Albrechts-Universität zu Kiel,Institute of Geosciences,mint
RWTH Aachen University,EMR – Energy and Mineral Resources Group,tech
RWTH Aachen University,Energy and Mineral Resources Group (EMR),tech
Technische Universität Clausthal,China-Kompetenzzentrum,phil
Technische Universität Clausthal,Forschungszentrum EST,tech
Technische Universität Clausthal,Forschungszentrum Energiespeichertechnologien,tech
University of Kiel,Agricultural economics,agrar
Christian Albrechts Universität zu Kiel,Department of Neurology,med
University Bremen,Molecular Genetics,med
Universität Bremen,Zentrum fur Marine Umweltwissenschaften,mint
Christian-Albrechts-Universität zu Kiel,Art history,phil
Carl von Ossietzky Universität Oldenburg,"Business Administration, Economics, and Law",sowi
GEOMAR Helmholtz-Zentrum für Ozeanforschung Kiel,Chemical Oceanography,mint
Kiel Institute for World Economics,VRCenter DEGIT,tech
University Medicine Greifswald,"Center for Orthopedics, Trauma Surgery and Rehabilitation Medicine",med
University of Bremen,Institute for Environmental Physics,mint
Universität Rostock,Faculty of Agriculture and Environmental Sciences,agrar
Universität Rostock,Professor for Agricultural Economics,agrar
Universität Bremen,Social Sciences,sowi
Universität Bremen Forschungsstelle-Osteuropa,Department of Politics + Economics,sowi
Christian-Albrechts-Universität zu Kiel,Marine Micropaleontology,mint
Universität Hamburg,Asia-Akrika Institut,phil
Carl von Ossietzky University of Oldenburg,Department of Mathematics and Natural Sciences,mint
Universitätsklinikum Hamburg-Eppendorf,Oral and Maxillofacial Surgery,med
Universität Bremen,Marum / FB Geowissenschaften,mint
Hamburg University of Applied Sciences,Social Work,sowi
Leuphana University of Lüneburg,"Faculty of Sustainability Sciene, Centre for Sustainability Management (CSM)",tech
Universität Bremen,Institute of Geography and MARUM,mint
GEOMAR,Dynamic of the Ocean Floor (RD4),mint
GEOMAR Helmholtz Centre for Ocean Research Kiel,Ocean circulation anc climate dynamics,mint
University of Bremen,Theretical Computer Science,tech
GEOMAR Helmholtz Centre for Ocean Research Kiel,Division of Dynamics of the Ocean Floor,mint
University Medical Center Hamburg-Eppendorf,Medical Psychology,med
Universität Bremen,Fachbereich Geowissenschaften/FB5,mint
Leuphana University of Lüneburg,Social-Ecological System Institute,mint
Universität Hamburg,Earth System Sciences,mint
Christian Albrechts Universität zu Kiel,Department of Geology,mint
Universität Bremen,Marum,mint
University Oldenburg,Insitute of Biology and Environmental Sciences,mint
Universität Bremen,"Cognitive Systems Lab, Faculty 3 - Mathematics and Computer Science",tech
Carl von Ossietzky University of Oldenburg,Institute of Chemistry,mint
University of Rostock,Institute of Sociology and Demography,sowi
University of Kiel,Department of Research on Teaching and Teacher Education,phil
Universität Bremen,Linguistics and English,phil
University of Greifswald,Pharmaceutical Biotechnology,med
Kiel University,Department of Agricultural Economics,agrar
University of Rostock,"Translational Neurodegeneration Section ""Albrecht Kossel""",mint
University of Bremen,Center for Biomolecular Interactions,mint
Kiel University,Institute for Polar Ecology,mint
University of Bremen,"Marine Zoology, BreMarE Bremen Marine Ecology",mint
Helmut-Schmidt-Universität / Universität der Bundeswehr Hamburg,Fakultät für Geistes- und Sozialwissenschaften,phil
University of Kiel,Geography,sowi
Universitätsklinikum Hamburg-Eppendorf,"Nephrology, Diabetology and Rheumatology",med
Jacobs University Bremen gGmbH,Department of Business and Economics,sowi
University of Bremen,Department of Global Health,med
Carl von Ossietzky University of Oldenburg,Institute for Chemistry and Biology of the Marine Environment,mint
Clinical Research Center Kiel,Bangladesh & South Asia Office,med
University of Kiel,Institute of Geosciences,mint
CAU Kiel,Institute of Animal Nutrition,mint
Christian-Albrechts-Universität zu Kiel,Institute of Animal Nutrition and Physiology,mint
Christian-Albrechts-Universität zu Kiel,Experimental Physics,mint
University of Bremen,Social Sciences,sowi
University of Bremen,Mathematics & Compter Science,mint
Universität Bremen,Department of Mathematics and Computer Science,mint
University of Bremen,institute of Environmental Physics,mint
Universität Oldenburg,Department of Neurosurgery,med
HafenCity University Hamburg,Geodesy and Geoinformatics,mint
Kiel University,Human Geography,sowi
Jacobs University Bremen gGmbH,Physics and Earth Sciences,mint
University of Bremen,Faculty 08: Social Sciences,sowi
Carl von Ossietzky Universität Oldenburg,"Marine Sensor Systems Group, Institute for Chemistry and Biology of the Marine Environment",mint
University of Bremen,MARUM Center for Marine Environmental Sciences,mint
University of Bremen,Center for Environmental Research and Sustainable Technology,tech
Kiel University,English Seminar,phil
Universität Hamburg,Asia Africa Institute,phil
Universität Bremen,Elektrotechnik,tech
University of Hamburg,Department of Earth System Sciences,mint
CAU Kiel,Institute of Plant Nutrition and Soil Science,agrar
Christian Albrechts Universitat zu Kiel,Institute of Plant Nutrition,agrar
Christian Albrechts Universitat zu Kiel,Institute of Plant Nutrition and Soil Science,agrar
GEOMAR Helmholtz-Zentrum für Ozeanforschung Kiel,Dynamics of Ocean Floor,mint
University of Greifswald,General and Special Botany,mint
University of Bremen,Faculty of Geosciences & MARUM,mint
University Greifswald,Institut of Geographie and Geologie,sowi
University of Greifswald,Institute of Geography and Geology,sowi
HafenCity University Hamburg,"History and Theory of the City / DFG-RTG 2725 ""Urban future-making""",sowi
Universität Bremen,Collaborative Research Center 1342 “Global Dynamics of Social Policy,sowi
Universität Bremen,MARUM - Cener for Marine Environmental Sciences,mint
University of Bremen,Institute of Intercultural and International Studies,phil
Kiel University,Institute of Geology / Paleoclimate Modelling,mint
University of Lübeck,Institute of Medical Biometry and Statistics,med
Universität Lübeck,Department of Medical Biometrics and Statistics University of Luebeck Ratzeburger Allee 160,med
Leuphana University Lüneburg,Institute of Ecology,mint
University of Bremen,Linguistik / Language Sciences,phil
Leuphana University Lüneburg,Ecosystem Functions,mint
Leuphana University of Lüneburg,Institute of Ecology,mint
Leuphana University of Lüneburg,School of Sustainability / Institute of Sustainability Governance (INSUGO),sowi
GEOMAR Helmholtz Centre for Ocean Research Kiel,Physical Oceanography,mint
University of Bremen,Chair in Small Business & Entrepreneurship,sowi
Carl von Ossietzky University of Oldenburg,Faculty of Education and Social Sciences,sowi
Universität Bremen,Department of Oceanography,mint
Universität Bremen,IUP - MARUM,mint
GEOMAR Helmholtz-Zentrum für Ozeanforschung Kiel,Marine Ecology,mint
Carl von Ossietzky University of Oldenburg,Institute for Chemistry and Biology of the Marine Environment (ICBM),mint
Carl von Ossietzky Universität Oldenburg,Neurosurgery,med
Christian-Albrechts-Universität zu Kiel,Institut für Geowissenschaften,mint
Europa Universität Flensburg,American Studies,phil
Hochschule für Musik und Theater,Cultural and Media Management,phil
University of Hamburg,American Studies,phil
Hochschule Bremen,School of International Business (SiB),sowi
Christian-Albrechts-Universität zu Kiel,Zoologisches Institut und Zoologisches Museum,mint
University of Bremen,"Centre for Media, Communication and Information Research (ZeMKI)",tech
University of Bremen,CRC 1342 Global Dynamics of Social Policy,sowi
Christian-Albrechts-University Kiel,Zoological Institute,mint
GEOMAR Helmholtz Centre for Ocean Research Kiel,Ocean Floor Dynamics,mint
Christian-Albrechts-Universität zu Kiel,Institute of Pre- and Protohistoric Archaeology,phil
Universität Hamburg,Physics,mint
Kiel University,Institute of Geosciences,mint
CAU Kiel,Department of Soil Science,mint
Kiel University,Faculty of Agricultural and Nutritional Sciences,agrar
University of Kiel,Functional Morphology and Biomechanics,mint
HAW Hamburg,Fakultät Design,tech
Hamburg University of Applied Sciences,Media Technology,tech
GEOMAR Helmholtz-Zentrum für Ozeanforschung Kiel,"GEOMAR-Biotech, Marine Ecology, Natural Product Chemistry",mint
University Medical Center Hamburg-Eppendorf,Dept. of Neurophysiology and Pathophysiology,med
University of Hamburg,Institute of Geography,sowi
CAU Kiel,"CRC1266 ""Scales of Transformation""",sowi
Christian Albrechts Universität zu Kiel,Geography,sowi
Universität Bremen,Physics and Environmental Engeneering,mint
University of Bremen,Institute of Public Health and Nursing Science,med
University of Bremen,Institute for Religious Studies and Religious Education,rewi
University of Bremen,English Literature and Culture,phil
University of Bremen,Interdisciplinary Ageing- and Nursing Sciences (iap),med
Universitätsklinikum Schleswig-Holstein - Campus Kiel,Institut für Klinische Chemie,med
Christian-Albrechts-Universität zu Kiel,Functional Morphology and Biomechanics,mint
University of Rostock,Institute of Biology - Aquatic Ecology,mint
GEOMAR Helmholtz Centre for Ocean Research Kiel,Ocean Circulation and Climate Dynamics,mint
GEOMAR Helmholtz Centre for Ocean Research Kiel,Biogeochemical Modelling,mint
Kiel University,Chair of Power Electronics,tech
University Medical Center Hamburg-Eppendorf,Internal Medicine,med
University Medical Center Hamburg-Eppendorf,Prosthetic Dentistry,med
Jacobs University,History,phil
University of Rostock,Institute of History,phil
Universität Rostock,Historisches Institut,phil
Universität Bremen,Fachbereich 3 Mathematik & Informatik,mint
Jacobs University Bremen gGmbH,Humanities and Social Sciences,phil
Universität Bremen,Mathematics and Computer Science,mint
University of Hamburg,Marine Geophysics Group,mint
Kiel University,Zoological Museum,mint
Fachhochschule Kiel,Fachbereich Soziale Arbeit und Gesundheit,sowi
Fachhochschule Kiel,Fachbereich Sozialwesen,sowi
Hamburger Fern-Hochschule,Fachbereich Gesundheitswissenschaften,sowi
Helmut Schmidt University,Fachbereich Erziehungswissenschaften,sowi
Kiel University,Institut für Gesellschaftswissenschaften und ihre Didaktiken,sowi
Kiel University,Institut für Pädagogik,sowi
Kiel University,Institut für Sozialwissenschaften,sowi
Kiel University,Institut für Sozialwissenschften,sowi
Kiel University,Institut für Soziologie,sowi
Kiel University,Evolutionary Ecology and Genetics,mint
University of Rostock,Waste and Resource Management,tech
University of Rostock,Faculty of Agricultural and Environmental Sciences,agrar
Kiel University,Department of Hydrology and Water Resources Management,agrar
Universität Hamburg,Centre for the Studies of Manuscript Cultures,phil
Kiel University,Institute of Clinical Molecular Biology (IKMB),mint
Leuphana University of Lüneburg,Institute for Sustainable Chemistry,mint
University of Rostock,Political Science,sowi
HAW Hamburg,"Medientechnik, Digital Reality",tech
Universität Hamburg,Meterorological Institute,mint
University Medical Center Hamburg-Eppendorf,Institute for Applied Medical Informatics,tech
GEOMAR Helmholtz Centre for Ocean Research Kiel,Ocean Dynamics,mint
Carl von Ossietzky Universität Oldenburg,"FK II - Dep. WiRe, VWL",sowi
Carl von Ossietzky University of Oldenburg,Environmental Biochemistry,mint
Universitätsmedizin Greifswald,Pediatric Hematology and Oncology,med
Universitätsklinikum Hamburg-Eppendorf,"Department of Oral and Maxillofacial Surgery, University Medical Center Hamburg-Eppendorf, 20246 Hamburg, Germany",med
MSH Medical School Hamburg,Psychology,med
Universitätsmedizin Greifswald,"Institute for Community Medicine, Section Epidemiology of Health Care and Community Health",med
GEOMAR,Chemistry Department,mint
GEOMAR,Biogeochemistry & Marine Geosystems,mint
GEOMAR,FB 2: Marine Biogeochemie FE Chemische Ozeanographie,mint
GEOMAR,FB4/MuHs-V,mint
Leibniz Centre for Tropical Marine Research,NA,mint
Max Planck Institute for Demographic Research,NA,sowi
Max Planck Institute for Comparative and International Private Law,NA,jura
Deutsches Elektronen-Synchrotron,NA,tech
Alfred Wegener Institute,NA,mint
German Center for Infection Research,NA,med
German Institute for Global and Area Studies,NA,sowi
Leibniz Institute of Virology (LIV),NA,med
Leibniz Centre for Tropical Marine Research,ZMT,mint
Technical University of Munich,NA,tech
Institute of Marine Biotechnology,NA,tech
German Institute for Global and Area Studies,GIGA German Institute of Global and Area Studies,sowi
Charité - Universitätsmedizin Berlin,NA,med
Leibniz Centre for Tropical Marine Research,Leibniz Center for Tropical Marine Ecology,mint
German Climate Computing Centre,NA,mint
Friedrich-Loeffler-Institut,Institute of Diagnostic Virology,med
Helmholtz-Zentrum Hereon,NA,tech
Bernhard Nocht Institute for Tropical Medicine,Department of Virology,med
Leibniz Institute for the Analysis of Biodiversity Change,NA,mint
West China Hospital of Sichuan University,NA,med
Beijing Hospital of Traditional Chinese Medicine,NA,med
Immungenetics (Germany),NA,med
Institute of Law,NA,jura
Clinical Research Center Kiel,NA,med
Friedrich-Loeffler-Institut,Institute of Bacterial Infections and Zoonoses,med
German Institute for Global and Area Studies,German Institute of Global and Area Studies (GIGA),sowi
Beijing Children’s Hospital,NA,med
"Biodiversity Research Center, Academia Sinica",NA,mint
Central Institute of Mental Health,NA,med
Centro Nacional de Biotecnología,NA,med
Friedrich-Loeffler-Institut,Institute of Molecular Virology and Cell Biology,med
Fukushima Medical University,NA,med
Institute of Atmospheric Physics,NA,mint
"Institute of Cellular and Organismic Biology, Academia Sinica",NA,mint
Max Planck Institute of Psychiatry,NA,med
National Center for Communicable Diseases,NA,med
German Institute for Global and Area Studies,GIGA Institute of Asian Studies,sowi
German Institute for Global and Area Studies,GIGA),sowi
National Defense Medical Center,NA,med
Oldenburger Institut für Informatik,NA,tech
German Institute for Global and Area Studies,N#,sowi
Institute of Tibetan Plateau Research,NA,mint
Shandong Center for Disease Control and Prevention,NA,med
Euroimmun Medizinische Labordiagnostika (Germany),Institute of Experimental Immunology EUROIMMUN AG,med
Indian Institute of Technology Madras,NA,tech
Institute of Oceanology,NA,mint
Siriraj Hospital,NA,med
University Cancer Center Hamburg,NA,med
University Medical Center,NA,med
Bangladesh Agricultural University,NA,agrar
Bernhard Nocht Institute for Tropical Medicine,Diagnostics Development Laboratory,med
Center for International Forestry Research,NA,mint
Chinese Academy of Fishery Sciences,NA,mint
Delft University of Technology,NA,tech
Deutsches Zentrum für Luft- und Raumfahrt e. V. (DLR),NA,tech
Euroimmun Medizinische Labordiagnostika (Germany),Institute for Experimental Immunology,med
European Molecular Biology Laboratory,Structural and Computational Biology Unit,mint
Forschungszentrum Energiespeichertechnologien,NA,tech
Fraunhofer Institute for Digital Medicine,MeVis,med
Friedrich-Loeffler-Institut,Institute of Farm Animal Genetics,agrar
Halbleiterlabor of the Max-Planck-Society,NA,tech
Massachusetts General Hospital,NA,med
Max Planck Institute for Marine Microbiology,Max-Planck Institute for Marine Microbiology,mint
Max Planck Institute for Physics,NA,mint
Vietnam National University of Forestry,NA,agrar
Woods Hole Oceanographic Institution,NA,mint
Zhongnan Hospital of Wuhan University,NA,med
Zoological Institute,NA,mint
Armed Forces Hospital,NA,med
Asklepios Klinik St. Georg,NA,med
Biotechnology Institute,NA,tech
CAU Kiel,Institute for Plant Nutrition and Soil Science,agrar
Deutsches Elektronen-Synchrotron,Deutsches Elektronen-Synchrotron (DESY),tech
Friedrich-Loeffler-Institut,Federal Research Institute for Animal Health,agrar
German Center for Lung Research,NA,med
German Centre for Cardiovascular Research,NA,med
Helsinki University Hospital,NA,med
Institut für Hygiene und Umwelt,NA,sowi
Institute of Geographic Sciences and Natural Resources Research,NA,mint
Jilin Academy of Agricultural Sciences,NA,agrar
Krankenhaus Nordwest,NA,med
Krankenhaus Salem,NA,med
"Landesamt für Landwirtschaft, Lebensmittelsicherheit und Fischerei",NA,agrar
Max Planck Institute for Marine Microbiology,Department of Biogeochemistry,mint
Max Planck Institute for Meteorology,International Max Planck Research School on Earth System Modelling,mint
National Institute of Advanced Industrial Science and Technology,NA,tech
Qingdao National Laboratory for Marine Science and Technology,NA,tech
Universitätsmedizin Rostock,NA,med
Vietnam National University of Agriculture,NA,agrar
Vietnamese Academy of Forest Sciences,NA,agrar
Animal Health Institute,NA,med
Bernhard Nocht Institute for Tropical Medicine,National Reference Center for Tropical Pathogens,med
Dermatologikum Hamburg,NA,med
Evangelisches Krankenhaus Oldenburg,NA,med
Friedrich-Loeffler-Institut,Institute of Diagnostic Virology Greifswald-Insel Riems Germany,med
Friedrich-Loeffler-Institut,Institute of Farm Animal Genetics (ING),agrar
Immungenetics (Germany),Departments of Transplant Immunology and Immunogenetics,med
Institute of Solar-Terrestrial Physics,NA,mint
Institute of Terrestrial Magnetism Ionosphere and Radio Wave Propagation,NA,tech
Leibniz Institute for Prevention Research and Epidemiology - BIPS,Leibniz-Institut für Präventionsforschung und Epidemiologie - BIPS,med
Max Planck Institute for Meteorology,Max Planck Inst. for Meteorology,mint
Max Planck Institute for Meteorology,Max-Planck-Institute for Meteorology,mint
Museum am Rothenbaum,Zoologisches Museum Hamburg,mint
Second Institute of Oceanography,NA,mint
South China Sea Institute Of Oceanology,NA,mint
Sylhet Agricultural University,NA,agrar
Technische Universität Berlin,NA,tech
Technische Universität Ilmenau,NA,tech
Universitäres Kinderwunschzentrum Lübeck,NA,med
Universität Bremen,DFG-Research Center Ocean Margins,mint
Universität Lübeck,Department of Computer Engineering,tech
Asklepios Klinik St. Georg,Department of Cardiology,med
Bernhard Nocht Institute for Tropical Medicine,Department of Implementation Research,med
Bundeswehrkrankenhaus,NA,med
Chinese Academy of Fishery Sciences,Key Laboratory of Fishery Drug Development of Ministry of Agriculture,agrar
Euroimmun Medizinische Labordiagnostika (Germany),EUROIMMUN Medizinische Labordiagnostika AG,med
Euroimmun Medizinische Labordiagnostika (Germany),NA,med
Friedrich-Loeffler-Institut,Institutes of Molecular Biology,mint
German Center for Neurodegenerative Diseases,NA,mint
German Institute for Global and Area Studies,GIGA – German Institute of Global and Area Studies,sowi
Ifo Institute for Economic Research,NA,sowi
Institute for Global Environmental Strategies,NA,mint
Japan Science and Technology Agency,NA,tech
Jena University Hospital,NA,med
Jilin Provincial Academy of Forestry Science,NA,agrar
Karlsruhe Institute of Technology,NA,tech
Klinikum Bremen-Mitte,NA,med
Korea Meteorological Administration,NA,mint
Medtronic (United States),NA,med
Minneapolis Institute of Arts,NA,phil
NSF National Center for Atmospheric Research,NA,mint
NXP (Germany),NXP Semiconductors,tech
National Institute for Environmental Studies,NA,mint
Pacific International Center for High Technology Research,NA,tech
Southern Marine Science and Engineering Guangdong Laboratory (Guangzhou),NA,mint
University Hospital Ulm,NA,med
Universität Hamburg,Institut f. Exp.Physik,mint
Universität Hamburg,Institute of Organic Chemistry,mint
Bernhard Nocht Institute for Tropical Medicine,Arbeitsgruppe Schlangenbissvergiftungen,med
Bernhard Nocht Institute for Tropical Medicine,Clinical Virology Group,med
Bernhard Nocht Institute for Tropical Medicine,Department for Infectious Disease Diagnostics,med
Bernhard Nocht Institute for Tropical Medicine,Department of Molecular Medicine,med
Bernhard Nocht Institute for Tropical Medicine,Departments of Biochemistry and Helminthology,med
CAU Kiel,Graduate School 'Human Development in Landscapes',phil
CAU Kiel,Institute for Security Policy at Kiel University (ISPK),sowi
CAU Kiel,Institute of Plant Breeding and Crop Science,agrar
Constructor University,Department of Physics and Earth Sciences,mint
Friedrich-Loeffler-Institut,Friedrich‐Loeffler‐Institut Federal Research Institute for Animal Health Institute of Bacterial Infections and Zoonoses Jena Germany,med
Friedrich-Loeffler-Institut,Institute of Animal Welfare and Animal Husbandry,agrar
Friedrich-Loeffler-Institut,Institute of International Animal Health/One Health,med
German Institute for Global and Area Studies,GIGA,sowi
Hamburg University of Technology,Technische Universität Hamburg-Harburg,tecvh
Hearing4all,Animal Physiology and Behaviour Group,mint
Immungenetics (Germany),Labor of Immunogenetics,med
Institute of Marine Biotechnology,Jiangsu Key Laboratory of Marine Biotechnology,mint
Kiel Institut für Weltwirtschaft,Institut für Weltwirtschaft,sowi
Klinikum Bremen-Mitte,Klinik für Thoraxchirurgie,med
Korea Institute for International Economic Policy,NA,sowi
Landesinstitut für Lehrerbildung und Schulentwicklung,and LI Li,phil
Leibniz Centre for Tropical Marine Research,Leibniz Zentrum für Marine Tropenökologie,mint
Leibniz Centre for Tropical Marine Research,Leibniz-Zentrum für Marine Tropenökologie GmbH (ZMT),mint
Leibniz Centre for Tropical Marine Research,Social Sciences Department,sowi
Leibniz Institute for Prevention Research and Epidemiology - BIPS,Leibniz Institute for Prevention Research and Epidemiology-(BIPS),med
Leuphana Universität Lüneburg,Centre for Sustainability Management,sowi
Leuphana Universität Lüneburg,Leuphana U. LüneburgSolvay Business SchoolNational U. of SingaporeJohns Hopkins U.,sowi
Max Planck Institute for Marine Microbiology,Max-Planck-Institut für Marine Mikrobiologie,mint
Museum am Rothenbaum,Biozentrum Grindel and Zoological Museum,mint
Oldenburger Institut für Informatik,OFFIS Institut für Informatik e.V.,tech
Universität Greifswald,Department of Pharmaceutical Biology,mint
Universität Greifswald,Institute of Human Genetics,mint
Universität Hamburg,Institut für Biogeochemie und Meereschemie,mint
Universität Hamburg,Research Unit Sustainability and Climate Risks,mint
Universitätsmedizin Greifswald,Klinik und Poliklinik für Chirurgie,med
Universitätsmedizin Rostock,Klinik und Poliklinik für Psychosomatische Medizin und,med
Alfred Wegener Institute,Alfred Wegener Institute for Polar and Marine Research,mint
Institute for Peace Research and Security Policy,Arms Control and Emerging Technologies,tech
Universität Bremen,Organic Geochemistry,mint
Universität Rostock,Leibniz Institute for Atmospheric Physics,mint
CAU Kiel,Leibniz-Labor,mint
Universität Bremen,Centre for Social Policy Research,sowi
Universität Bremen,Department of Physics,mint
Friedrich-Loeffler-Institut,Friedrich Loeffler Institute for Medical Microbiology,med
German Institute for Global and Area Studies (GIGA),GIGA Institute of Asian Studies,sowi
German Institute for Global and Area Studies (GIGA),NA,sowi
HAW Hamburg,NA,tech
Universität Hamburg,Mission Academy,rewi
Max-Planck-Institut für Meteorologie,AES,mint
