orcid,faculties,note
0000-0001-5278-8379,agrar,hand-classified from publications
0000-0001-5891-7290,agrar,hand-classified from publications
0000-0001-6090-2856,agrar,hand-classified from publications
0000-0001-6223-2841,mint,hand-classified from publications
0000-0001-6388-3777,mint,hand-classified from publications
0000-0001-8563-0324,tech,hand-classified from publications
0000-0002-2636-3438,mint,hand-classified from publications
0000-0002-4983-5645,agrar,hand-classified from publications
0000-0002-6701-4429,tech,hand-classified from publications
0000-0002-7564-9600,agrar,hand-classified from publications
0000-0002-8003-1864,agrar,hand-classified from publications
0000-0003-0372-3960,mint,hand-classified from publications
0000-0003-1482-9998,mint,hand-classified from publications
0000-0003-1791-7272,agrar,hand-classified from publications
0000-0003-2161-9155,agrar,hand-classified from publications
0000-0003-2460-0396,mint,hand-classified from publications
0000-0003-3334-8591,agrar,hand-classified from publications
0000-0003-3842-4653,mint,hand-classified from publications
0000-0003-4123-3305,mint,hand-classified from publications
0000-0003-4447-2002,mint,hand-classified from publications
0000-0003-4459-1124,mint,hand-classified from publications
0009-0006-2947-7939,agrar,hand-classified from publications
no_orcid_1224,jura,hand-classified from publications
no_orcid_1300,mint,hand-classified from publications
no_orcid_1328,agrar,hand-classified from publications
no_orcid_1329,agrar,hand-classified from publications
no_orcid_1330,agrar,hand-classified from publications
no_orcid_1342,mint,hand-classified from publications
no_orcid_1698,phil,hand-classified from publications
no_orcid_1699,sowi,hand-classified from publications
no_orcid_1886,agrar,hand-classified from publications
no_orcid_2340,mint,hand-classified from publications
no_orcid_2636,mint,hand-classified from publications
no_orcid_3037,agrar,hand-classified from publications
no_orcid_3337,med,hand-classified from publications
no_orcid_3603,mint,hand-classified from publications
no_orcid_4039,mint,hand-classified from publications
no_orcid_4571,mint,hand-classified from publications
no_orcid_4995,agrar,hand-classified from publications
no_orcid_6962,mint,hand-classified from publications
no_orcid_7616,agrar,hand-classified from publications
no_orcid_7769,mint,hand-classified from publications
no_orcid_8893,sowi,hand-classified from publications
0000-0002-7446-5981,jura,hand-classified from publications
0000-0002-8379-7160,jura,hand-classified from publications
0009-0009-8171-1640,jura,hand-classified from publications
no_orcid_1391,jura,hand-classified from publications
no_orcid_2306,jura,hand-classified from publications
no_orcid_2485,jura,hand-classified from publications
no_orcid_2844,jura,hand-classified from publications
no_orcid_2887,jura,hand-classified from publications
no_orcid_3273,jura,hand-classified from publications
no_orcid_3733,jura,hand-classified from publications
no_orcid_4183,jura,hand-classified from publications
no_orcid_4185,jura,hand-classified from publications
0000-0001-5209-6647,med,hand-classified from publications
0000-0001-6375-7295,med,hand-classified from publications
0000-0001-7091-1051,med,hand-classified from publications
0000-0001-7494-0845,med,hand-classified from publications
0000-0001-8071-0827,med,hand-classified from publications
0000-0001-9414-4555,med,hand-classified from publications
0000-0002-0406-5958,med,hand-classified from publications
0000-0002-0436-4480,med,hand-classified from publications
0000-0002-1574-0138,med,hand-classified from publications
0000-0002-1927-3514,med,hand-classified from publications
0000-0002-2554-9150,med,hand-classified from publications
0000-0002-2891-3448,med,hand-classified from publications
0000-0002-2935-0296,med,hand-classified from publications
0000-0002-3884-1943,med,hand-classified from publications
0000-0002-4603-9504,med,hand-classified from publications
0000-0002-4644-1448,med,hand-classified from publications
0000-0002-5298-5919,med,hand-classified from publications
0000-0002-5461-3289,mint,hand-classified from publications
0000-0002-6373-5923,med,hand-classified from publications
0000-0002-6666-5430,med,hand-classified from publications
0000-0002-6911-9558,med,hand-classified from publications
0000-0002-7503-5131,med,hand-classified from publications
0000-0002-7584-8044,med,hand-classified from publications
0000-0002-7677-7057,med,hand-classified from publications
0000-0002-7897-8864,med,hand-classified from publications
0000-0002-8338-8025,med,hand-classified from publications
0000-0002-8348-5087,med,hand-classified from publications
0000-0002-8574-5831,med,hand-classified from publications
0000-0002-9328-5732,med,hand-classified from publications
0000-0002-9575-1119,med,hand-classified from publications
0000-0002-9775-804X,med,hand-classified from publications
0000-0003-0016-2985,med,hand-classified from publications
0000-0003-0783-3905,sowi,hand-classified from publications
0000-0003-1739-749X,med,hand-classified from publications
0000-0003-2784-3297,med,hand-classified from publications
0000-0003-3364-3400,sowi,hand-classified from publications
0000-0003-4415-0273,med,hand-classified from publications
0000-0003-4906-7620,med,hand-classified from publications
0009-0002-4416-6339,med,hand-classified from publications
0009-0009-2423-8914,med,hand-classified from publications
no_orcid_10180,med,hand-classified from publications
no_orcid_10214,mint,hand-classified from publications
no_orcid_10789,med,hand-classified from publications
no_orcid_10791,med,hand-classified from publications
no_orcid_10798,med,hand-classified from publications
no_orcid_10806,med,hand-classified from publications
no_orcid_1143,med,hand-classified from publications
no_orcid_1149,agrar,hand-classified from publications
no_orcid_123,med,hand-classified from publications
no_orcid_1269,med,hand-classified from publications
no_orcid_1284,mint,hand-classified from publications
no_orcid_1318,agrar,hand-classified from publications
no_orcid_1423,med,hand-classified from publications
no_orcid_1452,phil,hand-classified from publications
no_orcid_1475,sowi,hand-classified from publications
no_orcid_1688,med,hand-classified from publications
no_orcid_2805,med,hand-classified from publications
no_orcid_2948,med,hand-classified from publications
no_orcid_300,agrar,hand-classified from publications
no_orcid_3500,mint,hand-classified from publications
no_orcid_4139,mint,hand-classified from publications
no_orcid_4140,sowi,hand-classified from publications
no_orcid_4151,med,hand-classified from publications
no_orcid_4152,mint,hand-classified from publications
no_orcid_4380,med,hand-classified from publications
no_orcid_4506,phil,hand-classified from publications
no_orcid_5639,med,hand-classified from publications
no_orcid_5842,jura,hand-classified from publications
no_orcid_6148,jura,hand-classified from publications
no_orcid_6232,jura,hand-classified from publications
no_orcid_6278,med,hand-classified from publications
no_orcid_644,mint,hand-classified from publications
no_orcid_6756,mint,hand-classified from publications
no_orcid_7094,med,hand-classified from publications
no_orcid_7179,phil,hand-classified from publications
no_orcid_7443,jura,hand-classified from publications
no_orcid_7865,med,hand-classified from publications
no_orcid_7934,mint,hand-classified from publications
no_orcid_797,sowi,hand-classified from publications
no_orcid_798,sowi,hand-classified from publications
no_orcid_799,sowi,hand-classified from publications
no_orcid_8283,med,hand-classified from publications
no_orcid_9101,mint,hand-classified from publications
no_orcid_915,mint,hand-classified from publications
no_orcid_9534,jura,hand-classified from publications
0000-0001-5057-9709,mint,hand-classified from publications
0000-0001-5591-1993,mint,hand-classified from publications
0000-0001-5626-1216,mint,hand-classified from publications
0000-0001-5736-1948,mint,hand-classified from publications
0000-0001-6272-8898,mint,hand-classified from publications
0000-0001-6274-6973,mint,hand-classified from publications
0000-0001-6389-1160,mint,hand-classified from publications
0000-0001-6868-227X,mint,hand-classified from publications
0000-0001-6875-0172,mint,hand-classified from publications
0000-0001-7158-7855,mint,hand-classified from publications
0000-0001-7201-6771,mint,hand-classified from publications
0000-0001-7328-636X,mint,hand-classified from publications
0000-0001-7405-013X,mint,hand-classified from publications
0000-0001-7501-2506,mint,hand-classified from publications
0000-0001-7785-4926,mint,hand-classified from publications
0000-0001-8244-9642,mint,hand-classified from publications
0000-0001-8255-5883,mint,hand-classified from publications
0000-0001-8275-0822,mint,hand-classified from publications
0000-0001-8424-9898,mint,hand-classified from publications
0000-0001-8796-3229,mint,hand-classified from publications
0000-0001-8951-1517,mint,hand-classified from publications
0000-0001-9017-9494,mint,hand-classified from publications
0000-0001-9180-0422,mint,hand-classified from publications
0000-0001-9235-4399,mint,hand-classified from publications
0000-0001-9296-017X,mint,hand-classified from publications
0000-0001-9337-0753,mint,hand-classified from publications
0000-0001-9359-7181,mint,hand-classified from publications
0000-0001-9392-1471,mint,hand-classified from publications
0000-0001-9404-3738,mint,hand-classified from publications
0000-0001-9444-008X,mint,hand-classified from publications
0000-0001-9851-0575,mint,hand-classified from publications
0000-0002-0228-5551,mint,hand-classified from publications
0000-0002-0367-2721,mint,hand-classified from publications
0000-0002-0408-872X,mint,hand-classified from publications
0000-0002-0423-4926,mint,hand-classified from publications
0000-0002-0505-2091,mint,hand-classified from publications
0000-0002-1037-7544,mint,hand-classified from publications
0000-0002-1110-7765,mint,hand-classified from publications
0000-0002-1270-6807,mint,hand-classified from publications
0000-0002-1525-042X,mint,hand-classified from publications
0000-0002-1584-2089,mint,hand-classified from publications
0000-0002-1594-7083,mint,hand-classified from publications
0000-0002-1657-7950,mint,hand-classified from publications
0000-0002-1764-5409,mint,hand-classified from publications
0000-0002-1886-6633,mint,hand-classified from publications
0000-0002-2127-1817,mint,hand-classified from publications
0000-0002-2138-5558,mint,hand-classified from publications
0000-0002-2371-4909,mint,hand-classified from publications
0000-0002-2512-3600,mint,hand-classified from publications
0000-0002-2656-3878,mint,hand-classified from publications
0000-0002-3347-3547,mint,hand-classified from publications
0000-0002-3623-4963,tech,hand-classified from publications
0000-0002-4122-1091,mint,hand-classified from publications
0000-0002-4300-5675,mint,hand-classified from publications
0000-0002-4441-9474,mint,hand-classified from publications
0000-0002-5279-1444,mint,hand-classified from publications
0000-0002-5342-0450,mint,hand-classified from publications
0000-0002-5348-2512,mint,hand-classified from publications
0000-0002-5452-2424,mint,hand-classified from publications
0000-0002-5680-1734,mint,hand-classified from publications
0000-0002-6136-9499,mint,hand-classified from publications
0000-0002-6239-8312,mint,hand-classified from publications
0000-0002-6336-5897,mint,hand-classified from publications
0000-0002-6490-9809,mint,hand-classified from publications
0000-0002-6747-1769,mint,hand-classified from publications
0000-0002-6819-373X,mint,hand-classified from publications
0000-0002-7319-6513,mint,hand-classified from publications
0000-0002-7724-3831,mint,hand-classified from publications
0000-0002-8214-4969,mint,hand-classified from publications
0000-0002-8254-4663,mint,hand-classified from publications
0000-0002-8278-4376,mint,hand-classified from publications
0000-0002-9036-5323,mint,hand-classified from publications
0000-0002-9152-1826,mint,hand-classified from publications
0000-0002-9883-5086,mint,hand-classified from publications
0000-0002-9980-4599,mint,hand-classified from publications
0000-0003-0041-7044,mint,hand-classified from publications
0000-0003-0088-8364,mint,hand-classified from publications
0000-0003-0187-9179,mint,hand-classified from publications
0000-0003-0773-0105,mint,hand-classified from publications
0000-0003-0977-8954,mint,hand-classified from publications
0000-0003-1779-2684,mint,hand-classified from publications
0000-0003-1792-9134,mint,hand-classified from publications
0000-0003-2071-8602,mint,hand-classified from publications
0000-0003-2162-0981,mint,hand-classified from publications
0000-0003-2172-7906,mint,hand-classified from publications
0000-0003-2273-8367,mint,hand-classified from publications
0000-0003-2287-1168,mint,hand-classified from publications
0000-0003-2313-0628,mint,hand-classified from publications
0000-0003-2464-1630,mint,hand-classified from publications
0000-0003-2993-0335,mint,hand-classified from publications
0000-0003-3223-1797,mint,hand-classified from publications
0000-0003-3361-7384,mint,hand-classified from publications
0000-0003-3403-6880,mint,hand-classified from publications
0000-0003-3674-8347,mint,hand-classified from publications
0000-0003-3783-9179,mint,hand-classified from publications
0000-0003-3795-0475,mint,hand-classified from publications
0000-0003-4647-1273,mint,hand-classified from publications
0000-0003-4962-9232,mint,hand-classified from publications
0009-0002-6676-8824,mint,hand-classified from publications
0009-0003-1713-614X,mint,hand-classified from publications
0009-0006-8034-6272,mint,hand-classified from publications
0009-0006-9311-3099,mint,hand-classified from publications
0009-0008-3829-6704,mint,hand-classified from publications
0009-0009-5046-0906,mint,hand-classified from publications
no_orcid_10210,mint,hand-classified from publications
no_orcid_10598,med,hand-classified from publications
no_orcid_10627,mint,hand-classified from publications
no_orcid_10628,mint,hand-classified from publications
no_orcid_1071,mint,hand-classified from publications
no_orcid_1214,sowi,hand-classified from publications
no_orcid_1285,mint,hand-classified from publications
no_orcid_1387,mint,hand-classified from publications
no_orcid_15,mint,hand-classified from publications
no_orcid_1538,med,hand-classified from publications
no_orcid_16,mint,hand-classified from publications
no_orcid_1854,mint,hand-classified from publications
no_orcid_1989,mint,hand-classified from publications
no_orcid_1991,mint,hand-classified from publications
no_orcid_2035,sowi,hand-classified from publications
no_orcid_2036,sowi,hand-classified from publications
no_orcid_2230,mint,hand-classified from publications
no_orcid_226,mint,hand-classified from publications
no_orcid_2288,mint,hand-classified from publications
no_orcid_23,mint,hand-classified from publications
no_orcid_2482,tech,hand-classified from publications
no_orcid_2564,mint,hand-classified from publications
no_orcid_2586,mint,hand-classified from publications
no_orcid_2639,mint,hand-classified from publications
no_orcid_2640,mint,hand-classified from publications
no_orcid_265,mint,hand-classified from publications
no_orcid_2656,mint,hand-classified from publications
no_orcid_269,mint,hand-classified from publications
no_orcid_270,mint,hand-classified from publications
no_orcid_2757,mint,hand-classified from publications
no_orcid_2811,jura,hand-classified from publications
no_orcid_2856,sowi,hand-classified from publications
no_orcid_3209,mint,hand-classified from publications
no_orcid_325,mint,hand-classified from publications
no_orcid_3470,mint,hand-classified from publications
no_orcid_3498,mint,hand-classified from publications
no_orcid_3763,mint,hand-classified from publications
no_orcid_3885,mint,hand-classified from publications
no_orcid_3992,mint,hand-classified from publications
no_orcid_4103,tech,hand-classified from publications
no_orcid_434,mint,hand-classified from publications
no_orcid_4520,mint,hand-classified from publications
no_orcid_4521,mint,hand-classified from publications
no_orcid_4529,mint,hand-classified from publications
no_orcid_4530,mint,hand-classified from publications
no_orcid_4551,mint,hand-classified from publications
no_orcid_4555,mint,hand-classified from publications
no_orcid_4579,mint,hand-classified from publications
no_orcid_5076,sowi,hand-classified from publications
no_orcid_564,tech,hand-classified from publications
no_orcid_5649,mint,hand-classified from publications
no_orcid_651,tech,hand-classified from publications
no_orcid_6713,mint,hand-classified from publications
no_orcid_6732,med,hand-classified from publications
no_orcid_682,phil,hand-classified from publications
no_orcid_684,med,hand-classified from publications
no_orcid_7,mint,hand-classified from publications
no_orcid_7100,mint,hand-classified from publications
no_orcid_7101,mint,hand-classified from publications
no_orcid_7178,phil,hand-classified from publications
no_orcid_765,mint,hand-classified from publications
no_orcid_7862,mint,hand-classified from publications
no_orcid_8582,phil,hand-classified from publications
no_orcid_8617,mint,hand-classified from publications
no_orcid_8631,sowi,hand-classified from publications
no_orcid_8717,mint,hand-classified from publications
no_orcid_8718,mint,hand-classified from publications
no_orcid_8722,mint,hand-classified from publications
no_orcid_8728,mint,hand-classified from publications
no_orcid_8892,sowi,hand-classified from publications
no_orcid_8980,mint,hand-classified from publications
no_orcid_9017,phil,hand-classified from publications
no_orcid_9485,mint,hand-classified from publications
no_orcid_9486,mint,hand-classified from publications
no_orcid_9488,mint,hand-classified from publications
no_orcid_9593,sowi,hand-classified from publications
0000-0001-5608-4336,phil,hand-classified from publications
0000-0001-7106-7833,phil,hand-classified from publications
0000-0001-7234-1136,phil,hand-classified from publications
0000-0001-8775-8567,phil,hand-classified from publications
0000-0001-8959-2695,phil,hand-classified from publications
0000-0001-9015-4545,phil,hand-classified from publications
0000-0001-9272-2518,mint,hand-classified from publications
0000-0001-9734-8270,sowi,hand-classified from publications
0000-0002-0944-5095,phil,hand-classified from publications
0000-0002-2709-9595,rewi,hand-classified from publications
0000-0002-3065-1926,phil,hand-classified from publications
0000-0002-3257-3087,phil,hand-classified from publications
0000-0002-4962-5330,sowi,hand-classified from publications
0000-0002-4985-5275,phil,hand-classified from publications
0000-0002-5128-0415,phil,hand-classified from publications
0000-0002-5439-5082,phil,hand-classified from publications
0000-0002-6196-6488,sowi,hand-classified from publications
0000-0002-7555-3334,phil,hand-classified from publications
0000-0002-8027-5383,phil,hand-classified from publications
0000-0002-8042-7551,phil,hand-classified from publications
0000-0002-8162-7694,phil,hand-classified from publications
0000-0002-8275-939X,phil,hand-classified from publications
0000-0002-8572-5507,sowi,hand-classified from publications
0000-0002-9984-1373,phil,hand-classified from publications
0000-0003-0026-6450,phil,hand-classified from publications
0000-0003-0495-3426,mint,hand-classified from publications
0000-0003-1615-3960,phil,hand-classified from publications
0000-0003-2111-0965,phil,hand-classified from publications
0000-0003-2642-068X,sowi,hand-classified from publications
0000-0003-3003-7229,sowi,hand-classified from publications
0000-0003-3613-4193,rewi,hand-classified from publications
0000-0003-4169-1330,rewi,hand-classified from publications
0000-0003-4294-3632,sowi,hand-classified from publications
0000-0003-4516-3391,sowi,hand-classified from publications
0000-0003-4609-9176,phil,hand-classified from publications
0009-0000-5853-4388,phil,hand-classified from publications
0009-0001-4816-8916,phil,hand-classified from publications
0009-0002-2745-1146,rewi,hand-classified from publications
0009-0007-1571-9172,phil,hand-classified from publications
no_orcid_10242,phil,hand-classified from publications
no_orcid_1225,jura,hand-classified from publications
no_orcid_1239,rewi,hand-classified from publications
no_orcid_1245,jura,hand-classified from publications
no_orcid_1718,phil,hand-classified from publications
no_orcid_1736,phil,hand-classified from publications
no_orcid_1997,phil,hand-classified from publications
no_orcid_2931,med,hand-classified from publications
no_orcid_3689,phil,hand-classified from publications
no_orcid_3738,phil,hand-classified from publications
no_orcid_4584,phil,hand-classified from publications
no_orcid_4986,phil,hand-classified from publications
no_orcid_535,phil,hand-classified from publications
no_orcid_5589,jura,hand-classified from publications
no_orcid_5631,phil,hand-classified from publications
no_orcid_5632,phil,hand-classified from publications
no_orcid_5693,sowi,hand-classified from publications
no_orcid_6070,phil,hand-classified from publications
no_orcid_6207,phil,hand-classified from publications
no_orcid_6808,phil,hand-classified from publications
no_orcid_6850,phil,hand-classified from publications
no_orcid_6854,phil,hand-classified from publications
no_orcid_6860,phil,hand-classified from publications
no_orcid_7415,phil,hand-classified from publications
no_orcid_875,sowi,hand-classified from publications
no_orcid_8891,sowi,hand-classified from publications
no_orcid_8901,phil,hand-classified from publications
no_orcid_894,sowi,hand-classified from publications
no_orcid_9623,rewi,hand-classified from publications
0000-0001-5039-3779,sowi,hand-classified from publications
0000-0001-5228-8980,sowi,hand-classified from publications
0000-0001-5306-8875,sowi,hand-classified from publications
0000-0001-5675-9866,sowi,hand-classified from publications
0000-0001-5822-4486,sowi,hand-classified from publications
0000-0001-6272-8900,sowi,hand-classified from publications
0000-0001-6420-3198,mint,hand-classified from publications
0000-0001-6517-1503,sowi,hand-classified from publications
0000-0001-6541-7374,sowi,hand-classified from publications
0000-0001-6638-0147,sowi,hand-classified from publications
0000-0001-6708-2520,jura,hand-classified from publications
0000-0001-6892-4013,sowi,hand-classified from publications
0000-0001-7191-0739,sowi,hand-classified from publications
0000-0001-7553-3838,sowi,hand-classified from publications
0000-0001-7669-5345,sowi,hand-classified from publications
0000-0001-7935-9785,phil,hand-classified from publications
0000-0001-8244-9984,sowi,hand-classified from publications
0000-0001-8310-6975,sowi,hand-classified from publications
0000-0001-8448-5663,sowi,hand-classified from publications
0000-0001-8704-4206,sowi,hand-classified from publications
0000-0001-8756-8181,sowi,hand-classified from publications
0000-0001-9374-1438,sowi,hand-classified from publications
0000-0001-9489-2385,sowi,hand-classified from publications
0000-0001-9566-3699,sowi,hand-classified from publications
0000-0001-9572-2185,sowi,hand-classified from publications
0000-0001-9616-5042,sowi,hand-classified from publications
0000-0001-9695-4527,sowi,hand-classified from publications
0000-0001-9831-5876,sowi,hand-classified from publications
0000-0001-9841-6386,med,hand-classified from publications
0000-0002-0026-8133,sowi,hand-classified from publications
0000-0002-0430-8331,sowi,hand-classified from publications
0000-0002-0470-9047,sowi,hand-classified from publications
0000-0002-0625-9270,sowi,hand-classified from publications
0000-0002-0756-260X,sowi,hand-classified from publications
0000-0002-0891-2501,sowi,hand-classified from publications
0000-0002-1013-1499,phil,hand-classified from publications
0000-0002-1099-2352,sowi,hand-classified from publications
0000-0002-1392-1816,mint,hand-classified from publications
0000-0002-1399-7677,sowi,hand-classified from publications
0000-0002-1596-2267,sowi,hand-classified from publications
0000-0002-1678-6904,sowi,hand-classified from publications
0000-0002-1739-446X,sowi,hand-classified from publications
0000-0002-1802-5586,sowi,hand-classified from publications
0000-0002-2456-8683,sowi,hand-classified from publications
0000-0002-2552-7795,sowi,hand-classified from publications
0000-0002-2967-1508,sowi,hand-classified from publications
0000-0002-3292-5652,sowi,hand-classified from publications
0000-0002-3536-7131,sowi,hand-classified from publications
0000-0002-3799-469X,sowi,hand-classified from publications
0000-0002-3893-9633,sowi,hand-classified from publications
0000-0002-4159-6635,sowi,hand-classified from publications
0000-0002-4203-8483,jura,hand-classified from publications
0000-0002-4298-4605,med,hand-classified from publications
0000-0002-5128-722X,sowi,hand-classified from publications
0000-0002-5279-7758,sowi,hand-classified from publications
0000-0002-5429-5292,med,hand-classified from publications
0000-0002-5677-1096,sowi,hand-classified from publications
0000-0002-5911-805X,tech,hand-classified from publications
0000-0002-6103-4760,med,hand-classified from publications
0000-0002-6219-2795,sowi,hand-classified from publications
0000-0002-6325-2040,sowi,hand-classified from publications
0000-0002-6480-7984,sowi,hand-classified from publications
0000-0002-6551-6716,sowi,hand-classified from publications
0000-0002-6815-9806,mint,hand-classified from publications
0000-0002-7410-2590,mint,hand-classified from publications
0000-0002-7603-3824,sowi,hand-classified from publications
0000-0002-7846-8629,sowi,hand-classified from publications
0000-0002-7960-0791,sowi,hand-classified from publications
0000-0002-8079-1898,sowi,hand-classified from publications
0000-0002-8223-047X,sowi,hand-classified from publications
0000-0002-8436-2548,sowi,hand-classified from publications
0000-0002-8451-3043,sowi,hand-classified from publications
0000-0002-8759-6390,sowi,hand-classified from publications
0000-0002-8904-6851,sowi,hand-classified from publications
0000-0002-8925-3631,sowi,hand-classified from publications
0000-0002-9014-1231,sowi,hand-classified from publications
0000-0002-9035-8369,sowi,hand-classified from publications
0000-0002-9037-0317,sowi,hand-classified from publications
0000-0002-9157-1110,sowi,hand-classified from publications
0000-0002-9208-4322,sowi,hand-classified from publications
0000-0002-9467-3470,sowi,hand-classified from publications
0000-0002-9885-3321,sowi,hand-classified from publications
0000-0003-0025-6674,mint,hand-classified from publications
0000-0003-0494-4634,sowi,hand-classified from publications
0000-0003-0689-858X,sowi,hand-classified from publications
0000-0003-0876-3769,sowi,hand-classified from publications
0000-0003-1371-4945,sowi,hand-classified from publications
0000-0003-1372-0683,sowi,hand-classified from publications
0000-0003-2139-8575,mint,hand-classified from publications
0000-0003-2185-4251,sowi,hand-classified from publications
0000-0003-2255-9406,sowi,hand-classified from publications
0000-0003-3231-3741,sowi,hand-classified from publications
0000-0003-3307-7760,sowi,hand-classified from publications
0000-0003-3687-7691,sowi,hand-classified from publications
0000-0003-4087-2789,sowi,hand-classified from publications
0000-0003-4093-6471,sowi,hand-classified from publications
0009-0000-4473-5031,jura,hand-classified from publications
0009-0001-7437-7156,jura,hand-classified from publications
0009-0005-7359-2304,sowi,hand-classified from publications
0009-0006-7018-9808,sowi,hand-classified from publications
0009-0008-4207-3060,sowi,hand-classified from publications
0009-0008-5385-8963,sowi,hand-classified from publications
no_orcid_10399,sowi,hand-classified from publications
no_orcid_10488,sowi,hand-classified from publications
no_orcid_1073,jura,hand-classified from publications
no_orcid_10736,sowi,hand-classified from publications
no_orcid_10751,sowi,hand-classified from publications
no_orcid_1209,sowi,hand-classified from publications
no_orcid_1210,sowi,hand-classified from publications
no_orcid_1223,sowi,hand-classified from publications
no_orcid_1240,sowi,hand-classified from publications
no_orcid_1302,mint,hand-classified from publications
no_orcid_1408,sowi,hand-classified from publications
no_orcid_1462,sowi,hand-classified from publications
no_orcid_1759,sowi,hand-classified from publications
no_orcid_195,mint,hand-classified from publications
no_orcid_1977,sowi,hand-classified from publications
no_orcid_2006,sowi,hand-classified from publications
no_orcid_2012,sowi,hand-classified from publications
no_orcid_2081,mint,hand-classified from publications
no_orcid_237,sowi,hand-classified from publications
no_orcid_2391,jura,hand-classified from publications
no_orcid_2522,sowi,hand-classified from publications
no_orcid_2651,sowi,hand-classified from publications
no_orcid_2665,sowi,hand-classified from publications
no_orcid_2694,tech,hand-classified from publications
no_orcid_2810,jura,hand-classified from publications
no_orcid_2842,sowi,hand-classified from publications
no_orcid_2893,jura,hand-classified from publications
no_orcid_2939,sowi,hand-classified from publications
no_orcid_2940,sowi,hand-classified from publications
no_orcid_2970,agrar,hand-classified from publications
no_orcid_3217,sowi,hand-classified from publications
no_orcid_3359,mint,hand-classified from publications
no_orcid_341,sowi,hand-classified from publications
no_orcid_349,sowi,hand-classified from publications
no_orcid_3571,sowi,hand-classified from publications
no_orcid_3641,sowi,hand-classified from publications
no_orcid_3642,sowi,hand-classified from publications
no_orcid_3928,sowi,hand-classified from publications
no_orcid_3940,mint,hand-classified from publications
no_orcid_4088,sowi,hand-classified from publications
no_orcid_4299,phil,hand-classified from publications
no_orcid_4331,sowi,hand-classified from publications
no_orcid_4381,med,hand-classified from publications
no_orcid_4853,sowi,hand-classified from publications
no_orcid_4994,sowi,hand-classified from publications
no_orcid_5022,sowi,hand-classified from publications
no_orcid_5075,sowi,hand-classified from publications
no_orcid_512,sowi,hand-classified from publications
no_orcid_513,med,hand-classified from publications
no_orcid_5390,med,hand-classified from publications
no_orcid_5493,sowi,hand-classified from publications
no_orcid_555,jura,hand-classified from publications
no_orcid_5653,sowi,hand-classified from publications
no_orcid_5932,sowi,hand-classified from publications
no_orcid_6088,sowi,hand-classified from publications
no_orcid_6090,sowi,hand-classified from publications
no_orcid_6181,sowi,hand-classified from publications
no_orcid_6656,sowi,hand-classified from publications
no_orcid_669,sowi,hand-classified from publications
no_orcid_6864,sowi,hand-classified from publications
no_orcid_7121,sowi,hand-classified from publications
no_orcid_7267,sowi,hand-classified from publications
no_orcid_7343,sowi,hand-classified from publications
no_orcid_7892,mint,hand-classified from publications
no_orcid_7980,sowi,hand-classified from publications
no_orcid_7983,sowi,hand-classified from publications
no_orcid_8359,sowi,hand-classified from publications
no_orcid_8425,sowi,hand-classified from publications
no_orcid_8581,sowi,hand-classified from publications
no_orcid_8595,sowi,hand-classified from publications
no_orcid_9188,mint,hand-classified from publications
no_orcid_9434,sowi,hand-classified from publications
no_orcid_950,mint,hand-classified from publications
0000-0001-8513-059X,sowi,hand-classified from publications
0000-0002-0818-2684,tech,hand-classified from publications
0000-0002-2657-5043,tech,hand-classified from publications
0000-0002-3556-0660,sowi,hand-classified from publications
0000-0002-9638-8753,tech,hand-classified from publications
0000-0003-0475-1023,tech,hand-classified from publications
0000-0003-2182-5354,tech,hand-classified from publications
0000-0003-3545-4822,mint,hand-classified from publications
0009-0002-2426-5663,tech,hand-classified from publications
no_orcid_10830,tech,hand-classified from publications
no_orcid_3257,tech,hand-classified from publications
no_orcid_4015,sowi,hand-classified from publications
no_orcid_4134,tech,hand-classified from publications
no_orcid_4557,mint,hand-classified from publications
no_orcid_5561,mint,hand-classified from publications
no_orcid_6858,sowi,hand-classified from publications
0009-0008-3838-5678,phil,hand-reclassified from publications (concordance backfill correction)
0000-0002-1133-1759,agrar,hand-reclassified from publications (concordance backfill correction)
0000-0002-3901-3496,sowi,hand-reclassified from publications (concordance backfill correction)
0000-0003-0237-8106,sowi,hand-reclassified from publications (concordance backfill correction)
0009-0003-2629-7666,sowi,hand-reclassified from publications (concordance backfill correction)
no_orcid_2015,sowi,hand-reclassified from publications (concordance backfill correction)
no_orcid_7447,sowi,hand-reclassified from publications (concordance backfill correction)
no_orcid_8525,mint,hand-reclassified from publications (concordance backfill correction)
0000-0001-8910-2887,phil,hand-reclassified from publications (concordance backfill correction)
0000-0002-2824-7641,phil,hand-reclassified from publications (concordance backfill correction)
no_orcid_7746,jura,hand-reclassified from publications (concordance backfill correction)
0000-0001-5053-3700,sowi,hand-reclassified from publications (concordance backfill correction)
0000-0002-2035-7715,sowi,hand-reclassified from publications (concordance backfill correction)
0000-0002-2044-742X,sowi,hand-reclassified from publications (concordance backfill correction)
0000-0002-2704-6178,sowi,hand-reclassified from publications (concordance backfill correction)
0000-0002-4054-1149,sowi,hand-reclassified from publications (concordance backfill correction)
0000-0002-6490-125X,sowi,hand-reclassified from publications (concordance backfill correction)
0000-0002-8312-0547,sowi,hand-reclassified from publications (concordance backfill correction)
0000-0003-0640-9387,sowi,hand-reclassified from publications (concordance backfill correction)
0000-0003-1798-8679,tech,hand-reclassified from publications (concordance backfill correction)
0000-0003-1803-3727,sowi,hand-reclassified from publications (concordance backfill correction)
0000-0003-2577-0928,sowi,hand-reclassified from publications (concordance backfill correction)
0000-0003-3263-2873,sowi,hand-reclassified from publications (concordance backfill correction)
0000-0003-3520-898X,sowi,hand-reclassified from publications (concordance backfill correction)
0000-0003-3710-5343,sowi,hand-reclassified from publications (concordance backfill correction)
0009-0009-0833-1350,sowi,hand-reclassified from publications (concordance backfill correction)
no_orcid_2806,sowi,hand-reclassified from publications (concordance backfill correction)
no_orcid_7458,sowi,hand-reclassified from publications (concordance backfill correction)
0000-0001-9444-4654,mint,hand-reclassified from publications (concordance backfill correction)
no_orcid_6077,agrar,hand-reclassified from publications (concordance backfill correction)
0000-0001-5438-4546,mint,hand-reclassified from publications (concordance backfill correction)
0000-0002-6239-0169,sowi,hand-reclassified from publications (concordance backfill correction)
no_orcid_1400,sowi,hand-reclassified from publications (concordance backfill correction)
0000-0001-6835-6722,mint,hand-reclassified from publications (concordance backfill correction)
0000-0001-6972-2157,sowi,hand-reclassified from publications (concordance backfill correction)
0000-0001-7524-4577,sowi,hand-reclassified from publications (concordance backfill correction)
0000-0001-8198-3755,sowi,hand-reclassified from publications (concordance backfill correction)
0000-0001-9578-2583,sowi,hand-reclassified from publications (concordance backfill correction)
0000-0001-9696-483X,sowi,hand-reclassified from publications (concordance backfill correction)
0000-0002-0347-1700,sowi,hand-reclassified from publications (concordance backfill correction)
0000-0002-2377-5963,sowi,hand-reclassified from publications (concordance backfill correction)
0000-0002-3370-1669,sowi,hand-reclassified from publications (concordance backfill correction)
0000-0002-3876-7739,sowi,hand-reclassified from publications (concordance backfill correction)
0000-0002-3906-5544,mint,hand-reclassified from publications (concordance backfill correction)
0000-0002-4764-6867,sowi,hand-reclassified from publications (concordance backfill correction)
0000-0002-4994-0453,sowi,hand-reclassified from publications (concordance backfill correction)
0000-0002-5199-1495,sowi,hand-reclassified from publications (concordance backfill correction)
0000-0002-6360-7024,sowi,hand-reclassified from publications (concordance backfill correction)
0000-0002-9295-5028,sowi,hand-reclassified from publications (concordance backfill correction)
0000-0003-0318-2324,sowi,hand-reclassified from publications (concordance backfill correction)
0000-0003-0916-2906,mint,hand-reclassified from publications (concordance backfill correction)
0000-0003-1464-685X,sowi,hand-reclassified from publications (concordance backfill correction)
0000-0003-1897-2783,sowi,hand-reclassified from publications (concordance backfill correction)
0000-0003-2800-2596,sowi,hand-reclassified from publications (concordance backfill correction)
0000-0003-2960-5305,sowi,hand-reclassified from publications (concordance backfill correction)
0000-0003-3072-1741,sowi,hand-reclassified from publications (concordance backfill correction)
0000-0003-3161-8658,sowi,hand-reclassified from publications (concordance backfill correction)
0009-0001-5525-3860,sowi,hand-reclassified from publications (concordance backfill correction)
0009-0004-1263-020X,sowi,hand-reclassified from publications (concordance backfill correction)
no_orcid_2305,sowi,hand-reclassified from publications (concordance backfill correction)
no_orcid_2865,sowi,hand-reclassified from publications (concordance backfill correction)
no_orcid_3310,sowi,hand-reclassified from publications (concordance backfill correction)
0000-0001-6856-7239,mint,hand-reclassified from publications (concordance backfill correction)
0000-0002-4612-2818,agrar,hand-reclassified from publications (concordance backfill correction)
0000-0002-4781-2386,agrar,hand-reclassified from publications (concordance backfill correction)
0000-0002-6085-4433,mint,hand-reclassified from publications (concordance backfill correction)
0000-0003-3020-7312,agrar,hand-reclassified from publications (concordance backfill correction)
0000-0003-3036-5572,mint,hand-reclassified from publications (concordance backfill correction)
no_orcid_6078,agrar,hand-reclassified from publications (concordance backfill correction)
0000-0002-3112-9179,med,hand-reclassified from publications (concordance backfill correction)
0000-0002-7796-8234,med,hand-reclassified from publications (concordance backfill correction)
no_orcid_10073,med,hand-reclassified from publications (concordance backfill correction)
no_orcid_10074,med,hand-reclassified from publications (concordance backfill correction)
no_orcid_3230,phil,hand-reclassified from publications (concordance backfill correction)
0009-0000-6083-5673,sowi,hand-reclassified from publications (concordance backfill correction)
no_orcid_4617,sowi,hand-reclassified from publications (concordance backfill correction)
no_orcid_4618,sowi,hand-reclassified from publications (concordance backfill correction)
no_orcid_1392,jura,hand-reclassified from publications (concordance backfill correction)
0000-0002-3951-8638,sowi,hand-reclassified from publications (concordance backfill correction)
0000-0002-7591-8532,sowi,hand-reclassified from publications (concordance backfill correction)
0000-0003-2650-1404,phil,hand-reclassified from publications (concordance backfill correction)
no_orcid_3668,phil,hand-reclassified from publications (concordance backfill correction)
no_orcid_5556,rewi,hand-reclassified from publications (concordance backfill correction)
no_orcid_8095,sowi,hand-reclassified from publications (concordance backfill correction)
0000-0001-5585-1169,sowi,hand-reclassified from publications (concordance backfill correction)
0000-0001-6827-1374,sowi,hand-reclassified from publications (concordance backfill correction)
0000-0001-6877-9098,sowi,hand-reclassified from publications (concordance backfill correction)
0000-0001-7502-7003,sowi,hand-reclassified from publications (concordance backfill correction)
0000-0001-9268-3555,sowi,hand-reclassified from publications (concordance backfill correction)
0000-0002-0638-2658,mint,hand-reclassified from publications (concordance backfill correction)
0000-0002-1269-5677,sowi,hand-reclassified from publications (concordance backfill correction)
0000-0002-2305-113X,sowi,hand-reclassified from publications (concordance backfill correction)
0000-0002-2753-9845,sowi,hand-reclassified from publications (concordance backfill correction)
0000-0002-2985-358X,sowi,hand-reclassified from publications (concordance backfill correction)
0000-0002-3083-2946,sowi,hand-reclassified from publications (concordance backfill correction)
0000-0002-3251-9021,sowi,hand-reclassified from publications (concordance backfill correction)
0000-0002-3450-8457,sowi,hand-reclassified from publications (concordance backfill correction)
0000-0002-4733-074X,sowi,hand-reclassified from publications (concordance backfill correction)
0000-0002-7510-4010,sowi,hand-reclassified from publications (concordance backfill correction)
0000-0003-1541-3513,sowi,hand-reclassified from publications (concordance backfill correction)
0000-0003-1767-9104,sowi,hand-reclassified from publications (concordance backfill correction)
no_orcid_1588,agrar,hand-reclassified from publications (concordance backfill correction)
0000-0002-4497-1920,mint,hand-reclassified from publications (within-domain concordance correction)
0000-0003-0894-7576,mint,hand-reclassified from publications (within-domain concordance correction)
0000-0003-1215-1116,sowi,hand-reclassified from publications (within-domain concordance correction)
0000-0002-3726-8268,agrar,hand-reclassified from publications (within-domain concordance correction)
0000-0002-7116-2280,mint,hand-reclassified from publications (within-domain concordance correction)
0000-0002-7872-6667,mint,hand-reclassified from publications (within-domain concordance correction)
0000-0003-4964-2402,mint,hand-reclassified from publications (within-domain concordance correction)
0000-0001-7014-5748,mint,hand-reclassified from publications (within-domain concordance correction)
0000-0001-8675-0758,mint,hand-reclassified from publications (within-domain concordance correction)
0000-0001-8935-8612,mint,hand-reclassified from publications (within-domain concordance correction)
0000-0002-1471-3330,mint,hand-reclassified from publications (within-domain concordance correction)
0000-0002-2871-246X,mint,hand-reclassified from publications (within-domain concordance correction)
0000-0002-3355-8815,mint,hand-reclassified from publications (within-domain concordance correction)
0000-0002-5179-5005,mint,hand-reclassified from publications (within-domain concordance correction)
0000-0002-6912-7865,mint,hand-reclassified from publications (within-domain concordance correction)
0000-0002-8530-4737,mint,hand-reclassified from publications (within-domain concordance correction)
0000-0003-0621-9049,mint,hand-reclassified from publications (within-domain concordance correction)
0000-0003-0904-5531,mint,hand-reclassified from publications (within-domain concordance correction)
0000-0003-1003-2025,mint,hand-reclassified from publications (within-domain concordance correction)
0000-0003-1713-7890,mint,hand-reclassified from publications (within-domain concordance correction)
0000-0003-3773-7340,mint,hand-reclassified from publications (within-domain concordance correction)
no_orcid_10625,mint,hand-reclassified from publications (within-domain concordance correction)
no_orcid_10626,mint,hand-reclassified from publications (within-domain concordance correction)
no_orcid_1241,mint,hand-reclassified from publications (within-domain concordance correction)
no_orcid_8106,mint,hand-reclassified from publications (within-domain concordance correction)
no_orcid_8526,mint,hand-reclassified from publications (within-domain concordance correction)
0000-0001-8551-7751,agrar,hand-reclassified from publications (within-domain concordance correction)
0000-0002-0945-0724,med,hand-reclassified from publications (within-domain concordance correction)
0000-0002-1133-9216,med,hand-reclassified from publications (within-domain concordance correction)
0000-0002-2720-2222,med,hand-reclassified from publications (within-domain concordance correction)
0000-0002-4160-7103,med,hand-reclassified from publications (within-domain concordance correction)
0000-0003-2353-7188,med,hand-reclassified from publications (within-domain concordance correction)
0000-0003-2624-7362,med,hand-reclassified from publications (within-domain concordance correction)
0000-0003-3737-5749,med,hand-reclassified from publications (within-domain concordance correction)
no_orcid_3404,agrar,hand-reclassified from publications (within-domain concordance correction)
no_orcid_962,agrar,hand-reclassified from publications (within-domain concordance correction)
0000-0001-9913-3206,tech,hand-reclassified from publications (within-domain concordance correction)
0009-0000-8973-8711,jura,hand-reclassified from publications (within-domain concordance correction)
0000-0001-7207-3493,sowi,hand-reclassified from publications (within-domain concordance correction)
0000-0001-7369-6561,agrar,hand-reclassified from publications (within-domain concordance correction)
0000-0001-7408-425X,mint,hand-reclassified from publications (within-domain concordance correction)
0000-0001-8636-9009,mint,hand-reclassified from publications (within-domain concordance correction)
0000-0001-9055-7571,mint,hand-reclassified from publications (within-domain concordance correction)
0000-0002-1594-398X,mint,hand-reclassified from publications (within-domain concordance correction)
0000-0002-9038-8787,mint,hand-reclassified from publications (within-domain concordance correction)
0000-0003-2663-5015,mint,hand-reclassified from publications (within-domain concordance correction)
0000-0003-3599-0406,mint,hand-reclassified from publications (within-domain concordance correction)
0000-0003-3755-785X,mint,hand-reclassified from publications (within-domain concordance correction)
no_orcid_3046,sowi,hand-reclassified from publications (within-domain concordance correction)
no_orcid_3540,agrar,hand-reclassified from publications (within-domain concordance correction)
no_orcid_5701,sowi,hand-reclassified from publications (within-domain concordance correction)
0000-0002-3146-150X,mint,hand-reclassified from publications (within-domain concordance correction)
0000-0002-9191-7548,med,hand-reclassified from publications (within-domain concordance correction)
0000-0003-3053-476X,med,hand-reclassified from publications (within-domain concordance correction)
no_orcid_1529,med,hand-reclassified from publications (within-domain concordance correction)
no_orcid_1530,med,hand-reclassified from publications (within-domain concordance correction)
no_orcid_2407,med,hand-reclassified from publications (within-domain concordance correction)
no_orcid_7593,mint,hand-reclassified from publications (within-domain concordance correction)
no_orcid_7622,med,hand-reclassified from publications (within-domain concordance correction)
0000-0001-5391-7902,mint,hand-reclassified from publications (within-domain concordance correction)
0000-0001-5469-2506,mint,hand-reclassified from publications (within-domain concordance correction)
0000-0001-6335-5798,mint,hand-reclassified from publications (within-domain concordance correction)
0000-0001-6847-5502,mint,hand-reclassified from publications (within-domain concordance correction)
0000-0001-6893-7324,mint,hand-reclassified from publications (within-domain concordance correction)
0000-0001-7620-3590,mint,hand-reclassified from publications (within-domain concordance correction)
0000-0001-7827-5731,mint,hand-reclassified from publications (within-domain concordance correction)
0000-0001-8376-891X,mint,hand-reclassified from publications (within-domain concordance correction)
0000-0002-0188-5504,mint,hand-reclassified from publications (within-domain concordance correction)
0000-0002-0252-468X,mint,hand-reclassified from publications (within-domain concordance correction)
0000-0002-0842-0152,mint,hand-reclassified from publications (within-domain concordance correction)
0000-0002-1747-8495,mint,hand-reclassified from publications (within-domain concordance correction)
0000-0002-1779-1940,mint,hand-reclassified from publications (within-domain concordance correction)
0000-0002-1895-0771,mint,hand-reclassified from publications (within-domain concordance correction)
0000-0002-2126-9100,mint,hand-reclassified from publications (within-domain concordance correction)
0000-0002-3378-6674,mint,hand-reclassified from publications (within-domain concordance correction)
0000-0002-4392-6167,mint,hand-reclassified from publications (within-domain concordance correction)
0000-0002-4681-7476,mint,hand-reclassified from publications (within-domain concordance correction)
0000-0002-4912-2848,mint,hand-reclassified from publications (within-domain concordance correction)
0000-0002-5142-8934,mint,hand-reclassified from publications (within-domain concordance correction)
0000-0002-5192-4858,mint,hand-reclassified from publications (within-domain concordance correction)
0000-0002-5376-9011,mint,hand-reclassified from publications (within-domain concordance correction)
0000-0002-5825-8069,mint,hand-reclassified from publications (within-domain concordance correction)
0000-0002-6245-0133,mint,hand-reclassified from publications (within-domain concordance correction)
0000-0002-7791-9635,mint,hand-reclassified from publications (within-domain concordance correction)
0000-0002-7946-0282,mint,hand-reclassified from publications (within-domain concordance correction)
0000-0002-7946-3686,mint,hand-reclassified from publications (within-domain concordance correction)
0000-0002-8442-9722,mint,hand-reclassified from publications (within-domain concordance correction)
0000-0002-8572-0060,mint,hand-reclassified from publications (within-domain concordance correction)
0000-0002-9354-6904,mint,hand-reclassified from publications (within-domain concordance correction)
0000-0002-9687-5455,mint,hand-reclassified from publications (within-domain concordance correction)
0000-0002-9838-6866,mint,hand-reclassified from publications (within-domain concordance correction)
0000-0003-0071-3388,mint,hand-reclassified from publications (within-domain concordance correction)
0000-0003-0762-6543,mint,hand-reclassified from publications (within-domain concordance correction)
0000-0003-1531-8890,mint,hand-reclassified from publications (within-domain concordance correction)
0000-0003-1926-114X,mint,hand-reclassified from publications (within-domain concordance correction)
0000-0003-2556-2096,mint,hand-reclassified from publications (within-domain concordance correction)
0000-0003-3251-4551,mint,hand-reclassified from publications (within-domain concordance correction)
0000-0003-3726-1004,mint,hand-reclassified from publications (within-domain concordance correction)
0000-0003-3944-9879,mint,hand-reclassified from publications (within-domain concordance correction)
0000-0003-4265-3168,mint,hand-reclassified from publications (within-domain concordance correction)
0000-0003-4496-5376,mint,hand-reclassified from publications (within-domain concordance correction)
0009-0004-7500-3537,mint,hand-reclassified from publications (within-domain concordance correction)
0009-0008-3854-1570,mint,hand-reclassified from publications (within-domain concordance correction)
no_orcid_1510,mint,hand-reclassified from publications (within-domain concordance correction)
no_orcid_2573,mint,hand-reclassified from publications (within-domain concordance correction)
no_orcid_3395,mint,hand-reclassified from publications (within-domain concordance correction)
no_orcid_3722,mint,hand-reclassified from publications (within-domain concordance correction)
no_orcid_4012,sowi,hand-reclassified from publications (within-domain concordance correction)
no_orcid_4689,mint,hand-reclassified from publications (within-domain concordance correction)
no_orcid_4796,mint,hand-reclassified from publications (within-domain concordance correction)
no_orcid_6755,mint,hand-reclassified from publications (within-domain concordance correction)
no_orcid_6927,mint,hand-reclassified from publications (within-domain concordance correction)
no_orcid_7330,mint,hand-reclassified from publications (within-domain concordance correction)
no_orcid_8366,mint,hand-reclassified from publications (within-domain concordance correction)
0000-0002-0331-5185,mint,hand-reclassified from publications (concordance correction)
0000-0002-3630-2516,sowi,hand-reclassified from publications (concordance correction)
0000-0002-4514-2462,mint,hand-reclassified from publications (concordance correction)
0000-0002-6129-5493,sowi,hand-reclassified from publications (concordance correction)
no_orcid_3555,sowi,hand-reclassified from publications (concordance correction)
0000-0001-8091-6470,phil,hand-reclassified from publications (concordance correction)
0000-0002-8761-0025,mint,hand-reclassified from publications (concordance correction)
0000-0002-6028-0046,mint,hand-reclassified from publications (concordance correction)
no_orcid_1018,phil,hand-reclassified from publications (concordance correction)
0000-0001-7642-5556,sowi,hand-reclassified from publications (concordance correction)
no_orcid_2427,tech,hand-reclassified from publications (concordance correction)
0000-0002-6082-1199,sowi,hand-reclassified from publications (concordance correction)
0000-0003-0453-4491,sowi,hand-reclassified from publications (concordance correction)
no_orcid_1323,agrar,hand-reclassified from publications (concordance correction)
no_orcid_8282,mint,hand-reclassified from publications (concordance correction)
0000-0003-4635-275X,mint,hand-reclassified from publications (concordance correction)
0000-0002-0072-336X,mint,hand-reclassified from publications (concordance correction)
0000-0002-1192-1716,mint,hand-classified from publications
no_orcid_3671,mint,hand-classified from publications
0000-0003-1540-932X,phil,hand-classified from publications
0000-0003-3357-3801,mint,hand-classified from publications
no_orcid_3672,mint,hand-classified from publications
no_orcid_3893,mint,hand-classified from publications
0000-0001-6309-2609,mint,hand-classified from publications
no_orcid_3188,mint,hand-classified from publications
0000-0001-7492-9953,sowi,hand-classified from publications
no_orcid_6233,med,hand-classified from publications
no_orcid_6234,med,hand-classified from publications
no_orcid_8130,sowi,hand-classified from publications
0000-0003-4117-4771,mint,hand-classified from publications
0000-0002-1749-2713,med,hand-classified from publications
no_orcid_1815,med,hand-classified from publications
no_orcid_1817,med,hand-classified from publications
no_orcid_1816,med,hand-classified from publications
no_orcid_6471,med,hand-classified from publications
no_orcid_9637,med,hand-classified from publications
no_orcid_9659,sowi,hand-classified from publications
no_orcid_8868,med,hand-classified from publications
0000-0001-9374-8015,phil,hand-classified from publications
no_orcid_4435,mint,hand-classified from publications
0000-0002-0294-0210,mint,hand-classified from publications
0000-0002-1585-0724,mint,hand-classified from publications
no_orcid_8697,mint,hand-classified from publications
0000-0002-2475-2165,phil,hand-classified from publications
0000-0002-8852-7688,mint,hand-classified from publications
no_orcid_1821,phil,hand-classified from publications
no_orcid_9647,phil,hand-classified from publications
0000-0003-1143-2741,sowi,hand-classified from publications
no_orcid_101,sowi,hand-classified from publications
no_orcid_6855,med,hand-classified from publications
no_orcid_6856,med,hand-classified from publications
no_orcid_3289,med,hand-classified from publications
0000-0003-2101-0024,agrar,hand-classified from publications
no_orcid_1515,med,hand-classified from publications
0000-0002-2856-7303,sowi,hand-classified from publications
0000-0003-1207-8924,mint,hand-classified from publications
0000-0002-6263-9614,sowi,hand-classified from publications
0000-0002-7492-3911,sowi,hand-classified from publications
0000-0002-9591-9946,sowi,hand-classified from publications
0000-0003-3661-4568,sowi,hand-classified from publications
no_orcid_8984,sowi,hand-classified from publications
no_orcid_8985,sowi,hand-classified from publications
no_orcid_8986,sowi,hand-classified from publications
no_orcid_352,med,hand-classified from publications
0000-0002-2125-3213,mint,hand-classified from publications
no_orcid_6890,tech,hand-classified from publications
no_orcid_6894,agrar,hand-classified from publications
no_orcid_2089,tech,hand-classified from publications
no_orcid_8121,jura,hand-classified from publications
no_orcid_10760,phil,hand-classified from publications
no_orcid_5185,sowi,hand-classified from publications
0000-0001-8331-5750,agrar,hand-classified from publications
0000-0001-9142-1457,mint,hand-classified from publications
0000-0002-2307-0613,phil,hand-classified from publications
0000-0002-8249-4926,agrar,hand-classified from publications
0000-0003-1177-8996,mint,hand-classified from publications
0000-0003-4148-4016,phil,hand-classified from publications
0009-0009-0928-7945,mint,hand-classified from publications
no_orcid_10281,mint,hand-classified from publications
no_orcid_10549,agrar,hand-classified from publications
no_orcid_1461,mint,hand-classified from publications
no_orcid_3687,med,hand-classified from publications
no_orcid_5316,mint,hand-classified from publications
no_orcid_7671,phil,hand-classified from publications
0000-0001-5860-2184,med,hand-classified from publications
0000-0002-0274-8595,med,hand-classified from publications
0000-0002-4075-4603,med,hand-classified from publications
0000-0002-5097-8141,med,hand-classified from publications
0000-0003-3539-2326,med,hand-classified from publications
0000-0003-4183-1794,med,hand-classified from publications
no_orcid_10373,med,hand-classified from publications
no_orcid_2167,mint,hand-classified from publications
no_orcid_224,phil,hand-classified from publications
no_orcid_2771,mint,hand-classified from publications
no_orcid_3255,mint,hand-classified from publications
no_orcid_3562,mint,hand-classified from publications
no_orcid_7566,med,hand-classified from publications
0000-0001-5154-9886,mint,hand-classified from publications
0000-0001-6799-9777,mint,hand-classified from publications
0000-0001-6955-2020,mint,hand-classified from publications
0000-0001-8510-1780,mint,hand-classified from publications
0000-0001-9138-2144,mint,hand-classified from publications
0000-0001-9212-354X,mint,hand-classified from publications
0000-0002-0060-4141,mint,hand-classified from publications
0000-0002-0675-6066,mint,hand-classified from publications
0000-0002-1667-9260,mint,hand-classified from publications
0000-0002-2653-9245,tech,hand-classified from publications
0000-0002-3697-972X,mint,hand-classified from publications
0000-0002-5712-8203,mint,hand-classified from publications
0000-0002-6222-294X,mint,hand-classified from publications
0000-0002-6416-240X,mint,hand-classified from publications
0000-0002-6938-2284,mint,hand-classified from publications
0000-0002-8295-7126,mint,hand-classified from publications
0000-0002-9829-3811,mint,hand-classified from publications
0000-0003-1477-0121,mint,hand-classified from publications
0000-0003-2950-7983,mint,hand-classified from publications
0000-0003-3228-5592,mint,hand-classified from publications
0009-0006-5907-2908,mint,hand-classified from publications
0009-0007-7221-0209,mint,hand-classified from publications
no_orcid_10153,mint,hand-classified from publications
no_orcid_10398,mint,hand-classified from publications
no_orcid_2205,mint,hand-classified from publications
no_orcid_2234,mint,hand-classified from publications
no_orcid_2625,mint,hand-classified from publications
no_orcid_275,mint,hand-classified from publications
no_orcid_284,mint,hand-classified from publications
no_orcid_2886,mint,hand-classified from publications
no_orcid_2968,mint,hand-classified from publications
no_orcid_3386,mint,hand-classified from publications
no_orcid_3661,mint,hand-classified from publications
no_orcid_4217,mint,hand-classified from publications
no_orcid_4218,mint,hand-classified from publications
no_orcid_4219,mint,hand-classified from publications
no_orcid_431,mint,hand-classified from publications
no_orcid_437,mint,hand-classified from publications
no_orcid_4433,mint,hand-classified from publications
no_orcid_4570,mint,hand-classified from publications
no_orcid_5221,mint,hand-classified from publications
no_orcid_5389,mint,hand-classified from publications
no_orcid_654,phil,hand-classified from publications
no_orcid_6676,mint,hand-classified from publications
no_orcid_7527,mint,hand-classified from publications
no_orcid_8721,mint,hand-classified from publications
no_orcid_9477,mint,hand-classified from publications
no_orcid_9618,phil,hand-classified from publications
no_orcid_985,mint,hand-classified from publications
0000-0001-7836-4646,phil,hand-classified from publications
0000-0001-8853-8064,phil,hand-classified from publications
0000-0002-8620-4906,phil,hand-classified from publications
0000-0002-9035-0949,phil,hand-classified from publications
0000-0003-0933-1052,phil,hand-classified from publications
0000-0003-4304-1956,med,hand-classified from publications
0000-0003-4938-7528,med,hand-classified from publications
no_orcid_10496,phil,hand-classified from publications
no_orcid_3570,phil,hand-classified from publications
no_orcid_6524,phil,hand-classified from publications
no_orcid_683,phil,hand-classified from publications
no_orcid_7128,phil,hand-classified from publications
no_orcid_7981,phil,hand-classified from publications
no_orcid_7982,phil,hand-classified from publications
no_orcid_8061,phil,hand-classified from publications
0000-0001-5560-2015,sowi,hand-classified from publications
0000-0001-5856-2020,sowi,hand-classified from publications
0000-0001-6375-0165,sowi,hand-classified from publications
0000-0001-7410-6324,sowi,hand-classified from publications
0000-0001-8358-4053,sowi,hand-classified from publications
0000-0002-1318-3243,sowi,hand-classified from publications
0000-0002-3032-399X,sowi,hand-classified from publications
0000-0002-3599-8574,sowi,hand-classified from publications
0000-0002-3616-9815,sowi,hand-classified from publications
0000-0002-4053-2824,mint,hand-classified from publications
0000-0002-4893-6612,med,hand-classified from publications
0000-0002-7093-3514,sowi,hand-classified from publications
0000-0002-7909-7786,mint,hand-classified from publications
0000-0002-8132-4909,med,hand-classified from publications
0000-0002-8859-7707,med,hand-classified from publications
0000-0003-0015-2314,mint,hand-classified from publications
0000-0003-0505-0480,phil,hand-classified from publications
0000-0003-1134-9892,sowi,hand-classified from publications
0000-0003-2674-0229,sowi,hand-classified from publications
0000-0003-3099-0183,sowi,hand-classified from publications
0000-0003-3133-5674,med,hand-classified from publications
0009-0005-1433-9528,sowi,hand-classified from publications
no_orcid_1357,mint,hand-classified from publications
no_orcid_1703,sowi,hand-classified from publications
no_orcid_2263,sowi,hand-classified from publications
no_orcid_2297,sowi,hand-classified from publications
no_orcid_310,med,hand-classified from publications
no_orcid_3835,mint,hand-classified from publications
no_orcid_3903,mint,hand-classified from publications
no_orcid_4207,mint,hand-classified from publications
no_orcid_6492,sowi,hand-classified from publications
no_orcid_8011,sowi,hand-classified from publications
no_orcid_9349,sowi,hand-classified from publications
no_orcid_9520,sowi,hand-classified from publications
no_orcid_9527,sowi,hand-classified from publications
0000-0003-3814-693X,mint,hand-classified from publications
0000-0003-4037-1597,med,hand-classified from publications
0009-0001-4736-4026,phil,hand-classified from publications
no_orcid_8491,phil,hand-classified from publications
no_orcid_8493,phil,hand-classified from publications
0000-0002-8011-8484,tech,hand-classified from publications
0000-0002-3450-8748,tech,hand-classified from publications
0000-0001-5691-1215,tech,hand-classified from publications
0000-0002-8066-9251,phil,hand-classified from publications
0000-0003-1491-7656,agrar,hand-classified from publications
no_orcid_1898,mint,hand-classified from publications
no_orcid_848,sowi,hand-classified from publications
no_orcid_86,mint,hand-classified from publications
no_orcid_3274,tech,hand-classified from publications
no_orcid_3275,tech,hand-classified from publications
no_orcid_2855,phil,hand-classified from publications
no_orcid_345,phil,hand-classified from publications
no_orcid_1994,sowi,hand-classified from publications
0009-0003-7468-3481,mint,hand-classified from publications
no_orcid_4148,med,hand-classified from publications
no_orcid_4344,mint,hand-classified from publications
0000-0003-2958-4081,sowi,hand-classified from publications
no_orcid_1409,mint,hand-classified from publications
0000-0003-4612-8678,mint,hand-classified from publications
no_orcid_4166,sowi,hand-classified from publications
0000-0001-8413-7773,sowi,hand-classified from publications
0000-0002-0011-7837,med,hand-classified from publications
0000-0002-2414-2674,med,hand-classified from publications
no_orcid_4154,phil,hand-classified from publications
no_orcid_6080,mint,hand-classified from publications
no_orcid_7029,sowi,hand-classified from publications
no_orcid_7823,med,hand-classified from publications
0000-0001-6286-8196,mint,hand-classified from publications
0000-0002-0424-5123,mint,hand-classified from publications
0000-0002-1523-5270,mint,hand-classified from publications
0000-0002-1657-619X,mint,hand-classified from publications
0000-0002-3815-3446,mint,hand-classified from publications
0000-0003-1747-1506,mint,hand-classified from publications
0000-0003-4643-3664,mint,hand-classified from publications
no_orcid_1286,mint,hand-classified from publications
no_orcid_1678,mint,hand-classified from publications
no_orcid_2722,mint,hand-classified from publications
no_orcid_2723,mint,hand-classified from publications
no_orcid_2827,mint,hand-classified from publications
no_orcid_3989,mint,hand-classified from publications
no_orcid_6079,mint,hand-classified from publications
no_orcid_7345,mint,hand-classified from publications
no_orcid_9619,phil,hand-classified from publications
0000-0002-7360-4249,phil,hand-classified from publications
no_orcid_8487,sowi,hand-classified from publications
0000-0001-6688-7837,sowi,hand-classified from publications
0000-0001-6887-7966,sowi,hand-classified from publications
0000-0002-1803-6736,sowi,hand-classified from publications
0000-0002-5102-4040,sowi,hand-classified from publications
0009-0000-1028-8317,sowi,hand-classified from publications
no_orcid_2828,mint,hand-classified from publications
no_orcid_3988,mint,hand-classified from publications
no_orcid_4808,mint,hand-classified from publications
no_orcid_4809,mint,hand-classified from publications
no_orcid_857,sowi,hand-classified from publications
0000-0002-7072-0738,tech,hand-classified from publications
0000-0003-1985-6426,mint,hand-classified from publications
no_orcid_1690,mint,hand-classified from publications
0000-0001-7829-6962,mint,hand-classified from publications
0000-0002-9138-8340,mint,hand-classified from publications
0000-0001-8633-1908,mint,hand-classified from publications
no_orcid_2578,mint,hand-classified from publications
0000-0002-7932-0589,phil,hand-classified from publications
no_orcid_5059,tech,hand-classified from publications
0000-0002-8206-8863,tech,hand-classified from publications
no_orcid_660,mint,hand-classified from publications
no_orcid_88,mint,hand-classified from publications
no_orcid_4692,tech,hand-classified from publications
0000-0003-1706-2075,mint,hand-classified from publications
0000-0001-9020-8312,med,hand-classified from publications
0000-0002-1587-3678,mint,hand-classified from publications
0000-0003-4644-7644,mint,hand-classified from publications
no_orcid_5280,mint,hand-classified from publications
no_orcid_5281,mint,hand-classified from publications
no_orcid_9965,mint,hand-classified from publications
no_orcid_7932,tech,hand-classified from publications
0000-0002-2362-2422,phil,hand-classified from publications
0000-0001-5033-8737,mint,hand-classified from publications
0009-0001-2719-9748,mint,hand-classified from publications
0000-0001-8695-8030,mint,hand-classified from publications
no_orcid_3135,sowi,hand-classified from publications
0000-0001-5504-3487,mint,hand-classified from publications
0000-0001-6679-3777,mint,hand-classified from publications
0000-0001-7512-5105,mint,hand-classified from publications
0000-0002-0137-1984,mint,hand-classified from publications
0000-0003-1813-4149,mint,hand-classified from publications
0000-0003-4486-9966,mint,hand-classified from publications
no_orcid_2159,sowi,hand-classified from publications
no_orcid_7825,mint,hand-classified from publications
0000-0002-0373-8866,phil,hand-classified from publications
0000-0003-1894-2517,sowi,hand-classified from publications
no_orcid_2829,sowi,hand-classified from publications
0000-0001-8026-0862,sowi,hand-classified from publications
0000-0001-9059-4719,sowi,hand-classified from publications
0000-0002-9718-3282,sowi,hand-classified from publications
no_orcid_2019,sowi,hand-classified from publications
no_orcid_3210,sowi,hand-classified from publications
no_orcid_532,sowi,hand-classified from publications
0000-0003-2879-1636,tech,hand-classified from publications
0000-0002-7973-9902,mint,hand-classified from publications
0000-0001-8385-2839,sowi,hand-classified from publications
no_orcid_1139,sowi,hand-classified from publications
no_orcid_1964,sowi,hand-classified from publications
0000-0001-9228-3770,sowi,hand-classified from publications
0000-0002-0385-1826,mint,hand-classified from publications
0000-0002-4140-8876,mint,hand-classified from publications
no_orcid_1488,med,hand-classified from publications
0000-0001-5058-3089,phil,hand-classified from publications
0000-0003-4757-4039,mint,hand-classified from publications
0000-0001-8239-7918,sowi,hand-classified from publications
0000-0001-9643-9269,sowi,hand-classified from publications
no_orcid_9691,sowi,hand-classified from publications
no_orcid_9692,sowi,hand-classified from publications
0000-0003-2834-1280,med,hand-classified from publications
no_orcid_8209,med,hand-classified from publications
no_orcid_2168,mint,hand-classified from publications
0000-0002-7987-9534,mint,hand-classified from publications
0000-0003-3065-0314,med,hand-classified from publications
no_orcid_6957,mint,hand-classified from publications
0009-0007-9597-4682,phil,hand-classified from publications
0000-0002-3844-1624,mint,hand-classified from publications
0000-0002-6753-9460,mint,hand-classified from publications
no_orcid_10348,med,hand-classified from publications
no_orcid_242,mint,hand-classified from publications
no_orcid_2468,phil,hand-classified from publications
no_orcid_10255,phil,hand-classified from publications
no_orcid_6748,phil,hand-classified from publications
0000-0002-6460-6947,sowi,hand-classified from publications
0009-0005-8499-4747,sowi,hand-classified from publications
no_orcid_8733,sowi,hand-classified from publications
no_orcid_8734,sowi,hand-classified from publications
0000-0002-1149-2608,tech,hand-classified from publications
no_orcid_7788,sowi,hand-classified from publications
no_orcid_5295,sowi,hand-classified from publications
0000-0001-9067-9325,mint,hand-classified from publications
0000-0002-9414-9898,mint,hand-classified from publications
0000-0003-1028-5938,mint,hand-classified from publications
no_orcid_442,mint,hand-classified from publications
no_orcid_443,mint,hand-classified from publications
no_orcid_9936,mint,hand-classified from publications
no_orcid_6619,sowi,hand-classified from publications
0000-0002-8880-9546,sowi,hand-classified from publications
no_orcid_4042,mint,hand-classified from publications
0000-0002-0151-4228,sowi,hand-classified from publications
0000-0001-9020-4629,med,hand-classified from publications
no_orcid_881,mint,hand-classified from publications
0000-0001-8003-7708,tech,hand-classified from publications
no_orcid_10523,tech,hand-classified from publications
no_orcid_3157,mint,hand-classified from publications
no_orcid_9652,tech,hand-classified from publications
no_orcid_9653,tech,hand-classified from publications
no_orcid_7789,tech,hand-classified from publications
0000-0002-8810-8993,mint,hand-classified from publications
0000-0002-5700-2029,med,hand-classified from publications
0000-0003-3427-4037,med,hand-classified from publications
0009-0009-3698-8464,sowi,hand-classified from publications
0000-0003-3956-4164,med,hand-classified from publications
0000-0003-3471-0951,mint,hand-classified from publications
0000-0001-7168-4970,agrar,hand-classified from publications
0000-0001-7575-2483,agrar,hand-classified from publications
no_orcid_4465,agrar,hand-classified from publications
0000-0001-5705-1659,agrar,hand-classified from publications
no_orcid_479,sowi,hand-classified from publications
no_orcid_478,sowi,hand-classified from publications
0000-0001-8423-010X,mint,hand-classified from publications
no_orcid_6888,mint,hand-classified from publications
0000-0002-9893-8392,sowi,hand-classified from publications
no_orcid_6887,mint,hand-classified from publications
0000-0001-9348-6182,mint,hand-classified from publications
no_orcid_2084,mint,hand-classified from publications
no_orcid_2936,mint,hand-classified from publications
0000-0002-4474-5296,sowi,hand-classified from publications
0000-0001-8737-3536,sowi,hand-classified from publications
0000-0002-4891-0674,sowi,hand-classified from publications
no_orcid_6236,sowi,hand-classified from publications
no_orcid_10832,mint,hand-classified from publications
0000-0002-8684-7864,sowi,hand-classified from publications
0009-0007-0195-7786,sowi,hand-classified from publications
0000-0002-9704-2148,med,hand-classified from publications
0000-0002-6742-0478,sowi,hand-classified from publications
0000-0003-1971-4399,sowi,hand-classified from publications
no_orcid_1762,sowi,hand-classified from publications
0000-0002-9484-8701,sowi,hand-classified from publications
no_orcid_3728,jura,hand-classified from publications
0000-0002-7679-085X,med,hand-classified from publications
no_orcid_2400,sowi,hand-classified from publications
no_orcid_2292,sowi,hand-classified from publications
0000-0001-8873-425X,sowi,hand-classified from publications
0000-0002-4741-6682,sowi,hand-classified from publications
0000-0002-6377-0016,sowi,hand-classified from publications
0000-0003-1555-5458,sowi,hand-classified from publications
no_orcid_6208,phil,hand-classified from publications
0000-0002-3123-0285,tech,hand-classified from publications
0000-0001-5354-3541,sowi,hand-classified from publications
0000-0003-0964-3611,mint,hand-classified from publications
0000-0002-3604-2259,mint,hand-classified from publications
0000-0002-5009-8830,med,hand-classified from publications
0000-0003-2564-9634,med,hand-classified from publications
no_orcid_4023,med,hand-classified from publications
0000-0002-4069-7899,mint,hand-classified from publications
0000-0003-2818-7818,mint,hand-classified from publications
0000-0003-3586-0521,mint,hand-classified from publications
no_orcid_10211,mint,hand-classified from publications
no_orcid_225,phil,hand-classified from publications
no_orcid_5618,mint,hand-classified from publications
no_orcid_8086,mint,hand-classified from publications
no_orcid_9867,phil,hand-classified from publications
0000-0001-6075-8970,sowi,hand-classified from publications
no_orcid_947,mint,hand-classified from publications
0000-0003-0608-6485,mint,hand-classified from publications
no_orcid_10169,tech,hand-classified from publications
no_orcid_2394,phil,hand-classified from publications
no_orcid_2846,sowi,hand-classified from publications
no_orcid_463,sowi,hand-classified from publications
no_orcid_10744,sowi,hand-classified from publications
no_orcid_4259,tech,hand-classified from publications
no_orcid_7667,tech,hand-classified from publications
0009-0002-6261-203X,mint,hand-classified from publications
no_orcid_504,tech,hand-classified from publications
no_orcid_505,tech,hand-classified from publications
0000-0002-3420-9510,jura,hand-classified from publications
0009-0004-4703-9962,mint,hand-classified from publications
0000-0001-8808-6790,sowi,hand-classified from publications
0000-0002-4239-295X,sowi,hand-classified from publications
0000-0001-6430-3471,tech,hand-classified from publications
no_orcid_2794,med,hand-classified from publications
0000-0001-6625-7931,med,hand-classified from publications
0000-0002-0687-2227,med,hand-classified from publications
0000-0002-4795-5803,med,hand-classified from publications
0000-0002-6302-4523,med,hand-classified from publications
0000-0002-8954-6397,med,hand-classified from publications
0000-0001-8992-539X,mint,hand-classified from publications
0000-0002-6350-4180,mint,hand-classified from publications
no_orcid_10390,med,hand-classified from publications
0000-0001-7265-0449,med,hand-classified from publications
0000-0002-0061-5318,sowi,hand-classified from publications
0000-0002-5650-0827,phil,hand-classified from publications
0000-0002-2708-6823,sowi,hand-classified from publications
0000-0002-3088-7082,sowi,hand-classified from publications
0000-0002-3526-2962,sowi,hand-classified from publications
0000-0002-3927-6616,sowi,hand-classified from publications
no_orcid_8663,sowi,hand-classified from publications
no_orcid_8885,sowi,hand-classified from publications
0000-0001-7492-1943,sowi,hand-classified from publications
0000-0001-6012-6340,tech,hand-classified from publications
0000-0002-8383-5323,tech,hand-classified from publications
0000-0002-0867-1859,tech,hand-classified from publications
0000-0003-3656-0643,tech,hand-classified from publications
0000-0003-3913-6004,mint,hand-classified from publications
no_orcid_7417,sowi,hand-classified from publications
0000-0001-9085-7056,sowi,hand-classified from publications
0000-0003-0879-3861,med,hand-classified from publications
0009-0000-0564-9974,med,hand-classified from publications
no_orcid_1000,mint,hand-classified from publications
0000-0002-6461-3864,tech,hand-classified from publications
no_orcid_2470,sowi,hand-classified from publications
no_orcid_8585,mint,hand-classified from publications
0000-0003-4901-3657,sowi,hand-classified from publications
0009-0000-4098-9480,sowi,hand-classified from publications
no_orcid_7011,sowi,hand-classified from publications
no_orcid_2469,sowi,hand-classified from publications
0000-0003-2226-3592,phil,hand-classified from publications
no_orcid_4117,tech,hand-classified from publications
no_orcid_933,mint,hand-classified from publications
0000-0003-0104-5924,mint,hand-classified from publications
no_orcid_935,mint,hand-classified from publications
no_orcid_938,mint,hand-classified from publications
0000-0002-3816-6749,med,hand-classified from publications
no_orcid_10508,med,hand-classified from publications
0000-0002-9372-8994,mint,hand-classified from publications
0000-0001-5246-7786,sowi,hand-classified from publications
0000-0001-8847-0266,mint,hand-classified from publications
0000-0003-1008-6955,sowi,hand-classified from publications
0000-0001-9451-1108,agrar,hand-classified from publications
0000-0001-5343-8194,mint,hand-classified from publications
no_orcid_633,mint,hand-classified from publications
0000-0003-4735-6779,sowi,hand-classified from publications
no_orcid_10787,sowi,hand-classified from publications
0009-0007-1364-9801,tech,hand-classified from publications
0000-0003-1142-7483,med,hand-classified from publications
0009-0003-6718-0675,tech,hand-classified from publications
no_orcid_2932,tech,hand-classified from publications
no_orcid_10275,mint,hand-classified from publications
no_orcid_10388,mint,hand-classified from publications
no_orcid_10389,mint,hand-classified from publications
no_orcid_9732,mint,hand-classified from publications
0009-0002-1784-6064,mint,hand-classified from publications
0009-0003-5550-2024,med,hand-classified from publications
0009-0005-4183-1817,med,hand-classified from publications
no_orcid_9018,mint,hand-classified from publications
0009-0008-0565-0973,sowi,hand-classified from publications
0009-0000-1081-3409,sowi,hand-classified from publications
0009-0005-5960-0785,sowi,hand-classified from publications
0000-0002-1213-7261,phil,hand-classified from publications
0000-0002-1432-9793,med,hand-classified from publications
no_orcid_9467,med,hand-classified from publications
no_orcid_9468,med,hand-classified from publications
0000-0003-3111-6172,mint,hand-classified from publications
0000-0003-3645-5157,mint,hand-classified from publications
0000-0003-3906-7379,med,hand-classified from publications
0000-0002-2384-1588,sowi,hand-classified from publications
no_orcid_781,med,hand-classified from publications
no_orcid_5445,mint,hand-classified from publications
0000-0003-4701-1754,mint,hand-classified from publications
0000-0002-8566-867X,sowi,hand-classified from publications
0000-0002-6032-2760,mint,hand-classified from publications
no_orcid_4906,mint,hand-classified from publications
no_orcid_238,tech,hand-classified from publications
no_orcid_2568,mint,hand-classified from publications
0000-0002-3354-4798,sowi,hand-classified from publications
0000-0003-4268-2575,sowi,hand-classified from publications
0000-0003-4894-4230,sowi,hand-classified from publications
no_orcid_8502,sowi,hand-classified from publications
0000-0001-6725-0301,mint,hand-classified from publications
0000-0003-3951-4925,tech,hand-classified from publications
0000-0002-1885-8254,med,hand-classified from publications
no_orcid_1017,sowi,hand-classified from publications
0009-0006-2380-5946,sowi,hand-classified from publications
0000-0003-2858-2789,med,hand-classified from publications
no_orcid_5847,mint,hand-classified from publications
0000-0003-2625-8010,sowi,hand-classified from publications
no_orcid_5172,sowi,hand-classified from publications
no_orcid_7737,mint,hand-classified from publications
no_orcid_6886,sowi,hand-classified from publications
0000-0002-6893-2643,sowi,hand-classified from publications
0000-0003-2835-572X,sowi,hand-classified from publications
no_orcid_10777,sowi,hand-classified from publications
0000-0001-6195-6063,mint,hand-classified from publications
0000-0002-6109-5176,mint,hand-classified from publications
no_orcid_7427,agrar,hand-classified from publications
no_orcid_7428,agrar,hand-classified from publications
no_orcid_7429,agrar,hand-classified from publications
no_orcid_7430,agrar,hand-classified from publications
no_orcid_8991,sowi,hand-classified from publications
0000-0003-4199-5211,mint,hand-classified from publications
0000-0001-6026-0806,agrar,hand-classified from publications
0000-0001-8105-4403,mint,hand-classified from publications
0009-0007-2863-2746,mint,hand-classified from publications
0000-0001-5598-5327,mint,hand-classified from publications
no_orcid_3765,mint,hand-classified from publications
no_orcid_3766,mint,hand-classified from publications
no_orcid_446,mint,hand-classified from publications
0000-0002-4161-205X,mint,hand-classified from publications
0000-0002-9485-6277,mint,hand-classified from publications
0000-0002-8298-4626,mint,hand-classified from publications
no_orcid_163,mint,hand-classified from publications
0000-0001-9706-9765,sowi,hand-classified from publications
0000-0002-4391-7308,sowi,hand-classified from publications
0009-0007-3837-3645,sowi,hand-classified from publications
no_orcid_4234,sowi,hand-classified from publications
no_orcid_368,mint,hand-classified from publications
0000-0002-5148-8136,mint,hand-classified from publications
no_orcid_7688,mint,hand-classified from publications
0009-0004-9012-6981,mint,hand-classified from publications
0000-0002-6863-3344,mint,hand-classified from publications
no_orcid_1388,mint,hand-classified from publications
no_orcid_1389,mint,hand-classified from publications
0000-0002-8587-6153,mint,hand-classified from publications
0000-0002-9199-8990,med,hand-classified from publications
0000-0001-5964-954X,med,hand-classified from publications
0000-0002-0224-1866,med,hand-classified from publications
0000-0002-0308-8226,med,hand-classified from publications
0000-0002-4993-0052,med,hand-classified from publications
0000-0003-0482-7657,med,hand-classified from publications
no_orcid_2257,med,hand-classified from publications
no_orcid_2793,med,hand-classified from publications
no_orcid_3286,sowi,hand-classified from publications
no_orcid_6510,med,hand-classified from publications
no_orcid_6665,sowi,hand-classified from publications
no_orcid_6666,sowi,hand-classified from publications
0000-0003-2216-6653,med,hand-classified from publications
0000-0001-7483-0726,med,hand-classified from publications
0000-0001-8090-3514,med,hand-classified from publications
0000-0003-1657-8256,mint,hand-classified from publications
0000-0002-5224-4563,med,hand-classified from publications
no_orcid_3713,med,hand-classified from publications
no_orcid_7289,sowi,hand-classified from publications
no_orcid_2686,mint,hand-classified from publications
no_orcid_2841,sowi,hand-classified from publications
no_orcid_7057,sowi,hand-classified from publications
0000-0001-7114-2717,phil,hand-classified from publications
0000-0001-7521-8934,phil,hand-classified from publications
no_orcid_3764,sowi,hand-classified from publications
no_orcid_8890,phil,hand-classified from publications
0000-0001-7923-822X,sowi,hand-classified from publications
0000-0002-0435-1153,mint,hand-classified from publications
0000-0002-2526-0007,sowi,hand-classified from publications
0000-0002-4458-9334,sowi,hand-classified from publications
0000-0002-8590-3748,sowi,hand-classified from publications
0000-0002-9508-7131,sowi,hand-classified from publications
0000-0003-1662-9834,sowi,hand-classified from publications
no_orcid_10200,sowi,hand-classified from publications
no_orcid_10513,sowi,hand-classified from publications
no_orcid_10708,sowi,hand-classified from publications
no_orcid_3762,sowi,hand-classified from publications
no_orcid_6127,sowi,hand-classified from publications
no_orcid_9540,sowi,hand-classified from publications
no_orcid_9920,sowi,hand-classified from publications
0000-0003-2005-8392,sowi,hand-classified from publications
no_orcid_3711,med,hand-classified from publications
no_orcid_3712,med,hand-classified from publications
0000-0003-1998-4698,sowi,hand-classified from publications
no_orcid_2847,sowi,hand-classified from publications
0009-0003-6366-6248,sowi,hand-classified from publications
0000-0003-3288-5280,tech,hand-classified from publications
no_orcid_4158,jura,hand-classified from publications
0000-0002-9836-6793,sowi,hand-classified from publications
0000-0001-6853-1383,tech,hand-classified from publications
no_orcid_9395,phil,hand-classified from publications
no_orcid_3639,jura,hand-classified from publications
0000-0002-3486-5067,sowi,hand-classified from publications
0000-0003-2203-006X,med,hand-classified from publications
no_orcid_1260,med,hand-classified from publications
0000-0002-2592-9348,med,hand-classified from publications
no_orcid_2330,sowi,hand-classified from publications
0000-0001-7115-0186,sowi,hand-classified from publications
0000-0002-0761-0069,sowi,hand-classified from publications
0009-0003-7575-1239,med,hand-classified from publications
0000-0001-9185-1609,sowi,hand-classified from publications
no_orcid_8266,sowi,hand-classified from publications
0000-0002-5687-5776,sowi,hand-classified from publications
no_orcid_2843,sowi,hand-classified from publications
0000-0002-8645-3320,mint,hand-classified from publications
0000-0001-9719-5139,mint,hand-classified from publications
no_orcid_1072,mint,hand-classified from publications
0000-0002-7598-8290,sowi,hand-classified from publications
0000-0003-4423-3140,mint,hand-classified from publications
0000-0003-2067-171X,mint,hand-classified from publications
0000-0002-6485-5601,mint,hand-classified from publications
0000-0001-7444-573X,mint,hand-classified from publications
no_orcid_2065,med,hand-classified from publications
0000-0002-7944-4653,mint,hand-classified from publications
0000-0003-0503-793X,mint,hand-classified from publications
no_orcid_1226,sowi,hand-classified from publications
0000-0001-6426-7458,mint,hand-classified from publications
0000-0001-9005-5328,mint,hand-classified from publications
0000-0003-3638-6016,mint,hand-classified from publications
0000-0003-2595-6482,mint,hand-classified from publications
0000-0003-1511-5110,mint,hand-classified from publications
no_orcid_3174,mint,hand-classified from publications
0000-0002-2765-6814,mint,hand-classified from publications
0000-0003-3448-8713,mint,hand-classified from publications
0000-0002-8798-3243,sowi,hand-classified from publications
0000-0002-7680-0544,mint,hand-classified from publications
0000-0003-3500-9323,mint,hand-classified from publications
no_orcid_7508,mint,hand-classified from publications
0009-0003-8681-8558,mint,hand-classified from publications
0000-0001-5104-4693,mint,hand-classified from publications
no_orcid_483,tech,hand-classified from publications
no_orcid_484,tech,hand-classified from publications
no_orcid_485,tech,hand-classified from publications
no_orcid_657,tech,hand-classified from publications
no_orcid_655,tech,hand-classified from publications
no_orcid_656,tech,hand-classified from publications
no_orcid_6653,sowi,hand-classified from publications
no_orcid_9028,phil,hand-classified from publications
no_orcid_8208,phil,hand-classified from publications
0000-0001-6586-3104,med,hand-classified from publications
0000-0001-8663-1468,med,hand-classified from publications
0000-0002-9463-5087,mint,hand-classified from publications
no_orcid_5152,mint,hand-classified from publications
no_orcid_5153,mint,hand-classified from publications
0000-0002-0166-4381,med,hand-classified from publications
no_orcid_6280,med,hand-classified from publications
no_orcid_1675,med,hand-classified from publications
0009-0004-8595-0773,med,hand-classified from publications
0000-0001-5736-4452,mint,hand-classified from publications
0000-0002-3462-7552,mint,hand-classified from publications
0000-0003-3239-5812,sowi,hand-classified from publications
0000-0002-9523-6790,agrar,hand-classified from publications
0000-0002-1871-0217,sowi,hand-classified from publications
no_orcid_5641,med,hand-classified from publications
0000-0002-3298-8434,med,hand-classified from publications
no_orcid_869,med,hand-classified from publications
0000-0002-9669-8444,mint,hand-classified from publications
0000-0002-5850-002X,mint,hand-classified from publications
0000-0001-8561-9037,med,hand-classified from publications
0000-0003-2010-0394,med,hand-classified from publications
0000-0002-5539-7653,sowi,hand-classified from publications
0000-0001-9390-7100,sowi,hand-classified from publications
0000-0001-8920-0858,sowi,hand-classified from publications
no_orcid_948,tech,hand-classified from publications
0009-0008-0066-9173,phil,hand-classified from publications
0000-0003-0332-1339,mint,hand-classified from publications
0000-0003-3386-0923,mint,hand-classified from publications
no_orcid_4905,mint,hand-classified from publications
0000-0002-6817-3595,mint,hand-classified from publications
no_orcid_6852,sowi,hand-classified from publications
no_orcid_4423,sowi,hand-classified from publications
no_orcid_852,mint,hand-classified from publications
0000-0002-3190-2600,phil,hand-classified from publications
0000-0002-0726-4610,agrar,hand-classified from publications
no_orcid_4609,jura,hand-classified from publications
no_orcid_10585,mint,hand-classified from publications
no_orcid_9547,jura,hand-classified from publications
no_orcid_7485,jura,hand-classified from publications
0000-0001-7608-3349,tech,hand-classified from publications
0000-0002-2905-5190,mint,hand-classified from publications
no_orcid_6241,med,hand-classified from publications
0000-0002-7885-4300,mint,hand-classified from publications
0000-0002-4765-279X,mint,hand-classified from publications
0000-0002-8249-9073,phil,hand-classified from publications
no_orcid_6205,sowi,hand-classified from publications
no_orcid_10838,phil,hand-classified from publications
no_orcid_1419,med,hand-classified from publications
0000-0001-5896-9875,med,hand-classified from publications
no_orcid_1415,med,hand-classified from publications
0000-0003-1821-8801,mint,hand-classified from publications
0000-0002-8205-8542,sowi,hand-classified from publications
0000-0002-3619-9985,sowi,hand-classified from publications
0000-0003-4939-8243,sowi,hand-classified from publications
0000-0001-8946-6082,sowi,hand-classified from publications
0000-0002-5513-8096,mint,hand-classified from publications
0000-0002-8999-6363,sowi,hand-classified from publications
no_orcid_8206,med,hand-classified from publications
0000-0002-4608-7821,mint,hand-classified from publications
0000-0001-6690-5361,agrar,hand-classified from publications
0000-0003-1742-1285,mint,hand-classified from publications
no_orcid_1760,sowi,hand-classified from publications
0000-0001-6140-2992,sowi,hand-classified from publications
0000-0001-9923-5739,sowi,hand-classified from publications
no_orcid_6206,sowi,hand-classified from publications
0000-0002-0695-840X,mint,hand-classified from publications
0000-0002-7471-8854,mint,hand-classified from publications
0000-0003-1642-4003,sowi,hand-classified from publications
no_orcid_3166,mint,hand-classified from publications
0000-0002-6576-8841,tech,hand-classified from publications
0000-0001-9711-1492,mint,hand-classified from publications
0000-0002-2560-7576,mint,hand-classified from publications
no_orcid_4162,mint,hand-classified from publications
no_orcid_3173,mint,hand-classified from publications
no_orcid_5566,mint,hand-classified from publications
0000-0002-8566-0504,mint,hand-classified from publications
0000-0003-2356-6106,mint,hand-classified from publications
0000-0003-0011-5708,mint,hand-classified from publications
0000-0002-2757-7761,mint,hand-classified from publications
no_orcid_4447,mint,hand-classified from publications
no_orcid_7030,sowi,hand-classified from publications
no_orcid_10194,phil,hand-classified from publications
no_orcid_1654,sowi,hand-classified from publications
no_orcid_4871,phil,hand-classified from publications
no_orcid_6711,sowi,hand-classified from publications
0000-0001-5391-6934,mint,hand-classified from publications
0000-0001-5890-8773,mint,hand-classified from publications
0000-0001-6935-4892,mint,hand-classified from publications
0000-0001-6954-651X,mint,hand-classified from publications
0000-0001-7333-7091,mint,hand-classified from publications
0000-0001-7334-2050,mint,hand-classified from publications
0000-0001-8932-7031,mint,hand-classified from publications
0000-0001-9715-5399,mint,hand-classified from publications
0000-0001-9840-780X,tech,hand-classified from publications
0000-0002-1181-5358,mint,hand-classified from publications
0000-0002-3184-9029,mint,hand-classified from publications
0000-0002-3763-3464,mint,hand-classified from publications
0000-0002-4834-7965,mint,hand-classified from publications
0000-0002-5460-9298,mint,hand-classified from publications
0000-0002-5899-9959,mint,hand-classified from publications
0000-0002-9108-8129,mint,hand-classified from publications
0000-0002-9275-7304,mint,hand-classified from publications
0000-0003-3078-2368,mint,hand-classified from publications
0009-0000-6111-582X,mint,hand-classified from publications
0009-0002-9537-8120,mint,hand-classified from publications
no_orcid_10401,mint,hand-classified from publications
no_orcid_10519,mint,hand-classified from publications
no_orcid_10618,mint,hand-classified from publications
no_orcid_10632,mint,hand-classified from publications
no_orcid_1287,mint,hand-classified from publications
no_orcid_1288,mint,hand-classified from publications
no_orcid_2171,mint,hand-classified from publications
no_orcid_2980,mint,hand-classified from publications
no_orcid_2981,mint,hand-classified from publications
no_orcid_3168,mint,hand-classified from publications
no_orcid_3381,mint,hand-classified from publications
no_orcid_3382,mint,hand-classified from publications
no_orcid_3410,mint,hand-classified from publications
no_orcid_3411,mint,hand-classified from publications
no_orcid_4018,mint,hand-classified from publications
no_orcid_4508,mint,hand-classified from publications
no_orcid_4786,mint,hand-classified from publications
no_orcid_5551,mint,hand-classified from publications
no_orcid_58,mint,hand-classified from publications
no_orcid_59,mint,hand-classified from publications
no_orcid_60,mint,hand-classified from publications
no_orcid_61,mint,hand-classified from publications
no_orcid_62,mint,hand-classified from publications
no_orcid_6371,mint,hand-classified from publications
no_orcid_6749,mint,hand-classified from publications
no_orcid_9472,mint,hand-classified from publications
no_orcid_9487,mint,hand-classified from publications
no_orcid_9529,mint,hand-classified from publications
no_orcid_992,mint,hand-classified from publications
0000-0001-6414-8723,phil,hand-classified from publications
0000-0002-2039-6976,phil,hand-classified from publications
0000-0002-9312-5077,phil,hand-classified from publications
0000-0003-1987-5344,phil,hand-classified from publications
0009-0005-8150-3818,phil,hand-classified from publications
no_orcid_9576,phil,hand-classified from publications
0000-0001-5126-045X,sowi,hand-classified from publications
0000-0001-5653-2469,sowi,hand-classified from publications
0000-0001-8718-6300,sowi,hand-classified from publications
0000-0002-1171-4717,sowi,hand-classified from publications
0000-0002-1397-0474,sowi,hand-classified from publications
0000-0002-2620-180X,sowi,hand-classified from publications
0000-0002-2707-3272,sowi,hand-classified from publications
0000-0002-2827-6127,sowi,hand-classified from publications
0000-0002-6290-5492,tech,hand-classified from publications
0000-0002-9589-7206,sowi,hand-classified from publications
0000-0003-2037-6454,sowi,hand-classified from publications
0000-0003-4377-2206,sowi,hand-classified from publications
no_orcid_1008,mint,hand-classified from publications
no_orcid_1650,sowi,hand-classified from publications
no_orcid_2475,sowi,hand-classified from publications
no_orcid_283,sowi,hand-classified from publications
no_orcid_2867,sowi,hand-classified from publications
no_orcid_2868,sowi,hand-classified from publications
no_orcid_2894,sowi,hand-classified from publications
no_orcid_2990,mint,hand-classified from publications
no_orcid_3688,jura,hand-classified from publications
no_orcid_5564,mint,hand-classified from publications
no_orcid_5647,sowi,hand-classified from publications
no_orcid_693,sowi,hand-classified from publications
no_orcid_7131,sowi,hand-classified from publications
no_orcid_7159,sowi,hand-classified from publications
no_orcid_7171,sowi,hand-classified from publications
no_orcid_8057,mint,hand-classified from publications
no_orcid_9241,sowi,hand-classified from publications
no_orcid_9570,phil,hand-classified from publications
0000-0002-8185-2381,tech,hand-classified from publications
no_orcid_5537,mint,hand-classified from publications
no_orcid_1658,sowi,hand-classified from publications
0000-0002-1385-4908,sowi,hand-classified from publications
0000-0002-8823-4607,med,hand-classified from publications
no_orcid_514,sowi,hand-classified from publications
no_orcid_1211,agrar,hand-classified from publications
no_orcid_10276,sowi,hand-classified from publications
0000-0002-7681-5893,sowi,hand-classified from publications
no_orcid_1683,phil,hand-classified from publications
0000-0002-6694-9492,sowi,hand-classified from publications
no_orcid_868,mint,hand-classified from publications
no_orcid_1422,sowi,hand-classified from publications
0000-0001-5364-166X,phil,hand-classified from publications
no_orcid_7344,sowi,hand-classified from publications
no_orcid_847,sowi,hand-classified from publications
no_orcid_4504,tech,hand-classified from publications
no_orcid_4505,tech,hand-classified from publications
0000-0002-7569-5519,sowi,hand-classified from publications
0000-0001-8151-4684,mint,hand-classified from publications
no_orcid_5032,tech,hand-classified from publications
0000-0002-0970-0260,sowi,hand-classified from publications
0000-0002-0502-2351,sowi,hand-classified from publications
0009-0000-0755-8152,tech,hand-classified from publications
0000-0001-5236-2482,sowi,hand-classified from publications
0000-0003-0345-7834,sowi,hand-classified from publications
no_orcid_10705,sowi,hand-classified from publications
0000-0001-7292-4147,sowi,hand-classified from publications
0000-0001-7432-6239,mint,hand-classified from publications
0000-0001-5329-0484,mint,hand-classified from publications
0009-0004-8424-5765,agrar,hand-classified from publications
no_orcid_1757,sowi,hand-classified from publications
no_orcid_6628,mint,hand-classified from publications
0000-0001-8611-1665,sowi,hand-classified from publications
0009-0002-6327-8571,med,hand-classified from publications
no_orcid_1414,med,hand-classified from publications
no_orcid_179,med,hand-classified from publications
no_orcid_180,med,hand-classified from publications
no_orcid_8964,med,hand-classified from publications
0000-0001-8546-3319,mint,hand-classified from publications
0000-0002-0957-4954,mint,hand-classified from publications
0000-0002-4961-6565,mint,hand-classified from publications
0000-0003-3447-1620,mint,hand-classified from publications
no_orcid_9436,phil,hand-classified from publications
0000-0002-4121-5011,sowi,hand-classified from publications
no_orcid_3730,mint,hand-classified from publications
no_orcid_4307,mint,hand-classified from publications
no_orcid_5906,mint,hand-classified from publications
no_orcid_785,sowi,hand-classified from publications
no_orcid_8963,med,hand-classified from publications
no_orcid_2370,mint,hand-classified from publications
0000-0002-6428-1062,tech,hand-classified from publications
no_orcid_3667,mint,hand-classified from publications
no_orcid_37,med,hand-classified from publications
no_orcid_38,med,hand-classified from publications
no_orcid_4108,mint,hand-classified from publications
0000-0003-4325-5495,mint,hand-classified from publications
0009-0005-3530-2644,agrar,hand-classified from publications
no_orcid_196,mint,hand-classified from publications
no_orcid_2243,mint,hand-classified from publications
no_orcid_4872,agrar,hand-classified from publications
no_orcid_7059,sowi,hand-classified from publications
no_orcid_7960,mint,hand-classified from publications
no_orcid_10091,sowi,hand-classified from publications
no_orcid_10092,sowi,hand-classified from publications
no_orcid_2011,jura,hand-classified from publications
0000-0002-1090-3583,med,hand-classified from publications
no_orcid_10466,med,hand-classified from publications
no_orcid_10479,med,hand-classified from publications
no_orcid_1439,phil,hand-classified from publications
no_orcid_1655,sowi,hand-classified from publications
no_orcid_2604,phil,hand-classified from publications
no_orcid_286,med,hand-classified from publications
no_orcid_3126,mint,hand-classified from publications
no_orcid_4153,phil,hand-classified from publications
no_orcid_4186,sowi,hand-classified from publications
no_orcid_4200,med,hand-classified from publications
no_orcid_4485,mint,hand-classified from publications
no_orcid_6146,phil,hand-classified from publications
no_orcid_6760,mint,hand-classified from publications
no_orcid_7935,mint,hand-classified from publications
0000-0001-5556-6376,mint,hand-classified from publications
0000-0001-6545-2516,mint,hand-classified from publications
0000-0001-7794-5465,mint,hand-classified from publications
0000-0001-8810-1049,mint,hand-classified from publications
0000-0002-1510-4350,mint,hand-classified from publications
0000-0002-3008-5688,mint,hand-classified from publications
0000-0002-4039-4230,mint,hand-classified from publications
0000-0002-6613-0583,mint,hand-classified from publications
0000-0003-0136-444X,mint,hand-classified from publications
0000-0003-0484-6815,mint,hand-classified from publications
0000-0003-0911-3637,mint,hand-classified from publications
0000-0003-2735-9630,mint,hand-classified from publications
0000-0003-4645-2881,mint,hand-classified from publications
0000-0003-4696-8941,mint,hand-classified from publications
0009-0003-1050-7083,mint,hand-classified from publications
0009-0005-9375-9618,mint,hand-classified from publications
0009-0007-6239-9407,mint,hand-classified from publications
0009-0009-7165-2595,mint,hand-classified from publications
no_orcid_10621,mint,hand-classified from publications
no_orcid_1897,mint,hand-classified from publications
no_orcid_2358,mint,hand-classified from publications
no_orcid_2360,mint,hand-classified from publications
no_orcid_3127,mint,hand-classified from publications
no_orcid_3363,mint,hand-classified from publications
no_orcid_3925,phil,hand-classified from publications
no_orcid_4022,mint,hand-classified from publications
no_orcid_4857,mint,hand-classified from publications
no_orcid_6759,mint,hand-classified from publications
no_orcid_6814,mint,hand-classified from publications
no_orcid_727,mint,hand-classified from publications
no_orcid_7683,mint,hand-classified from publications
no_orcid_7783,mint,hand-classified from publications
no_orcid_7784,mint,hand-classified from publications
no_orcid_8726,mint,hand-classified from publications
no_orcid_9278,mint,hand-classified from publications
no_orcid_9279,mint,hand-classified from publications
no_orcid_9397,mint,hand-classified from publications
0000-0001-5714-4011,phil,hand-classified from publications
0000-0001-6660-0031,phil,hand-classified from publications
0000-0002-0267-0716,phil,hand-classified from publications
0000-0002-0885-1542,phil,hand-classified from publications
0000-0002-2553-7213,phil,hand-classified from publications
0000-0002-3039-0025,phil,hand-classified from publications
0000-0002-3442-9011,phil,hand-classified from publications
0000-0002-5891-3879,phil,hand-classified from publications
0000-0002-9084-9483,phil,hand-classified from publications
0000-0002-9325-8363,phil,hand-classified from publications
0000-0002-9796-2972,phil,hand-classified from publications
0000-0003-3978-1628,phil,hand-classified from publications
no_orcid_10245,phil,hand-classified from publications
no_orcid_10252,phil,hand-classified from publications
no_orcid_10489,phil,hand-classified from publications
no_orcid_10675,phil,hand-classified from publications
no_orcid_3276,phil,hand-classified from publications
no_orcid_3760,phil,hand-classified from publications
no_orcid_6680,sowi,hand-classified from publications
no_orcid_7387,phil,hand-classified from publications
no_orcid_8763,phil,hand-classified from publications
no_orcid_8895,phil,hand-classified from publications
no_orcid_9624,phil,hand-classified from publications
no_orcid_9625,phil,hand-classified from publications
0000-0002-2379-5681,rewi,hand-classified from publications
no_orcid_2397,rewi,hand-classified from publications
no_orcid_4187,rewi,hand-classified from publications
0000-0001-5500-0487,sowi,hand-classified from publications
0000-0001-5732-8718,sowi,hand-classified from publications
0000-0001-7685-262X,sowi,hand-classified from publications
0000-0001-8202-1785,sowi,hand-classified from publications
0000-0002-1348-5129,sowi,hand-classified from publications
0000-0002-3918-464X,sowi,hand-classified from publications
0000-0002-5375-205X,sowi,hand-classified from publications
0000-0002-6674-2440,sowi,hand-classified from publications
0000-0002-6836-4199,sowi,hand-classified from publications
0000-0002-8980-2282,sowi,hand-classified from publications
0000-0002-9574-3776,sowi,hand-classified from publications
0000-0002-9769-5077,sowi,hand-classified from publications
0000-0003-0230-908X,sowi,hand-classified from publications
0009-0002-3020-0444,sowi,hand-classified from publications
0009-0007-4136-3915,sowi,hand-classified from publications
no_orcid_10086,sowi,hand-classified from publications
no_orcid_1681,mint,hand-classified from publications
no_orcid_1682,sowi,hand-classified from publications
no_orcid_343,sowi,hand-classified from publications
no_orcid_4181,sowi,hand-classified from publications
no_orcid_4222,sowi,hand-classified from publications
no_orcid_5074,sowi,hand-classified from publications
no_orcid_5082,sowi,hand-classified from publications
no_orcid_5091,sowi,hand-classified from publications
no_orcid_5833,sowi,hand-classified from publications
no_orcid_6794,jura,hand-classified from publications
no_orcid_7288,sowi,hand-classified from publications
no_orcid_7418,sowi,hand-classified from publications
no_orcid_8358,sowi,hand-classified from publications
0000-0002-9757-3491,mint,hand-classified from publications
no_orcid_3879,agrar,hand-classified from publications
no_orcid_8062,rewi,hand-classified from publications
no_orcid_1916,mint,hand-classified from publications
0000-0002-4390-6086,mint,hand-classified from publications
no_orcid_1856,mint,hand-classified from publications
no_orcid_1857,mint,hand-classified from publications
0000-0001-9308-5776,mint,hand-classified from publications
no_orcid_6136,sowi,hand-classified from publications
0000-0003-4896-9497,sowi,hand-classified from publications
no_orcid_9285,sowi,hand-classified from publications
no_orcid_10267,mint,hand-classified from publications
no_orcid_3965,sowi,hand-classified from publications
no_orcid_2309,phil,hand-classified from publications
0000-0003-3110-9642,phil,hand-classified from publications
no_orcid_641,mint,hand-classified from publications
0000-0002-0738-4233,mint,hand-classified from publications
no_orcid_1099,mint,hand-classified from publications
no_orcid_3179,sowi,hand-classified from publications
0000-0001-7694-062X,phil,hand-classified from publications
0009-0006-1476-4361,phil,hand-classified from publications
no_orcid_1640,mint,hand-classified from publications
0000-0001-8626-1647,sowi,hand-classified from publications
0000-0002-4091-8620,sowi,hand-classified from publications
no_orcid_2253,mint,hand-classified from publications
no_orcid_4159,phil,hand-classified from publications
no_orcid_2002,mint,hand-classified from publications
0000-0002-9913-9824,sowi,hand-classified from publications
no_orcid_8957,phil,hand-classified from publications
0000-0002-8236-8110,mint,hand-classified from publications
no_orcid_2496,phil,hand-classified from publications
0000-0003-2886-9237,mint,hand-classified from publications
no_orcid_496,med,hand-classified from publications
0000-0002-2171-9706,med,hand-classified from publications
no_orcid_1411,med,hand-classified from publications
no_orcid_1412,med,hand-classified from publications
0009-0007-6180-5610,sowi,hand-classified from publications
no_orcid_1230,mint,hand-classified from publications
0000-0002-1657-3677,med,hand-classified from publications
0000-0003-0533-1012,med,hand-classified from publications
0000-0003-4291-1956,med,hand-classified from publications
no_orcid_1627,med,hand-classified from publications
no_orcid_1628,med,hand-classified from publications
no_orcid_1629,med,hand-classified from publications
no_orcid_4136,mint,hand-classified from publications
no_orcid_4163,mint,hand-classified from publications
no_orcid_4834,med,hand-classified from publications
0000-0001-7925-8917,mint,hand-classified from publications
0000-0002-0003-0512,mint,hand-classified from publications
0000-0002-2059-2061,mint,hand-classified from publications
0000-0003-0779-5013,mint,hand-classified from publications
0000-0003-2147-4953,mint,hand-classified from publications
0000-0003-2418-2681,mint,hand-classified from publications
0000-0003-3032-4834,mint,hand-classified from publications
0000-0003-3045-9595,tech,hand-classified from publications
0009-0002-4367-2117,mint,hand-classified from publications
no_orcid_14,mint,hand-classified from publications
no_orcid_1424,mint,hand-classified from publications
no_orcid_2802,mint,hand-classified from publications
no_orcid_2815,mint,hand-classified from publications
no_orcid_4009,mint,hand-classified from publications
no_orcid_4135,mint,hand-classified from publications
no_orcid_4924,mint,hand-classified from publications
no_orcid_5509,mint,hand-classified from publications
no_orcid_5521,mint,hand-classified from publications
0009-0000-6872-8418,phil,hand-classified from publications
0009-0008-4863-798X,phil,hand-classified from publications
no_orcid_5090,sowi,hand-classified from publications
0000-0001-5521-1954,sowi,hand-classified from publications
0000-0002-4604-9868,sowi,hand-classified from publications
no_orcid_4261,sowi,hand-classified from publications
no_orcid_7388,tech,hand-classified from publications
0000-0002-9805-9099,med,hand-classified from publications
0000-0002-2507-7472,mint,hand-classified from publications
0000-0003-1362-0754,mint,hand-classified from publications
0000-0002-9233-490X,jura,hand-classified from publications
no_orcid_10634,jura,hand-classified from publications
0000-0003-2431-5843,med,hand-classified from publications
0000-0003-4580-139X,med,hand-classified from publications
no_orcid_10522,tech,hand-classified from publications
0000-0003-2894-7135,phil,hand-classified from publications
0000-0002-6541-3127,med,hand-classified from publications
no_orcid_6683,mint,hand-classified from publications
no_orcid_8654,med,hand-classified from publications
no_orcid_1978,mint,hand-classified from publications
0000-0003-1900-0038,med,hand-classified from publications
0000-0001-9589-3136,phil,assigned from institution (uninformative publication titles)
0000-0002-2607-7415,sowi,assigned from institution (uninformative publication titles)
0000-0002-2969-6641,sowi,assigned from institution (uninformative publication titles)
0000-0002-5846-4321,sowi,assigned from institution (uninformative publication titles)
0000-0002-6358-8783,phil,assigned from institution (uninformative publication titles)
0009-0005-3745-2021,sowi,assigned from institution (uninformative publication titles)
no_orcid_10253,sowi,assigned from institution (uninformative publication titles)
no_orcid_10495,sowi,assigned from institution (uninformative publication titles)
no_orcid_3175,mint,assigned from institution (uninformative publication titles)
no_orcid_3176,mint,assigned from institution (uninformative publication titles)
no_orcid_5093,sowi,assigned from institution (uninformative publication titles)
no_orcid_8593,sowi,assigned from institution (uninformative publication titles)
no_orcid_8860,sowi,assigned from institution (uninformative publication titles)
no_orcid_9622,phil,assigned from institution (uninformative publication titles)
no_orcid_4927,agrar,hand-classified from publications
0009-0000-9429-2195,agrar,hand-classified from publications
no_orcid_9358,sowi,hand-classified from publications
0009-0006-6918-7944,med,hand-classified from publications
no_orcid_9769,med,hand-classified from publications
0000-0002-5687-0270,med,hand-classified from publications
0000-0003-1286-9152,sowi,hand-classified from publications
no_orcid_4456,mint,hand-classified from publications
no_orcid_4454,sowi,hand-classified from publications
0000-0001-5098-6902,sowi,assigned from institution
0000-0001-5386-6746,mint,assigned from institution
0000-0001-5465-5609,med,assigned from institution
0000-0001-5556-3845,sowi,assigned from institution
0000-0001-5592-8373,med,assigned from institution
0000-0001-5602-7710,med,assigned from institution
0000-0001-5911-3315,sowi,assigned from institution
0000-0001-6444-7563,mint,assigned from institution
0000-0001-6459-9284,mint,assigned from institution
0000-0001-6564-0410,med,assigned from institution
0000-0001-6737-382X,mint,assigned from institution
0000-0001-6914-7383,mint,assigned from institution
0000-0001-6934-5603,tech,assigned from institution
0000-0001-7153-7663,mint,assigned from institution
0000-0001-7192-6810,mint,assigned from institution
0000-0001-7224-7617,med,assigned from institution
0000-0001-7231-2052,mint,assigned from institution
0000-0001-7545-3168,sowi,assigned from institution
0000-0001-7698-5772,sowi,assigned from institution
0000-0001-7925-9311,mint,assigned from institution
0000-0001-8037-128X,sowi,assigned from institution
0000-0001-8405-170X,mint,assigned from institution
0000-0001-8608-1398,sowi,assigned from institution
0000-0001-8737-4846,med,assigned from institution
0000-0001-8856-3462,med,assigned from institution
0000-0001-9080-5790,sowi,assigned from institution
0000-0001-9215-7408,mint,assigned from institution
0000-0001-9234-6276,mint,assigned from institution
0000-0001-9242-7682,mint,assigned from institution
0000-0001-9550-5164,mint,assigned from institution
0000-0001-9888-7292,mint,assigned from institution
0000-0002-0070-3772,sowi,assigned from institution
0000-0002-0073-3322,med,assigned from institution
0000-0002-0112-9741,sowi,assigned from institution
0000-0002-0254-9174,mint,assigned from institution
0000-0002-0696-1473,jura,assigned from institution
0000-0002-0698-3621,med,assigned from institution
0000-0002-0717-6186,mint,assigned from institution
0000-0002-0761-3657,med,assigned from institution
0000-0002-0900-5188,mint,assigned from institution
0000-0002-1032-4098,med,assigned from institution
0000-0002-1037-3850,med,assigned from institution
0000-0002-1255-3636,sowi,assigned from institution
0000-0002-1307-5082,sowi,assigned from institution
0000-0002-1467-9937,tech,assigned from institution
0000-0002-1544-8268,mint,assigned from institution
0000-0002-1962-3473,sowi,assigned from institution
0000-0002-2766-5243,mint,assigned from institution
0000-0002-2825-5481,med,assigned from institution
0000-0002-3038-0337,sowi,assigned from institution
0000-0002-3067-9056,med,assigned from institution
0000-0002-3130-933X,med,assigned from institution
0000-0002-3217-289X,med,assigned from institution
0000-0002-3284-6540,med,assigned from institution
0000-0002-3351-3588,mint,assigned from institution
0000-0002-3398-9412,med,assigned from institution
0000-0002-3461-2668,med,assigned from institution
0000-0002-3735-8802,mint,assigned from institution
0000-0002-3740-4733,med,assigned from institution
0000-0002-4132-9203,med,assigned from institution
0000-0002-4490-1746,med,assigned from institution
0000-0002-4673-4806,mint,assigned from institution
0000-0002-4697-1342,mint,assigned from institution
0000-0002-4842-2451,med,assigned from institution
0000-0002-4903-9542,med,assigned from institution
0000-0002-5623-5584,mint,assigned from institution
0000-0002-5660-1513,mint,assigned from institution
0000-0002-5936-5464,sowi,assigned from institution
0000-0002-5961-7617,mint,assigned from institution
0000-0002-5999-6522,sowi,assigned from institution
0000-0002-6504-4026,med,assigned from institution
0000-0002-6720-5882,mint,assigned from institution
0000-0002-7317-4613,mint,assigned from institution
0000-0002-7398-3293,mint,assigned from institution
0000-0002-7737-0136,sowi,assigned from institution
0000-0002-7880-7045,mint,assigned from institution
0000-0002-7882-5868,mint,assigned from institution
0000-0002-7924-9022,sowi,assigned from institution
0000-0002-8361-5283,mint,assigned from institution
0000-0002-8739-0253,med,assigned from institution
0000-0002-8813-7436,mint,assigned from institution
0000-0002-8962-1406,mint,assigned from institution
0000-0002-8965-8268,mint,assigned from institution
0000-0002-9403-1224,med,assigned from institution
0000-0002-9531-8753,mint,assigned from institution
0000-0002-9600-3331,mint,assigned from institution
0000-0002-9980-8610,sowi,assigned from institution
0000-0002-9982-3300,med,assigned from institution
0000-0003-0293-4512,med,assigned from institution
0000-0003-0615-2868,sowi,assigned from institution
0000-0003-0882-2669,med,assigned from institution
0000-0003-0894-8982,med,assigned from institution
0000-0003-1037-3487,med,assigned from institution
0000-0003-1143-0535,sowi,assigned from institution
0000-0003-1230-1786,med,assigned from institution
0000-0003-1264-0024,mint,assigned from institution
0000-0003-1386-1881,mint,assigned from institution
0000-0003-1524-5046,mint,assigned from institution
0000-0003-1896-234X,mint,assigned from institution
0000-0003-2159-789X,sowi,assigned from institution
0000-0003-2175-9350,mint,assigned from institution
0000-0003-2710-4929,med,assigned from institution
0000-0003-2754-3171,med,assigned from institution
0000-0003-3389-2028,sowi,assigned from institution
0000-0003-3763-7753,mint,assigned from institution
0000-0003-3782-2158,med,assigned from institution
0000-0003-3901-8796,sowi,assigned from institution
0000-0003-4052-1575,sowi,assigned from institution
0000-0003-4074-8390,mint,assigned from institution
0000-0003-4138-5886,sowi,assigned from institution
0000-0003-4464-7802,mint,assigned from institution
0000-0003-4628-8137,mint,assigned from institution
0000-0003-4749-2826,mint,assigned from institution
0009-0001-7171-8808,mint,assigned from institution
0009-0002-7389-2727,sowi,assigned from institution
0009-0003-0609-0377,sowi,assigned from institution
0009-0007-1588-4055,med,assigned from institution
0009-0008-2364-3208,sowi,assigned from institution
0009-0008-7841-6213,med,assigned from institution
0009-0009-8495-8227,med,assigned from institution
0009-0009-9614-9857,mint,assigned from institution
no_orcid_100,mint,assigned from institution
no_orcid_10173,med,assigned from institution
no_orcid_1035,sowi,assigned from institution
no_orcid_10560,mint,assigned from institution
no_orcid_10561,mint,assigned from institution
no_orcid_10611,sowi,assigned from institution
no_orcid_1238,jura,assigned from institution
no_orcid_1384,med,assigned from institution
no_orcid_1450,med,assigned from institution
no_orcid_147,med,assigned from institution
no_orcid_150,med,assigned from institution
no_orcid_1516,mint,assigned from institution
no_orcid_1549,sowi,assigned from institution
no_orcid_1908,mint,assigned from institution
no_orcid_2223,med,assigned from institution
no_orcid_2226,med,assigned from institution
no_orcid_223,sowi,assigned from institution
no_orcid_2231,med,assigned from institution
no_orcid_2233,med,assigned from institution
no_orcid_2322,mint,assigned from institution
no_orcid_2463,sowi,assigned from institution
no_orcid_2791,mint,assigned from institution
no_orcid_2801,mint,assigned from institution
no_orcid_2982,med,assigned from institution
no_orcid_2983,med,assigned from institution
no_orcid_2984,med,assigned from institution
no_orcid_363,mint,assigned from institution
no_orcid_366,mint,assigned from institution
no_orcid_4071,mint,assigned from institution
no_orcid_4112,mint,assigned from institution
no_orcid_4119,med,assigned from institution
no_orcid_4169,mint,assigned from institution
no_orcid_4188,jura,assigned from institution
no_orcid_4265,mint,assigned from institution
no_orcid_4558,mint,assigned from institution
no_orcid_4678,med,assigned from institution
no_orcid_4953,sowi,assigned from institution
no_orcid_5,mint,assigned from institution
no_orcid_5033,med,assigned from institution
no_orcid_5088,med,assigned from institution
no_orcid_5324,med,assigned from institution
no_orcid_5351,med,assigned from institution
no_orcid_5352,med,assigned from institution
no_orcid_5435,mint,assigned from institution
no_orcid_5545,med,assigned from institution
no_orcid_5887,med,assigned from institution
no_orcid_6159,sowi,assigned from institution
no_orcid_6336,med,assigned from institution
no_orcid_6346,med,assigned from institution
no_orcid_6700,mint,assigned from institution
no_orcid_6707,mint,assigned from institution
no_orcid_6805,mint,assigned from institution
no_orcid_6883,med,assigned from institution
no_orcid_6884,med,assigned from institution
no_orcid_6885,med,assigned from institution
no_orcid_6987,mint,assigned from institution
no_orcid_7005,med,assigned from institution
no_orcid_739,mint,assigned from institution
no_orcid_748,mint,assigned from institution
no_orcid_756,mint,assigned from institution
no_orcid_7890,med,assigned from institution
no_orcid_7914,mint,assigned from institution
no_orcid_800,mint,assigned from institution
no_orcid_8455,mint,assigned from institution
no_orcid_8495,sowi,assigned from institution
no_orcid_858,mint,assigned from institution
no_orcid_8587,jura,assigned from institution
no_orcid_8680,mint,assigned from institution
no_orcid_8681,mint,assigned from institution
no_orcid_8682,mint,assigned from institution
no_orcid_8691,mint,assigned from institution
no_orcid_8692,mint,assigned from institution
no_orcid_8693,mint,assigned from institution
no_orcid_8835,mint,assigned from institution
no_orcid_900,mint,assigned from institution
no_orcid_9589,mint,assigned from institution
no_orcid_974,tech,assigned from institution
no_orcid_975,tech,assigned from institution
0000-0002-8846-3063,mint,assigned from publications
0000-0001-7344-7995,mint,assigned from publications
0000-0003-4285-6993,med,assigned from publications
no_orcid_3725,mint,assigned from publications
0000-0003-2476-7225,mint,assigned from publications
0000-0002-9329-8357,mint,assigned from publications
no_orcid_1943,agrar,assigned from publications
0000-0003-2581-4214,mint,assigned from publications
0000-0002-8693-1222,mint,assigned from publications
0000-0002-1851-9148,mint,assigned from publications
0000-0003-2259-5423,sowi,assigned from publications
0000-0001-5662-5710,jura,assigned from publications
0000-0001-7079-4967,jura,assigned from publications
0000-0002-4068-9071,jura,assigned from publications
0000-0003-1281-4477,jura,assigned from publications
no_orcid_1052,jura,assigned from publications
no_orcid_1464,jura,assigned from publications
no_orcid_2495,jura,assigned from publications
no_orcid_342,jura,assigned from publications
no_orcid_5081,jura,assigned from publications
no_orcid_5640,jura,assigned from publications
no_orcid_6128,jura,assigned from publications
no_orcid_6802,jura,assigned from publications
no_orcid_861,jura,assigned from publications
no_orcid_3734,jura,assigned from publications
0009-0000-2536-8002,jura,assigned from publications
no_orcid_89,jura,assigned from publications
0000-0003-1671-8837,jura,assigned from publications
no_orcid_1227,jura,assigned from publications
no_orcid_1174,jura,assigned from publications
no_orcid_8035,mint,assigned from publications
0000-0001-7075-5124,mint,assigned from publications
no_orcid_1034,sowi,assigned from publications
0000-0003-4995-027X,sowi,assigned from publications
0000-0003-1342-1958,mint,assigned from publications
0000-0002-8768-5027,mint,assigned from publications
0000-0001-5274-1781,mint,assigned from publications
0000-0001-9398-8027,mint,assigned from publications
0000-0002-0330-1170,mint,assigned from publications
0000-0003-2999-083X,mint,assigned from publications
0000-0003-4168-0228,mint,assigned from publications
0000-0001-6366-286X,mint,assigned from publications
0000-0001-7057-194X,mint,assigned from publications
0000-0001-8125-4552,mint,assigned from publications
0000-0001-9681-3265,mint,assigned from publications
0000-0001-9857-9900,mint,assigned from publications
0000-0002-5203-809X,mint,assigned from publications
0000-0002-8401-4850,mint,assigned from publications
0000-0002-8916-4540,mint,assigned from publications
0000-0003-1879-8498,mint,assigned from publications
no_orcid_1338,mint,assigned from publications
no_orcid_1339,mint,assigned from publications
no_orcid_1506,mint,assigned from publications
no_orcid_251,mint,assigned from publications
no_orcid_2965,mint,assigned from publications
no_orcid_3572,mint,assigned from publications
no_orcid_3573,mint,assigned from publications
no_orcid_3574,mint,assigned from publications
no_orcid_5150,mint,assigned from publications
no_orcid_576,mint,assigned from publications
no_orcid_596,mint,assigned from publications
no_orcid_597,mint,assigned from publications
no_orcid_634,mint,assigned from publications
no_orcid_876,mint,assigned from publications
no_orcid_965,mint,assigned from publications
no_orcid_2964,mint,assigned from publications
0000-0002-1191-0128,mint,assigned from publications
0000-0003-0365-5654,mint,assigned from publications
no_orcid_694,mint,assigned from publications
0000-0002-5709-7507,mint,assigned from publications
no_orcid_272,mint,assigned from publications
0000-0002-6717-8343,mint,assigned from publications
0000-0001-5709-0965,tech,grounded from publication record (was model-only)
0000-0001-6112-2499,mint,grounded from publication record (was model-only)
0000-0001-6225-5488,agrar,grounded from publication record (was model-only)
0000-0001-6575-3079,mint,grounded from publication record (was model-only)
0000-0001-7585-6071,sowi,grounded from publication record (was model-only)
0000-0001-8761-9719,sowi,grounded from publication record (was model-only)
0000-0001-9587-4584,sowi,grounded from publication record (was model-only)
0000-0002-0656-6991,mint,grounded from publication record (was model-only)
0000-0002-0835-9603,sowi,grounded from publication record (was model-only)
0000-0002-0948-6698,med,grounded from publication record (was model-only)
0000-0002-2308-6834,mint,grounded from publication record (was model-only)
0000-0002-3708-1727,med,grounded from publication record (was model-only)
0000-0002-4278-1963,mint,grounded from publication record (was model-only)
0000-0002-4943-2141,med,grounded from publication record (was model-only)
0000-0002-5081-8498,sowi,grounded from publication record (was model-only)
0000-0002-5669-9979,tech,grounded from publication record (was model-only)
0000-0002-5862-9229,sowi,grounded from publication record (was model-only)
0000-0002-6085-453X,sowi,grounded from publication record (was model-only)
0000-0002-7624-4752,mint,grounded from publication record (was model-only)
0000-0002-7878-0110,mint,grounded from publication record (was model-only)
0000-0003-2978-5799,tech,grounded from publication record (was model-only)
0000-0003-3046-2241,mint,grounded from publication record (was model-only)
0009-0008-1955-4472,tech,grounded from publication record (was model-only)
no_orcid_228,mint,grounded from publication record (was model-only)
no_orcid_273,mint,grounded from publication record (was model-only)
no_orcid_4382,sowi,grounded from publication record (was model-only)
no_orcid_4541,mint,grounded from publication record (was model-only)
no_orcid_4542,mint,grounded from publication record (was model-only)
no_orcid_4649,mint,grounded from publication record (was model-only)
no_orcid_4893,mint,grounded from publication record (was model-only)
no_orcid_5060,sowi,grounded from publication record (was model-only)
no_orcid_533,mint,grounded from publication record (was model-only)
no_orcid_534,mint,grounded from publication record (was model-only)
no_orcid_6513,mint,grounded from publication record (was model-only)
no_orcid_9016,phil,grounded from publication record (was model-only)
no_orcid_9914,mint,grounded from publication record (was model-only)
