{
"type": "FeatureCollection",
"name": "sf_countries_PA",
"crs": { "type": "name", "properties": { "name": "urn:ogc:def:crs:OGC:1.3:CRS84" } },
"features": [
{ "type": "Feature", "properties": { "NAME": "Indonesia", "ADMIN": "Indonesia" }, "geometry": { "type": "MultiPolygon", "coordinates": [ [ [ [ 97.355957, 1.539746 ], [ 97.342773, 1.52793 ], [ 97.324414, 1.481641 ], [ 97.244238, 1.423633 ], [ 97.079199, 1.425488 ], [ 97.296875, 1.187354 ], [ 97.368848, 1.056934 ], [ 97.405371, 0.946973 ], [ 97.46123, 0.941406 ], [ 97.603906, 0.833887 ], [ 97.68252, 0.641064 ], [ 97.683984, 0.596094 ], [ 97.82041, 0.564453 ], [ 97.876465, 0.62832 ], [ 97.902051, 0.884229 ], [ 97.931934, 0.973926 ], [ 97.903223, 1.018262 ], [ 97.786426, 1.145898 ], [ 97.69834, 1.18374 ], [ 97.481543, 1.465088 ], [ 97.355957, 1.539746 ] ] ], [ [ [ 99.271484, -1.738477 ], [ 99.267285, -1.627734 ], [ 99.210352, -1.559277 ], [ 99.130664, -1.442383 ], [ 99.14043, -1.418457 ], [ 99.128906, -1.38418 ], [ 99.101465, -1.340137 ], [ 99.065039, -1.240723 ], [ 98.954785, -1.05625 ], [ 98.932617, -0.954004 ], [ 98.869043, -0.915625 ], [ 98.676074, -0.970508 ], [ 98.601758, -1.197852 ], [ 98.626953, -1.261328 ], [ 98.816309, -1.538281 ], [ 98.827734, -1.609961 ], [ 98.874316, -1.663672 ], [ 99.071777, -1.783496 ], [ 99.163867, -1.77793 ], [ 99.271484, -1.738477 ] ] ], [ [ [ 116.734082, -8.386914 ], [ 116.718945, -8.336035 ], [ 116.6875, -8.304102 ], [ 116.646973, -8.282715 ], [ 116.401563, -8.204199 ], [ 116.304297, -8.237988 ], [ 116.219824, -8.295215 ], [ 116.061133, -8.437402 ], [ 116.077734, -8.611328 ], [ 116.076465, -8.744922 ], [ 116.031641, -8.765234 ], [ 115.914453, -8.758008 ], [ 115.869336, -8.742773 ], [ 115.857324, -8.787891 ], [ 115.874609, -8.825586 ], [ 116.026758, -8.873145 ], [ 116.239355, -8.912109 ], [ 116.289844, -8.906152 ], [ 116.377246, -8.929004 ], [ 116.586523, -8.886133 ], [ 116.559375, -8.854395 ], [ 116.514258, -8.820996 ], [ 116.64082, -8.613867 ], [ 116.734082, -8.386914 ] ] ], [ [ [ 115.340234, -8.11543 ], [ 115.191016, -8.06748 ], [ 115.154004, -8.065723 ], [ 114.998145, -8.174414 ], [ 114.938477, -8.187109 ], [ 114.833008, -8.182617 ], [ 114.62002, -8.127734 ], [ 114.504297, -8.116602 ], [ 114.475293, -8.119434 ], [ 114.467578, -8.166309 ], [ 114.478906, -8.214746 ], [ 114.501758, -8.26084 ], [ 114.570898, -8.34541 ], [ 114.613184, -8.37832 ], [ 114.731348, -8.393945 ], [ 114.84209, -8.428516 ], [ 114.952051, -8.496387 ], [ 115.055078, -8.573047 ], [ 115.105664, -8.629492 ], [ 115.141602, -8.696875 ], [ 115.139746, -8.768945 ], [ 115.091504, -8.829395 ], [ 115.144922, -8.849023 ], [ 115.194238, -8.835449 ], [ 115.220215, -8.819531 ], [ 115.236133, -8.797559 ], [ 115.247168, -8.75752 ], [ 115.29502, -8.663672 ], [ 115.333789, -8.615723 ], [ 115.559961, -8.51416 ], [ 115.661426, -8.448242 ], [ 115.704297, -8.407129 ], [ 115.690918, -8.363574 ], [ 115.549414, -8.208301 ], [ 115.447852, -8.155176 ], [ 115.340234, -8.11543 ] ] ], [ [ [ 106.027344, -1.593164 ], [ 105.980957, -1.53916 ], [ 105.910059, -1.50498 ], [ 105.816113, -1.506055 ], [ 105.72041, -1.533887 ], [ 105.754492, -1.658691 ], [ 105.700879, -1.731055 ], [ 105.667578, -1.680371 ], [ 105.64043, -1.610449 ], [ 105.585449, -1.526758 ], [ 105.45957, -1.574707 ], [ 105.412695, -1.611035 ], [ 105.373145, -1.657324 ], [ 105.364258, -1.705078 ], [ 105.386523, -1.750781 ], [ 105.374805, -1.813184 ], [ 105.316211, -1.860547 ], [ 105.191016, -1.916895 ], [ 105.137695, -1.972656 ], [ 105.133398, -2.042578 ], [ 105.247656, -2.079395 ], [ 105.292578, -2.114258 ], [ 105.342871, -2.125098 ], [ 105.552734, -2.079004 ], [ 105.599023, -2.103125 ], [ 105.705273, -2.132617 ], [ 105.78584, -2.181348 ], [ 105.806836, -2.307422 ], [ 105.862402, -2.41543 ], [ 105.907617, -2.451953 ], [ 105.939063, -2.493457 ], [ 105.908008, -2.643262 ], [ 105.937207, -2.743555 ], [ 105.99873, -2.824902 ], [ 106.125879, -2.855371 ], [ 106.250098, -2.894043 ], [ 106.341602, -2.94873 ], [ 106.397363, -2.966602 ], [ 106.44873, -2.994238 ], [ 106.496094, -3.029004 ], [ 106.546777, -3.055566 ], [ 106.610547, -3.071387 ], [ 106.667188, -3.071777 ], [ 106.657617, -3.001172 ], [ 106.618555, -2.936133 ], [ 106.612012, -2.895508 ], [ 106.678809, -2.704004 ], [ 106.706641, -2.658008 ], [ 106.744336, -2.617969 ], [ 106.818457, -2.57334 ], [ 106.365918, -2.464844 ], [ 106.208789, -2.188672 ], [ 106.161719, -1.866992 ], [ 106.127148, -1.800195 ], [ 106.080078, -1.738281 ], [ 106.045703, -1.669434 ], [ 106.027344, -1.593164 ] ] ], [ [ [ 123.068945, -4.433594 ], [ 123.074609, -4.386914 ], [ 123.038281, -4.394727 ], [ 122.946875, -4.442676 ], [ 122.85332, -4.618359 ], [ 122.849414, -4.83125 ], [ 122.821484, -4.944434 ], [ 122.803809, -5.000098 ], [ 122.793652, -5.052441 ], [ 122.767578, -5.177246 ], [ 122.766504, -5.210156 ], [ 122.731445, -5.261914 ], [ 122.670117, -5.330859 ], [ 122.642578, -5.381152 ], [ 122.642188, -5.42627 ], [ 122.586426, -5.488867 ], [ 122.584961, -5.544629 ], [ 122.64502, -5.663379 ], [ 122.684375, -5.666211 ], [ 122.733105, -5.634961 ], [ 122.812109, -5.671289 ], [ 122.850195, -5.637988 ], [ 122.916211, -5.519336 ], [ 122.908789, -5.477441 ], [ 122.934668, -5.436719 ], [ 122.96875, -5.405762 ], [ 122.985742, -5.393555 ], [ 123.043359, -5.419336 ], [ 123.120703, -5.393164 ], [ 123.187305, -5.333008 ], [ 123.201953, -5.27334 ], [ 123.149902, -5.224023 ], [ 123.051465, -5.156445 ], [ 123.024609, -5.162402 ], [ 122.981055, -5.185742 ], [ 122.97168, -5.138477 ], [ 122.986523, -4.963086 ], [ 123.014648, -4.910254 ], [ 123.017969, -4.831738 ], [ 123.055176, -4.748242 ], [ 123.083887, -4.749023 ], [ 123.103809, -4.739941 ], [ 123.119238, -4.723438 ], [ 123.139453, -4.739941 ], [ 123.195703, -4.822656 ], [ 123.203027, -4.766211 ], [ 123.179785, -4.551172 ], [ 123.068945, -4.433594 ] ] ], [ [ [ 122.614062, -5.138672 ], [ 122.759863, -4.933887 ], [ 122.739746, -4.675 ], [ 122.701953, -4.618652 ], [ 122.659961, -4.633887 ], [ 122.524414, -4.707129 ], [ 122.368945, -4.767188 ], [ 122.334473, -4.846582 ], [ 122.390039, -4.998535 ], [ 122.396289, -5.069824 ], [ 122.329004, -5.137695 ], [ 122.283105, -5.319531 ], [ 122.307031, -5.380957 ], [ 122.371289, -5.383105 ], [ 122.391992, -5.335449 ], [ 122.473633, -5.380664 ], [ 122.519727, -5.391211 ], [ 122.563867, -5.3875 ], [ 122.619336, -5.33584 ], [ 122.645117, -5.269434 ], [ 122.614062, -5.138672 ] ] ], [ [ [ 108.393555, 3.836182 ], [ 108.398828, 3.875977 ], [ 108.392871, 3.986182 ], [ 108.255566, 4.151758 ], [ 108.24834, 4.217139 ], [ 108.201953, 4.200488 ], [ 108.003516, 4.042578 ], [ 108.002344, 3.982861 ], [ 108.044531, 3.888965 ], [ 108.088477, 3.8521 ], [ 108.243262, 3.810352 ], [ 108.236133, 3.78457 ], [ 108.216406, 3.772168 ], [ 108.186133, 3.767969 ], [ 108.100391, 3.704541 ], [ 108.17959, 3.653076 ], [ 108.316016, 3.689648 ], [ 108.393555, 3.836182 ] ] ], [ [ [ 108.290625, -2.82998 ], [ 108.215137, -2.696973 ], [ 108.074414, -2.596973 ], [ 107.874707, -2.559668 ], [ 107.837793, -2.530273 ], [ 107.666309, -2.566309 ], [ 107.641602, -2.731543 ], [ 107.598145, -2.799707 ], [ 107.604883, -2.863086 ], [ 107.563477, -2.920117 ], [ 107.583887, -2.940723 ], [ 107.591602, -2.976562 ], [ 107.594922, -3.058398 ], [ 107.636719, -3.124805 ], [ 107.614453, -3.209375 ], [ 107.65957, -3.205566 ], [ 107.821777, -3.160742 ], [ 107.836621, -3.09668 ], [ 107.858203, -3.086328 ], [ 107.941113, -3.129297 ], [ 107.967285, -3.166602 ], [ 107.977148, -3.221777 ], [ 108.055273, -3.226855 ], [ 108.083594, -3.194922 ], [ 108.167285, -3.142773 ], [ 108.191797, -3.103027 ], [ 108.207227, -2.997656 ], [ 108.290625, -2.82998 ] ] ], [ [ [ 135.387695, -0.704883 ], [ 135.431641, -0.768848 ], [ 135.483398, -0.801074 ], [ 135.491113, -0.785059 ], [ 135.523828, -0.787305 ], [ 135.645703, -0.881934 ], [ 135.74707, -0.823047 ], [ 135.825586, -1.02832 ], [ 135.83877, -1.119434 ], [ 135.915039, -1.178418 ], [ 136.002539, -1.169727 ], [ 136.110352, -1.216797 ], [ 136.164746, -1.214746 ], [ 136.305371, -1.173145 ], [ 136.375293, -1.094043 ], [ 136.282617, -1.064648 ], [ 136.154688, -0.97832 ], [ 136.06875, -0.877734 ], [ 135.893555, -0.725781 ], [ 135.841211, -0.711621 ], [ 135.749023, -0.73252 ], [ 135.673242, -0.688281 ], [ 135.595703, -0.69043 ], [ 135.383008, -0.651367 ], [ 135.387695, -0.704883 ] ] ], [ [ [ 135.469727, -1.616211 ], [ 135.487598, -1.668359 ], [ 135.865723, -1.752148 ], [ 136.049219, -1.824121 ], [ 136.192578, -1.85918 ], [ 136.228125, -1.893652 ], [ 136.326074, -1.872461 ], [ 136.46084, -1.89043 ], [ 136.621875, -1.873047 ], [ 136.708594, -1.837695 ], [ 136.892578, -1.799707 ], [ 136.816699, -1.753809 ], [ 136.718555, -1.733984 ], [ 136.389648, -1.721582 ], [ 136.201563, -1.65498 ], [ 135.976172, -1.635547 ], [ 135.869141, -1.641992 ], [ 135.474219, -1.591797 ], [ 135.469727, -1.616211 ] ] ], [ [ [ 130.722363, -0.029834 ], [ 130.584277, -0.04541 ], [ 130.54834, -0.069922 ], [ 130.499609, -0.060107 ], [ 130.430957, -0.098486 ], [ 130.3625, -0.072852 ], [ 130.294922, -0.101465 ], [ 130.287695, -0.154688 ], [ 130.236621, -0.209668 ], [ 130.340527, -0.262305 ], [ 130.496289, -0.267383 ], [ 130.550781, -0.366406 ], [ 130.574902, -0.361816 ], [ 130.606543, -0.328613 ], [ 130.688672, -0.296582 ], [ 130.699805, -0.391602 ], [ 130.750195, -0.443848 ], [ 130.896289, -0.416016 ], [ 130.899219, -0.344434 ], [ 130.843164, -0.29834 ], [ 130.801563, -0.302148 ], [ 130.761328, -0.291406 ], [ 130.691309, -0.180566 ], [ 130.638281, -0.142969 ], [ 130.622168, -0.085938 ], [ 130.683496, -0.080664 ], [ 130.808398, -0.226465 ], [ 130.89668, -0.268457 ], [ 130.946484, -0.337598 ], [ 131.005371, -0.360742 ], [ 131.097754, -0.330078 ], [ 131.177734, -0.345996 ], [ 131.217871, -0.374121 ], [ 131.25752, -0.365723 ], [ 131.339746, -0.290332 ], [ 131.302734, -0.241113 ], [ 131.316895, -0.204297 ], [ 131.276855, -0.149805 ], [ 131.025781, -0.039941 ], [ 130.986523, -0.046582 ], [ 130.813281, -0.004102 ], [ 130.722363, -0.029834 ] ] ], [ [ [ 128.547559, 2.09707 ], [ 128.623242, 2.224414 ], [ 128.688477, 2.473682 ], [ 128.602148, 2.597607 ], [ 128.568652, 2.596094 ], [ 128.47207, 2.570508 ], [ 128.330371, 2.469336 ], [ 128.217969, 2.297461 ], [ 128.259961, 2.08252 ], [ 128.295898, 2.034717 ], [ 128.453906, 2.051758 ], [ 128.547559, 2.09707 ] ] ], [ [ [ 128.14873, -1.603711 ], [ 128.032813, -1.531641 ], [ 127.905078, -1.439063 ], [ 127.742969, -1.360254 ], [ 127.64668, -1.332422 ], [ 127.591797, -1.350781 ], [ 127.456738, -1.453711 ], [ 127.39502, -1.589844 ], [ 127.392188, -1.644824 ], [ 127.457617, -1.69668 ], [ 127.561621, -1.728516 ], [ 127.741016, -1.69082 ], [ 127.91377, -1.685156 ], [ 128.06123, -1.712402 ], [ 128.091797, -1.701172 ], [ 128.153027, -1.660547 ], [ 128.14873, -1.603711 ] ] ], [ [ [ 126.065723, -2.36582 ], [ 125.975977, -2.168066 ], [ 125.992676, -2.011816 ], [ 125.962793, -1.975781 ], [ 125.922754, -1.974805 ], [ 125.873242, -2.035938 ], [ 125.862891, -2.077148 ], [ 125.903223, -2.222168 ], [ 125.937598, -2.262793 ], [ 125.97793, -2.41543 ], [ 126.037891, -2.469434 ], [ 126.055078, -2.45127 ], [ 126.065723, -2.36582 ] ] ], [ [ [ 125.720313, -1.81377 ], [ 125.520898, -1.800879 ], [ 125.444727, -1.808984 ], [ 125.387207, -1.843066 ], [ 125.425977, -1.882227 ], [ 125.432617, -1.938086 ], [ 125.479199, -1.940039 ], [ 125.838867, -1.906152 ], [ 125.956445, -1.916602 ], [ 126.288086, -1.858887 ], [ 126.331738, -1.822852 ], [ 126.024219, -1.789746 ], [ 125.720313, -1.81377 ] ] ], [ [ [ 124.663965, -1.635938 ], [ 124.483008, -1.644336 ], [ 124.417578, -1.659277 ], [ 124.380859, -1.6875 ], [ 124.329688, -1.858887 ], [ 124.417773, -2.005176 ], [ 124.520605, -2.006934 ], [ 124.63916, -1.978223 ], [ 124.834473, -1.894434 ], [ 125.006738, -1.943066 ], [ 125.134766, -1.888965 ], [ 125.314063, -1.877148 ], [ 125.320215, -1.810059 ], [ 125.305371, -1.793945 ], [ 125.258203, -1.770898 ], [ 125.197656, -1.780273 ], [ 125.187891, -1.712891 ], [ 125.145801, -1.692578 ], [ 125.126758, -1.699316 ], [ 125.095898, -1.74082 ], [ 125.062988, -1.741016 ], [ 124.969531, -1.705469 ], [ 124.663965, -1.635938 ] ] ], [ [ [ 131.343457, -7.981445 ], [ 131.347754, -7.948047 ], [ 131.377051, -7.869141 ], [ 131.473535, -7.77666 ], [ 131.498438, -7.730664 ], [ 131.580273, -7.682227 ], [ 131.624414, -7.626172 ], [ 131.691113, -7.438867 ], [ 131.643848, -7.266895 ], [ 131.736133, -7.19707 ], [ 131.700781, -7.140234 ], [ 131.643457, -7.112793 ], [ 131.560742, -7.135742 ], [ 131.530859, -7.165137 ], [ 131.535254, -7.220605 ], [ 131.482617, -7.250684 ], [ 131.446191, -7.315332 ], [ 131.411035, -7.340137 ], [ 131.349219, -7.425391 ], [ 131.296875, -7.438086 ], [ 131.260059, -7.470508 ], [ 131.197363, -7.616699 ], [ 131.190039, -7.671875 ], [ 131.137793, -7.684863 ], [ 131.136816, -7.781738 ], [ 131.086816, -7.865039 ], [ 131.123438, -7.921875 ], [ 131.11377, -7.997363 ], [ 131.184961, -7.997852 ], [ 131.30918, -8.01084 ], [ 131.325586, -7.999512 ], [ 131.343457, -7.981445 ] ] ], [ [ [ 126.726367, -7.662207 ], [ 126.60957, -7.571777 ], [ 126.462891, -7.607813 ], [ 126.359375, -7.676758 ], [ 126.213672, -7.706738 ], [ 126.085352, -7.697363 ], [ 125.975293, -7.663379 ], [ 125.843164, -7.816699 ], [ 125.808398, -7.880664 ], [ 125.798242, -7.98457 ], [ 125.826172, -7.979297 ], [ 125.951563, -7.910938 ], [ 126.040039, -7.88584 ], [ 126.108398, -7.883984 ], [ 126.171094, -7.912305 ], [ 126.312891, -7.917676 ], [ 126.47207, -7.950391 ], [ 126.518164, -7.869922 ], [ 126.577344, -7.807617 ], [ 126.692871, -7.753516 ], [ 126.812695, -7.737891 ], [ 126.814453, -7.716504 ], [ 126.800977, -7.667871 ], [ 126.726367, -7.662207 ] ] ], [ [ [ 124.508594, -8.135449 ], [ 124.430664, -8.183203 ], [ 124.393555, -8.253027 ], [ 124.425977, -8.295801 ], [ 124.355566, -8.385938 ], [ 124.380664, -8.415137 ], [ 124.444238, -8.444629 ], [ 125.096777, -8.352832 ], [ 125.131738, -8.326465 ], [ 125.124609, -8.204785 ], [ 125.050293, -8.17959 ], [ 124.924121, -8.166016 ], [ 124.752246, -8.15957 ], [ 124.676855, -8.168066 ], [ 124.599609, -8.201758 ], [ 124.575586, -8.14082 ], [ 124.508594, -8.135449 ] ] ], [ [ [ 131.046191, -1.188184 ], [ 131.073926, -0.968262 ], [ 131.033008, -0.917578 ], [ 130.939453, -0.915332 ], [ 130.897168, -0.890039 ], [ 130.672949, -0.959766 ], [ 130.667969, -0.983984 ], [ 130.704395, -1.050195 ], [ 130.712109, -1.104395 ], [ 130.739355, -1.172559 ], [ 130.782324, -1.255469 ], [ 130.845117, -1.317285 ], [ 130.966602, -1.343457 ], [ 131.001855, -1.315527 ], [ 131.046191, -1.188184 ] ] ], [ [ [ 96.250879, 5.266992 ], [ 96.133301, 5.294287 ], [ 96.027344, 5.351172 ], [ 95.841309, 5.514502 ], [ 95.737305, 5.579297 ], [ 95.628906, 5.609082 ], [ 95.516992, 5.624609 ], [ 95.396094, 5.628809 ], [ 95.27959, 5.592871 ], [ 95.227832, 5.564795 ], [ 95.223828, 5.51709 ], [ 95.242969, 5.464307 ], [ 95.24707, 5.410791 ], [ 95.220703, 5.34624 ], [ 95.206641, 5.284033 ], [ 95.38125, 4.976172 ], [ 95.431934, 4.865039 ], [ 95.494727, 4.761377 ], [ 95.578613, 4.661963 ], [ 95.987988, 4.263281 ], [ 96.230078, 4.072754 ], [ 96.31084, 3.986328 ], [ 96.444727, 3.816309 ], [ 96.525391, 3.766602 ], [ 96.800977, 3.708545 ], [ 96.893945, 3.653711 ], [ 96.968945, 3.575146 ], [ 97.188379, 3.275732 ], [ 97.247949, 3.189014 ], [ 97.313184, 3.077051 ], [ 97.391309, 2.975293 ], [ 97.59082, 2.846582 ], [ 97.616797, 2.785107 ], [ 97.640625, 2.676416 ], [ 97.662012, 2.494287 ], [ 97.700781, 2.358545 ], [ 97.79502, 2.282861 ], [ 97.918555, 2.264209 ], [ 98.005078, 2.238184 ], [ 98.086523, 2.195068 ], [ 98.564258, 1.902148 ], [ 98.595313, 1.8646 ], [ 98.702539, 1.701953 ], [ 98.796387, 1.494629 ], [ 98.935547, 1.031934 ], [ 99.05957, 0.686377 ], [ 99.111719, 0.458936 ], [ 99.15918, 0.351758 ], [ 99.236426, 0.267773 ], [ 99.33457, 0.208594 ], [ 99.597656, 0.102441 ], [ 99.669824, 0.045068 ], [ 99.721289, -0.032959 ], [ 99.860059, -0.31377 ], [ 99.930664, -0.400195 ], [ 100.016699, -0.474219 ], [ 100.087891, -0.55293 ], [ 100.289062, -0.798828 ], [ 100.308203, -0.82666 ], [ 100.393945, -1.10127 ], [ 100.486523, -1.299121 ], [ 100.855273, -1.93418 ], [ 100.848047, -2.143945 ], [ 100.889551, -2.248535 ], [ 100.944434, -2.345215 ], [ 101.118555, -2.587793 ], [ 101.20625, -2.663965 ], [ 101.305664, -2.728711 ], [ 101.366211, -2.808496 ], [ 101.414258, -2.898828 ], [ 101.578613, -3.166992 ], [ 101.649023, -3.244043 ], [ 101.817871, -3.378027 ], [ 102.127539, -3.599219 ], [ 102.187695, -3.674512 ], [ 102.371973, -3.969238 ], [ 102.537695, -4.152148 ], [ 102.918945, -4.470703 ], [ 103.138672, -4.596191 ], [ 103.238867, -4.675684 ], [ 103.332129, -4.765234 ], [ 103.405664, -4.816406 ], [ 103.770312, -5.032813 ], [ 103.831445, -5.07959 ], [ 104.066797, -5.385938 ], [ 104.150488, -5.466602 ], [ 104.242969, -5.538867 ], [ 104.369531, -5.690723 ], [ 104.480859, -5.803125 ], [ 104.601562, -5.90459 ], [ 104.631055, -5.90791 ], [ 104.683984, -5.892676 ], [ 104.675977, -5.816211 ], [ 104.618164, -5.641504 ], [ 104.62168, -5.571777 ], [ 104.639551, -5.52041 ], [ 104.930273, -5.681152 ], [ 105.022656, -5.726855 ], [ 105.081348, -5.745508 ], [ 105.128125, -5.722852 ], [ 105.304004, -5.57002 ], [ 105.349414, -5.549512 ], [ 105.522656, -5.672754 ], [ 105.555566, -5.712305 ], [ 105.57793, -5.760645 ], [ 105.618555, -5.799609 ], [ 105.676562, -5.817578 ], [ 105.74834, -5.818262 ], [ 105.802734, -5.716406 ], [ 105.816113, -5.676563 ], [ 105.887207, -5.00957 ], [ 105.879297, -4.793652 ], [ 105.890527, -4.659766 ], [ 105.886523, -4.553906 ], [ 105.831445, -4.162891 ], [ 105.840625, -4.121777 ], [ 105.927734, -3.881348 ], [ 105.930469, -3.833008 ], [ 105.895508, -3.779688 ], [ 105.851562, -3.730566 ], [ 105.84375, -3.613672 ], [ 105.885059, -3.45127 ], [ 105.901465, -3.410059 ], [ 106.033691, -3.260938 ], [ 106.058398, -3.217188 ], [ 106.055762, -3.160645 ], [ 106.044336, -3.10625 ], [ 105.899121, -2.887793 ], [ 105.582031, -2.491992 ], [ 105.495313, -2.429688 ], [ 105.396973, -2.380176 ], [ 105.286523, -2.35625 ], [ 105.025879, -2.35752 ], [ 104.970801, -2.370898 ], [ 104.916992, -2.392188 ], [ 104.878418, -2.418848 ], [ 104.735742, -2.570898 ], [ 104.69834, -2.598145 ], [ 104.650781, -2.595215 ], [ 104.630566, -2.543359 ], [ 104.647266, -2.429883 ], [ 104.668457, -2.385547 ], [ 104.787305, -2.282715 ], [ 104.826074, -2.23418 ], [ 104.844531, -2.171777 ], [ 104.845215, -2.092969 ], [ 104.791016, -2.04082 ], [ 104.676367, -1.987207 ], [ 104.56875, -1.921777 ], [ 104.515918, -1.819434 ], [ 104.518555, -1.69873 ], [ 104.47832, -1.600098 ], [ 104.446875, -1.362402 ], [ 104.425684, -1.250684 ], [ 104.38125, -1.074219 ], [ 104.360547, -1.038379 ], [ 104.25752, -1.053418 ], [ 104.198535, -1.054297 ], [ 104.061133, -1.021387 ], [ 103.940039, -0.979102 ], [ 103.721094, -0.886719 ], [ 103.577539, -0.795703 ], [ 103.532715, -0.754688 ], [ 103.438574, -0.575586 ], [ 103.431152, -0.533594 ], [ 103.50918, -0.465527 ], [ 103.49541, -0.418066 ], [ 103.405176, -0.362207 ], [ 103.444434, -0.27168 ], [ 103.411621, -0.24043 ], [ 103.428516, -0.191797 ], [ 103.589453, -0.06875 ], [ 103.706445, -0.01958 ], [ 103.786719, 0.046973 ], [ 103.742773, 0.174414 ], [ 103.672656, 0.288916 ], [ 103.578711, 0.387061 ], [ 103.478906, 0.480176 ], [ 103.412305, 0.506934 ], [ 103.338965, 0.513721 ], [ 103.276563, 0.494531 ], [ 103.108691, 0.399805 ], [ 103.002832, 0.331982 ], [ 102.895898, 0.278613 ], [ 102.77959, 0.244482 ], [ 102.55, 0.216455 ], [ 102.786328, 0.297754 ], [ 103.00752, 0.415332 ], [ 103.066504, 0.491992 ], [ 103.031836, 0.578906 ], [ 102.949316, 0.664209 ], [ 102.849414, 0.715479 ], [ 102.566406, 0.748828 ], [ 102.469238, 0.779297 ], [ 102.389941, 0.841992 ], [ 102.239062, 0.990332 ], [ 102.22334, 1.018701 ], [ 102.197949, 1.141699 ], [ 102.157227, 1.258887 ], [ 102.098047, 1.35791 ], [ 102.019922, 1.442139 ], [ 101.784766, 1.621387 ], [ 101.684277, 1.66123 ], [ 101.575, 1.670557 ], [ 101.47666, 1.693066 ], [ 101.405078, 1.757422 ], [ 101.357617, 1.887012 ], [ 101.300781, 2.011816 ], [ 101.225195, 2.102246 ], [ 101.046191, 2.257471 ], [ 100.935938, 2.294727 ], [ 100.877051, 2.283301 ], [ 100.828223, 2.242578 ], [ 100.817773, 2.194238 ], [ 100.816895, 2.140186 ], [ 100.87666, 2.050586 ], [ 100.887891, 1.948242 ], [ 100.816797, 1.989258 ], [ 100.685254, 2.120068 ], [ 100.603613, 2.136963 ], [ 100.523828, 2.18916 ], [ 100.457031, 2.257422 ], [ 100.401172, 2.331641 ], [ 100.352734, 2.411475 ], [ 100.307227, 2.466602 ], [ 100.127246, 2.647607 ], [ 100.021289, 2.794238 ], [ 99.969434, 2.894922 ], [ 99.906641, 2.988184 ], [ 99.732324, 3.183057 ], [ 99.521484, 3.311182 ], [ 99.151172, 3.58125 ], [ 98.868652, 3.710352 ], [ 98.77793, 3.759424 ], [ 98.705762, 3.834766 ], [ 98.686523, 3.885547 ], [ 98.658691, 3.928125 ], [ 98.52832, 3.997559 ], [ 98.307324, 4.092871 ], [ 98.241211, 4.194531 ], [ 98.27334, 4.322314 ], [ 98.248438, 4.414551 ], [ 98.020703, 4.635205 ], [ 97.999805, 4.662256 ], [ 97.966602, 4.77749 ], [ 97.908398, 4.87998 ], [ 97.706738, 5.040137 ], [ 97.5875, 5.170361 ], [ 97.547168, 5.205859 ], [ 97.500195, 5.22832 ], [ 97.451172, 5.236035 ], [ 97.19043, 5.207324 ], [ 97.085742, 5.229932 ], [ 96.967773, 5.269141 ], [ 96.842676, 5.274463 ], [ 96.615234, 5.220215 ], [ 96.492578, 5.229346 ], [ 96.250879, 5.266992 ] ] ], [ [ [ 122.82002, -8.595703 ], [ 122.846777, -8.562207 ], [ 122.811133, -8.481152 ], [ 122.902148, -8.416309 ], [ 122.923633, -8.380957 ], [ 122.955469, -8.354102 ], [ 123.005957, -8.329102 ], [ 122.97832, -8.151953 ], [ 122.916992, -8.105566 ], [ 122.845703, -8.093262 ], [ 122.792383, -8.126563 ], [ 122.758594, -8.185938 ], [ 122.919141, -8.221875 ], [ 122.850488, -8.304395 ], [ 122.75, -8.353125 ], [ 122.603516, -8.402441 ], [ 122.555859, -8.431543 ], [ 122.51377, -8.469629 ], [ 122.483594, -8.513574 ], [ 122.466602, -8.566406 ], [ 122.433496, -8.600781 ], [ 122.323242, -8.62832 ], [ 122.263086, -8.624902 ], [ 122.06709, -8.49668 ], [ 122.020117, -8.471875 ], [ 121.966504, -8.455176 ], [ 121.911719, -8.482129 ], [ 121.862891, -8.493945 ], [ 121.74707, -8.506641 ], [ 121.683398, -8.505859 ], [ 121.610352, -8.526172 ], [ 121.547949, -8.575293 ], [ 121.498438, -8.585156 ], [ 121.444531, -8.577832 ], [ 121.371973, -8.550879 ], [ 121.27666, -8.47793 ], [ 121.118164, -8.423535 ], [ 121.008691, -8.365527 ], [ 120.886133, -8.32666 ], [ 120.751367, -8.321484 ], [ 120.70957, -8.307813 ], [ 120.610254, -8.24043 ], [ 120.547168, -8.259863 ], [ 120.485547, -8.266113 ], [ 120.424902, -8.248926 ], [ 120.354102, -8.257812 ], [ 120.231152, -8.289844 ], [ 120.099219, -8.377539 ], [ 119.96377, -8.435547 ], [ 119.918262, -8.445117 ], [ 119.874805, -8.419824 ], [ 119.866113, -8.473145 ], [ 119.847656, -8.522852 ], [ 119.818164, -8.570508 ], [ 119.807031, -8.622949 ], [ 119.80791, -8.697656 ], [ 119.841406, -8.763574 ], [ 119.879102, -8.807617 ], [ 119.909375, -8.857617 ], [ 120.012109, -8.810156 ], [ 120.120898, -8.776953 ], [ 120.319531, -8.820312 ], [ 120.550488, -8.801855 ], [ 120.780957, -8.848828 ], [ 120.981836, -8.92832 ], [ 121.035254, -8.935449 ], [ 121.086133, -8.925977 ], [ 121.1375, -8.904492 ], [ 121.19082, -8.895508 ], [ 121.32832, -8.916895 ], [ 121.414648, -8.814844 ], [ 121.499609, -8.812207 ], [ 121.58457, -8.820605 ], [ 121.621289, -8.853809 ], [ 121.651367, -8.89873 ], [ 121.738281, -8.87041 ], [ 121.838672, -8.860352 ], [ 122.094141, -8.744727 ], [ 122.185742, -8.730273 ], [ 122.321484, -8.738281 ], [ 122.417285, -8.734668 ], [ 122.470215, -8.725488 ], [ 122.553809, -8.680957 ], [ 122.641504, -8.647266 ], [ 122.78291, -8.611719 ], [ 122.82002, -8.595703 ] ] ], [ [ [ 119.973828, -9.321582 ], [ 119.94209, -9.301465 ], [ 119.850781, -9.35957 ], [ 119.795117, -9.380469 ], [ 119.614746, -9.352441 ], [ 119.423926, -9.369824 ], [ 119.295898, -9.367188 ], [ 119.185645, -9.384473 ], [ 119.031445, -9.440234 ], [ 118.994141, -9.47207 ], [ 118.958789, -9.519336 ], [ 118.977344, -9.572852 ], [ 119.008398, -9.620508 ], [ 119.042383, -9.669043 ], [ 119.085449, -9.706934 ], [ 119.362598, -9.771777 ], [ 119.416504, -9.771094 ], [ 119.470313, -9.760547 ], [ 119.601074, -9.773535 ], [ 119.812793, -9.91748 ], [ 119.930664, -9.966504 ], [ 119.998438, -10.039746 ], [ 120.051953, -10.122852 ], [ 120.144824, -10.200098 ], [ 120.255469, -10.242285 ], [ 120.394531, -10.263477 ], [ 120.43916, -10.294043 ], [ 120.561719, -10.235645 ], [ 120.64043, -10.22793 ], [ 120.698047, -10.206641 ], [ 120.804199, -10.108496 ], [ 120.832617, -10.0375 ], [ 120.784473, -9.957031 ], [ 120.700391, -9.903125 ], [ 120.632617, -9.806445 ], [ 120.555566, -9.719043 ], [ 120.503711, -9.674023 ], [ 120.443652, -9.645605 ], [ 120.364746, -9.654688 ], [ 120.291113, -9.647852 ], [ 120.258301, -9.603125 ], [ 120.248047, -9.542871 ], [ 120.221094, -9.506348 ], [ 120.057617, -9.419727 ], [ 120.0125, -9.374707 ], [ 119.973828, -9.321582 ] ] ], [ [ [ 118.202832, -8.267285 ], [ 118.150684, -8.15 ], [ 118.11748, -8.122266 ], [ 117.920996, -8.089063 ], [ 117.868262, -8.100879 ], [ 117.755273, -8.149512 ], [ 117.738379, -8.20459 ], [ 117.766406, -8.279004 ], [ 117.814844, -8.34209 ], [ 117.979102, -8.458887 ], [ 118.017871, -8.467383 ], [ 118.061035, -8.464258 ], [ 118.100488, -8.475195 ], [ 118.174023, -8.527539 ], [ 118.234863, -8.591895 ], [ 118.205957, -8.652148 ], [ 118.104102, -8.650293 ], [ 117.969531, -8.728027 ], [ 117.893164, -8.704395 ], [ 117.806055, -8.711133 ], [ 117.712109, -8.582617 ], [ 117.672852, -8.563281 ], [ 117.643359, -8.535547 ], [ 117.621777, -8.45957 ], [ 117.56709, -8.426367 ], [ 117.43457, -8.434961 ], [ 117.356641, -8.428516 ], [ 117.223633, -8.374512 ], [ 117.164844, -8.367188 ], [ 117.063672, -8.444434 ], [ 116.953125, -8.503418 ], [ 116.88623, -8.508301 ], [ 116.835059, -8.532422 ], [ 116.80127, -8.597949 ], [ 116.783105, -8.664648 ], [ 116.806934, -8.810938 ], [ 116.77207, -8.894336 ], [ 116.767969, -8.955469 ], [ 116.788477, -9.006348 ], [ 116.871094, -9.046191 ], [ 116.958203, -9.076367 ], [ 117.061328, -9.099023 ], [ 117.16123, -9.069238 ], [ 117.210254, -9.034082 ], [ 117.265039, -9.026172 ], [ 117.326367, -9.033691 ], [ 117.387891, -9.031934 ], [ 117.50791, -9.00752 ], [ 117.731641, -8.919922 ], [ 117.79541, -8.920117 ], [ 117.86123, -8.931445 ], [ 118.070703, -8.850586 ], [ 118.131543, -8.855957 ], [ 118.189941, -8.840527 ], [ 118.233984, -8.807813 ], [ 118.378906, -8.674609 ], [ 118.399902, -8.703711 ], [ 118.397852, -8.813379 ], [ 118.426953, -8.855469 ], [ 118.478613, -8.856445 ], [ 118.673633, -8.811914 ], [ 118.72793, -8.805273 ], [ 118.808301, -8.838281 ], [ 118.832617, -8.833398 ], [ 118.836719, -8.808887 ], [ 118.818066, -8.79082 ], [ 118.75625, -8.773633 ], [ 118.745898, -8.735449 ], [ 118.821191, -8.712109 ], [ 118.90332, -8.702734 ], [ 118.939355, -8.713086 ], [ 118.971484, -8.741211 ], [ 119.00625, -8.749609 ], [ 119.078906, -8.730469 ], [ 119.104199, -8.709961 ], [ 119.129687, -8.668164 ], [ 119.101074, -8.628223 ], [ 119.0625, -8.599805 ], [ 119.04209, -8.560938 ], [ 119.043848, -8.456738 ], [ 118.987793, -8.337695 ], [ 118.926172, -8.297656 ], [ 118.845703, -8.293066 ], [ 118.794238, -8.305859 ], [ 118.74834, -8.331152 ], [ 118.713867, -8.414941 ], [ 118.691797, -8.393457 ], [ 118.670605, -8.323438 ], [ 118.611914, -8.280664 ], [ 118.552148, -8.27041 ], [ 118.490625, -8.271484 ], [ 118.433203, -8.293262 ], [ 118.337891, -8.353516 ], [ 118.292383, -8.357227 ], [ 118.242383, -8.317773 ], [ 118.202832, -8.267285 ] ] ], [ [ [ 124.966797, 1.082617 ], [ 125.028027, 1.180225 ], [ 125.11748, 1.378906 ], [ 125.140918, 1.408398 ], [ 125.22168, 1.478711 ], [ 125.233789, 1.502295 ], [ 125.164844, 1.643652 ], [ 125.110938, 1.685693 ], [ 124.989258, 1.701025 ], [ 124.94707, 1.672168 ], [ 124.860645, 1.576025 ], [ 124.787695, 1.467578 ], [ 124.74668, 1.441406 ], [ 124.64375, 1.416162 ], [ 124.600195, 1.392432 ], [ 124.575391, 1.304053 ], [ 124.533691, 1.230469 ], [ 124.41084, 1.185107 ], [ 124.273633, 1.022266 ], [ 123.930762, 0.850439 ], [ 123.84668, 0.838184 ], [ 123.278125, 0.928076 ], [ 123.066504, 0.941797 ], [ 123.012793, 0.938965 ], [ 122.960059, 0.922998 ], [ 122.89248, 0.85 ], [ 122.838281, 0.845703 ], [ 122.789844, 0.862891 ], [ 122.657422, 0.940576 ], [ 122.549316, 0.984473 ], [ 122.436621, 1.018066 ], [ 122.108203, 1.031152 ], [ 121.867383, 1.088525 ], [ 121.591797, 1.067969 ], [ 121.550684, 1.079687 ], [ 121.513281, 1.104736 ], [ 121.472754, 1.155518 ], [ 121.440039, 1.214404 ], [ 121.404102, 1.243604 ], [ 121.356738, 1.254541 ], [ 121.281738, 1.249805 ], [ 121.208398, 1.2625 ], [ 121.081738, 1.327637 ], [ 121.024609, 1.325781 ], [ 120.96543, 1.311816 ], [ 120.912109, 1.288965 ], [ 120.867969, 1.252832 ], [ 120.803613, 1.149268 ], [ 120.754883, 1.035645 ], [ 120.711035, 0.98667 ], [ 120.658887, 0.943652 ], [ 120.626465, 0.902393 ], [ 120.602539, 0.854395 ], [ 120.516602, 0.817529 ], [ 120.416016, 0.848682 ], [ 120.366504, 0.887549 ], [ 120.322461, 0.983154 ], [ 120.293848, 0.97915 ], [ 120.269531, 0.970801 ], [ 120.229785, 0.86123 ], [ 120.156543, 0.77417 ], [ 120.100586, 0.740137 ], [ 120.056445, 0.692529 ], [ 120.035156, 0.566602 ], [ 119.998047, 0.520215 ], [ 119.913281, 0.445068 ], [ 119.809277, 0.238672 ], [ 119.811719, 0.186914 ], [ 119.865625, 0.040088 ], [ 119.838281, -0.022119 ], [ 119.786523, -0.056982 ], [ 119.73584, -0.051025 ], [ 119.721875, -0.088477 ], [ 119.77168, -0.483594 ], [ 119.829883, -0.686328 ], [ 119.845215, -0.773242 ], [ 119.844336, -0.861914 ], [ 119.786719, -0.763965 ], [ 119.711328, -0.680762 ], [ 119.653516, -0.72793 ], [ 119.508203, -0.906738 ], [ 119.35918, -1.243457 ], [ 119.308984, -1.408203 ], [ 119.310352, -1.495703 ], [ 119.324121, -1.584277 ], [ 119.308301, -1.659668 ], [ 119.348242, -1.825293 ], [ 119.321875, -1.929688 ], [ 119.24082, -2.030957 ], [ 119.172266, -2.140039 ], [ 119.138184, -2.258496 ], [ 119.135352, -2.382324 ], [ 119.092188, -2.48291 ], [ 118.958203, -2.597461 ], [ 118.90752, -2.631445 ], [ 118.85332, -2.650195 ], [ 118.808984, -2.682324 ], [ 118.783301, -2.720801 ], [ 118.783691, -2.764746 ], [ 118.828906, -2.850098 ], [ 118.858105, -2.928516 ], [ 118.821875, -3.040625 ], [ 118.8125, -3.156641 ], [ 118.832812, -3.280176 ], [ 118.867676, -3.398047 ], [ 118.922168, -3.482715 ], [ 118.994629, -3.537598 ], [ 119.240039, -3.475293 ], [ 119.362109, -3.458984 ], [ 119.419824, -3.475391 ], [ 119.46748, -3.512988 ], [ 119.494531, -3.554102 ], [ 119.491992, -3.607813 ], [ 119.479297, -3.667383 ], [ 119.480078, -3.729785 ], [ 119.493652, -3.768555 ], [ 119.611426, -3.999805 ], [ 119.623633, -4.034375 ], [ 119.611719, -4.423535 ], [ 119.594043, -4.523145 ], [ 119.544922, -4.630859 ], [ 119.515527, -4.741895 ], [ 119.519531, -4.877344 ], [ 119.433594, -5.079199 ], [ 119.390625, -5.200586 ], [ 119.360352, -5.31416 ], [ 119.376172, -5.424805 ], [ 119.463086, -5.52168 ], [ 119.557422, -5.611035 ], [ 119.717285, -5.693359 ], [ 119.764453, -5.688281 ], [ 119.818457, -5.661816 ], [ 119.907617, -5.596289 ], [ 119.951563, -5.577637 ], [ 120.077051, -5.575488 ], [ 120.200781, -5.559375 ], [ 120.256445, -5.544141 ], [ 120.311621, -5.541602 ], [ 120.430371, -5.591016 ], [ 120.416602, -5.490039 ], [ 120.390918, -5.392578 ], [ 120.279297, -5.146094 ], [ 120.281445, -5.092676 ], [ 120.310156, -4.963184 ], [ 120.40498, -4.727246 ], [ 120.420117, -4.617383 ], [ 120.38457, -4.415137 ], [ 120.3625, -4.085742 ], [ 120.383008, -3.852344 ], [ 120.435156, -3.747852 ], [ 120.436621, -3.707324 ], [ 120.392383, -3.348145 ], [ 120.360449, -3.246875 ], [ 120.300488, -3.154297 ], [ 120.254102, -3.052832 ], [ 120.261035, -2.949316 ], [ 120.341406, -2.869629 ], [ 120.543945, -2.732617 ], [ 120.653613, -2.667578 ], [ 120.765039, -2.641602 ], [ 120.879395, -2.645605 ], [ 120.990137, -2.670313 ], [ 121.052148, -2.75166 ], [ 121.066797, -2.880957 ], [ 121.070312, -3.010156 ], [ 121.054297, -3.16709 ], [ 121.037891, -3.205176 ], [ 120.906934, -3.404004 ], [ 120.890918, -3.460352 ], [ 120.891797, -3.520605 ], [ 120.914258, -3.555762 ], [ 121.312695, -3.919434 ], [ 121.41582, -3.984277 ], [ 121.537402, -4.014844 ], [ 121.618066, -4.092676 ], [ 121.611523, -4.156348 ], [ 121.583398, -4.210547 ], [ 121.556738, -4.244629 ], [ 121.541211, -4.28291 ], [ 121.486523, -4.581055 ], [ 121.514355, -4.68125 ], [ 121.588672, -4.75957 ], [ 121.645703, -4.785645 ], [ 121.748047, -4.816699 ], [ 121.916992, -4.847949 ], [ 122.038086, -4.832422 ], [ 122.073242, -4.791699 ], [ 122.05, -4.675293 ], [ 122.054199, -4.620117 ], [ 122.114258, -4.540234 ], [ 122.207129, -4.496387 ], [ 122.471387, -4.42207 ], [ 122.614746, -4.417383 ], [ 122.671875, -4.422168 ], [ 122.72168, -4.410742 ], [ 122.715039, -4.37627 ], [ 122.719727, -4.340723 ], [ 122.817578, -4.389941 ], [ 122.872266, -4.391992 ], [ 122.897363, -4.349121 ], [ 122.899805, -4.229395 ], [ 122.894336, -4.166309 ], [ 122.877344, -4.109082 ], [ 122.847949, -4.064551 ], [ 122.798242, -4.054199 ], [ 122.778809, -4.081641 ], [ 122.750391, -4.1 ], [ 122.689648, -4.084473 ], [ 122.649902, -4.020508 ], [ 122.606738, -3.984668 ], [ 122.609961, -3.923438 ], [ 122.578613, -3.882324 ], [ 122.529199, -3.852637 ], [ 122.43457, -3.739844 ], [ 122.385352, -3.711426 ], [ 122.329102, -3.694238 ], [ 122.288086, -3.661621 ], [ 122.25293, -3.62041 ], [ 122.251367, -3.57627 ], [ 122.262695, -3.527441 ], [ 122.312793, -3.382715 ], [ 122.317285, -3.275098 ], [ 122.399023, -3.200879 ], [ 122.38125, -3.142383 ], [ 122.306543, -3.051563 ], [ 122.29043, -3.004199 ], [ 122.30332, -2.952246 ], [ 122.291699, -2.907617 ], [ 122.082617, -2.749512 ], [ 122.013965, -2.656445 ], [ 121.971875, -2.542383 ], [ 121.848242, -2.331543 ], [ 121.769727, -2.240918 ], [ 121.725977, -2.208008 ], [ 121.621875, -2.173633 ], [ 121.575, -2.150879 ], [ 121.501953, -2.04502 ], [ 121.40752, -1.970117 ], [ 121.348828, -1.945996 ], [ 121.355469, -1.878223 ], [ 121.394727, -1.833789 ], [ 121.513867, -1.887793 ], [ 121.572656, -1.905762 ], [ 121.650977, -1.89541 ], [ 121.71875, -1.862793 ], [ 121.779883, -1.766992 ], [ 121.858594, -1.693262 ], [ 122.157617, -1.593945 ], [ 122.250684, -1.555273 ], [ 122.33418, -1.497852 ], [ 122.506641, -1.347852 ], [ 122.655664, -1.175195 ], [ 122.724609, -1.064258 ], [ 122.807422, -0.966016 ], [ 122.852539, -0.928125 ], [ 122.902832, -0.900977 ], [ 123.049414, -0.872363 ], [ 123.152734, -0.907031 ], [ 123.225781, -1.001758 ], [ 123.299609, -1.026074 ], [ 123.37793, -1.004102 ], [ 123.396289, -0.961621 ], [ 123.43418, -0.778223 ], [ 123.417383, -0.707422 ], [ 123.379687, -0.648535 ], [ 123.281445, -0.591504 ], [ 123.171484, -0.570703 ], [ 123.02041, -0.599805 ], [ 122.872266, -0.640723 ], [ 122.829492, -0.658887 ], [ 122.841113, -0.687012 ], [ 122.885547, -0.72207 ], [ 122.88877, -0.755176 ], [ 122.658789, -0.769824 ], [ 122.529688, -0.756641 ], [ 122.27998, -0.757031 ], [ 122.174902, -0.79375 ], [ 122.138086, -0.839258 ], [ 122.093652, -0.875 ], [ 121.969629, -0.933301 ], [ 121.853125, -0.945996 ], [ 121.737695, -0.925684 ], [ 121.681152, -0.887891 ], [ 121.632715, -0.840332 ], [ 121.575586, -0.828516 ], [ 121.519336, -0.855566 ], [ 121.431348, -0.938574 ], [ 121.276855, -1.118164 ], [ 121.212598, -1.2125 ], [ 121.148535, -1.339453 ], [ 121.033691, -1.406543 ], [ 120.91582, -1.377832 ], [ 120.796973, -1.363672 ], [ 120.728613, -1.371484 ], [ 120.667383, -1.370117 ], [ 120.605078, -1.258496 ], [ 120.517578, -1.039453 ], [ 120.425391, -0.960645 ], [ 120.269824, -0.899219 ], [ 120.240625, -0.868262 ], [ 120.097461, -0.649902 ], [ 120.062891, -0.555566 ], [ 120.031738, -0.432031 ], [ 120.012109, -0.307129 ], [ 120.013281, -0.196191 ], [ 120.036035, -0.089941 ], [ 120.07832, 0.039746 ], [ 120.127344, 0.166553 ], [ 120.192285, 0.268506 ], [ 120.307031, 0.408252 ], [ 120.349023, 0.449219 ], [ 120.459961, 0.510303 ], [ 120.579004, 0.52832 ], [ 120.700391, 0.514697 ], [ 120.90918, 0.446777 ], [ 121.012988, 0.441699 ], [ 121.425781, 0.494824 ], [ 121.515723, 0.498437 ], [ 121.60459, 0.486133 ], [ 121.722754, 0.450879 ], [ 121.841992, 0.436572 ], [ 122.060938, 0.468018 ], [ 122.280762, 0.481055 ], [ 122.90957, 0.485986 ], [ 122.996875, 0.493506 ], [ 123.08252, 0.48584 ], [ 123.179492, 0.415527 ], [ 123.26543, 0.326611 ], [ 123.310449, 0.317578 ], [ 123.525977, 0.300342 ], [ 123.639648, 0.297461 ], [ 123.753809, 0.305518 ], [ 124.101367, 0.374561 ], [ 124.216797, 0.380371 ], [ 124.278027, 0.398438 ], [ 124.384375, 0.444971 ], [ 124.427539, 0.470605 ], [ 124.514063, 0.557129 ], [ 124.589063, 0.655273 ], [ 124.639844, 0.743555 ], [ 124.698145, 0.825586 ], [ 124.888867, 0.995312 ], [ 124.966797, 1.082617 ] ] ], [ [ [ 107.331836, -5.978125 ], [ 107.162109, -5.957129 ], [ 107.046289, -5.904199 ], [ 107.011621, -6.008496 ], [ 106.931641, -6.073438 ], [ 106.87793, -6.091992 ], [ 106.825195, -6.098242 ], [ 106.675879, -6.038379 ], [ 106.56875, -6.021875 ], [ 106.459082, -6.017578 ], [ 106.349707, -5.984082 ], [ 106.16582, -5.964746 ], [ 106.075, -5.91416 ], [ 106.028809, -5.934277 ], [ 105.936133, -6.016992 ], [ 105.868262, -6.116406 ], [ 105.786914, -6.456934 ], [ 105.757422, -6.480371 ], [ 105.706055, -6.497949 ], [ 105.655078, -6.469531 ], [ 105.608008, -6.616699 ], [ 105.580859, -6.670996 ], [ 105.483691, -6.781543 ], [ 105.459766, -6.786914 ], [ 105.404688, -6.767969 ], [ 105.387012, -6.750781 ], [ 105.370898, -6.664355 ], [ 105.335645, -6.674121 ], [ 105.273438, -6.729395 ], [ 105.243164, -6.778027 ], [ 105.255469, -6.835254 ], [ 105.30293, -6.841016 ], [ 105.361914, -6.826172 ], [ 105.420801, -6.833203 ], [ 105.478418, -6.853711 ], [ 105.600977, -6.860352 ], [ 105.724805, -6.846094 ], [ 105.834766, -6.845801 ], [ 105.944336, -6.858984 ], [ 106.198242, -6.927832 ], [ 106.519727, -7.053711 ], [ 106.491504, -7.113867 ], [ 106.448438, -7.176758 ], [ 106.416895, -7.239355 ], [ 106.411328, -7.311719 ], [ 106.455273, -7.368652 ], [ 106.535352, -7.394238 ], [ 106.631445, -7.415527 ], [ 107.071191, -7.447461 ], [ 107.284961, -7.47168 ], [ 107.546875, -7.541895 ], [ 107.597852, -7.566699 ], [ 107.695801, -7.635547 ], [ 107.804395, -7.688379 ], [ 107.91748, -7.724121 ], [ 108.220508, -7.782324 ], [ 108.335547, -7.794043 ], [ 108.451758, -7.796973 ], [ 108.517969, -7.736035 ], [ 108.570508, -7.707227 ], [ 108.741211, -7.66709 ], [ 108.85625, -7.667871 ], [ 108.986719, -7.704102 ], [ 109.193555, -7.694922 ], [ 109.281641, -7.704883 ], [ 109.852637, -7.828418 ], [ 110.038672, -7.890527 ], [ 110.607227, -8.149414 ], [ 110.830176, -8.201953 ], [ 111.055371, -8.239551 ], [ 111.338574, -8.261719 ], [ 111.509961, -8.305078 ], [ 112.115137, -8.323926 ], [ 112.351562, -8.353613 ], [ 112.586035, -8.399609 ], [ 112.678809, -8.40918 ], [ 112.77168, -8.396094 ], [ 112.897754, -8.361426 ], [ 113.018945, -8.312695 ], [ 113.133691, -8.288281 ], [ 113.25332, -8.286719 ], [ 113.692578, -8.478027 ], [ 113.940332, -8.568359 ], [ 114.159668, -8.626465 ], [ 114.276953, -8.614648 ], [ 114.339258, -8.647363 ], [ 114.383203, -8.705371 ], [ 114.45918, -8.740527 ], [ 114.583789, -8.769629 ], [ 114.599219, -8.727246 ], [ 114.59502, -8.684766 ], [ 114.481738, -8.603809 ], [ 114.448828, -8.559277 ], [ 114.386914, -8.405176 ], [ 114.381348, -8.334277 ], [ 114.384961, -8.263281 ], [ 114.443262, -8.00459 ], [ 114.444238, -7.895605 ], [ 114.409277, -7.79248 ], [ 114.382715, -7.771094 ], [ 114.070703, -7.633008 ], [ 114.037305, -7.632129 ], [ 113.87627, -7.677246 ], [ 113.747461, -7.703027 ], [ 113.497656, -7.723828 ], [ 113.248438, -7.718164 ], [ 113.013574, -7.657715 ], [ 112.794531, -7.552441 ], [ 112.78291, -7.431641 ], [ 112.794336, -7.304492 ], [ 112.751953, -7.265039 ], [ 112.64873, -7.221289 ], [ 112.625977, -7.178027 ], [ 112.586914, -7.050586 ], [ 112.539258, -6.926465 ], [ 112.433594, -6.903027 ], [ 112.312305, -6.894434 ], [ 112.136719, -6.905078 ], [ 112.087305, -6.893359 ], [ 111.989844, -6.805957 ], [ 111.737598, -6.773438 ], [ 111.688086, -6.741699 ], [ 111.643555, -6.69873 ], [ 111.540332, -6.648242 ], [ 111.484473, -6.651855 ], [ 111.386523, -6.692871 ], [ 111.34209, -6.699512 ], [ 111.181543, -6.686719 ], [ 111.154395, -6.669043 ], [ 111.000684, -6.464746 ], [ 110.972266, -6.435645 ], [ 110.834766, -6.424219 ], [ 110.78418, -6.442676 ], [ 110.736914, -6.472363 ], [ 110.700781, -6.518066 ], [ 110.674023, -6.569824 ], [ 110.634277, -6.690137 ], [ 110.583594, -6.805664 ], [ 110.520898, -6.897266 ], [ 110.42627, -6.947266 ], [ 110.372754, -6.947754 ], [ 110.321094, -6.938379 ], [ 110.260938, -6.912402 ], [ 110.198438, -6.895117 ], [ 110.06709, -6.89873 ], [ 109.93623, -6.91582 ], [ 109.820996, -6.902441 ], [ 109.586914, -6.842578 ], [ 109.500586, -6.810156 ], [ 109.403711, -6.860156 ], [ 109.294238, -6.866992 ], [ 109.018359, -6.817285 ], [ 108.899414, -6.808398 ], [ 108.779688, -6.808301 ], [ 108.677832, -6.790527 ], [ 108.603613, -6.729199 ], [ 108.537988, -6.516211 ], [ 108.515918, -6.471191 ], [ 108.419141, -6.382812 ], [ 108.330176, -6.286035 ], [ 108.29502, -6.265039 ], [ 108.254492, -6.266602 ], [ 108.197461, -6.289062 ], [ 108.137598, -6.29668 ], [ 108.008789, -6.276953 ], [ 107.883789, -6.233301 ], [ 107.776074, -6.218945 ], [ 107.666797, -6.21582 ], [ 107.562988, -6.182715 ], [ 107.474707, -6.121777 ], [ 107.373926, -6.007617 ], [ 107.331836, -5.978125 ] ] ], [ [ [ 109.378516, 1.922705 ], [ 109.318164, 1.821094 ], [ 109.273145, 1.705469 ], [ 109.166699, 1.60708 ], [ 109.075879, 1.495898 ], [ 109.055469, 1.438477 ], [ 109.010254, 1.239648 ], [ 109.06543, 1.247168 ], [ 109.096094, 1.258154 ], [ 109.131543, 1.253857 ], [ 109.088477, 1.223926 ], [ 109.030859, 1.204492 ], [ 108.958594, 1.134619 ], [ 108.916797, 0.912646 ], [ 108.905859, 0.793945 ], [ 108.922754, 0.532812 ], [ 108.944531, 0.355664 ], [ 109.074805, 0.252832 ], [ 109.148535, 0.167676 ], [ 109.180762, 0.11748 ], [ 109.220215, 0.073828 ], [ 109.247266, 0.055762 ], [ 109.25752, 0.031152 ], [ 109.194629, -0.009424 ], [ 109.164746, -0.14248 ], [ 109.149609, -0.185547 ], [ 109.121777, -0.265039 ], [ 109.121094, -0.390918 ], [ 109.130273, -0.44541 ], [ 109.160547, -0.494922 ], [ 109.257031, -0.577441 ], [ 109.372754, -0.638184 ], [ 109.366309, -0.667383 ], [ 109.311719, -0.680176 ], [ 109.270996, -0.732031 ], [ 109.258789, -0.807422 ], [ 109.288867, -0.845801 ], [ 109.333496, -0.875391 ], [ 109.453809, -0.86875 ], [ 109.681738, -0.944238 ], [ 109.787402, -1.011328 ], [ 109.873438, -1.101074 ], [ 109.938086, -1.181152 ], [ 109.983301, -1.274805 ], [ 110.019238, -1.398828 ], [ 110.036133, -1.525684 ], [ 110.023438, -1.642578 ], [ 109.96377, -1.742871 ], [ 109.959863, -1.862793 ], [ 110.075, -1.946387 ], [ 110.096582, -2.001367 ], [ 110.124414, -2.233887 ], [ 110.224316, -2.688672 ], [ 110.232617, -2.925098 ], [ 110.256055, -2.966113 ], [ 110.302539, -2.985352 ], [ 110.350977, -2.946777 ], [ 110.377539, -2.933789 ], [ 110.574023, -2.891406 ], [ 110.668164, -3.004785 ], [ 110.703125, -3.020898 ], [ 110.73584, -2.988672 ], [ 110.811133, -2.938477 ], [ 110.899316, -2.908594 ], [ 110.852051, -2.946191 ], [ 110.829688, -2.995117 ], [ 110.86875, -3.04873 ], [ 110.930078, -3.071094 ], [ 111.044336, -3.055762 ], [ 111.25918, -2.956445 ], [ 111.367578, -2.933691 ], [ 111.494922, -2.97334 ], [ 111.625488, -2.975488 ], [ 111.658301, -2.925781 ], [ 111.694727, -2.889453 ], [ 111.760156, -2.93916 ], [ 111.809375, -3.008008 ], [ 111.823047, -3.057227 ], [ 111.835938, -3.307715 ], [ 111.834375, -3.420117 ], [ 111.82207, -3.53252 ], [ 111.858105, -3.551855 ], [ 111.907422, -3.552539 ], [ 111.954883, -3.529688 ], [ 112.12666, -3.381445 ], [ 112.284961, -3.320996 ], [ 112.443945, -3.371094 ], [ 112.600293, -3.400488 ], [ 112.758008, -3.322168 ], [ 112.971484, -3.187109 ], [ 113.033984, -2.933496 ], [ 113.343164, -3.246484 ], [ 113.367188, -3.223633 ], [ 113.408984, -3.228906 ], [ 113.525977, -3.184082 ], [ 113.566309, -3.177734 ], [ 113.610059, -3.195703 ], [ 113.630078, -3.246094 ], [ 113.637305, -3.332031 ], [ 113.633594, -3.419922 ], [ 113.705078, -3.455273 ], [ 113.795801, -3.45625 ], [ 113.958789, -3.394336 ], [ 114.082227, -3.278906 ], [ 114.108984, -3.285156 ], [ 114.127637, -3.327246 ], [ 114.17793, -3.354395 ], [ 114.236328, -3.361133 ], [ 114.292676, -3.30625 ], [ 114.344336, -3.235156 ], [ 114.30166, -3.364746 ], [ 114.30459, -3.410059 ], [ 114.344336, -3.444434 ], [ 114.397168, -3.471191 ], [ 114.445996, -3.481836 ], [ 114.525586, -3.37666 ], [ 114.536133, -3.494434 ], [ 114.605957, -3.70332 ], [ 114.625293, -4.111719 ], [ 114.652539, -4.151855 ], [ 114.693555, -4.169727 ], [ 115.258203, -3.906836 ], [ 115.956152, -3.59502 ], [ 115.999414, -3.52334 ], [ 116.016699, -3.432813 ], [ 116.05752, -3.348242 ], [ 116.15, -3.233203 ], [ 116.16709, -3.183008 ], [ 116.205078, -3.148535 ], [ 116.257227, -3.126367 ], [ 116.172266, -3.025293 ], [ 116.154102, -2.983789 ], [ 116.166309, -2.93457 ], [ 116.225781, -2.976953 ], [ 116.288867, -2.958789 ], [ 116.330664, -2.902148 ], [ 116.353223, -2.832715 ], [ 116.37168, -2.706836 ], [ 116.375488, -2.578027 ], [ 116.307227, -2.60332 ], [ 116.316797, -2.551855 ], [ 116.352539, -2.521582 ], [ 116.40127, -2.519824 ], [ 116.450391, -2.538281 ], [ 116.529297, -2.510547 ], [ 116.549219, -2.41084 ], [ 116.56543, -2.299707 ], [ 116.528125, -2.20791 ], [ 116.418164, -2.186719 ], [ 116.368652, -2.158203 ], [ 116.313965, -2.139844 ], [ 116.423535, -2.052539 ], [ 116.451953, -1.923145 ], [ 116.42959, -1.86416 ], [ 116.424316, -1.784863 ], [ 116.353223, -1.778613 ], [ 116.275488, -1.784863 ], [ 116.299609, -1.744336 ], [ 116.332129, -1.7125 ], [ 116.47793, -1.632812 ], [ 116.517578, -1.598047 ], [ 116.545117, -1.553125 ], [ 116.554492, -1.473926 ], [ 116.611621, -1.428613 ], [ 116.715234, -1.375781 ], [ 116.753418, -1.327344 ], [ 116.770996, -1.266602 ], [ 116.759277, -1.207129 ], [ 116.728711, -1.150781 ], [ 116.726172, -1.098145 ], [ 116.739844, -1.044238 ], [ 116.760547, -1.117188 ], [ 116.79707, -1.183789 ], [ 116.849414, -1.218262 ], [ 116.913965, -1.223633 ], [ 117.003223, -1.187695 ], [ 117.070215, -1.112695 ], [ 117.146484, -1.008984 ], [ 117.240723, -0.925684 ], [ 117.357129, -0.867188 ], [ 117.521777, -0.79668 ], [ 117.5625, -0.770898 ], [ 117.573828, -0.727539 ], [ 117.556836, -0.675293 ], [ 117.548926, -0.554395 ], [ 117.462891, -0.32373 ], [ 117.46377, -0.200488 ], [ 117.522168, 0.235889 ], [ 117.55332, 0.341016 ], [ 117.745117, 0.729639 ], [ 117.776953, 0.754004 ], [ 117.852539, 0.788672 ], [ 117.923047, 0.831348 ], [ 117.964258, 0.889551 ], [ 117.977344, 0.963818 ], [ 117.951953, 1.031982 ], [ 117.911621, 1.098682 ], [ 118.016309, 1.03916 ], [ 118.095508, 0.92915 ], [ 118.196094, 0.874365 ], [ 118.311523, 0.84707 ], [ 118.534766, 0.813525 ], [ 118.757422, 0.839209 ], [ 118.892383, 0.886865 ], [ 118.984961, 0.982129 ], [ 118.963477, 1.044287 ], [ 118.852539, 1.09585 ], [ 118.638965, 1.318994 ], [ 118.47168, 1.416455 ], [ 118.156836, 1.640332 ], [ 118.080371, 1.701855 ], [ 117.928418, 1.866797 ], [ 117.864648, 1.968408 ], [ 117.83125, 2.002002 ], [ 117.789258, 2.026855 ], [ 117.881055, 2.060645 ], [ 117.889258, 2.087012 ], [ 117.957031, 2.159961 ], [ 118.041602, 2.21543 ], [ 118.066309, 2.262744 ], [ 118.066602, 2.317822 ], [ 118.03418, 2.377637 ], [ 117.885742, 2.541748 ], [ 117.804883, 2.668945 ], [ 117.785937, 2.746777 ], [ 117.749707, 2.775586 ], [ 117.666797, 2.806934 ], [ 117.638867, 2.825293 ], [ 117.664551, 2.859277 ], [ 117.697656, 2.887305 ], [ 117.637207, 2.914941 ], [ 117.569141, 2.929297 ], [ 117.637891, 2.95083 ], [ 117.612402, 3.004883 ], [ 117.610645, 3.064355 ], [ 117.567187, 3.098486 ], [ 117.506836, 3.10459 ], [ 117.42207, 3.165186 ], [ 117.352441, 3.19375 ], [ 117.321875, 3.243555 ], [ 117.384668, 3.365381 ], [ 117.346289, 3.426611 ], [ 117.166406, 3.591992 ], [ 117.113867, 3.612646 ], [ 117.055957, 3.622656 ], [ 117.171582, 3.638965 ], [ 117.287891, 3.639307 ], [ 117.450391, 3.628516 ], [ 117.494922, 3.665576 ], [ 117.509668, 3.730371 ], [ 117.567383, 3.678271 ], [ 117.629883, 3.636328 ], [ 117.714453, 3.644824 ], [ 117.777246, 3.689258 ], [ 117.762012, 3.733887 ], [ 117.731738, 3.770264 ], [ 117.728223, 3.796729 ], [ 117.639063, 3.877979 ], [ 117.566016, 3.929932 ], [ 117.559375, 3.98833 ], [ 117.465332, 4.076074 ], [ 117.497461, 4.133398 ], [ 117.566211, 4.162305 ], [ 117.574414, 4.170605 ], [ 117.537305, 4.171387 ], [ 117.450879, 4.192871 ], [ 117.277539, 4.299316 ], [ 117.100586, 4.337061 ], [ 116.843555, 4.340137 ], [ 116.697852, 4.35498 ], [ 116.638672, 4.339111 ], [ 116.589063, 4.338428 ], [ 116.553125, 4.359863 ], [ 116.514746, 4.370801 ], [ 116.414551, 4.308203 ], [ 116.367676, 4.327344 ], [ 116.320312, 4.353711 ], [ 116.23623, 4.362549 ], [ 116.134473, 4.355176 ], [ 116.021582, 4.290674 ], [ 115.896191, 4.348682 ], [ 115.860742, 4.348047 ], [ 115.836816, 4.333301 ], [ 115.782422, 4.25376 ], [ 115.678809, 4.193018 ], [ 115.627539, 4.081982 ], [ 115.596094, 3.975537 ], [ 115.568457, 3.93877 ], [ 115.560938, 3.733057 ], [ 115.544531, 3.633691 ], [ 115.570703, 3.502295 ], [ 115.566113, 3.445752 ], [ 115.519922, 3.36167 ], [ 115.514258, 3.342383 ], [ 115.489746, 3.208643 ], [ 115.499121, 3.173145 ], [ 115.493164, 3.128125 ], [ 115.454395, 3.034326 ], [ 115.38418, 3.00874 ], [ 115.310156, 2.993945 ], [ 115.246973, 3.025928 ], [ 115.189941, 2.974463 ], [ 115.117578, 2.894873 ], [ 115.086328, 2.841113 ], [ 115.086523, 2.791211 ], [ 115.093652, 2.757812 ], [ 115.078906, 2.723437 ], [ 115.077051, 2.687012 ], [ 115.080762, 2.634229 ], [ 115.129883, 2.612402 ], [ 115.180859, 2.566895 ], [ 115.179102, 2.523193 ], [ 115.150781, 2.49292 ], [ 115.086523, 2.446143 ], [ 114.969141, 2.35083 ], [ 114.836328, 2.269385 ], [ 114.786426, 2.250488 ], [ 114.768359, 2.212939 ], [ 114.758691, 2.162402 ], [ 114.787988, 2.051611 ], [ 114.81582, 2.018945 ], [ 114.830566, 1.980029 ], [ 114.812695, 1.933789 ], [ 114.8, 1.893945 ], [ 114.751074, 1.868994 ], [ 114.703516, 1.850781 ], [ 114.686133, 1.819043 ], [ 114.660937, 1.686279 ], [ 114.632227, 1.617041 ], [ 114.56748, 1.51416 ], [ 114.545898, 1.467139 ], [ 114.5125, 1.452002 ], [ 114.387109, 1.500049 ], [ 114.274707, 1.470898 ], [ 114.125977, 1.452344 ], [ 114.0, 1.455273 ], [ 113.902344, 1.434277 ], [ 113.835254, 1.379883 ], [ 113.760352, 1.311377 ], [ 113.681641, 1.260596 ], [ 113.622266, 1.235937 ], [ 113.513184, 1.308398 ], [ 113.458203, 1.302148 ], [ 113.358984, 1.327148 ], [ 113.12627, 1.408105 ], [ 113.068652, 1.431787 ], [ 113.006543, 1.433887 ], [ 112.988281, 1.457129 ], [ 112.998047, 1.49624 ], [ 112.988281, 1.547559 ], [ 112.942969, 1.566992 ], [ 112.476172, 1.559082 ], [ 112.341602, 1.514746 ], [ 112.250684, 1.479639 ], [ 112.185742, 1.439062 ], [ 112.167383, 1.338184 ], [ 112.128613, 1.243604 ], [ 112.078516, 1.143359 ], [ 111.923145, 1.113281 ], [ 111.808984, 1.01167 ], [ 111.769727, 0.999463 ], [ 111.691309, 1.014209 ], [ 111.607422, 1.022607 ], [ 111.54668, 0.994336 ], [ 111.483203, 0.995752 ], [ 111.286719, 1.043213 ], [ 111.101367, 1.050537 ], [ 110.996094, 1.026367 ], [ 110.938086, 1.017334 ], [ 110.614746, 0.878125 ], [ 110.505762, 0.861963 ], [ 110.461426, 0.88208 ], [ 110.399023, 0.939062 ], [ 110.315234, 0.995996 ], [ 110.114746, 1.190137 ], [ 110.04082, 1.235742 ], [ 109.991699, 1.282568 ], [ 109.944922, 1.338037 ], [ 109.878516, 1.397852 ], [ 109.818066, 1.438965 ], [ 109.735742, 1.522949 ], [ 109.654004, 1.614893 ], [ 109.63584, 1.77666 ], [ 109.570801, 1.806299 ], [ 109.548926, 1.84834 ], [ 109.538965, 1.896191 ], [ 109.628906, 2.027539 ], [ 109.378516, 1.922705 ] ] ], [ [ [ 127.677441, 0.886572 ], [ 127.634375, 0.936133 ], [ 127.633008, 0.977197 ], [ 127.652832, 1.013867 ], [ 127.885352, 1.162793 ], [ 127.987695, 1.2896 ], [ 128.011719, 1.331738 ], [ 128.025879, 1.458105 ], [ 128.02373, 1.583496 ], [ 128.010938, 1.701221 ], [ 127.946484, 1.789648 ], [ 127.886816, 1.832959 ], [ 127.890137, 1.906299 ], [ 127.906738, 1.945654 ], [ 128.03125, 2.119873 ], [ 128.042773, 2.15708 ], [ 128.036426, 2.199023 ], [ 127.964258, 2.174707 ], [ 127.899902, 2.137354 ], [ 127.731445, 1.966113 ], [ 127.631738, 1.843701 ], [ 127.570703, 1.700146 ], [ 127.55791, 1.634229 ], [ 127.534668, 1.57207 ], [ 127.537109, 1.46748 ], [ 127.420313, 1.251953 ], [ 127.428516, 1.13999 ], [ 127.52041, 0.924023 ], [ 127.608008, 0.848242 ], [ 127.600684, 0.796045 ], [ 127.566992, 0.742529 ], [ 127.541797, 0.680664 ], [ 127.537109, 0.610889 ], [ 127.555371, 0.489648 ], [ 127.616211, 0.38291 ], [ 127.668652, 0.336768 ], [ 127.708691, 0.288086 ], [ 127.685449, 0.149023 ], [ 127.681348, 0.034863 ], [ 127.687402, -0.079932 ], [ 127.674805, -0.162891 ], [ 127.691602, -0.241895 ], [ 127.74082, -0.300391 ], [ 127.85332, -0.379883 ], [ 127.888965, -0.423535 ], [ 128.01084, -0.657324 ], [ 128.046387, -0.706055 ], [ 128.233398, -0.787695 ], [ 128.278125, -0.87002 ], [ 128.425488, -0.892676 ], [ 128.33457, -0.816309 ], [ 128.253516, -0.731641 ], [ 128.089453, -0.485254 ], [ 127.977832, -0.24834 ], [ 127.888965, 0.049512 ], [ 127.912207, 0.150537 ], [ 127.914648, 0.206299 ], [ 127.887402, 0.29834 ], [ 127.901367, 0.372266 ], [ 127.924414, 0.438086 ], [ 127.983105, 0.471875 ], [ 128.106055, 0.460889 ], [ 128.220605, 0.414258 ], [ 128.332813, 0.397949 ], [ 128.446484, 0.391553 ], [ 128.54043, 0.337891 ], [ 128.899609, 0.21626 ], [ 128.863281, 0.268359 ], [ 128.81543, 0.305371 ], [ 128.743262, 0.323242 ], [ 128.691602, 0.360352 ], [ 128.683789, 0.438477 ], [ 128.655273, 0.508252 ], [ 128.61123, 0.549951 ], [ 128.397949, 0.638818 ], [ 128.260645, 0.733789 ], [ 128.257227, 0.80498 ], [ 128.298828, 0.876807 ], [ 128.345996, 0.907129 ], [ 128.514551, 0.979248 ], [ 128.66875, 1.069434 ], [ 128.702637, 1.106396 ], [ 128.716895, 1.367285 ], [ 128.688086, 1.463721 ], [ 128.705176, 1.527734 ], [ 128.688379, 1.572559 ], [ 128.539258, 1.559229 ], [ 128.424121, 1.517529 ], [ 128.222461, 1.400635 ], [ 128.157422, 1.316602 ], [ 128.153125, 1.237891 ], [ 128.160742, 1.157812 ], [ 128.116992, 1.127051 ], [ 128.055273, 1.115625 ], [ 127.967285, 1.042578 ], [ 127.929102, 0.934717 ], [ 127.918652, 0.876807 ], [ 127.881055, 0.832129 ], [ 127.805371, 0.825928 ], [ 127.732715, 0.848145 ], [ 127.677441, 0.886572 ] ] ], [ [ [ 129.600488, -2.806152 ], [ 129.542969, -2.790332 ], [ 129.48418, -2.785742 ], [ 129.427344, -2.790723 ], [ 129.371094, -2.820508 ], [ 129.27959, -2.889063 ], [ 129.174414, -2.933496 ], [ 129.116309, -2.937012 ], [ 129.074316, -2.895117 ], [ 129.057715, -2.838477 ], [ 128.991113, -2.828516 ], [ 128.910742, -2.849609 ], [ 128.790527, -2.856641 ], [ 128.569824, -2.842188 ], [ 128.198535, -2.865918 ], [ 128.113379, -2.93457 ], [ 127.87793, -3.22207 ], [ 127.897168, -3.282324 ], [ 127.92793, -3.341406 ], [ 127.927832, -3.397266 ], [ 127.902344, -3.496289 ], [ 127.92041, -3.506055 ], [ 127.97002, -3.444336 ], [ 128.030078, -3.340527 ], [ 128.043945, -3.30332 ], [ 128.055762, -3.238574 ], [ 128.082129, -3.184082 ], [ 128.132031, -3.157422 ], [ 128.180664, -3.17168 ], [ 128.233008, -3.202637 ], [ 128.27998, -3.240527 ], [ 128.419238, -3.416016 ], [ 128.465918, -3.439844 ], [ 128.516602, -3.449121 ], [ 128.638965, -3.433398 ], [ 128.676953, -3.396582 ], [ 128.75127, -3.300488 ], [ 128.801758, -3.265625 ], [ 128.8625, -3.234961 ], [ 128.925391, -3.229297 ], [ 128.957813, -3.241113 ], [ 128.964063, -3.27168 ], [ 128.952051, -3.304199 ], [ 128.96748, -3.326074 ], [ 129.107617, -3.349219 ], [ 129.212109, -3.392676 ], [ 129.332813, -3.408691 ], [ 129.467676, -3.453223 ], [ 129.52168, -3.433691 ], [ 129.52041, -3.363184 ], [ 129.511719, -3.328516 ], [ 129.54502, -3.318848 ], [ 129.62666, -3.317188 ], [ 129.844141, -3.327148 ], [ 129.953125, -3.391602 ], [ 129.981152, -3.438867 ], [ 130.019531, -3.474707 ], [ 130.269727, -3.579297 ], [ 130.363086, -3.625195 ], [ 130.580371, -3.748828 ], [ 130.805078, -3.857715 ], [ 130.859961, -3.570312 ], [ 130.845605, -3.533301 ], [ 130.773438, -3.41875 ], [ 130.718066, -3.411328 ], [ 130.671094, -3.391504 ], [ 130.641699, -3.311914 ], [ 130.625586, -3.228027 ], [ 130.569922, -3.130859 ], [ 130.379102, -2.989355 ], [ 130.303613, -2.978516 ], [ 130.103418, -2.992969 ], [ 129.984375, -2.97666 ], [ 129.754688, -2.86582 ], [ 129.600488, -2.806152 ] ] ], [ [ [ 126.808301, -3.069141 ], [ 126.555078, -3.065234 ], [ 126.30625, -3.103223 ], [ 126.219629, -3.148145 ], [ 126.088281, -3.105469 ], [ 126.050098, -3.128125 ], [ 126.026465, -3.170508 ], [ 126.033984, -3.355859 ], [ 126.056543, -3.420996 ], [ 126.14668, -3.522754 ], [ 126.17832, -3.579395 ], [ 126.214551, -3.605176 ], [ 126.411133, -3.710645 ], [ 126.54668, -3.77168 ], [ 126.686328, -3.823633 ], [ 126.740332, -3.813672 ], [ 126.794141, -3.78916 ], [ 126.869922, -3.78291 ], [ 126.940918, -3.764551 ], [ 127.085059, -3.670898 ], [ 127.155176, -3.647266 ], [ 127.22959, -3.633008 ], [ 127.244238, -3.471094 ], [ 127.227344, -3.391016 ], [ 127.163477, -3.338086 ], [ 127.124707, -3.31084 ], [ 127.092383, -3.277539 ], [ 127.062891, -3.216992 ], [ 127.025488, -3.166016 ], [ 126.861133, -3.087891 ], [ 126.808301, -3.069141 ] ] ], [ [ [ 124.889746, -8.968457 ], [ 124.708203, -9.061816 ], [ 124.645898, -9.116699 ], [ 124.575488, -9.155371 ], [ 124.444434, -9.190332 ], [ 124.438281, -9.238574 ], [ 124.412988, -9.314355 ], [ 124.375684, -9.349902 ], [ 124.319336, -9.41377 ], [ 124.282324, -9.42793 ], [ 124.13457, -9.413867 ], [ 124.115527, -9.423145 ], [ 124.090137, -9.416406 ], [ 124.052441, -9.375391 ], [ 124.036328, -9.341602 ], [ 123.977148, -9.372949 ], [ 123.876758, -9.453125 ], [ 123.709375, -9.614844 ], [ 123.66582, -9.705273 ], [ 123.635742, -9.838086 ], [ 123.589258, -9.966797 ], [ 123.599414, -10.015137 ], [ 123.716406, -10.078613 ], [ 123.690137, -10.128809 ], [ 123.648242, -10.167773 ], [ 123.614062, -10.215039 ], [ 123.604785, -10.270117 ], [ 123.644141, -10.310938 ], [ 123.747266, -10.347168 ], [ 123.857617, -10.343555 ], [ 123.971094, -10.294824 ], [ 124.175977, -10.183301 ], [ 124.326758, -10.169824 ], [ 124.427539, -10.148633 ], [ 124.508203, -10.086133 ], [ 124.601855, -9.992969 ], [ 124.708398, -9.91416 ], [ 124.841797, -9.759766 ], [ 124.963086, -9.665625 ], [ 124.997949, -9.565332 ], [ 125.068164, -9.511914 ], [ 125.033594, -9.381836 ], [ 124.996973, -9.325977 ], [ 124.968262, -9.294238 ], [ 124.958594, -9.254688 ], [ 124.960156, -9.21377 ], [ 124.977539, -9.194922 ], [ 125.100488, -9.189844 ], [ 125.149414, -9.122949 ], [ 125.149023, -9.042578 ], [ 125.124414, -9.01543 ], [ 125.100391, -9.004004 ], [ 124.973242, -9.064258 ], [ 124.936816, -9.053418 ], [ 124.915039, -9.031543 ], [ 124.922266, -8.94248 ], [ 124.889746, -8.968457 ] ] ], [ [ [ 134.700781, -5.603027 ], [ 134.645508, -5.581348 ], [ 134.657813, -5.539258 ], [ 134.646094, -5.492383 ], [ 134.616504, -5.438574 ], [ 134.570801, -5.427344 ], [ 134.506445, -5.438477 ], [ 134.490332, -5.525098 ], [ 134.456348, -5.55752 ], [ 134.341309, -5.712891 ], [ 134.247266, -5.681934 ], [ 134.205371, -5.707227 ], [ 134.226172, -5.744434 ], [ 134.343066, -5.833008 ], [ 134.298633, -5.970703 ], [ 134.301953, -6.009766 ], [ 134.225098, -6.008496 ], [ 134.153125, -6.019531 ], [ 134.154883, -6.062891 ], [ 134.175391, -6.090332 ], [ 134.264453, -6.17168 ], [ 134.280469, -6.200781 ], [ 134.356152, -6.270508 ], [ 134.441113, -6.334863 ], [ 134.637598, -6.365332 ], [ 134.661133, -6.337305 ], [ 134.683887, -6.328125 ], [ 134.71416, -6.295117 ], [ 134.744434, -6.202344 ], [ 134.755859, -6.170605 ], [ 134.758105, -6.1 ], [ 134.752148, -6.050098 ], [ 134.712207, -5.949707 ], [ 134.75498, -5.882715 ], [ 134.738379, -5.816797 ], [ 134.739063, -5.745605 ], [ 134.746973, -5.707031 ], [ 134.700781, -5.603027 ] ] ], [ [ [ 134.415039, -6.386719 ], [ 134.317773, -6.316113 ], [ 134.23418, -6.226367 ], [ 134.168066, -6.17627 ], [ 134.114648, -6.19082 ], [ 134.11123, -6.255371 ], [ 134.124609, -6.426465 ], [ 134.194629, -6.459766 ], [ 134.184766, -6.479297 ], [ 134.154199, -6.481445 ], [ 134.107031, -6.471582 ], [ 134.05918, -6.769336 ], [ 134.09082, -6.833789 ], [ 134.2, -6.908789 ], [ 134.322754, -6.84873 ], [ 134.355957, -6.814844 ], [ 134.4125, -6.679688 ], [ 134.504297, -6.591406 ], [ 134.52041, -6.512695 ], [ 134.536816, -6.442285 ], [ 134.415039, -6.386719 ] ] ], [ [ [ 138.611719, -8.19834 ], [ 138.785938, -8.059082 ], [ 138.892969, -7.882129 ], [ 138.989063, -7.696094 ], [ 138.962598, -7.587988 ], [ 138.899414, -7.511621 ], [ 138.801953, -7.414648 ], [ 138.769824, -7.39043 ], [ 138.543848, -7.37959 ], [ 138.295508, -7.438477 ], [ 138.185352, -7.495313 ], [ 138.081836, -7.566211 ], [ 138.00752, -7.641602 ], [ 137.83252, -7.932227 ], [ 137.685156, -8.262207 ], [ 137.650391, -8.386133 ], [ 137.687695, -8.411719 ], [ 137.871875, -8.379688 ], [ 137.982813, -8.381934 ], [ 138.296289, -8.405176 ], [ 138.535352, -8.273633 ], [ 138.611719, -8.19834 ] ] ], [ [ [ 140.747461, -2.607129 ], [ 140.720508, -2.508105 ], [ 140.673047, -2.47207 ], [ 140.622559, -2.445801 ], [ 140.294629, -2.42041 ], [ 140.250977, -2.412012 ], [ 140.204004, -2.375684 ], [ 140.15459, -2.35 ], [ 139.868359, -2.356445 ], [ 139.789551, -2.348242 ], [ 139.481836, -2.211816 ], [ 139.252637, -2.099219 ], [ 139.148828, -2.038867 ], [ 139.039453, -1.99209 ], [ 138.919141, -1.967871 ], [ 138.811426, -1.917773 ], [ 138.736133, -1.845508 ], [ 138.649805, -1.791113 ], [ 138.110938, -1.615918 ], [ 138.007812, -1.556543 ], [ 137.911133, -1.483789 ], [ 137.80625, -1.483203 ], [ 137.616602, -1.56582 ], [ 137.380566, -1.685645 ], [ 137.176465, -1.802148 ], [ 137.123438, -1.840918 ], [ 137.125488, -1.88125 ], [ 137.175781, -1.973145 ], [ 137.171094, -2.025488 ], [ 137.07207, -2.105078 ], [ 136.843262, -2.197656 ], [ 136.612305, -2.224316 ], [ 136.389941, -2.27334 ], [ 136.352441, -2.325195 ], [ 136.302539, -2.425684 ], [ 136.269531, -2.529492 ], [ 136.243262, -2.583105 ], [ 136.012988, -2.734277 ], [ 135.990723, -2.764258 ], [ 135.926172, -2.904102 ], [ 135.85918, -2.995313 ], [ 135.627734, -3.186035 ], [ 135.560742, -3.26875 ], [ 135.486621, -3.345117 ], [ 135.371582, -3.374902 ], [ 135.251563, -3.368555 ], [ 135.092188, -3.348535 ], [ 135.037402, -3.333105 ], [ 134.917188, -3.249902 ], [ 134.886816, -3.209863 ], [ 134.852734, -3.107617 ], [ 134.855371, -2.978809 ], [ 134.843359, -2.90918 ], [ 134.769824, -2.944043 ], [ 134.702148, -2.933594 ], [ 134.649023, -2.705859 ], [ 134.644727, -2.589844 ], [ 134.627441, -2.536719 ], [ 134.566895, -2.510449 ], [ 134.517969, -2.535645 ], [ 134.483301, -2.583008 ], [ 134.491211, -2.714258 ], [ 134.459961, -2.832324 ], [ 134.362109, -2.620996 ], [ 134.194824, -2.309082 ], [ 134.155664, -2.195215 ], [ 134.142773, -2.08291 ], [ 134.14541, -1.96875 ], [ 134.13125, -1.844531 ], [ 134.105859, -1.720996 ], [ 134.14541, -1.620801 ], [ 134.216992, -1.529102 ], [ 134.237207, -1.474121 ], [ 134.25957, -1.362988 ], [ 134.247168, -1.310547 ], [ 134.188281, -1.203125 ], [ 134.116211, -1.102441 ], [ 134.071973, -1.001855 ], [ 134.086719, -0.897363 ], [ 134.111523, -0.846777 ], [ 134.024902, -0.769727 ], [ 133.974512, -0.744336 ], [ 133.850293, -0.731445 ], [ 133.723633, -0.741406 ], [ 133.472656, -0.726172 ], [ 133.268457, -0.635742 ], [ 133.077148, -0.511816 ], [ 132.856445, -0.417383 ], [ 132.625098, -0.358887 ], [ 132.508008, -0.347461 ], [ 132.39375, -0.355469 ], [ 132.128418, -0.454102 ], [ 132.084473, -0.491113 ], [ 132.045996, -0.537012 ], [ 131.962402, -0.582422 ], [ 131.890918, -0.657129 ], [ 131.804297, -0.703809 ], [ 131.461523, -0.781836 ], [ 131.296387, -0.833594 ], [ 131.257227, -0.855469 ], [ 131.252051, -0.897168 ], [ 131.258984, -0.952637 ], [ 131.254102, -1.006934 ], [ 131.19082, -1.16582 ], [ 131.151855, -1.218848 ], [ 131.090527, -1.247266 ], [ 131.046191, -1.284082 ], [ 131.000977, -1.383984 ], [ 130.995898, -1.424707 ], [ 131.056738, -1.447656 ], [ 131.117773, -1.455273 ], [ 131.179199, -1.44834 ], [ 131.24082, -1.429688 ], [ 131.29375, -1.393457 ], [ 131.731445, -1.541211 ], [ 131.829785, -1.556543 ], [ 131.930371, -1.559668 ], [ 131.936133, -1.714941 ], [ 131.998438, -1.93252 ], [ 132.023438, -1.990332 ], [ 132.079883, -2.033203 ], [ 132.122168, -2.092383 ], [ 132.207422, -2.175781 ], [ 132.307617, -2.242285 ], [ 132.40332, -2.24043 ], [ 132.502637, -2.218457 ], [ 132.631055, -2.24668 ], [ 132.863281, -2.270215 ], [ 132.962793, -2.272559 ], [ 133.224902, -2.214453 ], [ 133.35625, -2.215723 ], [ 133.487793, -2.225586 ], [ 133.710352, -2.18916 ], [ 133.921582, -2.102051 ], [ 133.920508, -2.147461 ], [ 133.902441, -2.183594 ], [ 133.849707, -2.219629 ], [ 133.791016, -2.293652 ], [ 133.898926, -2.304492 ], [ 133.904883, -2.390918 ], [ 133.877637, -2.415039 ], [ 133.834668, -2.42168 ], [ 133.75332, -2.450684 ], [ 133.710938, -2.544043 ], [ 133.700098, -2.624609 ], [ 133.651563, -2.600586 ], [ 133.608691, -2.547168 ], [ 133.526563, -2.541699 ], [ 133.411426, -2.513965 ], [ 133.264941, -2.454297 ], [ 133.191016, -2.437793 ], [ 133.118848, -2.450293 ], [ 133.033789, -2.487402 ], [ 132.897266, -2.658203 ], [ 132.725, -2.789062 ], [ 132.65293, -2.766211 ], [ 132.575488, -2.727148 ], [ 132.32334, -2.68418 ], [ 132.230664, -2.680371 ], [ 132.066895, -2.75957 ], [ 131.971191, -2.788574 ], [ 132.006348, -2.856055 ], [ 132.053906, -2.914551 ], [ 132.102051, -2.92959 ], [ 132.25498, -2.943457 ], [ 132.348242, -2.975098 ], [ 132.553516, -3.130664 ], [ 132.751367, -3.294629 ], [ 132.829785, -3.412988 ], [ 132.869727, -3.550977 ], [ 132.753906, -3.703613 ], [ 132.790918, -3.828125 ], [ 132.837109, -3.948926 ], [ 132.870117, -4.007422 ], [ 132.914453, -4.056934 ], [ 132.968555, -4.094922 ], [ 133.085156, -4.069043 ], [ 133.198047, -4.070117 ], [ 133.24873, -4.062305 ], [ 133.400879, -3.899023 ], [ 133.422266, -3.842578 ], [ 133.407227, -3.785156 ], [ 133.415137, -3.732129 ], [ 133.50918, -3.615527 ], [ 133.542285, -3.516406 ], [ 133.518164, -3.411914 ], [ 133.599414, -3.416113 ], [ 133.653125, -3.364355 ], [ 133.660742, -3.185547 ], [ 133.671973, -3.131836 ], [ 133.700391, -3.0875 ], [ 133.767383, -3.044336 ], [ 133.841504, -3.054785 ], [ 133.781641, -3.148926 ], [ 133.697168, -3.248145 ], [ 133.683398, -3.30918 ], [ 133.67832, -3.479492 ], [ 133.723047, -3.57793 ], [ 133.808496, -3.65 ], [ 133.860742, -3.680371 ], [ 133.904004, -3.720117 ], [ 133.933203, -3.775586 ], [ 133.973828, -3.817969 ], [ 134.036914, -3.821973 ], [ 134.1, -3.799707 ], [ 134.14707, -3.796777 ], [ 134.180469, -3.825098 ], [ 134.202344, -3.887012 ], [ 134.266211, -3.945801 ], [ 134.391016, -3.909961 ], [ 134.467188, -3.948633 ], [ 134.546875, -3.979297 ], [ 134.603418, -3.976074 ], [ 134.707617, -3.929883 ], [ 134.759766, -3.922168 ], [ 134.886523, -3.938477 ], [ 134.706543, -3.954785 ], [ 134.686914, -4.011133 ], [ 134.679688, -4.079102 ], [ 134.754199, -4.19541 ], [ 135.195605, -4.450684 ], [ 135.273145, -4.453125 ], [ 135.353906, -4.441797 ], [ 135.450195, -4.443066 ], [ 135.716602, -4.478418 ], [ 135.979688, -4.530859 ], [ 136.097461, -4.584766 ], [ 136.210645, -4.650684 ], [ 136.39375, -4.70127 ], [ 136.618848, -4.81875 ], [ 136.856836, -4.893164 ], [ 136.916992, -4.895117 ], [ 136.974609, -4.907324 ], [ 137.029688, -4.928711 ], [ 137.089258, -4.924414 ], [ 137.14375, -4.950781 ], [ 137.195898, -4.99043 ], [ 137.237891, -4.975684 ], [ 137.279785, -4.94541 ], [ 137.306641, -5.014355 ], [ 137.759082, -5.256152 ], [ 137.795215, -5.312012 ], [ 137.840332, -5.350488 ], [ 137.886816, -5.348828 ], [ 137.922266, -5.370117 ], [ 137.984961, -5.427637 ], [ 138.06084, -5.465234 ], [ 138.075586, -5.545801 ], [ 138.063086, -5.628906 ], [ 138.065918, -5.675977 ], [ 138.087109, -5.70918 ], [ 138.127441, -5.716504 ], [ 138.166504, -5.712012 ], [ 138.252148, -5.688184 ], [ 138.339648, -5.675684 ], [ 138.243555, -5.724414 ], [ 138.199609, -5.807031 ], [ 138.282813, -5.838574 ], [ 138.374609, -5.843652 ], [ 138.313867, -5.8875 ], [ 138.296289, -5.949023 ], [ 138.368359, -6.118555 ], [ 138.438672, -6.343359 ], [ 138.521582, -6.453809 ], [ 138.642188, -6.560449 ], [ 138.698145, -6.625684 ], [ 138.72666, -6.731152 ], [ 138.808496, -6.79043 ], [ 138.864551, -6.858398 ], [ 138.683789, -6.886523 ], [ 138.600195, -6.910742 ], [ 138.601367, -6.936523 ], [ 138.72002, -7.069824 ], [ 138.845703, -7.136328 ], [ 139.049023, -7.200586 ], [ 139.112598, -7.201758 ], [ 139.176855, -7.19043 ], [ 139.0625, -7.227148 ], [ 139.017969, -7.225879 ], [ 138.919336, -7.203613 ], [ 138.864844, -7.201367 ], [ 138.798438, -7.215723 ], [ 138.747949, -7.251465 ], [ 138.793652, -7.298926 ], [ 138.853125, -7.339648 ], [ 138.885547, -7.373242 ], [ 138.937891, -7.472461 ], [ 138.983008, -7.508203 ], [ 139.048926, -7.52832 ], [ 139.087988, -7.587207 ], [ 139.073633, -7.639258 ], [ 139.045703, -7.691406 ], [ 139.003027, -7.837598 ], [ 138.935938, -7.913086 ], [ 138.905469, -8.041211 ], [ 138.885059, -8.094727 ], [ 138.856152, -8.145117 ], [ 138.864746, -8.192285 ], [ 138.890625, -8.237793 ], [ 138.933496, -8.262402 ], [ 139.083203, -8.142871 ], [ 139.192969, -8.086133 ], [ 139.248828, -7.982422 ], [ 139.258301, -8.046582 ], [ 139.279102, -8.106934 ], [ 139.319141, -8.16582 ], [ 139.385645, -8.189063 ], [ 139.518555, -8.172754 ], [ 139.649414, -8.125391 ], [ 139.79082, -8.106348 ], [ 139.934766, -8.101172 ], [ 140.033789, -8.022754 ], [ 140.116992, -7.92373 ], [ 140.037402, -8.083984 ], [ 139.992578, -8.139355 ], [ 139.983301, -8.166504 ], [ 140.00293, -8.195508 ], [ 140.10166, -8.300586 ], [ 140.489746, -8.62041 ], [ 140.581055, -8.72832 ], [ 140.661523, -8.846777 ], [ 140.786523, -8.97373 ], [ 140.924609, -9.085059 ], [ 140.976172, -9.11875 ], [ 140.975977, -9.105566 ], [ 140.975977, -8.902246 ], [ 140.975879, -8.698926 ], [ 140.975781, -8.495703 ], [ 140.975684, -8.292383 ], [ 140.975586, -8.089063 ], [ 140.975586, -7.885742 ], [ 140.975488, -7.68252 ], [ 140.975391, -7.479199 ], [ 140.975293, -7.275879 ], [ 140.975195, -7.072559 ], [ 140.975195, -6.905371 ], [ 140.919531, -6.840039 ], [ 140.862305, -6.740039 ], [ 140.874609, -6.611523 ], [ 140.944043, -6.452246 ], [ 140.975, -6.346094 ], [ 140.975, -6.259375 ], [ 140.974902, -6.056152 ], [ 140.974805, -5.852832 ], [ 140.974707, -5.649512 ], [ 140.974609, -5.446191 ], [ 140.974609, -5.242969 ], [ 140.974512, -5.039648 ], [ 140.974414, -4.836328 ], [ 140.974316, -4.633008 ], [ 140.974219, -4.429785 ], [ 140.974219, -4.226465 ], [ 140.974023, -4.023145 ], [ 140.974023, -3.819824 ], [ 140.973926, -3.616602 ], [ 140.973828, -3.413281 ], [ 140.97373, -3.209961 ], [ 140.973633, -3.006641 ], [ 140.973535, -2.803418 ], [ 140.973438, -2.681055 ], [ 140.973438, -2.613574 ], [ 140.973438, -2.609766 ], [ 140.747461, -2.607129 ] ] ], [ [ [ 138.897656, -8.3375 ], [ 138.796191, -8.173633 ], [ 138.762695, -8.173438 ], [ 138.67666, -8.199219 ], [ 138.620996, -8.268457 ], [ 138.563379, -8.309082 ], [ 138.567188, -8.330273 ], [ 138.594238, -8.371484 ], [ 138.845508, -8.401758 ], [ 138.895117, -8.388672 ], [ 138.897656, -8.3375 ] ] ], [ [ [ 101.640723, 2.126709 ], [ 101.544727, 2.060742 ], [ 101.450293, 2.067822 ], [ 101.409668, 2.02168 ], [ 101.403418, 1.901318 ], [ 101.467773, 1.759375 ], [ 101.500781, 1.733203 ], [ 101.602734, 1.715723 ], [ 101.719434, 1.78916 ], [ 101.734082, 1.882568 ], [ 101.773535, 1.943457 ], [ 101.762305, 1.996533 ], [ 101.708105, 2.078418 ], [ 101.640723, 2.126709 ] ] ], [ [ [ 102.428906, 1.067285 ], [ 102.448828, 1.15625 ], [ 102.442871, 1.234229 ], [ 102.412891, 1.260791 ], [ 102.358594, 1.345654 ], [ 102.276465, 1.395264 ], [ 102.256348, 1.39707 ], [ 102.228613, 1.347852 ], [ 102.23418, 1.263965 ], [ 102.255469, 1.147168 ], [ 102.27959, 1.075684 ], [ 102.325293, 1.007031 ], [ 102.380859, 0.959766 ], [ 102.427148, 0.990137 ], [ 102.428906, 1.067285 ] ] ], [ [ [ 102.469531, 1.510059 ], [ 102.042188, 1.625391 ], [ 102.024023, 1.607959 ], [ 102.018359, 1.585645 ], [ 102.020898, 1.558203 ], [ 102.078711, 1.498584 ], [ 102.161328, 1.46543 ], [ 102.274219, 1.453125 ], [ 102.366895, 1.415479 ], [ 102.425195, 1.364453 ], [ 102.499414, 1.330908 ], [ 102.491895, 1.45918 ], [ 102.469531, 1.510059 ] ] ], [ [ [ 103.002441, 0.859277 ], [ 102.944141, 0.892725 ], [ 102.780078, 0.959375 ], [ 102.726172, 0.989209 ], [ 102.633203, 1.054395 ], [ 102.549219, 1.130225 ], [ 102.506641, 1.08877 ], [ 102.491406, 0.986865 ], [ 102.466406, 0.950342 ], [ 102.453906, 0.889502 ], [ 102.49043, 0.856641 ], [ 102.541602, 0.831592 ], [ 102.710547, 0.784375 ], [ 102.77627, 0.77959 ], [ 102.971484, 0.736523 ], [ 103.008789, 0.708105 ], [ 103.027539, 0.746631 ], [ 103.002441, 0.859277 ] ] ], [ [ [ 103.067578, 1.014746 ], [ 102.999414, 1.067773 ], [ 102.790137, 1.165479 ], [ 102.725586, 1.158838 ], [ 102.701855, 1.053711 ], [ 102.726465, 1.04126 ], [ 102.787988, 1.030957 ], [ 102.886328, 0.996777 ], [ 102.963965, 0.942676 ], [ 103.033398, 0.882031 ], [ 103.086719, 0.848145 ], [ 103.137207, 0.84165 ], [ 103.166406, 0.870166 ], [ 103.067578, 1.014746 ] ] ], [ [ [ 103.295117, 0.613965 ], [ 103.238184, 0.698633 ], [ 103.187402, 0.699756 ], [ 103.15332, 0.643115 ], [ 103.139551, 0.549072 ], [ 103.172168, 0.536182 ], [ 103.284473, 0.541943 ], [ 103.295117, 0.613965 ] ] ], [ [ [ 103.497461, 0.722705 ], [ 103.470313, 0.778125 ], [ 103.433105, 0.825 ], [ 103.386133, 0.86958 ], [ 103.365723, 0.851123 ], [ 103.344434, 0.777881 ], [ 103.429688, 0.650879 ], [ 103.450195, 0.664453 ], [ 103.497461, 0.722705 ] ] ], [ [ [ 103.999805, 1.137256 ], [ 103.955371, 1.137451 ], [ 103.946973, 1.087012 ], [ 103.932227, 1.071387 ], [ 103.939844, 1.046484 ], [ 103.963574, 1.013232 ], [ 104.066113, 0.989551 ], [ 104.127344, 1.092383 ], [ 104.137793, 1.128223 ], [ 104.139844, 1.165576 ], [ 104.088086, 1.137012 ], [ 104.024805, 1.180566 ], [ 103.999805, 1.137256 ] ] ], [ [ [ 104.500098, 1.180225 ], [ 104.428418, 1.196045 ], [ 104.361816, 1.181494 ], [ 104.250195, 1.102637 ], [ 104.244238, 1.077393 ], [ 104.251953, 1.014893 ], [ 104.293945, 1.016113 ], [ 104.439258, 1.050439 ], [ 104.462402, 0.995557 ], [ 104.428613, 0.956494 ], [ 104.481055, 0.93252 ], [ 104.471191, 0.913477 ], [ 104.480664, 0.886768 ], [ 104.504297, 0.852637 ], [ 104.575195, 0.831934 ], [ 104.599121, 0.858984 ], [ 104.652832, 0.961035 ], [ 104.662891, 1.049512 ], [ 104.648145, 1.10459 ], [ 104.591016, 1.141064 ], [ 104.585352, 1.216113 ], [ 104.500098, 1.180225 ] ] ], [ [ [ 104.713477, -0.103027 ], [ 104.652734, -0.076025 ], [ 104.658398, -0.062842 ], [ 104.635645, -0.018457 ], [ 104.542676, 0.017725 ], [ 104.49707, -0.126367 ], [ 104.44707, -0.18916 ], [ 104.473535, -0.212109 ], [ 104.566602, -0.245605 ], [ 104.702246, -0.208691 ], [ 104.914258, -0.32334 ], [ 104.928516, -0.316992 ], [ 104.950586, -0.284473 ], [ 105.005371, -0.282813 ], [ 104.949707, -0.247266 ], [ 104.908984, -0.211719 ], [ 104.843164, -0.140625 ], [ 104.80752, -0.19248 ], [ 104.778613, -0.175977 ], [ 104.713477, -0.103027 ] ] ], [ [ [ 104.363574, -0.402832 ], [ 104.340723, -0.382617 ], [ 104.31875, -0.380176 ], [ 104.302344, -0.385742 ], [ 104.257129, -0.463281 ], [ 104.329785, -0.539062 ], [ 104.363184, -0.658594 ], [ 104.413867, -0.583691 ], [ 104.485352, -0.612891 ], [ 104.506543, -0.59668 ], [ 104.543945, -0.520508 ], [ 104.590137, -0.466602 ], [ 104.567773, -0.431836 ], [ 104.474219, -0.334668 ], [ 104.363574, -0.402832 ] ] ], [ [ [ 103.764258, -0.317773 ], [ 103.723926, -0.27666 ], [ 103.610938, -0.230566 ], [ 103.548926, -0.227539 ], [ 103.479004, -0.297461 ], [ 103.461328, -0.357617 ], [ 103.606348, -0.38291 ], [ 103.736523, -0.347949 ], [ 103.764258, -0.317773 ] ] ], [ [ [ 109.750781, -1.14502 ], [ 109.760547, -1.105176 ], [ 109.743359, -1.039355 ], [ 109.699512, -1.007324 ], [ 109.614648, -0.979102 ], [ 109.475977, -0.985352 ], [ 109.450293, -1.044141 ], [ 109.428125, -1.241211 ], [ 109.463672, -1.277539 ], [ 109.51084, -1.282813 ], [ 109.710254, -1.180664 ], [ 109.750781, -1.14502 ] ] ], [ [ [ 113.885352, -7.049023 ], [ 114.083008, -6.989355 ], [ 114.073633, -6.960156 ], [ 113.974707, -6.873047 ], [ 113.067383, -6.87998 ], [ 112.868066, -6.899902 ], [ 112.76875, -7.00127 ], [ 112.725879, -7.072754 ], [ 112.76377, -7.139648 ], [ 113.04043, -7.211816 ], [ 113.126953, -7.224121 ], [ 113.141895, -7.207617 ], [ 113.166016, -7.207324 ], [ 113.198438, -7.218359 ], [ 113.470703, -7.218457 ], [ 113.546387, -7.193359 ], [ 113.655859, -7.111719 ], [ 113.825586, -7.119922 ], [ 113.844531, -7.105371 ], [ 113.885352, -7.049023 ] ] ], [ [ [ 134.996289, -1.034082 ], [ 134.956738, -1.030566 ], [ 134.94082, -0.978906 ], [ 134.889258, -0.938477 ], [ 134.82793, -0.978809 ], [ 134.808887, -1.037598 ], [ 134.861719, -1.11416 ], [ 134.917383, -1.134277 ], [ 134.965332, -1.116016 ], [ 134.996289, -1.034082 ] ] ], [ [ [ 127.280566, -0.391016 ], [ 127.253027, -0.318652 ], [ 127.290039, -0.284375 ], [ 127.189648, -0.255762 ], [ 127.126465, -0.278613 ], [ 127.104395, -0.413867 ], [ 127.119141, -0.520508 ], [ 127.187305, -0.521191 ], [ 127.249902, -0.495313 ], [ 127.280566, -0.391016 ] ] ], [ [ [ 127.527344, -0.306641 ], [ 127.491699, -0.335938 ], [ 127.455176, -0.406348 ], [ 127.371191, -0.331641 ], [ 127.325098, -0.33584 ], [ 127.329492, -0.390918 ], [ 127.29707, -0.460254 ], [ 127.3, -0.500293 ], [ 127.380566, -0.599609 ], [ 127.468652, -0.642969 ], [ 127.438281, -0.739063 ], [ 127.462695, -0.805957 ], [ 127.497852, -0.802441 ], [ 127.623828, -0.766016 ], [ 127.642871, -0.783984 ], [ 127.667578, -0.832031 ], [ 127.761133, -0.883691 ], [ 127.842285, -0.847754 ], [ 127.880176, -0.808691 ], [ 127.863281, -0.759863 ], [ 127.837891, -0.724121 ], [ 127.804297, -0.694434 ], [ 127.658594, -0.689453 ], [ 127.60498, -0.610156 ], [ 127.682422, -0.468359 ], [ 127.566992, -0.318945 ], [ 127.527344, -0.306641 ] ] ], [ [ [ 132.971094, -5.73584 ], [ 133.119629, -5.575977 ], [ 133.172852, -5.348145 ], [ 133.138477, -5.317871 ], [ 133.114648, -5.310645 ], [ 133.008789, -5.621387 ], [ 132.937695, -5.682617 ], [ 132.92168, -5.785254 ], [ 132.84502, -5.987988 ], [ 132.92627, -5.902051 ], [ 132.971094, -5.73584 ] ] ], [ [ [ 132.804297, -5.788867 ], [ 132.737793, -5.661719 ], [ 132.716504, -5.64834 ], [ 132.697852, -5.608984 ], [ 132.630176, -5.607031 ], [ 132.681348, -5.738867 ], [ 132.667285, -5.856055 ], [ 132.681445, -5.912598 ], [ 132.704883, -5.913086 ], [ 132.746289, -5.94707 ], [ 132.807129, -5.850781 ], [ 132.804297, -5.788867 ] ] ], [ [ [ 128.277441, -3.633203 ], [ 128.291016, -3.597656 ], [ 128.313672, -3.563672 ], [ 128.329102, -3.515918 ], [ 128.264355, -3.512305 ], [ 128.119141, -3.5875 ], [ 128.016211, -3.600879 ], [ 127.927539, -3.679395 ], [ 127.925, -3.699316 ], [ 127.934375, -3.743066 ], [ 127.978027, -3.770996 ], [ 128.052246, -3.714551 ], [ 128.11084, -3.686426 ], [ 128.146875, -3.677148 ], [ 128.158984, -3.697656 ], [ 128.143164, -3.732715 ], [ 128.191797, -3.735254 ], [ 128.249902, -3.711133 ], [ 128.275586, -3.674609 ], [ 128.277441, -3.633203 ] ] ], [ [ [ 126.847656, 4.17998 ], [ 126.921094, 4.291016 ], [ 126.886719, 4.37251 ], [ 126.865137, 4.479834 ], [ 126.8125, 4.537207 ], [ 126.757324, 4.5479 ], [ 126.720508, 4.41582 ], [ 126.72207, 4.344189 ], [ 126.767285, 4.282568 ], [ 126.813574, 4.258496 ], [ 126.770117, 4.162207 ], [ 126.704492, 4.070996 ], [ 126.71123, 4.020264 ], [ 126.77627, 4.012598 ], [ 126.816602, 4.033496 ], [ 126.847656, 4.17998 ] ] ], [ [ [ 125.643555, 3.476514 ], [ 125.585645, 3.571094 ], [ 125.543457, 3.67041 ], [ 125.468848, 3.733252 ], [ 125.455273, 3.68418 ], [ 125.468555, 3.639111 ], [ 125.501172, 3.593213 ], [ 125.517578, 3.549609 ], [ 125.511523, 3.461133 ], [ 125.633203, 3.40542 ], [ 125.658105, 3.436035 ], [ 125.643555, 3.476514 ] ] ], [ [ [ 130.908105, -8.245703 ], [ 131.04375, -8.212012 ], [ 131.176367, -8.130762 ], [ 131.087402, -8.124512 ], [ 131.020117, -8.091309 ], [ 130.833398, -8.270801 ], [ 130.775195, -8.349902 ], [ 130.862207, -8.31875 ], [ 130.908105, -8.245703 ] ] ], [ [ [ 129.843555, -7.889355 ], [ 129.812988, -7.819727 ], [ 129.655469, -7.794824 ], [ 129.608984, -7.803418 ], [ 129.59873, -7.831348 ], [ 129.591895, -7.917383 ], [ 129.713477, -8.040723 ], [ 129.779785, -8.046484 ], [ 129.838867, -7.95459 ], [ 129.843555, -7.889355 ] ] ], [ [ [ 127.78623, -8.120313 ], [ 127.820898, -8.190234 ], [ 128.023535, -8.255371 ], [ 128.119238, -8.170703 ], [ 128.098828, -8.134863 ], [ 127.998438, -8.139063 ], [ 127.823438, -8.098828 ], [ 127.78623, -8.120313 ] ] ], [ [ [ 130.317969, -1.691992 ], [ 130.199609, -1.732227 ], [ 130.105762, -1.730469 ], [ 129.993652, -1.758887 ], [ 129.737695, -1.866895 ], [ 129.754395, -1.894434 ], [ 129.886523, -1.986426 ], [ 130.093359, -2.02832 ], [ 130.133496, -2.063867 ], [ 130.248047, -2.047754 ], [ 130.28418, -2.009375 ], [ 130.338965, -1.981836 ], [ 130.372656, -1.991895 ], [ 130.418848, -1.971289 ], [ 130.393359, -1.941602 ], [ 130.380566, -1.902637 ], [ 130.404297, -1.889844 ], [ 130.425, -1.80459 ], [ 130.36543, -1.749805 ], [ 130.35332, -1.690527 ], [ 130.317969, -1.691992 ] ] ], [ [ [ 102.405469, -5.404785 ], [ 102.371777, -5.366406 ], [ 102.198438, -5.288867 ], [ 102.153516, -5.28623 ], [ 102.110742, -5.322559 ], [ 102.135547, -5.360547 ], [ 102.285937, -5.483496 ], [ 102.367188, -5.478711 ], [ 102.405469, -5.404785 ] ] ], [ [ [ 100.433887, -3.141309 ], [ 100.464258, -3.116895 ], [ 100.468848, -3.038965 ], [ 100.45459, -3.001953 ], [ 100.245605, -2.783203 ], [ 100.198535, -2.785547 ], [ 100.179297, -2.820215 ], [ 100.204297, -2.986816 ], [ 100.259961, -3.056934 ], [ 100.332031, -3.113086 ], [ 100.348437, -3.158789 ], [ 100.346094, -3.229199 ], [ 100.465137, -3.328516 ], [ 100.425098, -3.18291 ], [ 100.433887, -3.141309 ] ] ], [ [ [ 100.201953, -2.679688 ], [ 100.011914, -2.510254 ], [ 99.987891, -2.525391 ], [ 99.969336, -2.594141 ], [ 99.968164, -2.609766 ], [ 99.996875, -2.649316 ], [ 99.991895, -2.769824 ], [ 100.014941, -2.819727 ], [ 100.132715, -2.821387 ], [ 100.204102, -2.741016 ], [ 100.201953, -2.679688 ] ] ], [ [ [ 99.815723, -2.284375 ], [ 99.734766, -2.177734 ], [ 99.686426, -2.063379 ], [ 99.62207, -2.016602 ], [ 99.572168, -2.025781 ], [ 99.561816, -2.051172 ], [ 99.558887, -2.11543 ], [ 99.537402, -2.161523 ], [ 99.607031, -2.25752 ], [ 99.685156, -2.281738 ], [ 99.847852, -2.369727 ], [ 99.843066, -2.343066 ], [ 99.815723, -2.284375 ] ] ], [ [ [ 98.520117, -0.379688 ], [ 98.544141, -0.257617 ], [ 98.484375, -0.167676 ], [ 98.41543, -0.017529 ], [ 98.374512, 0.00708 ], [ 98.322949, -0.000781 ], [ 98.427148, -0.226465 ], [ 98.408789, -0.308984 ], [ 98.354785, -0.379297 ], [ 98.339941, -0.467871 ], [ 98.309668, -0.531836 ], [ 98.399707, -0.576855 ], [ 98.459277, -0.530469 ], [ 98.520117, -0.379688 ] ] ], [ [ [ 96.459375, 2.41582 ], [ 96.443066, 2.465625 ], [ 96.417285, 2.515186 ], [ 96.17998, 2.661328 ], [ 96.129785, 2.720898 ], [ 96.101562, 2.741211 ], [ 95.997852, 2.781396 ], [ 95.895801, 2.889062 ], [ 95.80625, 2.916016 ], [ 95.772168, 2.85498 ], [ 95.717188, 2.825977 ], [ 95.733008, 2.766504 ], [ 95.808594, 2.655615 ], [ 95.879785, 2.640918 ], [ 95.938477, 2.598437 ], [ 96.021973, 2.595752 ], [ 96.29043, 2.42959 ], [ 96.340625, 2.37207 ], [ 96.400977, 2.350684 ], [ 96.463672, 2.36001 ], [ 96.459375, 2.41582 ] ] ], [ [ [ 122.061816, -5.221289 ], [ 122.041016, -5.158789 ], [ 121.999902, -5.14082 ], [ 121.965723, -5.075586 ], [ 121.913672, -5.072266 ], [ 121.866309, -5.095996 ], [ 121.87373, -5.144629 ], [ 121.856641, -5.15625 ], [ 121.820703, -5.20293 ], [ 121.808496, -5.256152 ], [ 121.859375, -5.350293 ], [ 121.97959, -5.464746 ], [ 122.042969, -5.437988 ], [ 122.061816, -5.221289 ] ] ], [ [ [ 123.158301, -1.15752 ], [ 122.972461, -1.18916 ], [ 122.908008, -1.182227 ], [ 122.832227, -1.283008 ], [ 122.81084, -1.432129 ], [ 122.858496, -1.548242 ], [ 122.89043, -1.587207 ], [ 122.984375, -1.510645 ], [ 123.105176, -1.339844 ], [ 123.150391, -1.304492 ], [ 123.18291, -1.492773 ], [ 123.122949, -1.556055 ], [ 123.130371, -1.577441 ], [ 123.172949, -1.616016 ], [ 123.220508, -1.59834 ], [ 123.237402, -1.576953 ], [ 123.274902, -1.437207 ], [ 123.328613, -1.443066 ], [ 123.366992, -1.507129 ], [ 123.44873, -1.498828 ], [ 123.511914, -1.447363 ], [ 123.547266, -1.337402 ], [ 123.526855, -1.286035 ], [ 123.489355, -1.259277 ], [ 123.434766, -1.236816 ], [ 123.338574, -1.254004 ], [ 123.237793, -1.389355 ], [ 123.198047, -1.287695 ], [ 123.234277, -1.233691 ], [ 123.212305, -1.171289 ], [ 123.158301, -1.15752 ] ] ], [ [ [ 121.797363, -0.417676 ], [ 121.749316, -0.407031 ], [ 121.672363, -0.478809 ], [ 121.655273, -0.526172 ], [ 121.680957, -0.525 ], [ 121.721777, -0.494727 ], [ 121.756055, -0.49082 ], [ 121.846875, -0.489844 ], [ 121.88125, -0.502637 ], [ 121.906836, -0.45127 ], [ 121.864355, -0.406836 ], [ 121.797363, -0.417676 ] ] ], [ [ [ 120.549219, -5.969238 ], [ 120.53418, -5.903809 ], [ 120.477344, -5.775293 ], [ 120.446484, -5.87627 ], [ 120.451563, -6.094922 ], [ 120.435547, -6.180176 ], [ 120.460742, -6.254004 ], [ 120.467969, -6.406152 ], [ 120.487305, -6.464844 ], [ 120.52832, -6.298438 ], [ 120.549219, -5.969238 ] ] ], [ [ [ 115.424121, -6.940625 ], [ 115.546094, -6.938672 ], [ 115.524219, -6.901855 ], [ 115.479199, -6.870215 ], [ 115.414453, -6.839746 ], [ 115.353711, -6.838477 ], [ 115.240527, -6.86123 ], [ 115.222168, -6.905176 ], [ 115.220313, -6.952539 ], [ 115.295801, -6.987793 ], [ 115.377051, -6.970801 ], [ 115.424121, -6.940625 ] ] ], [ [ [ 116.289258, -3.820898 ], [ 116.318652, -3.762988 ], [ 116.305176, -3.718555 ], [ 116.282031, -3.534766 ], [ 116.295117, -3.49502 ], [ 116.286523, -3.448828 ], [ 116.262109, -3.394824 ], [ 116.269727, -3.251074 ], [ 116.239355, -3.260352 ], [ 116.117383, -3.339551 ], [ 116.063574, -3.45791 ], [ 116.022461, -3.612402 ], [ 116.018359, -3.699902 ], [ 116.076953, -3.81748 ], [ 116.058789, -4.006934 ], [ 116.093359, -4.054102 ], [ 116.30332, -3.868164 ], [ 116.289258, -3.820898 ] ] ], [ [ [ 123.005273, -10.876367 ], [ 123.214844, -10.806152 ], [ 123.310742, -10.698438 ], [ 123.418164, -10.65127 ], [ 123.412891, -10.622656 ], [ 123.383105, -10.567578 ], [ 123.371094, -10.474902 ], [ 123.358496, -10.472461 ], [ 123.339648, -10.48623 ], [ 123.26543, -10.518164 ], [ 123.145801, -10.639941 ], [ 123.061426, -10.698438 ], [ 122.845703, -10.761816 ], [ 122.818457, -10.811035 ], [ 122.826172, -10.899121 ], [ 122.855859, -10.909668 ], [ 122.948926, -10.909277 ], [ 123.005273, -10.876367 ] ] ], [ [ [ 124.304492, -8.228809 ], [ 124.287109, -8.208691 ], [ 124.265625, -8.201758 ], [ 124.239551, -8.203418 ], [ 124.110547, -8.364258 ], [ 124.095801, -8.356152 ], [ 124.06875, -8.317773 ], [ 124.01377, -8.318652 ], [ 123.971484, -8.354102 ], [ 123.927734, -8.448926 ], [ 124.017285, -8.443848 ], [ 124.065723, -8.55166 ], [ 124.14668, -8.531445 ], [ 124.184375, -8.49873 ], [ 124.225781, -8.391309 ], [ 124.286621, -8.329492 ], [ 124.304492, -8.228809 ] ] ], [ [ [ 123.896094, -8.239258 ], [ 123.845508, -8.213379 ], [ 123.775977, -8.19043 ], [ 123.600586, -8.291309 ], [ 123.573145, -8.291504 ], [ 123.52998, -8.265234 ], [ 123.473242, -8.26709 ], [ 123.391211, -8.280469 ], [ 123.394922, -8.300586 ], [ 123.425195, -8.313379 ], [ 123.475879, -8.322266 ], [ 123.45459, -8.353711 ], [ 123.325, -8.439063 ], [ 123.230078, -8.530664 ], [ 123.25332, -8.538574 ], [ 123.32998, -8.535645 ], [ 123.410742, -8.586621 ], [ 123.433789, -8.576074 ], [ 123.488672, -8.532324 ], [ 123.553027, -8.566797 ], [ 123.580176, -8.544922 ], [ 123.587891, -8.523828 ], [ 123.582617, -8.50166 ], [ 123.591602, -8.47793 ], [ 123.629199, -8.422461 ], [ 123.697852, -8.424414 ], [ 123.783887, -8.299609 ], [ 123.924805, -8.272461 ], [ 123.896094, -8.239258 ] ] ], [ [ [ 123.336035, -8.269043 ], [ 123.21709, -8.235449 ], [ 123.133496, -8.253809 ], [ 123.108301, -8.274805 ], [ 123.032617, -8.337793 ], [ 123.025, -8.395508 ], [ 123.297266, -8.398633 ], [ 123.31748, -8.354785 ], [ 123.336035, -8.269043 ] ] ], [ [ [ 134.728516, -6.505859 ], [ 134.679102, -6.456055 ], [ 134.633691, -6.477246 ], [ 134.66084, -6.558887 ], [ 134.716113, -6.549414 ], [ 134.728516, -6.505859 ] ] ], [ [ [ 103.404883, 1.072559 ], [ 103.37998, 1.133643 ], [ 103.35498, 1.117236 ], [ 103.31543, 1.071289 ], [ 103.363281, 1.006836 ], [ 103.429688, 0.993359 ], [ 103.423926, 1.04834 ], [ 103.404883, 1.072559 ] ] ], [ [ [ 103.806641, 0.846338 ], [ 103.751953, 0.891357 ], [ 103.740039, 0.871826 ], [ 103.742383, 0.82998 ], [ 103.833984, 0.772217 ], [ 103.828613, 0.801025 ], [ 103.806641, 0.846338 ] ] ], [ [ [ 104.227051, 0.879883 ], [ 104.170508, 0.896729 ], [ 104.122754, 0.943994 ], [ 104.108301, 0.933545 ], [ 104.101074, 0.91748 ], [ 104.098145, 0.89624 ], [ 104.176758, 0.804883 ], [ 104.239355, 0.833984 ], [ 104.227051, 0.879883 ] ] ], [ [ [ 104.659863, 0.103076 ], [ 104.543848, 0.223291 ], [ 104.499219, 0.23208 ], [ 104.603516, 0.095215 ], [ 104.622363, 0.079639 ], [ 104.650879, 0.062695 ], [ 104.698145, 0.034668 ], [ 104.689258, 0.059521 ], [ 104.659863, 0.103076 ] ] ], [ [ [ 106.271191, 3.216309 ], [ 106.22373, 3.22959 ], [ 106.200977, 3.204883 ], [ 106.214551, 3.128564 ], [ 106.283691, 3.088232 ], [ 106.285254, 3.157129 ], [ 106.271191, 3.216309 ] ] ], [ [ [ 105.809375, 2.903955 ], [ 105.836719, 2.976514 ], [ 105.822168, 2.984375 ], [ 105.794531, 2.995947 ], [ 105.760352, 3.013037 ], [ 105.730664, 3.036963 ], [ 105.692187, 3.0625 ], [ 105.692187, 3.011328 ], [ 105.704199, 2.980908 ], [ 105.70791, 2.940088 ], [ 105.706152, 2.888867 ], [ 105.718555, 2.85918 ], [ 105.760352, 2.863037 ], [ 105.809375, 2.903955 ] ] ], [ [ [ 108.885742, 2.998975 ], [ 108.86709, 2.991895 ], [ 108.786523, 2.885645 ], [ 108.838867, 2.853027 ], [ 108.8875, 2.90542 ], [ 108.885742, 2.998975 ] ] ], [ [ [ 108.956836, -1.564063 ], [ 108.877246, -1.539844 ], [ 108.803711, -1.567773 ], [ 108.837891, -1.661621 ], [ 108.953125, -1.619629 ], [ 108.956836, -1.564063 ] ] ], [ [ [ 107.499707, -2.84502 ], [ 107.474414, -2.834668 ], [ 107.419336, -2.838086 ], [ 107.402441, -2.872949 ], [ 107.409277, -2.900586 ], [ 107.432813, -2.925293 ], [ 107.47334, -2.899512 ], [ 107.499707, -2.84502 ] ] ], [ [ [ 106.910645, -2.933984 ], [ 106.796875, -2.898926 ], [ 106.742871, -2.932813 ], [ 106.749219, -2.960449 ], [ 106.774316, -2.986816 ], [ 106.814258, -3.014453 ], [ 106.869727, -3.025293 ], [ 106.886426, -3.005273 ], [ 106.910645, -2.933984 ] ] ], [ [ [ 114.383594, -7.080664 ], [ 114.348926, -7.073438 ], [ 114.322168, -7.080371 ], [ 114.298828, -7.097559 ], [ 114.346875, -7.163281 ], [ 114.397656, -7.173145 ], [ 114.412598, -7.133496 ], [ 114.383594, -7.080664 ] ] ], [ [ [ 112.727344, -5.752734 ], [ 112.690039, -5.726172 ], [ 112.648535, -5.730859 ], [ 112.586035, -5.803613 ], [ 112.602148, -5.843652 ], [ 112.697949, -5.846484 ], [ 112.719434, -5.811035 ], [ 112.727344, -5.752734 ] ] ], [ [ [ 105.277441, -6.561426 ], [ 105.260547, -6.523926 ], [ 105.225684, -6.529102 ], [ 105.192285, -6.545605 ], [ 105.121387, -6.614941 ], [ 105.142773, -6.643066 ], [ 105.19043, -6.6625 ], [ 105.252832, -6.64043 ], [ 105.277441, -6.561426 ] ] ], [ [ [ 97.328711, 2.148535 ], [ 97.291406, 2.20083 ], [ 97.252832, 2.216016 ], [ 97.156641, 2.232227 ], [ 97.108301, 2.216895 ], [ 97.225098, 2.158496 ], [ 97.32832, 2.053271 ], [ 97.33418, 2.075635 ], [ 97.328711, 2.148535 ] ] ], [ [ [ 95.366016, 5.842676 ], [ 95.35918, 5.876758 ], [ 95.28252, 5.897754 ], [ 95.241992, 5.907031 ], [ 95.217676, 5.889502 ], [ 95.283203, 5.798535 ], [ 95.342578, 5.784131 ], [ 95.362109, 5.812402 ], [ 95.366016, 5.842676 ] ] ], [ [ [ 123.616406, -1.627441 ], [ 123.582031, -1.590918 ], [ 123.561328, -1.551855 ], [ 123.548535, -1.508203 ], [ 123.528516, -1.502832 ], [ 123.486621, -1.534863 ], [ 123.48252, -1.681445 ], [ 123.528613, -1.71084 ], [ 123.597559, -1.704297 ], [ 123.616406, -1.627441 ] ] ], [ [ [ 123.246973, -4.040918 ], [ 123.211914, -3.997559 ], [ 123.024902, -3.980957 ], [ 122.969043, -4.02998 ], [ 122.970898, -4.061328 ], [ 122.994727, -4.148047 ], [ 123.076172, -4.227148 ], [ 123.144531, -4.233301 ], [ 123.242383, -4.112988 ], [ 123.246973, -4.040918 ] ] ], [ [ [ 123.783496, -1.87832 ], [ 123.777246, -1.918652 ], [ 123.803516, -1.994336 ], [ 123.866016, -1.995703 ], [ 123.848242, -1.955469 ], [ 123.783496, -1.87832 ] ] ], [ [ [ 123.1375, -1.772656 ], [ 123.106445, -1.786719 ], [ 123.08584, -1.814844 ], [ 123.070898, -1.854883 ], [ 123.078809, -1.898926 ], [ 123.152539, -1.816504 ], [ 123.1375, -1.772656 ] ] ], [ [ [ 119.444043, -8.671777 ], [ 119.482813, -8.628223 ], [ 119.536328, -8.589355 ], [ 119.555469, -8.553418 ], [ 119.557227, -8.518848 ], [ 119.546973, -8.482617 ], [ 119.502148, -8.481055 ], [ 119.481738, -8.472949 ], [ 119.470508, -8.455664 ], [ 119.446484, -8.429199 ], [ 119.430176, -8.45498 ], [ 119.419922, -8.539062 ], [ 119.378906, -8.586523 ], [ 119.40166, -8.64707 ], [ 119.385547, -8.736035 ], [ 119.424902, -8.750488 ], [ 119.464063, -8.741016 ], [ 119.444043, -8.671777 ] ] ], [ [ [ 119.106738, -8.223438 ], [ 119.134863, -8.19707 ], [ 119.12832, -8.177148 ], [ 119.097754, -8.13916 ], [ 119.078711, -8.140234 ], [ 119.036621, -8.157813 ], [ 119.020898, -8.199902 ], [ 119.02998, -8.240039 ], [ 119.073828, -8.238867 ], [ 119.106738, -8.223438 ] ] ], [ [ [ 115.613281, -8.713184 ], [ 115.561426, -8.669922 ], [ 115.540625, -8.675391 ], [ 115.480469, -8.71543 ], [ 115.500879, -8.742871 ], [ 115.581934, -8.804199 ], [ 115.609961, -8.769824 ], [ 115.613281, -8.713184 ] ] ], [ [ [ 117.625098, 4.121484 ], [ 117.736816, 4.004004 ], [ 117.922852, 4.054297 ], [ 117.917871, 4.090527 ], [ 117.884766, 4.186133 ], [ 117.74541, 4.166943 ], [ 117.649023, 4.168994 ], [ 117.625098, 4.121484 ] ] ], [ [ [ 117.680859, 3.40752 ], [ 117.636719, 3.436084 ], [ 117.547852, 3.431982 ], [ 117.5375, 3.386377 ], [ 117.560352, 3.328223 ], [ 117.645801, 3.247754 ], [ 117.658398, 3.280518 ], [ 117.680859, 3.40752 ] ] ], [ [ [ 124.022949, -5.902148 ], [ 123.975781, -5.880176 ], [ 123.972266, -5.939355 ], [ 124.005664, -5.966699 ], [ 124.04209, -6.021582 ], [ 124.05127, -5.97373 ], [ 124.022949, -5.902148 ] ] ], [ [ [ 123.560645, -5.249805 ], [ 123.542773, -5.271094 ], [ 123.540918, -5.29834 ], [ 123.550098, -5.331836 ], [ 123.582617, -5.367383 ], [ 123.622754, -5.373047 ], [ 123.626758, -5.271582 ], [ 123.560645, -5.249805 ] ] ], [ [ [ 120.781738, -7.063086 ], [ 120.745508, -7.060156 ], [ 120.633398, -7.018262 ], [ 120.64082, -7.11582 ], [ 120.672363, -7.124707 ], [ 120.774414, -7.118945 ], [ 120.781738, -7.063086 ] ] ], [ [ [ 117.669238, -8.189258 ], [ 117.665039, -8.148242 ], [ 117.546094, -8.151953 ], [ 117.490527, -8.183398 ], [ 117.482129, -8.239258 ], [ 117.505957, -8.307031 ], [ 117.49043, -8.34873 ], [ 117.533594, -8.367969 ], [ 117.556348, -8.367285 ], [ 117.669238, -8.189258 ] ] ], [ [ [ 116.426953, -3.399902 ], [ 116.395312, -3.42334 ], [ 116.326563, -3.539062 ], [ 116.387793, -3.636719 ], [ 116.424121, -3.464453 ], [ 116.426953, -3.399902 ] ] ], [ [ [ 127.353809, 0.847461 ], [ 127.319824, 0.862012 ], [ 127.292773, 0.84248 ], [ 127.286426, 0.811914 ], [ 127.306055, 0.769434 ], [ 127.338379, 0.758447 ], [ 127.372656, 0.791309 ], [ 127.353809, 0.847461 ] ] ], [ [ [ 134.419043, -2.051758 ], [ 134.391016, -2.030762 ], [ 134.369531, -2.027637 ], [ 134.350781, -2.036914 ], [ 134.335059, -2.095215 ], [ 134.345215, -2.13877 ], [ 134.374219, -2.123535 ], [ 134.419043, -2.051758 ] ] ], [ [ [ 133.464355, -4.199805 ], [ 133.320898, -4.111035 ], [ 133.333008, -4.169629 ], [ 133.50293, -4.257422 ], [ 133.621875, -4.299316 ], [ 133.570801, -4.245898 ], [ 133.464355, -4.199805 ] ] ], [ [ [ 130.807031, -0.765039 ], [ 130.813477, -0.813867 ], [ 130.723242, -0.822461 ], [ 130.635449, -0.811621 ], [ 130.59375, -0.82666 ], [ 130.569531, -0.821875 ], [ 130.548145, -0.82627 ], [ 130.526953, -0.837305 ], [ 130.484277, -0.83252 ], [ 130.457324, -0.851172 ], [ 130.439063, -0.887402 ], [ 130.402441, -0.923926 ], [ 130.832422, -0.862891 ], [ 130.879785, -0.828418 ], [ 130.905273, -0.777441 ], [ 130.807031, -0.765039 ] ] ], [ [ [ 130.684277, -0.469141 ], [ 130.656934, -0.436523 ], [ 130.615918, -0.417285 ], [ 130.597461, -0.418262 ], [ 130.56416, -0.440918 ], [ 130.525879, -0.44873 ], [ 130.46543, -0.486523 ], [ 130.569141, -0.52998 ], [ 130.62666, -0.528711 ], [ 130.684277, -0.469141 ] ] ], [ [ [ 129.541992, -0.139258 ], [ 129.308789, 0.04541 ], [ 129.370117, -0.066406 ], [ 129.469238, -0.131445 ], [ 129.505664, -0.189844 ], [ 129.548926, -0.187012 ], [ 129.541992, -0.139258 ] ] ], [ [ [ 127.449414, 0.068994 ], [ 127.431348, 0.142578 ], [ 127.419531, 0.124414 ], [ 127.396777, 0.016602 ], [ 127.417871, 0.006348 ], [ 127.448633, -0.036621 ], [ 127.453418, -0.005859 ], [ 127.449414, 0.068994 ] ] ], [ [ [ 127.445898, 0.683301 ], [ 127.442578, 0.733447 ], [ 127.424805, 0.744385 ], [ 127.382617, 0.743555 ], [ 127.362891, 0.675146 ], [ 127.373633, 0.634863 ], [ 127.383984, 0.631006 ], [ 127.419727, 0.64209 ], [ 127.445898, 0.683301 ] ] ], [ [ [ 127.30127, -0.758398 ], [ 127.258203, -0.623438 ], [ 127.209082, -0.619336 ], [ 127.156445, -0.760938 ], [ 127.18457, -0.775293 ], [ 127.289062, -0.801563 ], [ 127.300391, -0.780957 ], [ 127.30127, -0.758398 ] ] ], [ [ [ 128.693555, -3.524512 ], [ 128.666504, -3.516699 ], [ 128.594922, -3.494824 ], [ 128.585156, -3.512207 ], [ 128.619531, -3.588574 ], [ 128.658789, -3.587793 ], [ 128.713281, -3.602539 ], [ 128.720117, -3.58916 ], [ 128.722461, -3.546875 ], [ 128.693555, -3.524512 ] ] ], [ [ [ 128.536328, -3.541309 ], [ 128.451563, -3.514746 ], [ 128.42832, -3.54043 ], [ 128.391602, -3.637891 ], [ 128.562598, -3.585449 ], [ 128.536328, -3.541309 ] ] ], [ [ [ 126.739648, 3.917725 ], [ 126.685547, 4.001416 ], [ 126.6375, 4.041943 ], [ 126.66123, 3.928418 ], [ 126.721777, 3.83252 ], [ 126.719336, 3.874658 ], [ 126.739648, 3.917725 ] ] ], [ [ [ 126.857813, 3.787207 ], [ 126.857031, 3.812402 ], [ 126.804492, 3.85791 ], [ 126.778906, 3.843164 ], [ 126.777539, 3.813428 ], [ 126.799609, 3.783887 ], [ 126.835547, 3.756934 ], [ 126.851855, 3.768457 ], [ 126.857813, 3.787207 ] ] ], [ [ [ 125.403906, 2.707031 ], [ 125.446484, 2.762988 ], [ 125.435254, 2.783887 ], [ 125.39082, 2.805371 ], [ 125.360059, 2.746826 ], [ 125.397266, 2.629541 ], [ 125.407422, 2.651611 ], [ 125.403906, 2.707031 ] ] ], [ [ [ 131.922266, -7.104492 ], [ 131.750781, -7.116797 ], [ 131.777539, -7.143945 ], [ 131.822852, -7.15918 ], [ 131.884473, -7.16748 ], [ 131.926855, -7.225 ], [ 131.969531, -7.251367 ], [ 131.982031, -7.202051 ], [ 131.922266, -7.104492 ] ] ], [ [ [ 128.666895, -7.137988 ], [ 128.673242, -7.113379 ], [ 128.658301, -7.091113 ], [ 128.627734, -7.06875 ], [ 128.577344, -7.083203 ], [ 128.529785, -7.13457 ], [ 128.550195, -7.156348 ], [ 128.625, -7.208594 ], [ 128.670117, -7.183301 ], [ 128.666895, -7.137988 ] ] ], [ [ [ 127.463965, -7.596875 ], [ 127.474023, -7.578516 ], [ 127.475195, -7.531055 ], [ 127.370703, -7.512793 ], [ 127.375, -7.572461 ], [ 127.355273, -7.646484 ], [ 127.419434, -7.623047 ], [ 127.463965, -7.596875 ] ] ], [ [ [ 123.405078, -10.227148 ], [ 123.496777, -10.193945 ], [ 123.493945, -10.176953 ], [ 123.458789, -10.139941 ], [ 123.395312, -10.171387 ], [ 123.325586, -10.26416 ], [ 123.325977, -10.3375 ], [ 123.416211, -10.302637 ], [ 123.405078, -10.227148 ] ] ], [ [ [ 121.981348, -10.528418 ], [ 121.99834, -10.446973 ], [ 121.949512, -10.433008 ], [ 121.866992, -10.438867 ], [ 121.796289, -10.507422 ], [ 121.704688, -10.555664 ], [ 121.726172, -10.573145 ], [ 121.833105, -10.602148 ], [ 121.883008, -10.590332 ], [ 121.981348, -10.528418 ] ] ], [ [ [ 134.88584, -6.323535 ], [ 134.851855, -6.324609 ], [ 134.822949, -6.349609 ], [ 134.795313, -6.393066 ], [ 134.795117, -6.442383 ], [ 134.819531, -6.43418 ], [ 134.88584, -6.323535 ] ] ], [ [ [ 134.726074, -6.668652 ], [ 134.735742, -6.62334 ], [ 134.697656, -6.625684 ], [ 134.663477, -6.657715 ], [ 134.629102, -6.712793 ], [ 134.631445, -6.73291 ], [ 134.657422, -6.765332 ], [ 134.674414, -6.749805 ], [ 134.726074, -6.668652 ] ] ], [ [ [ 127.938379, -2.952344 ], [ 127.834277, -3.004395 ], [ 127.849609, -3.016309 ], [ 127.937695, -3.02002 ], [ 127.987891, -2.936523 ], [ 127.938379, -2.952344 ] ] ], [ [ [ 127.554492, -3.254297 ], [ 127.530469, -3.261523 ], [ 127.487695, -3.288184 ], [ 127.531055, -3.331348 ], [ 127.629297, -3.35918 ], [ 127.60625, -3.315137 ], [ 127.554492, -3.254297 ] ] ], [ [ [ 123.030078, -8.494824 ], [ 123.153125, -8.475781 ], [ 123.137891, -8.456934 ], [ 123.089453, -8.439844 ], [ 123.010547, -8.44834 ], [ 122.932813, -8.49707 ], [ 122.903516, -8.530664 ], [ 122.887793, -8.587305 ], [ 122.945508, -8.604004 ], [ 122.977344, -8.545215 ], [ 123.030078, -8.494824 ] ] ] ] } },
{ "type": "Feature", "properties": { "NAME": "Malaysia", "ADMIN": "Malaysia" }, "geometry": { "type": "MultiPolygon", "coordinates": [ [ [ [ 100.158398, 6.324219 ], [ 100.263281, 6.18252 ], [ 100.343262, 5.98418 ], [ 100.374023, 5.777979 ], [ 100.352637, 5.587695 ], [ 100.473437, 5.044287 ], [ 100.614551, 4.652246 ], [ 100.614551, 4.373437 ], [ 100.661035, 4.225732 ], [ 100.760254, 4.097217 ], [ 100.795508, 4.023389 ], [ 100.757031, 4.001807 ], [ 100.71543, 3.966211 ], [ 100.781836, 3.864453 ], [ 100.85127, 3.776709 ], [ 101.024805, 3.624707 ], [ 101.11543, 3.472021 ], [ 101.299902, 3.253271 ], [ 101.330176, 3.14248 ], [ 101.354297, 3.011133 ], [ 101.295508, 2.885205 ], [ 101.351367, 2.838965 ], [ 101.406836, 2.813477 ], [ 101.519727, 2.683643 ], [ 101.78125, 2.573584 ], [ 101.889941, 2.449414 ], [ 102.145605, 2.248486 ], [ 102.548242, 2.042383 ], [ 102.727148, 1.855566 ], [ 102.896875, 1.792334 ], [ 103.356836, 1.546143 ], [ 103.4, 1.497852 ], [ 103.427344, 1.429834 ], [ 103.480273, 1.329492 ], [ 103.549805, 1.332812 ], [ 103.694531, 1.449658 ], [ 103.816797, 1.476562 ], [ 103.915137, 1.44668 ], [ 103.991504, 1.454785 ], [ 103.991211, 1.550049 ], [ 103.981445, 1.623633 ], [ 104.016016, 1.579297 ], [ 104.076172, 1.529785 ], [ 104.100586, 1.48833 ], [ 104.094238, 1.446191 ], [ 104.114941, 1.412256 ], [ 104.176367, 1.364893 ], [ 104.250098, 1.388574 ], [ 104.280371, 1.415576 ], [ 104.288477, 1.480664 ], [ 104.218555, 1.722852 ], [ 103.967773, 2.26123 ], [ 103.832324, 2.508496 ], [ 103.812207, 2.580469 ], [ 103.537305, 2.774756 ], [ 103.485156, 2.836572 ], [ 103.439453, 2.933105 ], [ 103.44502, 3.260596 ], [ 103.429492, 3.378564 ], [ 103.453516, 3.520605 ], [ 103.37334, 3.671094 ], [ 103.362012, 3.769141 ], [ 103.420508, 3.976855 ], [ 103.46875, 4.393262 ], [ 103.453906, 4.669482 ], [ 103.41582, 4.850293 ], [ 103.196973, 5.262158 ], [ 103.09707, 5.408447 ], [ 102.982422, 5.524951 ], [ 102.898535, 5.56377 ], [ 102.790234, 5.644922 ], [ 102.534375, 5.862549 ], [ 102.340137, 6.172021 ], [ 102.274023, 6.203418 ], [ 102.101074, 6.242236 ], [ 102.068359, 6.184668 ], [ 102.055176, 6.09668 ], [ 101.936133, 5.979346 ], [ 101.917188, 5.911377 ], [ 101.873633, 5.825293 ], [ 101.790723, 5.779346 ], [ 101.719531, 5.770605 ], [ 101.678418, 5.778809 ], [ 101.65, 5.795996 ], [ 101.601367, 5.877148 ], [ 101.576758, 5.902002 ], [ 101.556055, 5.907764 ], [ 101.404199, 5.85166 ], [ 101.257031, 5.789355 ], [ 101.229785, 5.733691 ], [ 101.190625, 5.66875 ], [ 101.147656, 5.643066 ], [ 101.113965, 5.636768 ], [ 101.081738, 5.674902 ], [ 101.025195, 5.724512 ], [ 100.981641, 5.771045 ], [ 100.992773, 5.846191 ], [ 101.075586, 5.956494 ], [ 101.086523, 6.033691 ], [ 101.075977, 6.166064 ], [ 101.053516, 6.242578 ], [ 101.029395, 6.245312 ], [ 100.98877, 6.257666 ], [ 100.873926, 6.24541 ], [ 100.816504, 6.331641 ], [ 100.79375, 6.426172 ], [ 100.754492, 6.460059 ], [ 100.715625, 6.480664 ], [ 100.629492, 6.447998 ], [ 100.563867, 6.467529 ], [ 100.34541, 6.549902 ], [ 100.261426, 6.682715 ], [ 100.216602, 6.686621 ], [ 100.176758, 6.671826 ], [ 100.16123, 6.641602 ], [ 100.137988, 6.488672 ], [ 100.119141, 6.441992 ], [ 100.158398, 6.324219 ] ] ], [ [ [ 117.603809, 4.2 ], [ 117.649805, 4.304492 ], [ 117.696484, 4.342822 ], [ 117.741016, 4.337549 ], [ 117.895605, 4.262939 ], [ 118.008203, 4.250244 ], [ 118.117285, 4.287598 ], [ 118.228711, 4.316016 ], [ 118.364062, 4.335742 ], [ 118.498047, 4.362354 ], [ 118.54834, 4.379248 ], [ 118.586328, 4.409668 ], [ 118.595117, 4.460645 ], [ 118.5625, 4.502148 ], [ 118.324219, 4.668701 ], [ 118.185352, 4.828516 ], [ 118.260547, 4.988867 ], [ 118.32002, 5.012012 ], [ 118.381836, 5.018506 ], [ 118.551367, 4.968115 ], [ 118.67207, 4.964062 ], [ 118.9125, 5.0229 ], [ 119.132227, 5.100488 ], [ 119.219629, 5.159814 ], [ 119.249707, 5.19873 ], [ 119.262793, 5.245898 ], [ 119.266309, 5.308105 ], [ 119.255566, 5.365918 ], [ 119.223437, 5.412646 ], [ 119.178418, 5.430908 ], [ 119.05, 5.415234 ], [ 119.002539, 5.417822 ], [ 118.957324, 5.429004 ], [ 118.713672, 5.558545 ], [ 118.594824, 5.59209 ], [ 118.563086, 5.684521 ], [ 118.51416, 5.728906 ], [ 118.456348, 5.763428 ], [ 118.353125, 5.806055 ], [ 118.299805, 5.819727 ], [ 118.249121, 5.820557 ], [ 118.144629, 5.754199 ], [ 118.031152, 5.712109 ], [ 117.973633, 5.70625 ], [ 117.928027, 5.769189 ], [ 117.934766, 5.7875 ], [ 118.072266, 5.83208 ], [ 118.11582, 5.8625 ], [ 118.061719, 5.983447 ], [ 118.003809, 6.05332 ], [ 117.895801, 5.972266 ], [ 117.817676, 5.94043 ], [ 117.501172, 5.884668 ], [ 117.617188, 5.940723 ], [ 117.644531, 6.001855 ], [ 117.649805, 6.073584 ], [ 117.615918, 6.196533 ], [ 117.695605, 6.272314 ], [ 117.69375, 6.35 ], [ 117.669629, 6.426758 ], [ 117.645703, 6.473682 ], [ 117.609668, 6.512646 ], [ 117.499219, 6.571484 ], [ 117.380371, 6.612256 ], [ 117.294043, 6.676904 ], [ 117.25498, 6.783447 ], [ 117.245313, 6.833398 ], [ 117.252441, 6.919238 ], [ 117.229883, 6.93999 ], [ 117.128516, 6.968896 ], [ 117.07793, 6.916846 ], [ 117.018555, 6.797363 ], [ 116.913281, 6.659668 ], [ 116.812402, 6.60791 ], [ 116.788086, 6.606104 ], [ 116.807715, 6.691064 ], [ 116.841992, 6.77207 ], [ 116.849805, 6.826709 ], [ 116.833008, 6.952051 ], [ 116.776172, 6.990234 ], [ 116.749805, 6.9771 ], [ 116.538281, 6.582715 ], [ 116.494727, 6.52168 ], [ 116.138379, 6.129541 ], [ 116.110059, 6.003271 ], [ 116.059766, 5.882373 ], [ 115.918457, 5.724951 ], [ 115.877148, 5.613525 ], [ 115.796875, 5.536133 ], [ 115.74082, 5.533008 ], [ 115.685059, 5.535107 ], [ 115.624512, 5.548877 ], [ 115.603906, 5.603418 ], [ 115.556445, 5.566699 ], [ 115.419043, 5.413184 ], [ 115.42168, 5.330518 ], [ 115.466895, 5.254102 ], [ 115.582031, 5.194141 ], [ 115.554492, 5.093555 ], [ 115.519824, 5.048926 ], [ 115.427637, 4.969189 ], [ 115.374902, 4.932764 ], [ 115.140039, 4.899756 ], [ 115.168457, 4.866699 ], [ 115.22793, 4.750586 ], [ 115.266699, 4.633984 ], [ 115.279297, 4.456348 ], [ 115.326758, 4.380762 ], [ 115.319238, 4.365283 ], [ 115.290625, 4.352588 ], [ 115.24668, 4.347217 ], [ 115.170605, 4.364209 ], [ 115.107031, 4.39043 ], [ 115.051562, 4.582666 ], [ 115.026758, 4.691357 ], [ 115.028809, 4.821143 ], [ 115.026758, 4.899707 ], [ 114.944727, 4.85625 ], [ 114.864551, 4.801758 ], [ 114.78418, 4.754834 ], [ 114.74668, 4.718066 ], [ 114.759961, 4.666504 ], [ 114.779297, 4.553027 ], [ 114.790137, 4.463916 ], [ 114.818262, 4.42876 ], [ 114.840234, 4.393213 ], [ 114.831055, 4.354492 ], [ 114.783496, 4.280762 ], [ 114.810449, 4.266504 ], [ 114.776172, 4.168799 ], [ 114.725, 4.096533 ], [ 114.654102, 4.037646 ], [ 114.608301, 4.023975 ], [ 114.571777, 4.049072 ], [ 114.512207, 4.113574 ], [ 114.44707, 4.203564 ], [ 114.416602, 4.255859 ], [ 114.322949, 4.262793 ], [ 114.289648, 4.304199 ], [ 114.287598, 4.354736 ], [ 114.261035, 4.414258 ], [ 114.224121, 4.477881 ], [ 114.168848, 4.526953 ], [ 114.095117, 4.565234 ], [ 114.063867, 4.592676 ], [ 114.053613, 4.592871 ], [ 114.0125, 4.575244 ], [ 113.984277, 4.545801 ], [ 113.99043, 4.482812 ], [ 113.987793, 4.420703 ], [ 113.952539, 4.288721 ], [ 113.923926, 4.243213 ], [ 113.712109, 4.001416 ], [ 113.446094, 3.740576 ], [ 113.320117, 3.561475 ], [ 113.140234, 3.343506 ], [ 113.044727, 3.205225 ], [ 112.987891, 3.161914 ], [ 112.920508, 3.130713 ], [ 112.737305, 3.070459 ], [ 112.118848, 2.914697 ], [ 111.727734, 2.853809 ], [ 111.623242, 2.817969 ], [ 111.5125, 2.743018 ], [ 111.443262, 2.634326 ], [ 111.44043, 2.498096 ], [ 111.450781, 2.424072 ], [ 111.443848, 2.381543 ], [ 111.406152, 2.367871 ], [ 111.351367, 2.364453 ], [ 111.295898, 2.398779 ], [ 111.242188, 2.435742 ], [ 111.208594, 2.379639 ], [ 111.195508, 2.297168 ], [ 111.208887, 2.197656 ], [ 111.268164, 2.139746 ], [ 111.250879, 2.063867 ], [ 111.198047, 1.985107 ], [ 111.17002, 1.902295 ], [ 111.154199, 1.73877 ], [ 111.110156, 1.684082 ], [ 111.046582, 1.633643 ], [ 111.028711, 1.557812 ], [ 111.058008, 1.48667 ], [ 111.123438, 1.449023 ], [ 111.223242, 1.39585 ], [ 111.145215, 1.386963 ], [ 111.098437, 1.400879 ], [ 110.939941, 1.517334 ], [ 110.894922, 1.532471 ], [ 110.782031, 1.52085 ], [ 110.675195, 1.548047 ], [ 110.399512, 1.699854 ], [ 110.349219, 1.719727 ], [ 110.29834, 1.701172 ], [ 110.245898, 1.694727 ], [ 110.114062, 1.698584 ], [ 109.98457, 1.717627 ], [ 109.864844, 1.764453 ], [ 109.719629, 1.857812 ], [ 109.694336, 1.88877 ], [ 109.628906, 2.027539 ], [ 109.538965, 1.896191 ], [ 109.548926, 1.84834 ], [ 109.570801, 1.806299 ], [ 109.63584, 1.77666 ], [ 109.654004, 1.614893 ], [ 109.735742, 1.522949 ], [ 109.818066, 1.438965 ], [ 109.878516, 1.397852 ], [ 109.944922, 1.338037 ], [ 109.991699, 1.282568 ], [ 110.04082, 1.235742 ], [ 110.114746, 1.190137 ], [ 110.315234, 0.995996 ], [ 110.399023, 0.939062 ], [ 110.461426, 0.88208 ], [ 110.505762, 0.861963 ], [ 110.614746, 0.878125 ], [ 110.938086, 1.017334 ], [ 110.996094, 1.026367 ], [ 111.101367, 1.050537 ], [ 111.286719, 1.043213 ], [ 111.483203, 0.995752 ], [ 111.54668, 0.994336 ], [ 111.607422, 1.022607 ], [ 111.691309, 1.014209 ], [ 111.769727, 0.999463 ], [ 111.808984, 1.01167 ], [ 111.923145, 1.113281 ], [ 112.078516, 1.143359 ], [ 112.128613, 1.243604 ], [ 112.167383, 1.338184 ], [ 112.185742, 1.439062 ], [ 112.250684, 1.479639 ], [ 112.341602, 1.514746 ], [ 112.476172, 1.559082 ], [ 112.942969, 1.566992 ], [ 112.988281, 1.547559 ], [ 112.998047, 1.49624 ], [ 112.988281, 1.457129 ], [ 113.006543, 1.433887 ], [ 113.068652, 1.431787 ], [ 113.12627, 1.408105 ], [ 113.358984, 1.327148 ], [ 113.458203, 1.302148 ], [ 113.513184, 1.308398 ], [ 113.622266, 1.235937 ], [ 113.681641, 1.260596 ], [ 113.760352, 1.311377 ], [ 113.835254, 1.379883 ], [ 113.902344, 1.434277 ], [ 114.0, 1.455273 ], [ 114.125977, 1.452344 ], [ 114.274707, 1.470898 ], [ 114.387109, 1.500049 ], [ 114.5125, 1.452002 ], [ 114.545898, 1.467139 ], [ 114.56748, 1.51416 ], [ 114.632227, 1.617041 ], [ 114.660937, 1.686279 ], [ 114.686133, 1.819043 ], [ 114.703516, 1.850781 ], [ 114.751074, 1.868994 ], [ 114.8, 1.893945 ], [ 114.812695, 1.933789 ], [ 114.830566, 1.980029 ], [ 114.81582, 2.018945 ], [ 114.787988, 2.051611 ], [ 114.758691, 2.162402 ], [ 114.768359, 2.212939 ], [ 114.786426, 2.250488 ], [ 114.836328, 2.269385 ], [ 114.969141, 2.35083 ], [ 115.086523, 2.446143 ], [ 115.150781, 2.49292 ], [ 115.179102, 2.523193 ], [ 115.180859, 2.566895 ], [ 115.129883, 2.612402 ], [ 115.080762, 2.634229 ], [ 115.077051, 2.687012 ], [ 115.078906, 2.723437 ], [ 115.093652, 2.757812 ], [ 115.086523, 2.791211 ], [ 115.086328, 2.841113 ], [ 115.117578, 2.894873 ], [ 115.189941, 2.974463 ], [ 115.246973, 3.025928 ], [ 115.310156, 2.993945 ], [ 115.38418, 3.00874 ], [ 115.454395, 3.034326 ], [ 115.493164, 3.128125 ], [ 115.499121, 3.173145 ], [ 115.489746, 3.208643 ], [ 115.514258, 3.342383 ], [ 115.519922, 3.36167 ], [ 115.566113, 3.445752 ], [ 115.570703, 3.502295 ], [ 115.544531, 3.633691 ], [ 115.560938, 3.733057 ], [ 115.568457, 3.93877 ], [ 115.596094, 3.975537 ], [ 115.627539, 4.081982 ], [ 115.678809, 4.193018 ], [ 115.782422, 4.25376 ], [ 115.836816, 4.333301 ], [ 115.860742, 4.348047 ], [ 115.896191, 4.348682 ], [ 116.021582, 4.290674 ], [ 116.134473, 4.355176 ], [ 116.23623, 4.362549 ], [ 116.320312, 4.353711 ], [ 116.367676, 4.327344 ], [ 116.414551, 4.308203 ], [ 116.514746, 4.370801 ], [ 116.553125, 4.359863 ], [ 116.589063, 4.338428 ], [ 116.638672, 4.339111 ], [ 116.697852, 4.35498 ], [ 116.843555, 4.340137 ], [ 117.100586, 4.337061 ], [ 117.277539, 4.299316 ], [ 117.450879, 4.192871 ], [ 117.537305, 4.171387 ], [ 117.574414, 4.170605 ], [ 117.603809, 4.2 ] ] ], [ [ [ 104.223242, 2.774219 ], [ 104.184766, 2.871729 ], [ 104.169824, 2.856836 ], [ 104.129102, 2.767236 ], [ 104.146875, 2.728223 ], [ 104.17334, 2.721338 ], [ 104.221582, 2.731738 ], [ 104.223242, 2.774219 ] ] ], [ [ [ 100.338867, 5.410059 ], [ 100.310156, 5.437939 ], [ 100.245508, 5.467773 ], [ 100.203906, 5.446875 ], [ 100.191016, 5.282861 ], [ 100.26377, 5.266992 ], [ 100.288965, 5.294727 ], [ 100.338867, 5.410059 ] ] ], [ [ [ 99.82168, 6.44502 ], [ 99.749219, 6.409619 ], [ 99.710547, 6.427344 ], [ 99.646289, 6.418359 ], [ 99.656641, 6.367139 ], [ 99.704688, 6.337549 ], [ 99.74375, 6.263281 ], [ 99.782617, 6.271582 ], [ 99.823242, 6.312744 ], [ 99.86582, 6.29707 ], [ 99.883398, 6.31084 ], [ 99.918652, 6.358594 ], [ 99.848047, 6.465723 ], [ 99.82168, 6.44502 ] ] ], [ [ [ 117.239355, 7.184766 ], [ 117.266797, 7.220801 ], [ 117.280762, 7.290625 ], [ 117.264063, 7.35166 ], [ 117.146875, 7.337012 ], [ 117.064258, 7.260693 ], [ 117.060156, 7.178857 ], [ 117.080664, 7.115283 ], [ 117.141602, 7.168213 ], [ 117.239355, 7.184766 ] ] ], [ [ [ 101.328418, 3.047607 ], [ 101.31123, 3.067383 ], [ 101.274219, 3.032812 ], [ 101.26543, 2.996484 ], [ 101.268066, 2.97041 ], [ 101.318555, 2.988477 ], [ 101.328418, 3.047607 ] ] ], [ [ [ 111.380469, 2.458936 ], [ 111.37627, 2.576318 ], [ 111.37832, 2.709326 ], [ 111.355078, 2.764453 ], [ 111.333496, 2.768311 ], [ 111.300391, 2.741162 ], [ 111.311523, 2.437598 ], [ 111.358691, 2.402197 ], [ 111.389258, 2.415332 ], [ 111.380469, 2.458936 ] ] ], [ [ [ 117.761426, 4.252344 ], [ 117.708008, 4.262402 ], [ 117.662109, 4.250195 ], [ 117.666797, 4.204004 ], [ 117.649023, 4.168994 ], [ 117.74541, 4.166943 ], [ 117.884766, 4.186133 ], [ 117.761426, 4.252344 ] ] ] ] } },
{ "type": "Feature", "properties": { "NAME": "India", "ADMIN": "India" }, "geometry": { "type": "MultiPolygon", "coordinates": [ [ [ [ 68.191992, 23.728906 ], [ 68.234961, 23.596973 ], [ 68.343359, 23.616846 ], [ 68.424902, 23.705566 ], [ 68.496875, 23.747998 ], [ 68.642383, 23.808496 ], [ 68.776758, 23.8521 ], [ 68.627148, 23.75415 ], [ 68.453809, 23.629492 ], [ 68.41748, 23.571484 ], [ 68.529199, 23.364063 ], [ 68.640723, 23.189941 ], [ 68.81709, 23.053711 ], [ 69.235937, 22.848535 ], [ 69.664648, 22.759082 ], [ 69.739648, 22.775195 ], [ 69.849805, 22.856445 ], [ 70.118262, 22.947021 ], [ 70.191699, 22.965674 ], [ 70.251172, 22.970898 ], [ 70.339453, 22.939746 ], [ 70.367969, 22.973486 ], [ 70.396289, 23.030127 ], [ 70.43457, 23.0771 ], [ 70.489258, 23.089502 ], [ 70.509375, 23.040137 ], [ 70.513477, 23.00249 ], [ 70.44043, 22.970312 ], [ 70.327734, 22.815771 ], [ 70.177246, 22.572754 ], [ 70.08418, 22.553516 ], [ 70.005859, 22.547705 ], [ 69.819043, 22.451758 ], [ 69.727539, 22.465186 ], [ 69.655176, 22.403516 ], [ 69.549219, 22.408398 ], [ 69.276563, 22.285498 ], [ 69.238867, 22.300195 ], [ 69.194238, 22.336084 ], [ 69.131348, 22.41626 ], [ 69.05166, 22.437305 ], [ 68.983496, 22.3854 ], [ 68.969922, 22.290283 ], [ 69.008789, 22.196777 ], [ 69.191699, 21.991504 ], [ 69.385449, 21.839551 ], [ 69.541992, 21.678564 ], [ 69.748438, 21.505713 ], [ 70.034375, 21.178809 ], [ 70.127344, 21.094678 ], [ 70.485059, 20.840186 ], [ 70.719336, 20.74043 ], [ 70.879687, 20.714502 ], [ 71.024609, 20.738867 ], [ 71.396484, 20.869775 ], [ 71.571094, 20.970557 ], [ 72.015234, 21.155713 ], [ 72.076563, 21.224072 ], [ 72.254004, 21.531006 ], [ 72.256641, 21.66123 ], [ 72.210352, 21.728223 ], [ 72.170898, 21.774316 ], [ 72.10293, 21.79458 ], [ 72.037207, 21.823047 ], [ 72.075586, 21.862988 ], [ 72.094434, 21.919971 ], [ 72.161719, 21.984814 ], [ 72.244336, 22.027637 ], [ 72.274414, 22.089746 ], [ 72.306445, 22.189209 ], [ 72.242578, 22.245166 ], [ 72.182813, 22.269727 ], [ 72.332617, 22.270215 ], [ 72.455957, 22.248096 ], [ 72.590137, 22.278125 ], [ 72.701953, 22.263623 ], [ 72.80918, 22.233301 ], [ 72.708789, 22.207178 ], [ 72.62793, 22.199609 ], [ 72.553027, 22.159961 ], [ 72.522266, 21.976221 ], [ 72.61748, 21.961719 ], [ 72.700195, 21.971924 ], [ 72.644043, 21.937988 ], [ 72.59248, 21.877588 ], [ 72.543066, 21.696582 ], [ 72.839746, 21.687256 ], [ 72.979102, 21.704688 ], [ 73.1125, 21.750439 ], [ 73.022461, 21.699609 ], [ 72.810547, 21.619922 ], [ 72.717578, 21.55127 ], [ 72.613281, 21.461816 ], [ 72.668359, 21.455908 ], [ 72.734766, 21.470801 ], [ 72.686523, 21.435742 ], [ 72.623828, 21.371973 ], [ 72.692383, 21.177637 ], [ 72.751562, 21.12915 ], [ 72.813867, 21.117188 ], [ 72.824316, 21.083594 ], [ 72.840527, 20.95249 ], [ 72.878906, 20.828516 ], [ 72.89375, 20.672754 ], [ 72.881152, 20.563184 ], [ 72.708984, 20.078027 ], [ 72.667773, 19.830957 ], [ 72.675977, 19.797949 ], [ 72.697461, 19.757129 ], [ 72.726563, 19.578271 ], [ 72.799414, 19.519824 ], [ 72.756445, 19.450537 ], [ 72.763965, 19.413184 ], [ 72.787891, 19.362988 ], [ 72.987207, 19.277441 ], [ 72.811621, 19.298926 ], [ 72.794531, 19.2521 ], [ 72.802734, 19.21875 ], [ 72.803027, 19.079297 ], [ 72.834668, 18.975586 ], [ 72.900684, 19.014502 ], [ 72.97207, 19.15332 ], [ 73.005566, 19.021094 ], [ 72.976855, 18.927197 ], [ 72.89873, 18.778955 ], [ 72.870898, 18.683057 ], [ 72.875488, 18.642822 ], [ 72.917187, 18.576123 ], [ 72.943164, 18.365625 ], [ 72.97207, 18.259277 ], [ 72.993945, 18.097705 ], [ 73.047168, 17.906738 ], [ 73.156055, 17.621924 ], [ 73.149023, 17.527441 ], [ 73.23916, 17.198535 ], [ 73.337598, 16.459863 ], [ 73.453711, 16.1521 ], [ 73.476074, 16.054248 ], [ 73.607715, 15.871094 ], [ 73.679883, 15.708887 ], [ 73.732813, 15.656934 ], [ 73.832813, 15.659375 ], [ 73.771777, 15.573047 ], [ 73.813867, 15.538574 ], [ 73.851953, 15.482471 ], [ 73.931934, 15.396973 ], [ 73.800781, 15.396973 ], [ 73.884277, 15.306445 ], [ 73.949219, 15.074756 ], [ 74.040625, 14.949365 ], [ 74.08877, 14.902197 ], [ 74.223047, 14.708887 ], [ 74.280371, 14.649512 ], [ 74.335059, 14.575439 ], [ 74.382227, 14.494727 ], [ 74.397168, 14.407422 ], [ 74.466992, 14.216504 ], [ 74.466699, 14.168848 ], [ 74.498535, 14.046338 ], [ 74.608496, 13.849658 ], [ 74.670898, 13.667627 ], [ 74.681641, 13.58374 ], [ 74.682324, 13.506934 ], [ 74.770508, 13.077344 ], [ 74.80293, 12.976855 ], [ 74.868262, 12.84458 ], [ 74.945508, 12.564551 ], [ 75.19668, 12.05752 ], [ 75.229785, 12.02334 ], [ 75.314648, 11.958447 ], [ 75.422656, 11.812207 ], [ 75.524512, 11.703125 ], [ 75.646094, 11.468408 ], [ 75.723828, 11.361768 ], [ 75.844629, 11.057568 ], [ 75.922559, 10.784082 ], [ 76.096094, 10.402246 ], [ 76.12334, 10.327002 ], [ 76.201465, 10.200635 ], [ 76.192676, 10.16377 ], [ 76.195605, 10.086133 ], [ 76.222754, 10.024268 ], [ 76.24873, 10.017969 ], [ 76.346484, 9.922119 ], [ 76.458789, 9.53623 ], [ 76.419531, 9.520459 ], [ 76.375586, 9.539893 ], [ 76.372266, 9.707373 ], [ 76.343066, 9.827344 ], [ 76.284668, 9.909863 ], [ 76.242383, 9.9271 ], [ 76.292383, 9.676465 ], [ 76.324609, 9.4521 ], [ 76.403125, 9.236816 ], [ 76.419043, 9.207812 ], [ 76.452344, 9.18877 ], [ 76.471777, 9.16084 ], [ 76.48291, 9.090771 ], [ 76.553418, 8.902783 ], [ 76.617285, 8.84707 ], [ 76.966895, 8.407275 ], [ 77.065918, 8.315918 ], [ 77.301465, 8.145313 ], [ 77.517578, 8.07832 ], [ 77.587207, 8.129883 ], [ 77.770312, 8.189844 ], [ 78.060156, 8.38457 ], [ 78.126367, 8.511328 ], [ 78.136035, 8.663379 ], [ 78.19248, 8.890869 ], [ 78.274512, 8.990186 ], [ 78.421484, 9.105029 ], [ 78.97959, 9.268555 ], [ 79.212891, 9.256006 ], [ 79.411426, 9.192383 ], [ 79.356348, 9.252148 ], [ 79.275488, 9.284619 ], [ 79.107031, 9.308936 ], [ 79.019922, 9.33335 ], [ 78.953125, 9.393799 ], [ 78.919141, 9.452881 ], [ 78.939941, 9.565771 ], [ 78.996289, 9.683105 ], [ 79.257812, 10.035205 ], [ 79.253613, 10.174805 ], [ 79.314551, 10.256689 ], [ 79.390527, 10.305957 ], [ 79.531641, 10.329639 ], [ 79.588574, 10.312354 ], [ 79.667383, 10.299707 ], [ 79.756934, 10.304346 ], [ 79.838184, 10.322559 ], [ 79.850195, 10.768848 ], [ 79.848633, 11.196875 ], [ 79.835254, 11.268848 ], [ 79.799023, 11.338672 ], [ 79.693164, 11.312549 ], [ 79.748926, 11.370605 ], [ 79.793359, 11.44668 ], [ 79.754102, 11.575293 ], [ 79.771387, 11.690234 ], [ 79.858496, 11.98877 ], [ 79.981738, 12.235449 ], [ 80.0375, 12.295801 ], [ 80.143066, 12.452002 ], [ 80.229102, 12.690332 ], [ 80.342383, 13.361328 ], [ 80.290332, 13.436719 ], [ 80.114258, 13.528711 ], [ 80.062109, 13.60625 ], [ 80.15625, 13.71377 ], [ 80.233398, 13.605762 ], [ 80.265625, 13.521289 ], [ 80.306543, 13.485059 ], [ 80.245801, 13.68584 ], [ 80.244141, 13.773486 ], [ 80.224414, 13.858203 ], [ 80.143652, 14.058936 ], [ 80.111719, 14.212207 ], [ 80.13623, 14.286572 ], [ 80.170117, 14.349414 ], [ 80.178711, 14.47832 ], [ 80.16543, 14.577832 ], [ 80.098633, 14.798242 ], [ 80.053418, 15.074023 ], [ 80.101074, 15.323633 ], [ 80.293457, 15.710742 ], [ 80.384863, 15.792773 ], [ 80.646582, 15.89502 ], [ 80.707812, 15.888086 ], [ 80.781836, 15.867334 ], [ 80.825977, 15.765918 ], [ 80.864746, 15.782227 ], [ 80.917773, 15.759668 ], [ 80.978711, 15.75835 ], [ 80.993457, 15.80874 ], [ 81.030078, 15.881445 ], [ 81.132129, 15.961768 ], [ 81.238574, 16.263965 ], [ 81.286133, 16.337061 ], [ 81.401855, 16.365234 ], [ 81.711719, 16.334473 ], [ 81.761914, 16.329492 ], [ 82.141504, 16.485352 ], [ 82.258789, 16.559863 ], [ 82.327148, 16.664355 ], [ 82.338672, 16.706543 ], [ 82.359766, 16.782813 ], [ 82.35, 16.825195 ], [ 82.307227, 16.878564 ], [ 82.281934, 16.936084 ], [ 82.286523, 16.978076 ], [ 82.35957, 17.096191 ], [ 82.593164, 17.273926 ], [ 82.976855, 17.461816 ], [ 83.19834, 17.608984 ], [ 83.387988, 17.78667 ], [ 83.572266, 18.003613 ], [ 83.654297, 18.069873 ], [ 84.104102, 18.292676 ], [ 84.181738, 18.400586 ], [ 84.462793, 18.689746 ], [ 84.609375, 18.884326 ], [ 84.69082, 18.964697 ], [ 84.749805, 19.050098 ], [ 84.770996, 19.125391 ], [ 85.225586, 19.50835 ], [ 85.441602, 19.626562 ], [ 85.436914, 19.656885 ], [ 85.370898, 19.678906 ], [ 85.228516, 19.601318 ], [ 85.180762, 19.594873 ], [ 85.162793, 19.620898 ], [ 85.248633, 19.757666 ], [ 85.459961, 19.895898 ], [ 85.504102, 19.887695 ], [ 85.555078, 19.866895 ], [ 85.559766, 19.753467 ], [ 85.511133, 19.726904 ], [ 85.496875, 19.696924 ], [ 85.575, 19.69292 ], [ 85.85293, 19.791748 ], [ 86.216211, 19.895801 ], [ 86.279492, 19.919434 ], [ 86.30293, 19.944678 ], [ 86.311914, 19.987793 ], [ 86.245215, 20.053027 ], [ 86.293652, 20.05376 ], [ 86.376563, 20.006738 ], [ 86.445801, 20.088916 ], [ 86.49873, 20.171631 ], [ 86.750391, 20.313232 ], [ 86.769238, 20.355908 ], [ 86.7625, 20.419141 ], [ 86.835938, 20.534326 ], [ 86.924512, 20.619775 ], [ 86.975488, 20.700146 ], [ 86.939355, 20.745068 ], [ 86.895801, 20.965576 ], [ 86.842285, 21.106348 ], [ 86.85957, 21.236719 ], [ 86.954102, 21.365332 ], [ 87.100684, 21.500781 ], [ 87.200684, 21.544873 ], [ 87.678223, 21.653516 ], [ 87.82373, 21.727344 ], [ 87.948437, 21.825439 ], [ 88.050781, 22.001074 ], [ 88.104102, 22.047363 ], [ 88.159277, 22.121729 ], [ 88.083008, 22.182715 ], [ 88.010742, 22.212646 ], [ 87.961621, 22.255029 ], [ 87.941406, 22.374316 ], [ 87.994434, 22.265674 ], [ 88.087109, 22.217725 ], [ 88.196289, 22.139551 ], [ 88.181055, 22.03291 ], [ 88.099414, 21.793555 ], [ 88.056836, 21.694141 ], [ 88.12207, 21.635791 ], [ 88.253711, 21.622314 ], [ 88.279199, 21.696875 ], [ 88.2875, 21.758203 ], [ 88.305469, 21.72334 ], [ 88.445996, 21.614258 ], [ 88.584668, 21.659717 ], [ 88.599805, 21.71377 ], [ 88.566797, 21.832129 ], [ 88.641602, 22.121973 ], [ 88.65957, 22.066943 ], [ 88.708301, 22.056152 ], [ 88.730273, 22.036084 ], [ 88.740234, 22.00542 ], [ 88.691211, 21.733496 ], [ 88.694727, 21.662402 ], [ 88.712988, 21.621973 ], [ 88.74502, 21.584375 ], [ 88.834375, 21.661377 ], [ 88.85752, 21.744678 ], [ 88.907422, 21.653076 ], [ 88.96709, 21.641357 ], [ 89.05166, 21.654102 ], [ 89.041992, 21.758691 ], [ 89.019629, 21.833643 ], [ 88.949316, 21.937939 ], [ 89.02793, 21.937207 ], [ 89.051465, 22.093164 ], [ 89.055859, 22.18623 ], [ 89.05, 22.274609 ], [ 88.971484, 22.510937 ], [ 88.920703, 22.632031 ], [ 88.926953, 22.671143 ], [ 88.923438, 22.687549 ], [ 88.899707, 22.843506 ], [ 88.866992, 22.938867 ], [ 88.850586, 23.040527 ], [ 88.928125, 23.186621 ], [ 88.89707, 23.2104 ], [ 88.807617, 23.229687 ], [ 88.724414, 23.25498 ], [ 88.704004, 23.292822 ], [ 88.74082, 23.436621 ], [ 88.697656, 23.493018 ], [ 88.635742, 23.55 ], [ 88.616406, 23.572754 ], [ 88.595996, 23.602197 ], [ 88.567383, 23.674414 ], [ 88.622559, 23.826367 ], [ 88.699805, 24.002539 ], [ 88.71377, 24.069629 ], [ 88.726562, 24.18623 ], [ 88.733594, 24.230908 ], [ 88.723535, 24.274902 ], [ 88.642285, 24.325977 ], [ 88.498535, 24.346631 ], [ 88.396973, 24.389258 ], [ 88.3375, 24.453857 ], [ 88.287109, 24.479736 ], [ 88.225, 24.460645 ], [ 88.145508, 24.485791 ], [ 88.079102, 24.549902 ], [ 88.023438, 24.627832 ], [ 88.030273, 24.664453 ], [ 88.045117, 24.713037 ], [ 88.149805, 24.914648 ], [ 88.188867, 24.920605 ], [ 88.279492, 24.881934 ], [ 88.313379, 24.881836 ], [ 88.372949, 24.961523 ], [ 88.45625, 25.188428 ], [ 88.573828, 25.187891 ], [ 88.677539, 25.180469 ], [ 88.747559, 25.168945 ], [ 88.817285, 25.176221 ], [ 88.890137, 25.194385 ], [ 88.929785, 25.222998 ], [ 88.95166, 25.259277 ], [ 88.944141, 25.290771 ], [ 88.854785, 25.333545 ], [ 88.820312, 25.365527 ], [ 88.79541, 25.45625 ], [ 88.769141, 25.490479 ], [ 88.593457, 25.495312 ], [ 88.502441, 25.537012 ], [ 88.452344, 25.574414 ], [ 88.363086, 25.698193 ], [ 88.25293, 25.789795 ], [ 88.147461, 25.811426 ], [ 88.106641, 25.841113 ], [ 88.08457, 25.888232 ], [ 88.097363, 25.956348 ], [ 88.129004, 26.018213 ], [ 88.150781, 26.087158 ], [ 88.235156, 26.178076 ], [ 88.333984, 26.25752 ], [ 88.378027, 26.312012 ], [ 88.44043, 26.369482 ], [ 88.447852, 26.401025 ], [ 88.436719, 26.437109 ], [ 88.38623, 26.471533 ], [ 88.351465, 26.482568 ], [ 88.345898, 26.504785 ], [ 88.369922, 26.564111 ], [ 88.418164, 26.571533 ], [ 88.518262, 26.517773 ], [ 88.620117, 26.430664 ], [ 88.680664, 26.352979 ], [ 88.682813, 26.291699 ], [ 88.722168, 26.281836 ], [ 88.761914, 26.279395 ], [ 88.828027, 26.252197 ], [ 88.896484, 26.260498 ], [ 88.940723, 26.245361 ], [ 88.97041, 26.250879 ], [ 88.981543, 26.286133 ], [ 88.948242, 26.337988 ], [ 88.924121, 26.375098 ], [ 88.951953, 26.412109 ], [ 88.983398, 26.419531 ], [ 89.018652, 26.410254 ], [ 89.066797, 26.376904 ], [ 89.101953, 26.30835 ], [ 89.108301, 26.202246 ], [ 89.186426, 26.105957 ], [ 89.289258, 26.037598 ], [ 89.369727, 26.006104 ], [ 89.466895, 25.983545 ], [ 89.549902, 26.005273 ], [ 89.591406, 26.072412 ], [ 89.572754, 26.132324 ], [ 89.585742, 26.186035 ], [ 89.619043, 26.215674 ], [ 89.670898, 26.213818 ], [ 89.709863, 26.17124 ], [ 89.822949, 25.941406 ], [ 89.799609, 25.8396 ], [ 89.824902, 25.560156 ], [ 89.796289, 25.37583 ], [ 89.800879, 25.336133 ], [ 89.814063, 25.305371 ], [ 89.833301, 25.292773 ], [ 89.866309, 25.293164 ], [ 90.003809, 25.25835 ], [ 90.119629, 25.219971 ], [ 90.250391, 25.184961 ], [ 90.439355, 25.157715 ], [ 90.555273, 25.166602 ], [ 90.613086, 25.167725 ], [ 90.730176, 25.159473 ], [ 91.038281, 25.174072 ], [ 91.293164, 25.177979 ], [ 91.39668, 25.151611 ], [ 91.479688, 25.142139 ], [ 91.763477, 25.160645 ], [ 92.049707, 25.169482 ], [ 92.204688, 25.110937 ], [ 92.373438, 25.015137 ], [ 92.468359, 24.944141 ], [ 92.485449, 24.90332 ], [ 92.475, 24.868506 ], [ 92.443164, 24.849414 ], [ 92.384961, 24.848779 ], [ 92.25127, 24.895068 ], [ 92.22832, 24.881348 ], [ 92.230566, 24.78623 ], [ 92.22666, 24.770996 ], [ 92.198047, 24.685742 ], [ 92.11748, 24.493945 ], [ 92.101953, 24.408057 ], [ 92.085059, 24.386182 ], [ 92.06416, 24.374365 ], [ 92.001074, 24.370898 ], [ 91.95166, 24.356738 ], [ 91.931055, 24.325537 ], [ 91.899023, 24.260693 ], [ 91.876953, 24.195312 ], [ 91.846191, 24.175293 ], [ 91.772461, 24.210645 ], [ 91.726562, 24.205078 ], [ 91.66875, 24.190088 ], [ 91.611133, 24.152832 ], [ 91.571387, 24.106592 ], [ 91.526367, 24.090771 ], [ 91.392676, 24.100098 ], [ 91.36709, 24.093506 ], [ 91.350195, 24.060498 ], [ 91.336426, 24.018799 ], [ 91.232031, 23.920459 ], [ 91.19248, 23.762891 ], [ 91.160449, 23.660645 ], [ 91.165527, 23.581055 ], [ 91.253809, 23.373633 ], [ 91.315234, 23.104395 ], [ 91.338867, 23.077002 ], [ 91.359375, 23.068359 ], [ 91.368652, 23.074561 ], [ 91.366797, 23.130469 ], [ 91.370605, 23.197998 ], [ 91.399414, 23.213867 ], [ 91.43623, 23.199902 ], [ 91.471387, 23.14126 ], [ 91.51123, 23.033691 ], [ 91.553516, 22.991553 ], [ 91.619531, 22.979688 ], [ 91.694922, 23.004834 ], [ 91.750977, 23.053516 ], [ 91.773828, 23.106104 ], [ 91.75791, 23.209814 ], [ 91.754199, 23.287305 ], [ 91.790039, 23.361035 ], [ 91.919141, 23.471045 ], [ 91.937891, 23.504688 ], [ 91.929492, 23.598242 ], [ 91.92959, 23.685986 ], [ 91.978516, 23.691992 ], [ 92.044043, 23.677783 ], [ 92.127051, 23.720996 ], [ 92.152344, 23.721875 ], [ 92.187109, 23.675537 ], [ 92.246094, 23.683594 ], [ 92.289355, 23.49248 ], [ 92.33418, 23.323828 ], [ 92.333789, 23.242383 ], [ 92.341211, 23.069824 ], [ 92.361621, 22.929004 ], [ 92.393164, 22.897021 ], [ 92.430469, 22.821826 ], [ 92.464453, 22.734424 ], [ 92.491406, 22.6854 ], [ 92.50957, 22.525684 ], [ 92.531836, 22.410303 ], [ 92.56123, 22.048047 ], [ 92.574902, 21.978076 ], [ 92.630371, 22.011328 ], [ 92.652637, 22.049316 ], [ 92.674707, 22.106006 ], [ 92.688965, 22.130957 ], [ 92.720996, 22.132422 ], [ 92.771387, 22.104785 ], [ 92.854297, 22.010156 ], [ 92.909473, 21.988916 ], [ 92.964551, 22.00376 ], [ 93.021973, 22.145703 ], [ 93.042969, 22.183984 ], [ 93.070605, 22.209424 ], [ 93.121484, 22.205176 ], [ 93.151172, 22.230615 ], [ 93.162402, 22.291895 ], [ 93.162012, 22.360205 ], [ 93.105078, 22.547119 ], [ 93.088184, 22.633252 ], [ 93.078711, 22.718213 ], [ 93.114258, 22.805713 ], [ 93.1625, 22.907959 ], [ 93.150977, 22.997314 ], [ 93.16416, 23.032031 ], [ 93.203906, 23.037012 ], [ 93.253516, 23.015479 ], [ 93.308008, 23.030371 ], [ 93.349414, 23.084961 ], [ 93.366016, 23.13252 ], [ 93.391309, 23.33916 ], [ 93.408105, 23.528027 ], [ 93.414941, 23.68208 ], [ 93.372559, 23.77417 ], [ 93.307324, 24.021875 ], [ 93.32627, 24.064209 ], [ 93.355566, 24.074121 ], [ 93.452148, 23.987402 ], [ 93.49375, 23.972852 ], [ 93.564063, 23.986084 ], [ 93.633301, 24.005371 ], [ 93.683398, 24.006543 ], [ 93.755859, 23.976904 ], [ 93.855469, 23.943896 ], [ 94.01084, 23.90293 ], [ 94.074805, 23.87207 ], [ 94.127637, 23.876465 ], [ 94.170313, 23.972656 ], [ 94.219727, 24.113184 ], [ 94.293066, 24.321875 ], [ 94.377246, 24.47373 ], [ 94.399414, 24.514062 ], [ 94.493164, 24.637646 ], [ 94.584082, 24.767236 ], [ 94.663281, 24.931006 ], [ 94.707617, 25.04873 ], [ 94.703711, 25.097852 ], [ 94.675293, 25.138574 ], [ 94.615625, 25.1646 ], [ 94.566504, 25.191504 ], [ 94.553027, 25.215723 ], [ 94.554395, 25.243457 ], [ 94.579883, 25.319824 ], [ 94.622852, 25.41001 ], [ 94.667773, 25.458887 ], [ 94.78584, 25.519336 ], [ 94.861133, 25.597217 ], [ 94.945703, 25.700244 ], [ 94.991992, 25.770459 ], [ 95.015234, 25.912939 ], [ 95.040723, 25.941309 ], [ 95.092969, 25.987305 ], [ 95.132422, 26.04126 ], [ 95.129297, 26.07041 ], [ 95.108398, 26.091406 ], [ 95.068945, 26.191113 ], [ 95.050879, 26.347266 ], [ 95.059766, 26.473975 ], [ 95.089453, 26.525488 ], [ 95.128711, 26.597266 ], [ 95.201465, 26.641406 ], [ 95.305078, 26.672266 ], [ 95.463867, 26.756055 ], [ 95.738379, 26.950439 ], [ 95.837305, 27.013818 ], [ 95.905273, 27.046631 ], [ 95.970898, 27.128076 ], [ 96.061426, 27.21709 ], [ 96.19082, 27.261279 ], [ 96.274219, 27.278369 ], [ 96.665723, 27.339258 ], [ 96.731641, 27.331494 ], [ 96.797852, 27.296191 ], [ 96.880273, 27.177832 ], [ 96.953418, 27.133301 ], [ 97.038086, 27.102051 ], [ 97.102051, 27.11543 ], [ 97.103711, 27.16333 ], [ 96.901953, 27.4396 ], [ 96.883594, 27.514844 ], [ 96.876855, 27.586719 ], [ 96.899707, 27.643848 ], [ 96.962793, 27.698291 ], [ 97.049707, 27.76001 ], [ 97.157813, 27.836865 ], [ 97.226074, 27.890039 ], [ 97.306152, 27.90708 ], [ 97.335156, 27.937744 ], [ 97.343555, 27.982324 ], [ 97.33916, 28.030859 ], [ 97.302734, 28.085986 ], [ 97.310254, 28.155225 ], [ 97.322461, 28.217969 ], [ 97.289453, 28.236816 ], [ 97.145117, 28.340332 ], [ 97.075391, 28.368945 ], [ 96.980859, 28.337695 ], [ 96.833008, 28.362402 ], [ 96.775781, 28.367041 ], [ 96.652832, 28.449756 ], [ 96.602637, 28.459912 ], [ 96.427734, 28.406006 ], [ 96.389063, 28.36792 ], [ 96.366406, 28.367285 ], [ 96.319824, 28.386523 ], [ 96.281445, 28.412061 ], [ 96.278906, 28.428174 ], [ 96.326172, 28.468555 ], [ 96.329883, 28.496826 ], [ 96.327344, 28.525391 ], [ 96.395605, 28.606543 ], [ 96.580859, 28.763672 ], [ 96.55, 28.82959 ], [ 96.477148, 28.959326 ], [ 96.46709, 29.022266 ], [ 96.435742, 29.050684 ], [ 96.346875, 29.027441 ], [ 96.162207, 28.909717 ], [ 96.137109, 28.922607 ], [ 96.141406, 28.963477 ], [ 96.122363, 29.08208 ], [ 96.180859, 29.117676 ], [ 96.270508, 29.16123 ], [ 96.339746, 29.209814 ], [ 96.355859, 29.249072 ], [ 96.337207, 29.260986 ], [ 96.234961, 29.245801 ], [ 96.194727, 29.272461 ], [ 96.128516, 29.381396 ], [ 96.07959, 29.424121 ], [ 96.035352, 29.447168 ], [ 95.885059, 29.390918 ], [ 95.710352, 29.313818 ], [ 95.51582, 29.206348 ], [ 95.516992, 29.151172 ], [ 95.49375, 29.137012 ], [ 95.456543, 29.102295 ], [ 95.420215, 29.054297 ], [ 95.389258, 29.037402 ], [ 95.353125, 29.035889 ], [ 95.279102, 29.049561 ], [ 95.144727, 29.104053 ], [ 94.998828, 29.14917 ], [ 94.96748, 29.144043 ], [ 94.769434, 29.175879 ], [ 94.763086, 29.20127 ], [ 94.733398, 29.251611 ], [ 94.677051, 29.297021 ], [ 94.623047, 29.312402 ], [ 94.468066, 29.216211 ], [ 94.293262, 29.144629 ], [ 94.193457, 29.059912 ], [ 94.111523, 28.975879 ], [ 94.017676, 28.959521 ], [ 94.013281, 28.90752 ], [ 93.973633, 28.860791 ], [ 93.902246, 28.803223 ], [ 93.760742, 28.729785 ], [ 93.664941, 28.690234 ], [ 93.360547, 28.654053 ], [ 93.251953, 28.629492 ], [ 93.206543, 28.59082 ], [ 93.157813, 28.492725 ], [ 93.119238, 28.402295 ], [ 93.034961, 28.327637 ], [ 92.881836, 28.228125 ], [ 92.701855, 28.147119 ], [ 92.652539, 28.093359 ], [ 92.643457, 28.061523 ], [ 92.665625, 28.049854 ], [ 92.6875, 28.025732 ], [ 92.687793, 27.988965 ], [ 92.664355, 27.948926 ], [ 92.54668, 27.879199 ], [ 92.480664, 27.845947 ], [ 92.414844, 27.824609 ], [ 92.341016, 27.820752 ], [ 92.270117, 27.830225 ], [ 92.250488, 27.841504 ], [ 92.222266, 27.826953 ], [ 92.157617, 27.812256 ], [ 92.10127, 27.807617 ], [ 91.977637, 27.730371 ], [ 91.909375, 27.729687 ], [ 91.824707, 27.746436 ], [ 91.712598, 27.759814 ], [ 91.631934, 27.759961 ], [ 91.625879, 27.737305 ], [ 91.597656, 27.677002 ], [ 91.579297, 27.611426 ], [ 91.594727, 27.557666 ], [ 91.658105, 27.493604 ], [ 91.743066, 27.442529 ], [ 91.85127, 27.438623 ], [ 91.950977, 27.458301 ], [ 91.99082, 27.450195 ], [ 92.044922, 27.364697 ], [ 92.083398, 27.290625 ], [ 92.031152, 27.214307 ], [ 92.002539, 27.147363 ], [ 91.992285, 27.099902 ], [ 91.998633, 27.079297 ], [ 92.030859, 27.04082 ], [ 92.068164, 26.975195 ], [ 92.073438, 26.914844 ], [ 92.049707, 26.874854 ], [ 91.99834, 26.85498 ], [ 91.94375, 26.86084 ], [ 91.898633, 26.860059 ], [ 91.84209, 26.852979 ], [ 91.753711, 26.830762 ], [ 91.671582, 26.802002 ], [ 91.517578, 26.807324 ], [ 91.455859, 26.866895 ], [ 91.426758, 26.86709 ], [ 91.286523, 26.789941 ], [ 91.133887, 26.803418 ], [ 90.855762, 26.777734 ], [ 90.739648, 26.77168 ], [ 90.620313, 26.780225 ], [ 90.559863, 26.796582 ], [ 90.447656, 26.850781 ], [ 90.345898, 26.890332 ], [ 90.242383, 26.85415 ], [ 90.206055, 26.84751 ], [ 90.122949, 26.75459 ], [ 89.943164, 26.723926 ], [ 89.763867, 26.701563 ], [ 89.710938, 26.713916 ], [ 89.609961, 26.719434 ], [ 89.606152, 26.741113 ], [ 89.60918, 26.762207 ], [ 89.586133, 26.778955 ], [ 89.545117, 26.79624 ], [ 89.474609, 26.803418 ], [ 89.38418, 26.826562 ], [ 89.332129, 26.848633 ], [ 89.148242, 26.816162 ], [ 89.040918, 26.865039 ], [ 88.919141, 26.932227 ], [ 88.857617, 26.961475 ], [ 88.835156, 27.065576 ], [ 88.813574, 27.099023 ], [ 88.765625, 27.134229 ], [ 88.73877, 27.175586 ], [ 88.760352, 27.218115 ], [ 88.881641, 27.297461 ], [ 88.891406, 27.316064 ], [ 88.83252, 27.362842 ], [ 88.764844, 27.429883 ], [ 88.749023, 27.521875 ], [ 88.829883, 27.767383 ], [ 88.848828, 27.868652 ], [ 88.828613, 27.907275 ], [ 88.803711, 28.006934 ], [ 88.75625, 28.039697 ], [ 88.621094, 28.091846 ], [ 88.57793, 28.093359 ], [ 88.531641, 28.057373 ], [ 88.486133, 28.034473 ], [ 88.425977, 28.01167 ], [ 88.275195, 27.968848 ], [ 88.141113, 27.948926 ], [ 88.108984, 27.933008 ], [ 88.098926, 27.904541 ], [ 88.109766, 27.870605 ], [ 88.150293, 27.843311 ], [ 88.154297, 27.798682 ], [ 88.146973, 27.749219 ], [ 88.105566, 27.642432 ], [ 88.067871, 27.567383 ], [ 88.024121, 27.408887 ], [ 87.984375, 27.133936 ], [ 87.993164, 27.086084 ], [ 88.111035, 26.928467 ], [ 88.157227, 26.807324 ], [ 88.161523, 26.724805 ], [ 88.111523, 26.586426 ], [ 88.054883, 26.430029 ], [ 88.026953, 26.39502 ], [ 87.995117, 26.382373 ], [ 87.849219, 26.436914 ], [ 87.748828, 26.429297 ], [ 87.633398, 26.399121 ], [ 87.513086, 26.40498 ], [ 87.413574, 26.422949 ], [ 87.287402, 26.360303 ], [ 87.166797, 26.394238 ], [ 87.089551, 26.433203 ], [ 87.037891, 26.541602 ], [ 87.016406, 26.55542 ], [ 86.7625, 26.441943 ], [ 86.701367, 26.435059 ], [ 86.543652, 26.495996 ], [ 86.414453, 26.556299 ], [ 86.366113, 26.574414 ], [ 86.241602, 26.597998 ], [ 86.129395, 26.611719 ], [ 86.007324, 26.649365 ], [ 85.855664, 26.600195 ], [ 85.794531, 26.60415 ], [ 85.737305, 26.639746 ], [ 85.707422, 26.712646 ], [ 85.699902, 26.781641 ], [ 85.648438, 26.829004 ], [ 85.568457, 26.839844 ], [ 85.456445, 26.797217 ], [ 85.292969, 26.741016 ], [ 85.240234, 26.750342 ], [ 85.191797, 26.766553 ], [ 85.174121, 26.781543 ], [ 85.151563, 26.846631 ], [ 85.125391, 26.860986 ], [ 85.087305, 26.862939 ], [ 85.020117, 26.878516 ], [ 84.937207, 26.926904 ], [ 84.685352, 27.041016 ], [ 84.653809, 27.091699 ], [ 84.654785, 27.203662 ], [ 84.640723, 27.249854 ], [ 84.610156, 27.298682 ], [ 84.480859, 27.348193 ], [ 84.229785, 27.427832 ], [ 84.091016, 27.491357 ], [ 84.024805, 27.46167 ], [ 83.897168, 27.435107 ], [ 83.828809, 27.377832 ], [ 83.746973, 27.395947 ], [ 83.55166, 27.456348 ], [ 83.447168, 27.465332 ], [ 83.383984, 27.444824 ], [ 83.369434, 27.410254 ], [ 83.289746, 27.370996 ], [ 83.213867, 27.402295 ], [ 83.064063, 27.444531 ], [ 82.932813, 27.467676 ], [ 82.733398, 27.518994 ], [ 82.71084, 27.59668 ], [ 82.677344, 27.673437 ], [ 82.629883, 27.687061 ], [ 82.451367, 27.671826 ], [ 82.287695, 27.756543 ], [ 82.111914, 27.864941 ], [ 82.037012, 27.900586 ], [ 81.987695, 27.91377 ], [ 81.945215, 27.899268 ], [ 81.896875, 27.874463 ], [ 81.852637, 27.86709 ], [ 81.757227, 27.913818 ], [ 81.635547, 27.980469 ], [ 81.486035, 28.062207 ], [ 81.31084, 28.176367 ], [ 81.238965, 28.240869 ], [ 81.20625, 28.289404 ], [ 81.168945, 28.33501 ], [ 81.016602, 28.40957 ], [ 80.896094, 28.468555 ], [ 80.750781, 28.539697 ], [ 80.726172, 28.553906 ], [ 80.671289, 28.59624 ], [ 80.587012, 28.649609 ], [ 80.517871, 28.665186 ], [ 80.495801, 28.635791 ], [ 80.479102, 28.604883 ], [ 80.418555, 28.612012 ], [ 80.324805, 28.666406 ], [ 80.226562, 28.72334 ], [ 80.149609, 28.776074 ], [ 80.070703, 28.830176 ], [ 80.05166, 28.870312 ], [ 80.08457, 28.994189 ], [ 80.130469, 29.100391 ], [ 80.169531, 29.124316 ], [ 80.233008, 29.194629 ], [ 80.255957, 29.318018 ], [ 80.254883, 29.42334 ], [ 80.316895, 29.57207 ], [ 80.401855, 29.730273 ], [ 80.549023, 29.899805 ], [ 80.612891, 29.955859 ], [ 80.684082, 29.994336 ], [ 80.819922, 30.119336 ], [ 80.848145, 30.139746 ], [ 80.907617, 30.171924 ], [ 80.966113, 30.180029 ], [ 81.010254, 30.164502 ], [ 80.985449, 30.237109 ], [ 80.873535, 30.290576 ], [ 80.746777, 30.3604 ], [ 80.682129, 30.414844 ], [ 80.608887, 30.448877 ], [ 80.541016, 30.463525 ], [ 80.40957, 30.509473 ], [ 80.260938, 30.561328 ], [ 80.191211, 30.568408 ], [ 80.18623, 30.605322 ], [ 80.207129, 30.68374 ], [ 80.194336, 30.759229 ], [ 80.149414, 30.789844 ], [ 80.081445, 30.781934 ], [ 79.924512, 30.88877 ], [ 79.918555, 30.889893 ], [ 79.916602, 30.894189 ], [ 79.871875, 30.924609 ], [ 79.794629, 30.968262 ], [ 79.664258, 30.965234 ], [ 79.56543, 30.949072 ], [ 79.493164, 30.993701 ], [ 79.388477, 31.064209 ], [ 79.369629, 31.079932 ], [ 79.33877, 31.105713 ], [ 79.232617, 31.241748 ], [ 79.107129, 31.402637 ], [ 79.04375, 31.426221 ], [ 79.011133, 31.414111 ], [ 78.973926, 31.328613 ], [ 78.945996, 31.337207 ], [ 78.899512, 31.331348 ], [ 78.844531, 31.301514 ], [ 78.791602, 31.293652 ], [ 78.757812, 31.30249 ], [ 78.743555, 31.323779 ], [ 78.758594, 31.436572 ], [ 78.726758, 31.471826 ], [ 78.755078, 31.550293 ], [ 78.80293, 31.618066 ], [ 78.753906, 31.668359 ], [ 78.693457, 31.740381 ], [ 78.687012, 31.805518 ], [ 78.719727, 31.887646 ], [ 78.735449, 31.957959 ], [ 78.725586, 31.983789 ], [ 78.677734, 32.023047 ], [ 78.495898, 32.215771 ], [ 78.486133, 32.23623 ], [ 78.455273, 32.300342 ], [ 78.441309, 32.397363 ], [ 78.41748, 32.466699 ], [ 78.389648, 32.519873 ], [ 78.391699, 32.544727 ], [ 78.4125, 32.557715 ], [ 78.526367, 32.570801 ], [ 78.631543, 32.578955 ], [ 78.700879, 32.597021 ], [ 78.736719, 32.558398 ], [ 78.753516, 32.499268 ], [ 78.771289, 32.468066 ], [ 78.837891, 32.411963 ], [ 78.918945, 32.358203 ], [ 78.997656, 32.365137 ], [ 79.066992, 32.388184 ], [ 79.127344, 32.475781 ], [ 79.169922, 32.497217 ], [ 79.219336, 32.501074 ], [ 79.219043, 32.507568 ], [ 79.216504, 32.564014 ], [ 79.233887, 32.703076 ], [ 79.22793, 32.758789 ], [ 79.205566, 32.809033 ], [ 79.20957, 32.864844 ], [ 79.202246, 32.946045 ], [ 79.145508, 33.001465 ], [ 79.108594, 33.022656 ], [ 79.102832, 33.052539 ], [ 79.12168, 33.108105 ], [ 79.135156, 33.171924 ], [ 79.1125, 33.22627 ], [ 79.066504, 33.250391 ], [ 79.012598, 33.291455 ], [ 78.948438, 33.346533 ], [ 78.916699, 33.386768 ], [ 78.865039, 33.431104 ], [ 78.801855, 33.499707 ], [ 78.789941, 33.650342 ], [ 78.783789, 33.808789 ], [ 78.761719, 33.887598 ], [ 78.72666, 34.013379 ], [ 78.731738, 34.055566 ], [ 78.753027, 34.087695 ], [ 78.931738, 34.188965 ], [ 78.970605, 34.228223 ], [ 78.976953, 34.258105 ], [ 78.970117, 34.302637 ], [ 78.936426, 34.351953 ], [ 78.864844, 34.390332 ], [ 78.763086, 34.45293 ], [ 78.670801, 34.518164 ], [ 78.515723, 34.557959 ], [ 78.326953, 34.606396 ], [ 78.282031, 34.653906 ], [ 78.236133, 34.769824 ], [ 78.158496, 34.946484 ], [ 78.075781, 35.134912 ], [ 78.012207, 35.251025 ], [ 78.00918, 35.306934 ], [ 78.047461, 35.449414 ], [ 78.042676, 35.479785 ], [ 78.009473, 35.490234 ], [ 77.945898, 35.471631 ], [ 77.894922, 35.449023 ], [ 77.851562, 35.460791 ], [ 77.810938, 35.484521 ], [ 77.802539, 35.492773 ], [ 77.799414, 35.495898 ], [ 77.696973, 35.443262 ], [ 77.571582, 35.37876 ], [ 77.423437, 35.302588 ], [ 77.292969, 35.235547 ], [ 77.168555, 35.171533 ], [ 77.048633, 35.109912 ], [ 77.030664, 35.062354 ], [ 77.000879, 34.991992 ], [ 76.891699, 34.938721 ], [ 76.78291, 34.900195 ], [ 76.75752, 34.877832 ], [ 76.749023, 34.847559 ], [ 76.696289, 34.786914 ], [ 76.594434, 34.73584 ], [ 76.509961, 34.740869 ], [ 76.456738, 34.756104 ], [ 76.172461, 34.667725 ], [ 76.041016, 34.669922 ], [ 75.938281, 34.612549 ], [ 75.862109, 34.560254 ], [ 75.70918, 34.503076 ], [ 75.605566, 34.502734 ], [ 75.452539, 34.536719 ], [ 75.264063, 34.601367 ], [ 75.1875, 34.639014 ], [ 75.118457, 34.636816 ], [ 74.951855, 34.64585 ], [ 74.78877, 34.677734 ], [ 74.594141, 34.715771 ], [ 74.497949, 34.732031 ], [ 74.300391, 34.765381 ], [ 74.171973, 34.720898 ], [ 74.055859, 34.680664 ], [ 73.96123, 34.653467 ], [ 73.883105, 34.529053 ], [ 73.850098, 34.485303 ], [ 73.812109, 34.422363 ], [ 73.794531, 34.378223 ], [ 73.809961, 34.325342 ], [ 73.924609, 34.287842 ], [ 73.972363, 34.236621 ], [ 73.979492, 34.191309 ], [ 73.938281, 34.144775 ], [ 73.903906, 34.108008 ], [ 73.904102, 34.075684 ], [ 73.922363, 34.043066 ], [ 73.949902, 34.018799 ], [ 74.112598, 34.003711 ], [ 74.208984, 34.003418 ], [ 74.246484, 33.990186 ], [ 74.250879, 33.946094 ], [ 74.215625, 33.886572 ], [ 74.078418, 33.838672 ], [ 74.000977, 33.788184 ], [ 73.976465, 33.721289 ], [ 73.977539, 33.667822 ], [ 74.004004, 33.632422 ], [ 74.069727, 33.591699 ], [ 74.13125, 33.545068 ], [ 74.15, 33.506982 ], [ 74.142578, 33.455371 ], [ 74.117773, 33.384131 ], [ 74.050391, 33.30127 ], [ 73.994238, 33.242188 ], [ 73.989844, 33.221191 ], [ 74.003809, 33.189453 ], [ 74.049121, 33.143408 ], [ 74.12627, 33.075439 ], [ 74.22207, 33.020312 ], [ 74.283594, 33.005127 ], [ 74.303613, 32.991797 ], [ 74.322754, 32.927979 ], [ 74.32998, 32.86084 ], [ 74.305469, 32.810449 ], [ 74.35459, 32.768701 ], [ 74.483398, 32.770996 ], [ 74.588281, 32.753223 ], [ 74.632422, 32.770898 ], [ 74.663281, 32.757666 ], [ 74.643359, 32.607715 ], [ 74.657813, 32.518945 ], [ 74.685742, 32.493799 ], [ 74.788867, 32.457812 ], [ 74.987305, 32.462207 ], [ 75.104102, 32.420361 ], [ 75.233691, 32.372119 ], [ 75.302637, 32.318896 ], [ 75.333496, 32.279199 ], [ 75.324707, 32.215283 ], [ 75.254102, 32.140332 ], [ 75.13877, 32.104785 ], [ 75.071484, 32.089355 ], [ 74.739453, 31.948828 ], [ 74.635742, 31.889746 ], [ 74.555566, 31.818555 ], [ 74.525977, 31.765137 ], [ 74.509961, 31.712939 ], [ 74.581836, 31.523926 ], [ 74.593945, 31.465381 ], [ 74.534961, 31.261377 ], [ 74.517676, 31.185596 ], [ 74.539746, 31.132666 ], [ 74.610352, 31.112842 ], [ 74.625781, 31.06875 ], [ 74.632812, 31.034668 ], [ 74.509766, 30.959668 ], [ 74.380371, 30.893408 ], [ 74.339355, 30.893555 ], [ 74.215625, 30.768994 ], [ 74.008984, 30.519678 ], [ 73.899316, 30.435352 ], [ 73.891602, 30.394043 ], [ 73.882715, 30.352148 ], [ 73.924609, 30.281641 ], [ 73.933398, 30.22207 ], [ 73.886523, 30.162012 ], [ 73.80918, 30.093359 ], [ 73.658008, 30.033203 ], [ 73.46748, 29.97168 ], [ 73.381641, 29.934375 ], [ 73.317285, 29.772998 ], [ 73.257812, 29.610693 ], [ 73.231152, 29.550635 ], [ 73.12832, 29.363916 ], [ 72.94873, 29.088818 ], [ 72.90332, 29.02876 ], [ 72.625586, 28.896143 ], [ 72.341895, 28.751904 ], [ 72.291992, 28.697266 ], [ 72.233887, 28.56582 ], [ 72.179199, 28.421777 ], [ 72.128516, 28.346338 ], [ 71.948047, 28.177295 ], [ 71.888867, 28.047461 ], [ 71.870313, 27.9625 ], [ 71.716699, 27.915088 ], [ 71.542969, 27.869873 ], [ 71.290137, 27.855273 ], [ 71.184766, 27.831641 ], [ 70.874902, 27.714453 ], [ 70.797949, 27.709619 ], [ 70.737402, 27.729004 ], [ 70.691602, 27.768994 ], [ 70.649121, 27.835352 ], [ 70.629102, 27.937451 ], [ 70.569238, 27.983789 ], [ 70.488574, 28.023145 ], [ 70.403711, 28.025049 ], [ 70.318457, 27.981641 ], [ 70.244336, 27.934131 ], [ 70.193945, 27.894873 ], [ 70.144531, 27.849023 ], [ 70.049805, 27.694727 ], [ 69.896289, 27.473633 ], [ 69.724805, 27.312695 ], [ 69.661328, 27.264502 ], [ 69.621582, 27.228076 ], [ 69.567969, 27.174609 ], [ 69.537012, 27.122949 ], [ 69.494531, 26.95415 ], [ 69.47002, 26.804443 ], [ 69.48125, 26.770996 ], [ 69.506934, 26.742676 ], [ 69.600586, 26.699121 ], [ 69.735938, 26.627051 ], [ 69.911426, 26.586133 ], [ 70.059375, 26.57876 ], [ 70.114648, 26.548047 ], [ 70.147656, 26.506445 ], [ 70.156836, 26.471436 ], [ 70.149219, 26.347559 ], [ 70.132617, 26.214795 ], [ 70.077734, 26.071973 ], [ 70.078613, 25.990039 ], [ 70.100195, 25.910059 ], [ 70.264648, 25.706543 ], [ 70.325195, 25.685742 ], [ 70.448535, 25.681348 ], [ 70.505859, 25.685303 ], [ 70.569531, 25.705957 ], [ 70.614844, 25.691895 ], [ 70.648438, 25.666943 ], [ 70.657227, 25.625781 ], [ 70.652051, 25.4229 ], [ 70.702539, 25.331055 ], [ 70.800488, 25.205859 ], [ 70.877734, 25.062988 ], [ 70.950879, 24.891602 ], [ 71.020703, 24.757666 ], [ 71.047852, 24.687744 ], [ 71.002344, 24.653906 ], [ 70.976367, 24.61875 ], [ 70.969824, 24.571875 ], [ 70.979297, 24.522461 ], [ 70.973242, 24.487402 ], [ 71.00625, 24.444336 ], [ 71.045313, 24.42998 ], [ 71.044043, 24.400098 ], [ 70.982813, 24.361035 ], [ 70.928125, 24.362354 ], [ 70.88623, 24.34375 ], [ 70.805078, 24.261963 ], [ 70.767285, 24.24541 ], [ 70.716309, 24.237988 ], [ 70.659473, 24.246094 ], [ 70.579297, 24.279053 ], [ 70.555859, 24.331104 ], [ 70.565039, 24.385791 ], [ 70.546777, 24.418311 ], [ 70.489258, 24.412158 ], [ 70.289062, 24.356299 ], [ 70.098242, 24.2875 ], [ 70.065137, 24.240576 ], [ 70.021094, 24.191553 ], [ 69.933789, 24.171387 ], [ 69.805176, 24.165234 ], [ 69.716211, 24.172607 ], [ 69.63418, 24.225195 ], [ 69.55918, 24.273096 ], [ 69.443457, 24.275391 ], [ 69.235059, 24.268262 ], [ 69.119531, 24.268652 ], [ 69.051563, 24.286328 ], [ 68.98457, 24.273096 ], [ 68.900781, 24.292432 ], [ 68.863477, 24.266504 ], [ 68.82832, 24.264014 ], [ 68.8, 24.309082 ], [ 68.781152, 24.313721 ], [ 68.758984, 24.307227 ], [ 68.739648, 24.291992 ], [ 68.728125, 24.265625 ], [ 68.724121, 23.964697 ], [ 68.586621, 23.966602 ], [ 68.488672, 23.967236 ], [ 68.38125, 23.950879 ], [ 68.28252, 23.927979 ], [ 68.23418, 23.900537 ], [ 68.165039, 23.857324 ], [ 68.191992, 23.728906 ] ] ], [ [ [ 93.92959, 6.973486 ], [ 93.858984, 7.206836 ], [ 93.822461, 7.236621 ], [ 93.68418, 7.183594 ], [ 93.656348, 7.13623 ], [ 93.658008, 7.016064 ], [ 93.709277, 7.000684 ], [ 93.828809, 6.748682 ], [ 93.890039, 6.831055 ], [ 93.92959, 6.973486 ] ] ], [ [ [ 93.69248, 7.410596 ], [ 93.654688, 7.379932 ], [ 93.614258, 7.358105 ], [ 93.597266, 7.31875 ], [ 93.638477, 7.261865 ], [ 93.733594, 7.356494 ], [ 93.69248, 7.410596 ] ] ], [ [ [ 93.096973, 8.349365 ], [ 93.077539, 8.327881 ], [ 93.064258, 8.274951 ], [ 93.115234, 8.218506 ], [ 93.170605, 8.212061 ], [ 93.140723, 8.249512 ], [ 93.096973, 8.349365 ] ] ], [ [ [ 93.447363, 7.899121 ], [ 93.433691, 7.948389 ], [ 93.375488, 8.01792 ], [ 93.334473, 8.006934 ], [ 93.309375, 7.964014 ], [ 93.341992, 7.919336 ], [ 93.365039, 7.876562 ], [ 93.442578, 7.877832 ], [ 93.447363, 7.899121 ] ] ], [ [ [ 93.511621, 8.159766 ], [ 93.531641, 8.21377 ], [ 93.494043, 8.224658 ], [ 93.456445, 8.171875 ], [ 93.46123, 8.108594 ], [ 93.469727, 8.072656 ], [ 93.471777, 8.052686 ], [ 93.478223, 8.024463 ], [ 93.490039, 8.019434 ], [ 93.536914, 8.056641 ], [ 93.511621, 8.159766 ] ] ], [ [ [ 92.809277, 9.173389 ], [ 92.785742, 9.240527 ], [ 92.762109, 9.243896 ], [ 92.738574, 9.230664 ], [ 92.713281, 9.204883 ], [ 92.716602, 9.165088 ], [ 92.743555, 9.130957 ], [ 92.7875, 9.13667 ], [ 92.809277, 9.173389 ] ] ], [ [ [ 92.574316, 10.704248 ], [ 92.554004, 10.799805 ], [ 92.510352, 10.897461 ], [ 92.447852, 10.865527 ], [ 92.370703, 10.793506 ], [ 92.352832, 10.751123 ], [ 92.377148, 10.650586 ], [ 92.369531, 10.547412 ], [ 92.472656, 10.520752 ], [ 92.502832, 10.554883 ], [ 92.574316, 10.704248 ] ] ], [ [ [ 92.687207, 11.41123 ], [ 92.690039, 11.463428 ], [ 92.640234, 11.509131 ], [ 92.633887, 11.426758 ], [ 92.595703, 11.386426 ], [ 92.644531, 11.361328 ], [ 92.693164, 11.381152 ], [ 92.687207, 11.41123 ] ] ], [ [ [ 92.764648, 11.63916 ], [ 92.766992, 11.764648 ], [ 92.797559, 11.874658 ], [ 92.796777, 11.917529 ], [ 92.763965, 11.94043 ], [ 92.747656, 11.992773 ], [ 92.78623, 12.034668 ], [ 92.798828, 12.079248 ], [ 92.867188, 12.181445 ], [ 92.879492, 12.22793 ], [ 92.863672, 12.436035 ], [ 92.932617, 12.453076 ], [ 92.990234, 12.538525 ], [ 92.965039, 12.850488 ], [ 92.88623, 12.942285 ], [ 92.909961, 12.975195 ], [ 92.951367, 13.0625 ], [ 93.004687, 13.089355 ], [ 93.042969, 13.154883 ], [ 93.066113, 13.221582 ], [ 93.073828, 13.2521 ], [ 93.016016, 13.336182 ], [ 93.07666, 13.400684 ], [ 93.066699, 13.436475 ], [ 93.062305, 13.545459 ], [ 93.029395, 13.543848 ], [ 92.924609, 13.48584 ], [ 92.857324, 13.358105 ], [ 92.860156, 13.230566 ], [ 92.808984, 13.0396 ], [ 92.830859, 13.002637 ], [ 92.807031, 12.878906 ], [ 92.753125, 12.820898 ], [ 92.740039, 12.779639 ], [ 92.75918, 12.669092 ], [ 92.732031, 12.615625 ], [ 92.720703, 12.54126 ], [ 92.718945, 12.357324 ], [ 92.734082, 12.335938 ], [ 92.777637, 12.302539 ], [ 92.788281, 12.225781 ], [ 92.769238, 12.215576 ], [ 92.694727, 12.214697 ], [ 92.676465, 12.192383 ], [ 92.640625, 12.112207 ], [ 92.631836, 12.013867 ], [ 92.60752, 11.949512 ], [ 92.566504, 11.930518 ], [ 92.533887, 11.873389 ], [ 92.559668, 11.833447 ], [ 92.575586, 11.718213 ], [ 92.668359, 11.538721 ], [ 92.700781, 11.512549 ], [ 92.722754, 11.536084 ], [ 92.764648, 11.63916 ] ] ], [ [ [ 92.995801, 12.031787 ], [ 92.955371, 12.002441 ], [ 92.981738, 11.959473 ], [ 93.062109, 11.899414 ], [ 93.017383, 12.036816 ], [ 92.995801, 12.031787 ] ] ], [ [ [ 92.730859, 12.948535 ], [ 92.710645, 12.961572 ], [ 92.694434, 12.956787 ], [ 92.679688, 12.939258 ], [ 92.685742, 12.799951 ], [ 92.717578, 12.864893 ], [ 92.730859, 12.948535 ] ] ], [ [ [ 72.787891, 11.215918 ], [ 72.792871, 11.241553 ], [ 72.795898, 11.260449 ], [ 72.792676, 11.262744 ], [ 72.781836, 11.243311 ], [ 72.772461, 11.214258 ], [ 72.773047, 11.196094 ], [ 72.780371, 11.20249 ], [ 72.787891, 11.215918 ] ] ], [ [ [ 73.079785, 8.293066 ], [ 73.083594, 8.311035 ], [ 73.079492, 8.316504 ], [ 73.075195, 8.306348 ], [ 73.055859, 8.274561 ], [ 73.038965, 8.264844 ], [ 73.026074, 8.275293 ], [ 73.023438, 8.265918 ], [ 73.028516, 8.253516 ], [ 73.038867, 8.251953 ], [ 73.05332, 8.256689 ], [ 73.067383, 8.269092 ], [ 73.079785, 8.293066 ] ] ] ] } },
{ "type": "Feature", "properties": { "NAME": "China", "ADMIN": "China" }, "geometry": { "type": "MultiPolygon", "coordinates": [ [ [ [ 118.170703, 24.518506 ], [ 118.103809, 24.552344 ], [ 118.092969, 24.541211 ], [ 118.076758, 24.501416 ], [ 118.08877, 24.488867 ], [ 118.090527, 24.446143 ], [ 118.149512, 24.436133 ], [ 118.183008, 24.496289 ], [ 118.170703, 24.518506 ] ] ], [ [ [ 121.843652, 31.526367 ], [ 121.808301, 31.552148 ], [ 121.576563, 31.637305 ], [ 121.542285, 31.673926 ], [ 121.491797, 31.693652 ], [ 121.46416, 31.756445 ], [ 121.338965, 31.797363 ], [ 121.211133, 31.805371 ], [ 121.226855, 31.758105 ], [ 121.336426, 31.64375 ], [ 121.519922, 31.549609 ], [ 121.780469, 31.46377 ], [ 121.862695, 31.492285 ], [ 121.843652, 31.526367 ] ] ], [ [ [ 122.322266, 30.031396 ], [ 122.284473, 30.068018 ], [ 122.110547, 30.139746 ], [ 121.969434, 30.143115 ], [ 121.977832, 30.063818 ], [ 122.024023, 30.01333 ], [ 122.157813, 30.00127 ], [ 122.281543, 29.943848 ], [ 122.295898, 29.963428 ], [ 122.322266, 30.031396 ] ] ], [ [ [ 122.165039, 29.700781 ], [ 122.119629, 29.782227 ], [ 122.062305, 29.772754 ], [ 122.042676, 29.735937 ], [ 122.083789, 29.725342 ], [ 122.169043, 29.660254 ], [ 122.172559, 29.679004 ], [ 122.165039, 29.700781 ] ] ], [ [ [ 122.401563, 29.950244 ], [ 122.350977, 29.955225 ], [ 122.331836, 29.934961 ], [ 122.367578, 29.852686 ], [ 122.394043, 29.846094 ], [ 122.403906, 29.892383 ], [ 122.401563, 29.950244 ] ] ], [ [ [ 119.832422, 25.47959 ], [ 119.809082, 25.507812 ], [ 119.838672, 25.559668 ], [ 119.838379, 25.591064 ], [ 119.828711, 25.607373 ], [ 119.797461, 25.623242 ], [ 119.77793, 25.653174 ], [ 119.722559, 25.638818 ], [ 119.695996, 25.590869 ], [ 119.723047, 25.550586 ], [ 119.699414, 25.494727 ], [ 119.700293, 25.432715 ], [ 119.74668, 25.410693 ], [ 119.820898, 25.456982 ], [ 119.832422, 25.47959 ] ] ], [ [ [ 110.309863, 21.074756 ], [ 110.264648, 21.025195 ], [ 110.280957, 21.001172 ], [ 110.339941, 20.997754 ], [ 110.421875, 21.006885 ], [ 110.503906, 20.967725 ], [ 110.538867, 21.018457 ], [ 110.539551, 21.039014 ], [ 110.521582, 21.083105 ], [ 110.422363, 21.058594 ], [ 110.385156, 21.093164 ], [ 110.309863, 21.074756 ] ] ], [ [ [ 121.250977, 28.145215 ], [ 121.234375, 28.181299 ], [ 121.205469, 28.204395 ], [ 121.133984, 28.135254 ], [ 121.131543, 28.062598 ], [ 121.164258, 28.0625 ], [ 121.251367, 28.086426 ], [ 121.250977, 28.145215 ] ] ], [ [ [ 113.520508, 22.852051 ], [ 113.464941, 22.904541 ], [ 113.404395, 22.902832 ], [ 113.426074, 22.858594 ], [ 113.463379, 22.832373 ], [ 113.485645, 22.82832 ], [ 113.563672, 22.75791 ], [ 113.555273, 22.804199 ], [ 113.520508, 22.852051 ] ] ], [ [ [ 112.800684, 21.694873 ], [ 112.812598, 21.712158 ], [ 112.862598, 21.752637 ], [ 112.839063, 21.764502 ], [ 112.782031, 21.772266 ], [ 112.760547, 21.733252 ], [ 112.712695, 21.697949 ], [ 112.733496, 21.669922 ], [ 112.741992, 21.618066 ], [ 112.771094, 21.581836 ], [ 112.790234, 21.601855 ], [ 112.800684, 21.694873 ] ] ], [ [ [ 112.647656, 21.710254 ], [ 112.558984, 21.674756 ], [ 112.525, 21.623047 ], [ 112.545605, 21.618506 ], [ 112.64375, 21.639648 ], [ 112.647656, 21.710254 ] ] ], [ [ [ 108.067383, 21.525977 ], [ 108.145605, 21.565186 ], [ 108.246289, 21.558398 ], [ 108.302148, 21.621924 ], [ 108.324805, 21.693506 ], [ 108.35459, 21.696924 ], [ 108.382812, 21.679199 ], [ 108.444336, 21.607324 ], [ 108.502148, 21.633447 ], [ 108.525684, 21.671387 ], [ 108.492578, 21.739404 ], [ 108.480859, 21.828809 ], [ 108.479883, 21.904639 ], [ 108.59375, 21.901025 ], [ 108.61582, 21.868896 ], [ 108.589355, 21.815967 ], [ 108.61582, 21.770459 ], [ 108.674512, 21.724658 ], [ 108.743945, 21.65127 ], [ 108.77168, 21.630469 ], [ 108.846387, 21.634473 ], [ 108.921777, 21.624414 ], [ 109.030566, 21.626514 ], [ 109.101758, 21.590479 ], [ 109.133496, 21.543604 ], [ 109.098145, 21.487354 ], [ 109.081543, 21.440283 ], [ 109.148633, 21.425537 ], [ 109.22041, 21.443408 ], [ 109.34668, 21.453955 ], [ 109.435547, 21.479492 ], [ 109.544043, 21.537939 ], [ 109.521484, 21.693408 ], [ 109.566406, 21.690576 ], [ 109.594336, 21.671973 ], [ 109.686914, 21.524609 ], [ 109.743359, 21.527979 ], [ 109.759375, 21.560059 ], [ 109.82959, 21.483594 ], [ 109.930762, 21.480566 ], [ 109.921094, 21.376465 ], [ 109.77959, 21.337451 ], [ 109.760156, 21.228369 ], [ 109.68125, 21.131641 ], [ 109.704492, 21.052734 ], [ 109.662598, 20.916895 ], [ 109.684766, 20.873633 ], [ 109.72627, 20.83877 ], [ 109.767383, 20.780713 ], [ 109.805273, 20.711475 ], [ 109.791992, 20.621875 ], [ 109.861035, 20.514307 ], [ 109.946387, 20.474365 ], [ 109.968359, 20.448145 ], [ 109.983887, 20.403271 ], [ 109.931641, 20.398877 ], [ 109.88584, 20.413135 ], [ 109.88252, 20.364063 ], [ 109.938477, 20.295117 ], [ 110.123145, 20.263721 ], [ 110.344727, 20.294824 ], [ 110.449512, 20.35542 ], [ 110.486914, 20.426855 ], [ 110.517578, 20.46001 ], [ 110.511523, 20.518262 ], [ 110.313086, 20.67168 ], [ 110.326172, 20.719922 ], [ 110.370508, 20.752051 ], [ 110.388477, 20.790527 ], [ 110.36543, 20.837598 ], [ 110.180371, 20.858594 ], [ 110.154004, 20.944629 ], [ 110.193555, 21.037646 ], [ 110.331152, 21.131348 ], [ 110.374609, 21.172363 ], [ 110.397461, 21.247705 ], [ 110.410937, 21.338135 ], [ 110.43457, 21.326904 ], [ 110.458008, 21.230566 ], [ 110.504297, 21.207422 ], [ 110.567187, 21.214062 ], [ 110.652148, 21.279102 ], [ 110.771094, 21.386523 ], [ 110.878027, 21.395947 ], [ 110.996777, 21.430273 ], [ 111.016895, 21.511719 ], [ 111.061133, 21.510986 ], [ 111.100586, 21.484717 ], [ 111.144238, 21.482227 ], [ 111.220605, 21.493896 ], [ 111.319141, 21.486133 ], [ 111.392383, 21.535107 ], [ 111.602734, 21.559082 ], [ 111.681641, 21.608496 ], [ 111.711914, 21.655225 ], [ 111.775977, 21.719238 ], [ 111.824609, 21.709766 ], [ 111.873438, 21.717139 ], [ 111.926465, 21.77627 ], [ 111.943945, 21.849658 ], [ 112.025195, 21.843018 ], [ 112.117188, 21.806494 ], [ 112.193359, 21.763135 ], [ 112.30498, 21.741699 ], [ 112.356445, 21.767578 ], [ 112.389746, 21.801221 ], [ 112.377441, 21.91748 ], [ 112.359668, 21.978027 ], [ 112.396094, 21.981348 ], [ 112.429297, 21.958105 ], [ 112.439453, 21.927344 ], [ 112.421289, 21.880615 ], [ 112.494727, 21.818311 ], [ 112.586328, 21.776855 ], [ 112.634082, 21.819873 ], [ 112.660742, 21.859473 ], [ 112.725391, 21.902344 ], [ 112.808594, 21.944629 ], [ 112.903809, 21.881445 ], [ 112.953906, 21.907324 ], [ 112.983789, 21.938232 ], [ 113.008203, 22.119336 ], [ 113.08877, 22.207959 ], [ 113.149023, 22.075 ], [ 113.266406, 22.08877 ], [ 113.327734, 22.14541 ], [ 113.367383, 22.164844 ], [ 113.415723, 22.178369 ], [ 113.473437, 22.194434 ], [ 113.478906, 22.195557 ], [ 113.481055, 22.21748 ], [ 113.494141, 22.241553 ], [ 113.527051, 22.245947 ], [ 113.546777, 22.224121 ], [ 113.549121, 22.225195 ], [ 113.576465, 22.297266 ], [ 113.588867, 22.350488 ], [ 113.551465, 22.40415 ], [ 113.553027, 22.594043 ], [ 113.484766, 22.692383 ], [ 113.449805, 22.726123 ], [ 113.432031, 22.789404 ], [ 113.344824, 22.8646 ], [ 113.337793, 22.888818 ], [ 113.331055, 22.912012 ], [ 113.441895, 22.940576 ], [ 113.460352, 22.995703 ], [ 113.445312, 23.055078 ], [ 113.519727, 23.1021 ], [ 113.620508, 23.12749 ], [ 113.592188, 23.076953 ], [ 113.586328, 23.02002 ], [ 113.603418, 22.968896 ], [ 113.619629, 22.861426 ], [ 113.661133, 22.80166 ], [ 113.754492, 22.733643 ], [ 113.82832, 22.607227 ], [ 113.931152, 22.531055 ], [ 114.01543, 22.511914 ], [ 114.018262, 22.514453 ], [ 114.050391, 22.542969 ], [ 114.097852, 22.55127 ], [ 114.122852, 22.56499 ], [ 114.188184, 22.56499 ], [ 114.228223, 22.553955 ], [ 114.266016, 22.540967 ], [ 114.340625, 22.593213 ], [ 114.420117, 22.583252 ], [ 114.496191, 22.527051 ], [ 114.554199, 22.528906 ], [ 114.544434, 22.620605 ], [ 114.571973, 22.654053 ], [ 114.592773, 22.698437 ], [ 114.65166, 22.755273 ], [ 114.711133, 22.738721 ], [ 114.750391, 22.626318 ], [ 114.853809, 22.616797 ], [ 114.896387, 22.639502 ], [ 114.914453, 22.684619 ], [ 115.012109, 22.708936 ], [ 115.091504, 22.781689 ], [ 115.195801, 22.817285 ], [ 115.289941, 22.775977 ], [ 115.38252, 22.718848 ], [ 115.49834, 22.718848 ], [ 115.534668, 22.765186 ], [ 115.561133, 22.824707 ], [ 115.64043, 22.853418 ], [ 115.755859, 22.823926 ], [ 115.852148, 22.801563 ], [ 116.062598, 22.879102 ], [ 116.157422, 22.887451 ], [ 116.206348, 22.918652 ], [ 116.22207, 22.949561 ], [ 116.251855, 22.981348 ], [ 116.345508, 22.941064 ], [ 116.470703, 22.945898 ], [ 116.519824, 23.006592 ], [ 116.538281, 23.179688 ], [ 116.586426, 23.218262 ], [ 116.669141, 23.228174 ], [ 116.698828, 23.277783 ], [ 116.682324, 23.327393 ], [ 116.629395, 23.353857 ], [ 116.712109, 23.360498 ], [ 116.75957, 23.38252 ], [ 116.860938, 23.453076 ], [ 116.910645, 23.64668 ], [ 117.032813, 23.623437 ], [ 117.08252, 23.57876 ], [ 117.148145, 23.598779 ], [ 117.225, 23.647021 ], [ 117.29082, 23.714355 ], [ 117.330762, 23.708789 ], [ 117.34668, 23.635742 ], [ 117.367676, 23.588623 ], [ 117.416992, 23.620996 ], [ 117.462207, 23.73623 ], [ 117.45957, 23.771484 ], [ 117.433105, 23.791699 ], [ 117.466406, 23.840576 ], [ 117.579199, 23.856982 ], [ 117.628223, 23.836719 ], [ 117.667871, 23.939258 ], [ 117.741699, 24.014795 ], [ 117.839453, 24.012305 ], [ 117.904102, 24.106445 ], [ 118.056055, 24.246094 ], [ 118.050586, 24.327148 ], [ 118.024219, 24.379639 ], [ 117.879004, 24.395898 ], [ 117.848242, 24.432471 ], [ 117.842676, 24.474316 ], [ 117.896875, 24.479834 ], [ 117.935059, 24.474219 ], [ 118.005957, 24.481982 ], [ 118.013867, 24.559912 ], [ 118.087109, 24.627002 ], [ 118.194531, 24.62583 ], [ 118.295313, 24.572754 ], [ 118.412012, 24.600732 ], [ 118.560352, 24.580371 ], [ 118.657031, 24.621436 ], [ 118.719141, 24.746143 ], [ 118.691797, 24.782324 ], [ 118.640234, 24.809082 ], [ 118.636914, 24.835547 ], [ 118.70752, 24.849805 ], [ 118.82207, 24.911133 ], [ 118.909082, 24.928906 ], [ 118.955664, 25.004785 ], [ 118.914453, 25.126807 ], [ 118.977539, 25.209277 ], [ 119.024609, 25.223438 ], [ 119.235547, 25.205957 ], [ 119.285547, 25.232227 ], [ 119.243555, 25.307031 ], [ 119.169336, 25.355713 ], [ 119.146289, 25.414307 ], [ 119.180078, 25.449805 ], [ 119.263086, 25.468018 ], [ 119.34375, 25.446289 ], [ 119.421777, 25.459619 ], [ 119.499219, 25.408643 ], [ 119.592773, 25.368018 ], [ 119.622461, 25.391162 ], [ 119.619141, 25.437451 ], [ 119.539453, 25.59126 ], [ 119.552832, 25.698682 ], [ 119.616895, 25.8229 ], [ 119.648242, 25.918701 ], [ 119.61875, 26.003564 ], [ 119.500879, 26.00918 ], [ 119.417773, 25.954346 ], [ 119.332031, 25.94873 ], [ 119.26377, 25.974805 ], [ 119.139453, 26.121777 ], [ 119.232129, 26.104395 ], [ 119.313086, 26.062549 ], [ 119.369727, 26.054053 ], [ 119.463086, 26.054688 ], [ 119.56709, 26.127344 ], [ 119.692676, 26.236426 ], [ 119.797266, 26.300146 ], [ 119.881055, 26.33418 ], [ 119.876465, 26.370947 ], [ 119.840332, 26.41416 ], [ 119.831152, 26.450195 ], [ 119.784766, 26.546631 ], [ 119.725977, 26.609424 ], [ 119.638184, 26.621191 ], [ 119.623633, 26.675879 ], [ 119.589941, 26.730469 ], [ 119.588184, 26.784961 ], [ 119.651563, 26.747266 ], [ 119.710449, 26.728662 ], [ 119.766699, 26.774707 ], [ 119.788672, 26.831494 ], [ 119.824219, 26.846387 ], [ 119.815137, 26.797607 ], [ 119.821289, 26.736914 ], [ 119.842383, 26.689307 ], [ 119.879492, 26.683008 ], [ 119.882227, 26.610449 ], [ 119.967773, 26.586377 ], [ 120.042969, 26.633838 ], [ 120.086719, 26.671582 ], [ 120.097461, 26.780664 ], [ 120.138574, 26.886133 ], [ 120.278711, 27.09707 ], [ 120.38457, 27.155518 ], [ 120.468652, 27.25625 ], [ 120.539844, 27.318359 ], [ 120.60752, 27.412402 ], [ 120.629102, 27.482129 ], [ 120.5875, 27.580762 ], [ 120.664844, 27.639453 ], [ 120.661328, 27.687891 ], [ 120.685156, 27.74458 ], [ 120.833008, 27.891455 ], [ 120.833008, 27.937793 ], [ 120.763477, 27.977441 ], [ 120.747656, 28.009961 ], [ 120.812988, 28.013379 ], [ 120.89248, 28.003906 ], [ 120.958594, 28.037012 ], [ 121.035449, 28.157275 ], [ 121.098437, 28.290527 ], [ 121.145703, 28.32666 ], [ 121.216797, 28.346191 ], [ 121.272266, 28.222119 ], [ 121.35459, 28.229883 ], [ 121.509961, 28.324268 ], [ 121.609961, 28.292139 ], [ 121.602051, 28.366602 ], [ 121.538086, 28.521094 ], [ 121.475195, 28.641406 ], [ 121.519141, 28.713672 ], [ 121.590332, 28.734814 ], [ 121.630078, 28.76792 ], [ 121.6625, 28.851416 ], [ 121.540039, 28.931885 ], [ 121.641016, 28.915918 ], [ 121.679688, 28.953125 ], [ 121.664941, 29.010596 ], [ 121.520898, 29.118457 ], [ 121.447656, 29.131348 ], [ 121.487109, 29.193164 ], [ 121.533691, 29.236719 ], [ 121.655957, 29.236133 ], [ 121.71748, 29.256348 ], [ 121.79082, 29.225684 ], [ 121.853516, 29.128906 ], [ 121.917773, 29.13501 ], [ 121.968359, 29.490625 ], [ 121.941211, 29.605908 ], [ 121.887988, 29.627783 ], [ 121.821875, 29.604639 ], [ 121.69043, 29.510986 ], [ 121.50625, 29.48457 ], [ 121.574609, 29.537012 ], [ 121.676562, 29.583789 ], [ 121.905762, 29.779687 ], [ 122.08291, 29.870361 ], [ 122.017285, 29.887695 ], [ 121.944336, 29.894092 ], [ 121.812305, 29.952148 ], [ 121.67793, 29.979102 ], [ 121.432715, 30.22666 ], [ 121.340625, 30.282373 ], [ 121.258008, 30.304102 ], [ 121.159375, 30.301758 ], [ 120.904492, 30.160645 ], [ 120.633398, 30.133154 ], [ 120.494531, 30.303076 ], [ 120.352539, 30.247412 ], [ 120.260547, 30.263037 ], [ 120.228516, 30.249561 ], [ 120.194629, 30.241309 ], [ 120.245508, 30.283545 ], [ 120.449805, 30.387842 ], [ 120.62998, 30.390869 ], [ 120.821484, 30.354639 ], [ 120.897461, 30.392627 ], [ 120.938281, 30.469727 ], [ 120.997656, 30.558252 ], [ 121.309961, 30.699707 ], [ 121.418945, 30.789795 ], [ 121.527539, 30.840967 ], [ 121.675195, 30.86377 ], [ 121.769434, 30.870361 ], [ 121.87793, 30.916992 ], [ 121.834473, 31.061621 ], [ 121.785937, 31.162891 ], [ 121.660645, 31.319727 ], [ 121.350977, 31.485352 ], [ 121.204883, 31.628076 ], [ 121.055371, 31.719434 ], [ 120.9375, 31.750195 ], [ 120.787793, 31.819775 ], [ 120.752246, 31.922852 ], [ 120.715527, 31.98374 ], [ 120.497168, 32.019824 ], [ 120.347461, 31.9521 ], [ 120.191602, 31.906348 ], [ 120.035937, 31.936279 ], [ 120.073926, 31.960254 ], [ 120.09873, 31.975977 ], [ 120.184082, 31.966162 ], [ 120.520117, 32.105859 ], [ 120.660547, 32.081055 ], [ 120.791699, 32.031738 ], [ 120.973535, 31.869385 ], [ 121.145801, 31.842334 ], [ 121.266406, 31.862695 ], [ 121.351953, 31.858789 ], [ 121.680859, 31.712158 ], [ 121.763574, 31.699512 ], [ 121.866309, 31.703564 ], [ 121.856348, 31.816455 ], [ 121.832422, 31.899756 ], [ 121.751074, 31.992871 ], [ 121.674219, 32.051025 ], [ 121.490527, 32.121094 ], [ 121.450781, 32.15332 ], [ 121.403906, 32.20625 ], [ 121.400977, 32.371924 ], [ 121.341699, 32.425049 ], [ 121.293359, 32.457324 ], [ 120.989941, 32.567041 ], [ 120.853223, 32.661377 ], [ 120.853027, 32.764111 ], [ 120.897363, 32.843213 ], [ 120.871094, 33.016504 ], [ 120.734473, 33.236621 ], [ 120.615625, 33.490527 ], [ 120.504785, 33.638184 ], [ 120.499805, 33.716455 ], [ 120.425684, 33.866309 ], [ 120.322656, 34.168994 ], [ 120.266699, 34.274023 ], [ 120.201465, 34.325684 ], [ 119.963672, 34.447803 ], [ 119.769727, 34.496191 ], [ 119.58291, 34.582227 ], [ 119.426758, 34.71416 ], [ 119.351367, 34.749414 ], [ 119.200977, 34.748437 ], [ 119.165332, 34.848828 ], [ 119.21582, 35.011768 ], [ 119.352832, 35.113818 ], [ 119.429688, 35.301416 ], [ 119.526465, 35.358594 ], [ 119.608398, 35.469873 ], [ 119.719727, 35.588721 ], [ 119.810547, 35.617725 ], [ 119.866211, 35.643652 ], [ 119.911719, 35.693213 ], [ 119.978711, 35.740234 ], [ 120.027441, 35.799365 ], [ 120.054688, 35.861133 ], [ 120.219043, 35.934912 ], [ 120.284766, 35.984424 ], [ 120.264746, 36.007227 ], [ 120.181445, 36.01748 ], [ 120.094141, 36.118896 ], [ 120.116992, 36.150293 ], [ 120.183301, 36.202441 ], [ 120.270117, 36.226172 ], [ 120.327734, 36.228174 ], [ 120.343457, 36.189453 ], [ 120.330273, 36.110107 ], [ 120.348242, 36.079199 ], [ 120.393066, 36.053857 ], [ 120.519336, 36.108691 ], [ 120.637891, 36.129932 ], [ 120.680957, 36.168359 ], [ 120.682227, 36.340723 ], [ 120.711523, 36.413281 ], [ 120.776172, 36.456299 ], [ 120.84707, 36.426074 ], [ 120.895801, 36.444141 ], [ 120.90498, 36.485303 ], [ 120.882617, 36.538916 ], [ 120.79668, 36.607227 ], [ 120.81084, 36.632812 ], [ 120.878516, 36.635156 ], [ 120.989941, 36.597949 ], [ 121.053809, 36.611377 ], [ 121.144043, 36.660449 ], [ 121.413086, 36.738379 ], [ 121.669629, 36.836377 ], [ 121.932715, 36.959473 ], [ 122.049512, 36.970752 ], [ 122.162402, 36.958643 ], [ 122.203223, 36.927197 ], [ 122.219727, 36.879541 ], [ 122.242285, 36.849854 ], [ 122.274219, 36.833838 ], [ 122.340918, 36.832227 ], [ 122.457031, 36.915137 ], [ 122.519727, 36.946826 ], [ 122.523438, 37.002637 ], [ 122.487402, 37.022266 ], [ 122.44668, 37.068115 ], [ 122.515527, 37.137842 ], [ 122.587305, 37.181104 ], [ 122.57334, 37.31792 ], [ 122.666992, 37.402832 ], [ 122.602344, 37.426416 ], [ 122.493262, 37.407959 ], [ 122.337695, 37.405273 ], [ 122.169141, 37.456152 ], [ 122.10957, 37.522314 ], [ 122.056641, 37.528906 ], [ 122.010156, 37.495752 ], [ 121.964844, 37.445312 ], [ 121.816406, 37.456641 ], [ 121.640234, 37.460352 ], [ 121.505273, 37.515039 ], [ 121.388086, 37.578955 ], [ 121.219531, 37.600146 ], [ 121.049023, 37.725195 ], [ 120.75, 37.833936 ], [ 120.370117, 37.701025 ], [ 120.284668, 37.69209 ], [ 120.257227, 37.679004 ], [ 120.287109, 37.656494 ], [ 120.311523, 37.622705 ], [ 120.155859, 37.49502 ], [ 119.88291, 37.35083 ], [ 119.87998, 37.295801 ], [ 119.8875, 37.253369 ], [ 119.760547, 37.155078 ], [ 119.449902, 37.124756 ], [ 119.287402, 37.138281 ], [ 119.111816, 37.201172 ], [ 118.998145, 37.2771 ], [ 118.952637, 37.331152 ], [ 118.954883, 37.494092 ], [ 118.99082, 37.641357 ], [ 119.033496, 37.661035 ], [ 119.08916, 37.700732 ], [ 119.070312, 37.748584 ], [ 119.038477, 37.776514 ], [ 119.035645, 37.80918 ], [ 119.027539, 37.904004 ], [ 118.940039, 38.042773 ], [ 118.8, 38.12666 ], [ 118.66709, 38.126367 ], [ 118.543262, 38.094922 ], [ 118.014941, 38.183398 ], [ 117.766699, 38.31167 ], [ 117.656055, 38.424219 ], [ 117.557813, 38.625146 ], [ 117.553809, 38.691455 ], [ 117.616699, 38.852881 ], [ 117.784668, 39.134473 ], [ 117.865723, 39.19126 ], [ 118.040918, 39.226758 ], [ 118.147852, 39.195068 ], [ 118.297852, 39.06709 ], [ 118.471973, 39.118018 ], [ 118.626367, 39.176855 ], [ 118.752441, 39.160498 ], [ 118.826465, 39.172119 ], [ 118.912305, 39.166406 ], [ 118.976953, 39.182568 ], [ 119.040137, 39.222363 ], [ 119.224609, 39.408057 ], [ 119.261328, 39.560889 ], [ 119.322363, 39.661621 ], [ 119.391113, 39.75249 ], [ 119.591113, 39.902637 ], [ 119.850391, 39.987451 ], [ 120.368945, 40.203857 ], [ 120.479102, 40.230957 ], [ 120.770703, 40.589062 ], [ 120.841309, 40.649219 ], [ 120.922266, 40.683105 ], [ 121.00293, 40.749121 ], [ 121.085938, 40.841602 ], [ 121.174512, 40.90127 ], [ 121.537109, 40.878418 ], [ 121.598926, 40.843408 ], [ 121.729297, 40.846143 ], [ 121.765625, 40.875879 ], [ 121.808594, 40.968506 ], [ 121.834863, 40.974268 ], [ 121.858789, 40.84209 ], [ 122.14043, 40.688184 ], [ 122.178711, 40.602734 ], [ 122.275, 40.541846 ], [ 122.263867, 40.500195 ], [ 122.20332, 40.396045 ], [ 122.190918, 40.358252 ], [ 121.982813, 40.13584 ], [ 121.868945, 40.046387 ], [ 121.800977, 39.950537 ], [ 121.517383, 39.844824 ], [ 121.474219, 39.754883 ], [ 121.514258, 39.685254 ], [ 121.517578, 39.638965 ], [ 121.469531, 39.640137 ], [ 121.406445, 39.62124 ], [ 121.26748, 39.544678 ], [ 121.286328, 39.519434 ], [ 121.299805, 39.452197 ], [ 121.275488, 39.384766 ], [ 121.355664, 39.376807 ], [ 121.5125, 39.374854 ], [ 121.785449, 39.40083 ], [ 121.818457, 39.386523 ], [ 121.757812, 39.347559 ], [ 121.664551, 39.26875 ], [ 121.627637, 39.220166 ], [ 121.679883, 39.108691 ], [ 121.263281, 38.960254 ], [ 121.188281, 38.94668 ], [ 121.106738, 38.920801 ], [ 121.12168, 38.813281 ], [ 121.163574, 38.731641 ], [ 121.207422, 38.743506 ], [ 121.236328, 38.766943 ], [ 121.320117, 38.808203 ], [ 121.517188, 38.830762 ], [ 121.649902, 38.865088 ], [ 121.67041, 38.891797 ], [ 121.632812, 38.954834 ], [ 121.677246, 39.003418 ], [ 121.744824, 39.009668 ], [ 121.805176, 38.991406 ], [ 121.864355, 38.996484 ], [ 121.922656, 39.036523 ], [ 121.982324, 39.053174 ], [ 122.047656, 39.093799 ], [ 122.120898, 39.151904 ], [ 122.225, 39.267334 ], [ 122.334863, 39.366113 ], [ 122.840039, 39.60083 ], [ 122.960938, 39.619922 ], [ 123.032227, 39.673535 ], [ 123.226562, 39.686621 ], [ 123.268945, 39.726904 ], [ 123.348145, 39.762939 ], [ 123.490039, 39.767871 ], [ 123.580664, 39.786133 ], [ 123.61123, 39.84082 ], [ 123.650879, 39.881592 ], [ 123.760156, 39.822412 ], [ 124.105762, 39.841016 ], [ 124.26748, 39.92417 ], [ 124.35, 40.011572 ], [ 124.362109, 40.004053 ], [ 124.386621, 40.104248 ], [ 124.481055, 40.181641 ], [ 124.712402, 40.319238 ], [ 124.771973, 40.38374 ], [ 124.889355, 40.459814 ], [ 124.942285, 40.458154 ], [ 124.996875, 40.464746 ], [ 125.013379, 40.497852 ], [ 125.025977, 40.523877 ], [ 125.072949, 40.547461 ], [ 125.185938, 40.589404 ], [ 125.314453, 40.644629 ], [ 125.416895, 40.659912 ], [ 125.542578, 40.742578 ], [ 125.593848, 40.778955 ], [ 125.645117, 40.778955 ], [ 125.65918, 40.795898 ], [ 125.688281, 40.838672 ], [ 125.72832, 40.866699 ], [ 125.783984, 40.872021 ], [ 125.874902, 40.892236 ], [ 125.989062, 40.904639 ], [ 126.066797, 40.974072 ], [ 126.093164, 41.023682 ], [ 126.144531, 41.078271 ], [ 126.253613, 41.137793 ], [ 126.328711, 41.225684 ], [ 126.411816, 41.321338 ], [ 126.451465, 41.351855 ], [ 126.49043, 41.358057 ], [ 126.513574, 41.393994 ], [ 126.540137, 41.495557 ], [ 126.57832, 41.594336 ], [ 126.60127, 41.640967 ], [ 126.696973, 41.691895 ], [ 126.721582, 41.716553 ], [ 126.743066, 41.724854 ], [ 126.787695, 41.718213 ], [ 126.847266, 41.747998 ], [ 126.903516, 41.781055 ], [ 126.954785, 41.769482 ], [ 127.006934, 41.742041 ], [ 127.061328, 41.687354 ], [ 127.085352, 41.643799 ], [ 127.128418, 41.607422 ], [ 127.136719, 41.554541 ], [ 127.179688, 41.531348 ], [ 127.270801, 41.519824 ], [ 127.420313, 41.483789 ], [ 127.516992, 41.481738 ], [ 127.572168, 41.454736 ], [ 127.687695, 41.43999 ], [ 127.918652, 41.461133 ], [ 128.013086, 41.448682 ], [ 128.052734, 41.415625 ], [ 128.11123, 41.389258 ], [ 128.149414, 41.387744 ], [ 128.200293, 41.433008 ], [ 128.254883, 41.506543 ], [ 128.290918, 41.562793 ], [ 128.289258, 41.607422 ], [ 128.257812, 41.655371 ], [ 128.181738, 41.700049 ], [ 128.131934, 41.769141 ], [ 128.08418, 41.840576 ], [ 128.056055, 41.86377 ], [ 128.03291, 41.898486 ], [ 128.028711, 41.951611 ], [ 128.045215, 41.9875 ], [ 128.160156, 42.011621 ], [ 128.307813, 42.025635 ], [ 128.427246, 42.010742 ], [ 128.626758, 42.02085 ], [ 128.749023, 42.040674 ], [ 128.839844, 42.037842 ], [ 128.923438, 42.038232 ], [ 128.960645, 42.068799 ], [ 129.077246, 42.142383 ], [ 129.133691, 42.168506 ], [ 129.195508, 42.218457 ], [ 129.205371, 42.270557 ], [ 129.217773, 42.312695 ], [ 129.252539, 42.357861 ], [ 129.313672, 42.413574 ], [ 129.36582, 42.439209 ], [ 129.423633, 42.435889 ], [ 129.484863, 42.410303 ], [ 129.52373, 42.384668 ], [ 129.567578, 42.39209 ], [ 129.603906, 42.435889 ], [ 129.62793, 42.444287 ], [ 129.697852, 42.448145 ], [ 129.719727, 42.475 ], [ 129.746484, 42.603809 ], [ 129.773438, 42.705469 ], [ 129.779199, 42.776562 ], [ 129.841504, 42.894238 ], [ 129.861035, 42.965088 ], [ 129.898242, 42.998145 ], [ 129.941211, 42.995654 ], [ 129.976953, 42.974854 ], [ 130.022266, 42.962598 ], [ 130.082617, 42.97417 ], [ 130.124805, 42.956006 ], [ 130.15127, 42.917969 ], [ 130.240332, 42.891797 ], [ 130.248828, 42.872607 ], [ 130.24668, 42.744824 ], [ 130.295605, 42.684961 ], [ 130.360742, 42.630859 ], [ 130.450293, 42.581689 ], [ 130.498242, 42.570508 ], [ 130.526953, 42.5354 ], [ 130.584473, 42.567334 ], [ 130.576563, 42.623242 ], [ 130.520605, 42.674316 ], [ 130.439258, 42.685547 ], [ 130.419922, 42.699854 ], [ 130.424805, 42.727051 ], [ 130.452734, 42.75542 ], [ 130.492969, 42.779102 ], [ 130.577246, 42.811621 ], [ 130.722461, 42.83584 ], [ 130.80332, 42.856836 ], [ 130.868555, 42.86333 ], [ 130.942871, 42.851758 ], [ 131.005566, 42.883105 ], [ 131.068555, 42.902246 ], [ 131.083496, 42.956299 ], [ 131.086133, 43.038086 ], [ 131.108984, 43.062451 ], [ 131.135547, 43.097607 ], [ 131.175586, 43.142187 ], [ 131.211914, 43.257764 ], [ 131.239355, 43.337646 ], [ 131.257324, 43.378076 ], [ 131.261816, 43.433057 ], [ 131.243945, 43.469043 ], [ 131.20918, 43.49043 ], [ 131.182422, 43.505566 ], [ 131.180078, 43.56709 ], [ 131.183594, 43.650879 ], [ 131.174219, 43.704736 ], [ 131.213281, 44.00293 ], [ 131.255273, 44.071582 ], [ 131.125781, 44.469189 ], [ 131.086914, 44.595654 ], [ 131.060645, 44.659668 ], [ 131.003906, 44.753223 ], [ 130.967773, 44.799951 ], [ 130.981641, 44.844336 ], [ 131.033008, 44.888867 ], [ 131.082324, 44.91001 ], [ 131.22793, 44.920166 ], [ 131.268262, 44.936133 ], [ 131.446875, 44.984033 ], [ 131.4875, 45.013135 ], [ 131.578711, 45.083643 ], [ 131.613965, 45.136572 ], [ 131.654004, 45.205371 ], [ 131.74209, 45.242627 ], [ 131.794922, 45.305273 ], [ 131.851855, 45.326855 ], [ 131.909277, 45.27373 ], [ 131.977539, 45.243994 ], [ 132.067383, 45.225977 ], [ 132.181348, 45.203271 ], [ 132.362988, 45.159961 ], [ 132.549023, 45.122803 ], [ 132.665625, 45.093701 ], [ 132.723145, 45.080566 ], [ 132.838672, 45.061133 ], [ 132.88877, 45.046045 ], [ 132.936035, 45.029932 ], [ 133.011719, 45.074561 ], [ 133.113477, 45.130713 ], [ 133.096875, 45.220459 ], [ 133.113379, 45.321436 ], [ 133.186035, 45.494824 ], [ 133.266992, 45.545264 ], [ 133.30957, 45.553076 ], [ 133.355469, 45.572217 ], [ 133.436426, 45.604687 ], [ 133.465625, 45.651221 ], [ 133.449121, 45.705078 ], [ 133.475781, 45.757666 ], [ 133.484668, 45.810449 ], [ 133.513086, 45.878809 ], [ 133.551172, 45.897803 ], [ 133.608008, 45.920312 ], [ 133.647852, 45.955225 ], [ 133.685742, 46.008936 ], [ 133.711133, 46.069629 ], [ 133.700684, 46.139746 ], [ 133.750195, 46.185937 ], [ 133.832813, 46.224268 ], [ 133.861328, 46.247754 ], [ 133.874805, 46.309082 ], [ 133.880273, 46.336035 ], [ 133.902734, 46.366943 ], [ 133.886719, 46.430566 ], [ 133.866602, 46.499121 ], [ 133.95752, 46.614258 ], [ 134.022656, 46.713184 ], [ 134.038574, 46.858154 ], [ 134.045996, 46.881982 ], [ 134.071387, 46.950781 ], [ 134.086426, 46.978125 ], [ 134.136914, 47.068994 ], [ 134.202148, 47.128076 ], [ 134.189258, 47.194238 ], [ 134.162988, 47.25874 ], [ 134.167676, 47.302197 ], [ 134.225195, 47.352637 ], [ 134.260059, 47.377734 ], [ 134.29082, 47.413574 ], [ 134.339453, 47.429492 ], [ 134.38252, 47.438232 ], [ 134.483496, 47.447363 ], [ 134.541895, 47.485156 ], [ 134.596191, 47.523877 ], [ 134.695801, 47.624854 ], [ 134.728125, 47.684473 ], [ 134.752344, 47.71543 ], [ 134.698633, 47.801416 ], [ 134.650293, 47.874268 ], [ 134.591309, 47.975195 ], [ 134.566016, 48.02251 ], [ 134.605371, 48.08291 ], [ 134.647266, 48.120166 ], [ 134.669336, 48.15332 ], [ 134.680859, 48.210449 ], [ 134.665234, 48.253906 ], [ 134.563574, 48.321729 ], [ 134.456152, 48.355322 ], [ 134.334961, 48.368848 ], [ 134.293359, 48.373437 ], [ 134.205859, 48.359912 ], [ 133.842188, 48.27373 ], [ 133.671777, 48.207715 ], [ 133.573242, 48.133008 ], [ 133.468359, 48.097168 ], [ 133.301172, 48.101514 ], [ 133.144043, 48.105664 ], [ 133.020117, 48.064404 ], [ 132.877148, 47.979102 ], [ 132.772852, 47.940088 ], [ 132.707227, 47.947266 ], [ 132.636914, 47.890088 ], [ 132.561914, 47.768506 ], [ 132.47627, 47.71499 ], [ 132.380176, 47.729492 ], [ 132.149805, 47.717969 ], [ 131.785254, 47.680518 ], [ 131.556738, 47.682031 ], [ 131.464258, 47.722607 ], [ 131.319336, 47.727832 ], [ 131.121875, 47.697656 ], [ 131.002734, 47.691455 ], [ 130.961914, 47.709326 ], [ 130.932813, 47.759814 ], [ 130.91543, 47.84292 ], [ 130.848633, 47.929443 ], [ 130.732617, 48.019238 ], [ 130.712109, 48.127637 ], [ 130.787207, 48.25459 ], [ 130.804297, 48.341504 ], [ 130.763477, 48.388428 ], [ 130.746875, 48.430371 ], [ 130.65918, 48.483398 ], [ 130.597266, 48.574658 ], [ 130.552148, 48.60249 ], [ 130.565625, 48.680127 ], [ 130.617188, 48.773193 ], [ 130.553125, 48.861182 ], [ 130.355273, 48.866357 ], [ 130.195996, 48.89165 ], [ 130.037109, 48.972266 ], [ 129.792578, 49.198877 ], [ 129.671094, 49.278516 ], [ 129.591406, 49.28667 ], [ 129.533691, 49.323437 ], [ 129.498145, 49.388818 ], [ 129.440723, 49.389453 ], [ 129.384668, 49.389453 ], [ 129.350098, 49.362354 ], [ 129.309863, 49.353857 ], [ 129.248438, 49.378662 ], [ 129.185156, 49.381396 ], [ 129.120117, 49.362061 ], [ 129.065137, 49.374658 ], [ 129.020313, 49.419238 ], [ 128.938281, 49.448926 ], [ 128.819336, 49.46377 ], [ 128.770313, 49.494727 ], [ 128.791016, 49.541846 ], [ 128.769043, 49.576953 ], [ 128.704004, 49.600146 ], [ 128.526758, 49.594238 ], [ 128.237109, 49.559277 ], [ 127.999609, 49.568604 ], [ 127.814258, 49.622119 ], [ 127.711133, 49.671533 ], [ 127.690137, 49.716748 ], [ 127.636719, 49.760205 ], [ 127.550781, 49.801807 ], [ 127.502441, 49.873437 ], [ 127.491797, 49.975049 ], [ 127.512305, 50.07168 ], [ 127.590234, 50.208984 ], [ 127.395313, 50.298584 ], [ 127.337207, 50.350146 ], [ 127.351172, 50.393604 ], [ 127.34082, 50.428076 ], [ 127.306055, 50.453516 ], [ 127.308203, 50.494189 ], [ 127.347168, 50.550098 ], [ 127.346875, 50.621338 ], [ 127.307031, 50.707959 ], [ 127.198242, 50.829443 ], [ 127.02041, 50.985889 ], [ 126.924805, 51.100146 ], [ 126.911523, 51.172314 ], [ 126.887695, 51.230127 ], [ 126.854395, 51.261377 ], [ 126.833789, 51.314893 ], [ 126.847754, 51.37417 ], [ 126.827344, 51.412256 ], [ 126.801758, 51.448047 ], [ 126.805469, 51.505664 ], [ 126.774512, 51.545068 ], [ 126.70918, 51.566309 ], [ 126.688672, 51.609912 ], [ 126.700781, 51.703027 ], [ 126.653711, 51.781299 ], [ 126.510547, 51.92583 ], [ 126.468066, 52.031299 ], [ 126.455566, 52.126465 ], [ 126.394824, 52.172998 ], [ 126.391504, 52.214502 ], [ 126.383496, 52.286523 ], [ 126.346289, 52.30625 ], [ 126.324219, 52.331641 ], [ 126.341699, 52.362012 ], [ 126.312891, 52.399756 ], [ 126.237598, 52.444824 ], [ 126.20293, 52.483838 ], [ 126.194434, 52.519141 ], [ 126.156641, 52.546631 ], [ 126.045898, 52.57334 ], [ 126.016016, 52.610205 ], [ 126.023242, 52.643018 ], [ 126.04707, 52.673486 ], [ 126.060156, 52.691992 ], [ 126.056055, 52.715869 ], [ 126.048145, 52.739453 ], [ 126.004297, 52.767871 ], [ 125.941602, 52.800684 ], [ 125.871875, 52.871533 ], [ 125.782813, 52.890723 ], [ 125.728125, 52.890723 ], [ 125.680762, 52.930811 ], [ 125.695312, 52.956299 ], [ 125.691699, 53.003711 ], [ 125.649023, 53.042285 ], [ 125.595996, 53.057471 ], [ 125.545996, 53.047607 ], [ 125.422461, 53.08374 ], [ 125.225586, 53.16582 ], [ 125.075, 53.203662 ], [ 124.970898, 53.197314 ], [ 124.906641, 53.172656 ], [ 124.882129, 53.129736 ], [ 124.812305, 53.133838 ], [ 124.639844, 53.210645 ], [ 124.465918, 53.229639 ], [ 124.369141, 53.270947 ], [ 124.291406, 53.340869 ], [ 124.219922, 53.370117 ], [ 124.154297, 53.358691 ], [ 123.994727, 53.405615 ], [ 123.740918, 53.510986 ], [ 123.607813, 53.546533 ], [ 123.559766, 53.52666 ], [ 123.534766, 53.526465 ], [ 123.489453, 53.529443 ], [ 123.424023, 53.530762 ], [ 123.30957, 53.555615 ], [ 123.154102, 53.54458 ], [ 122.957617, 53.497705 ], [ 122.744727, 53.468506 ], [ 122.51582, 53.456982 ], [ 122.380176, 53.4625 ], [ 122.337793, 53.48501 ], [ 122.088867, 53.451465 ], [ 121.743945, 53.383594 ], [ 121.405469, 53.317041 ], [ 120.985449, 53.28457 ], [ 120.704102, 53.171826 ], [ 120.421289, 52.968066 ], [ 120.218164, 52.839893 ], [ 120.094531, 52.787207 ], [ 120.044336, 52.718213 ], [ 120.067578, 52.63291 ], [ 120.172754, 52.60249 ], [ 120.360059, 52.627002 ], [ 120.521094, 52.615039 ], [ 120.656152, 52.56665 ], [ 120.699219, 52.493604 ], [ 120.650391, 52.395898 ], [ 120.66543, 52.299902 ], [ 120.744531, 52.205469 ], [ 120.749805, 52.096533 ], [ 120.681445, 51.973047 ], [ 120.510547, 51.848535 ], [ 120.237012, 51.722998 ], [ 120.066895, 51.600684 ], [ 119.966992, 51.422119 ], [ 119.813184, 51.267041 ], [ 119.756641, 51.179492 ], [ 119.745996, 51.107715 ], [ 119.684961, 51.030127 ], [ 119.573438, 50.946777 ], [ 119.512305, 50.863135 ], [ 119.501758, 50.779248 ], [ 119.445703, 50.702832 ], [ 119.344043, 50.633887 ], [ 119.280664, 50.560986 ], [ 119.255859, 50.48418 ], [ 119.216699, 50.43252 ], [ 119.163672, 50.406006 ], [ 119.191895, 50.379834 ], [ 119.301562, 50.353906 ], [ 119.346289, 50.278955 ], [ 119.326074, 50.154932 ], [ 119.259863, 50.066406 ], [ 119.147461, 50.013379 ], [ 118.979492, 49.978857 ], [ 118.755957, 49.962842 ], [ 118.451563, 49.844482 ], [ 118.186621, 49.692773 ], [ 117.873438, 49.513477 ], [ 117.812598, 49.513525 ], [ 117.698438, 49.53584 ], [ 117.477148, 49.609424 ], [ 117.245605, 49.624854 ], [ 117.02168, 49.692969 ], [ 116.888965, 49.737793 ], [ 116.683301, 49.823779 ], [ 116.589746, 49.684814 ], [ 116.402148, 49.406201 ], [ 116.243359, 49.170361 ], [ 116.159668, 49.037451 ], [ 116.098242, 48.936133 ], [ 116.034375, 48.840039 ], [ 116.025488, 48.782275 ], [ 115.953809, 48.689355 ], [ 115.820508, 48.577246 ], [ 115.791699, 48.455713 ], [ 115.796582, 48.346338 ], [ 115.785547, 48.248242 ], [ 115.639453, 48.18623 ], [ 115.525098, 48.130859 ], [ 115.557617, 47.94502 ], [ 115.616406, 47.874805 ], [ 115.711719, 47.798926 ], [ 115.811719, 47.738232 ], [ 115.898242, 47.686914 ], [ 115.993848, 47.711328 ], [ 116.074805, 47.789551 ], [ 116.231152, 47.858203 ], [ 116.317187, 47.859863 ], [ 116.378223, 47.844043 ], [ 116.513477, 47.839551 ], [ 116.651953, 47.864502 ], [ 116.760547, 47.869775 ], [ 116.901172, 47.853076 ], [ 116.95166, 47.836572 ], [ 117.069727, 47.806396 ], [ 117.19707, 47.740283 ], [ 117.285937, 47.666357 ], [ 117.350781, 47.652197 ], [ 117.383984, 47.675732 ], [ 117.455078, 47.741357 ], [ 117.555371, 47.804688 ], [ 117.67666, 47.908301 ], [ 117.768359, 47.987891 ], [ 117.84043, 47.999854 ], [ 117.979199, 47.999609 ], [ 118.041895, 48.018945 ], [ 118.14707, 48.028906 ], [ 118.239648, 47.999512 ], [ 118.498438, 47.983984 ], [ 118.567773, 47.943262 ], [ 118.690527, 47.822266 ], [ 118.759961, 47.757617 ], [ 118.880273, 47.725098 ], [ 118.953125, 47.70293 ], [ 119.017578, 47.685352 ], [ 119.081934, 47.65415 ], [ 119.097266, 47.61626 ], [ 119.122949, 47.558496 ], [ 119.162402, 47.525195 ], [ 119.235254, 47.492578 ], [ 119.29082, 47.472656 ], [ 119.308594, 47.430713 ], [ 119.325977, 47.410156 ], [ 119.37666, 47.380859 ], [ 119.526953, 47.255908 ], [ 119.600195, 47.222461 ], [ 119.711133, 47.15 ], [ 119.757227, 47.090039 ], [ 119.759863, 47.027002 ], [ 119.788477, 46.978809 ], [ 119.862695, 46.906592 ], [ 119.897852, 46.857812 ], [ 119.88418, 46.791455 ], [ 119.895898, 46.732861 ], [ 119.867188, 46.672168 ], [ 119.747461, 46.627197 ], [ 119.706641, 46.606006 ], [ 119.620215, 46.603955 ], [ 119.474023, 46.62666 ], [ 119.331836, 46.613818 ], [ 119.162109, 46.638672 ], [ 119.028516, 46.692187 ], [ 118.957129, 46.734863 ], [ 118.843945, 46.760205 ], [ 118.790332, 46.74707 ], [ 118.722949, 46.691895 ], [ 118.64873, 46.70166 ], [ 118.580469, 46.691895 ], [ 118.404395, 46.703174 ], [ 118.308691, 46.717041 ], [ 118.156836, 46.678564 ], [ 118.071289, 46.666602 ], [ 117.910449, 46.619336 ], [ 117.813477, 46.537695 ], [ 117.741211, 46.518164 ], [ 117.671094, 46.52207 ], [ 117.620508, 46.552002 ], [ 117.546875, 46.588281 ], [ 117.438086, 46.58623 ], [ 117.405566, 46.570898 ], [ 117.392188, 46.537598 ], [ 117.356348, 46.43667 ], [ 117.356934, 46.391309 ], [ 117.333398, 46.362012 ], [ 117.269043, 46.352246 ], [ 117.155957, 46.355078 ], [ 116.978809, 46.361768 ], [ 116.859082, 46.387939 ], [ 116.787012, 46.37666 ], [ 116.688867, 46.321973 ], [ 116.619336, 46.313086 ], [ 116.562598, 46.289795 ], [ 116.516699, 46.209082 ], [ 116.444824, 46.158789 ], [ 116.357617, 46.096582 ], [ 116.264551, 45.963037 ], [ 116.212988, 45.886914 ], [ 116.229102, 45.845752 ], [ 116.240625, 45.795996 ], [ 116.197656, 45.739355 ], [ 116.109863, 45.686719 ], [ 116.039551, 45.676953 ], [ 115.93418, 45.626172 ], [ 115.78916, 45.534814 ], [ 115.681055, 45.458252 ], [ 115.539453, 45.439502 ], [ 115.439453, 45.419971 ], [ 115.21748, 45.396191 ], [ 115.162598, 45.390234 ], [ 114.919238, 45.378271 ], [ 114.73877, 45.419629 ], [ 114.644336, 45.413281 ], [ 114.560156, 45.38999 ], [ 114.517188, 45.3646 ], [ 114.502246, 45.316309 ], [ 114.487305, 45.271729 ], [ 114.419141, 45.202588 ], [ 114.281055, 45.110889 ], [ 114.167383, 45.049854 ], [ 114.080273, 44.971143 ], [ 114.030273, 44.942578 ], [ 113.930859, 44.912305 ], [ 113.877051, 44.896191 ], [ 113.752148, 44.825928 ], [ 113.652637, 44.763477 ], [ 113.587012, 44.745703 ], [ 113.50791, 44.762354 ], [ 113.455664, 44.767432 ], [ 113.300977, 44.79165 ], [ 113.196094, 44.794824 ], [ 113.049414, 44.810352 ], [ 112.706738, 44.883447 ], [ 112.596777, 44.917676 ], [ 112.499316, 45.010937 ], [ 112.411328, 45.058203 ], [ 112.29209, 45.063037 ], [ 112.112891, 45.062939 ], [ 112.032617, 45.081641 ], [ 111.898047, 45.064062 ], [ 111.751074, 44.969531 ], [ 111.681445, 44.89917 ], [ 111.621289, 44.827148 ], [ 111.547461, 44.6729 ], [ 111.514746, 44.569824 ], [ 111.489453, 44.511572 ], [ 111.410937, 44.419189 ], [ 111.402246, 44.367285 ], [ 111.42959, 44.322363 ], [ 111.48623, 44.271631 ], [ 111.519727, 44.191895 ], [ 111.602637, 44.107129 ], [ 111.683789, 44.041113 ], [ 111.836914, 43.934668 ], [ 111.880273, 43.878906 ], [ 111.931738, 43.814941 ], [ 111.942871, 43.752441 ], [ 111.933203, 43.711426 ], [ 111.878125, 43.680176 ], [ 111.771094, 43.6646 ], [ 111.719727, 43.621143 ], [ 111.64082, 43.563184 ], [ 111.547363, 43.496289 ], [ 111.503516, 43.492773 ], [ 111.451074, 43.474902 ], [ 111.186816, 43.391992 ], [ 111.086523, 43.36875 ], [ 111.007227, 43.341406 ], [ 110.913281, 43.256885 ], [ 110.839551, 43.194092 ], [ 110.748535, 43.110791 ], [ 110.708594, 43.073877 ], [ 110.627539, 42.990527 ], [ 110.520898, 42.895264 ], [ 110.461719, 42.844141 ], [ 110.42959, 42.813574 ], [ 110.400391, 42.773682 ], [ 110.288867, 42.742725 ], [ 110.196875, 42.71001 ], [ 110.058008, 42.660596 ], [ 109.858789, 42.60625 ], [ 109.698047, 42.553809 ], [ 109.595508, 42.510547 ], [ 109.443164, 42.455957 ], [ 109.339844, 42.438379 ], [ 109.131641, 42.440576 ], [ 108.874512, 42.426465 ], [ 108.687305, 42.416113 ], [ 108.546484, 42.429297 ], [ 108.333984, 42.436768 ], [ 108.171191, 42.447314 ], [ 108.062305, 42.427197 ], [ 107.805957, 42.405859 ], [ 107.74873, 42.400977 ], [ 107.292383, 42.349268 ], [ 107.090723, 42.321533 ], [ 106.906055, 42.308887 ], [ 106.77002, 42.288721 ], [ 106.693164, 42.263574 ], [ 106.579102, 42.227344 ], [ 106.51875, 42.211572 ], [ 106.317187, 42.140576 ], [ 105.867578, 41.993994 ], [ 105.566406, 41.875098 ], [ 105.51709, 41.854736 ], [ 105.314355, 41.770898 ], [ 105.19707, 41.738037 ], [ 105.11543, 41.663281 ], [ 105.050586, 41.615918 ], [ 104.982031, 41.595508 ], [ 104.860352, 41.64375 ], [ 104.773633, 41.641162 ], [ 104.498242, 41.658691 ], [ 104.498242, 41.877002 ], [ 104.305176, 41.846143 ], [ 103.997266, 41.796973 ], [ 103.711133, 41.751318 ], [ 103.449707, 41.855859 ], [ 103.247852, 41.936572 ], [ 103.072852, 42.005957 ], [ 102.806836, 42.052002 ], [ 102.575195, 42.09209 ], [ 102.156641, 42.158105 ], [ 101.972949, 42.215869 ], [ 101.879883, 42.292334 ], [ 101.713867, 42.46582 ], [ 101.659961, 42.500049 ], [ 101.579102, 42.523535 ], [ 101.495313, 42.53877 ], [ 101.31377, 42.537891 ], [ 101.091992, 42.551318 ], [ 100.772559, 42.587793 ], [ 100.519043, 42.616797 ], [ 100.086328, 42.670752 ], [ 99.983789, 42.677344 ], [ 99.757422, 42.629443 ], [ 99.467871, 42.568213 ], [ 98.946875, 42.616211 ], [ 98.716309, 42.638721 ], [ 98.248242, 42.684521 ], [ 97.718945, 42.736279 ], [ 97.205664, 42.789795 ], [ 96.833008, 42.760254 ], [ 96.625293, 42.743848 ], [ 96.385449, 42.720361 ], [ 96.352344, 42.746777 ], [ 96.34248, 42.849316 ], [ 96.299512, 42.928711 ], [ 96.168457, 43.014502 ], [ 96.080273, 43.096143 ], [ 95.9125, 43.206494 ], [ 95.85957, 43.275977 ], [ 95.841992, 43.383691 ], [ 95.687305, 43.664062 ], [ 95.591211, 43.853613 ], [ 95.567187, 43.892236 ], [ 95.525586, 43.953955 ], [ 95.471289, 43.986182 ], [ 95.356445, 44.005957 ], [ 95.325586, 44.039355 ], [ 95.325586, 44.104883 ], [ 95.343652, 44.19541 ], [ 95.366797, 44.261523 ], [ 95.350293, 44.278076 ], [ 95.049805, 44.259424 ], [ 94.866016, 44.30332 ], [ 94.712012, 44.35083 ], [ 94.494336, 44.47251 ], [ 94.364746, 44.519482 ], [ 94.199316, 44.645166 ], [ 93.95791, 44.674951 ], [ 93.868164, 44.724219 ], [ 93.755273, 44.831934 ], [ 93.656445, 44.900977 ], [ 93.516211, 44.944482 ], [ 93.294336, 44.983154 ], [ 92.916016, 45.020166 ], [ 92.787891, 45.035742 ], [ 92.578906, 45.010986 ], [ 92.423828, 45.008936 ], [ 92.172656, 45.035254 ], [ 92.029785, 45.068506 ], [ 91.852832, 45.069336 ], [ 91.737793, 45.068945 ], [ 91.584375, 45.076514 ], [ 91.510059, 45.098242 ], [ 91.441016, 45.124756 ], [ 91.312109, 45.118115 ], [ 91.221777, 45.144531 ], [ 91.137695, 45.193945 ], [ 91.05, 45.217432 ], [ 90.953613, 45.215918 ], [ 90.913965, 45.193945 ], [ 90.877246, 45.196094 ], [ 90.853223, 45.262891 ], [ 90.763184, 45.370654 ], [ 90.749609, 45.418945 ], [ 90.694434, 45.474658 ], [ 90.661816, 45.525244 ], [ 90.670703, 45.595166 ], [ 90.709668, 45.730811 ], [ 90.795898, 45.853516 ], [ 90.852441, 45.8854 ], [ 90.887109, 45.921631 ], [ 90.959766, 45.985059 ], [ 91.001758, 46.035791 ], [ 90.996777, 46.10498 ], [ 90.947559, 46.177295 ], [ 90.911523, 46.270654 ], [ 90.918262, 46.324268 ], [ 90.971484, 46.387988 ], [ 91.033887, 46.529004 ], [ 91.028906, 46.566064 ], [ 91.004297, 46.595752 ], [ 90.997852, 46.661084 ], [ 90.985742, 46.749023 ], [ 90.910547, 46.883252 ], [ 90.869922, 46.954492 ], [ 90.799023, 46.985156 ], [ 90.715527, 47.003857 ], [ 90.643359, 47.100293 ], [ 90.55293, 47.214014 ], [ 90.496191, 47.285156 ], [ 90.476465, 47.328809 ], [ 90.46748, 47.408154 ], [ 90.425195, 47.504102 ], [ 90.380664, 47.556641 ], [ 90.347461, 47.596973 ], [ 90.330664, 47.655176 ], [ 90.313281, 47.676172 ], [ 90.191016, 47.7021 ], [ 90.103223, 47.74541 ], [ 90.066602, 47.803564 ], [ 90.053906, 47.850488 ], [ 90.02793, 47.877686 ], [ 89.958691, 47.886328 ], [ 89.910449, 47.844336 ], [ 89.831348, 47.823291 ], [ 89.778125, 47.827002 ], [ 89.725586, 47.85249 ], [ 89.693164, 47.87915 ], [ 89.638477, 47.909082 ], [ 89.560938, 48.003955 ], [ 89.479199, 48.029053 ], [ 89.329883, 48.024854 ], [ 89.196289, 47.980908 ], [ 89.115625, 47.987695 ], [ 89.047656, 48.002539 ], [ 88.971094, 48.049951 ], [ 88.917773, 48.089014 ], [ 88.838281, 48.101709 ], [ 88.681836, 48.170557 ], [ 88.575977, 48.220166 ], [ 88.566797, 48.317432 ], [ 88.51709, 48.384473 ], [ 88.413965, 48.403418 ], [ 88.309961, 48.47207 ], [ 88.158203, 48.509082 ], [ 88.062598, 48.537842 ], [ 87.979688, 48.555127 ], [ 87.967383, 48.581055 ], [ 87.972266, 48.60332 ], [ 88.010645, 48.64043 ], [ 88.050195, 48.675049 ], [ 88.060059, 48.707178 ], [ 88.02793, 48.735596 ], [ 87.942187, 48.765283 ], [ 87.831836, 48.79165 ], [ 87.80918, 48.835742 ], [ 87.743164, 48.881641 ], [ 87.754687, 48.918555 ], [ 87.806836, 48.945508 ], [ 87.859863, 48.965527 ], [ 87.872168, 49.000146 ], [ 87.834668, 49.031934 ], [ 87.816309, 49.080273 ], [ 87.825195, 49.116309 ], [ 87.814258, 49.162305 ], [ 87.7625, 49.16582 ], [ 87.668359, 49.147217 ], [ 87.576563, 49.132373 ], [ 87.51582, 49.122412 ], [ 87.476172, 49.091455 ], [ 87.416699, 49.076611 ], [ 87.322852, 49.085791 ], [ 87.22998, 49.105859 ], [ 87.048535, 49.109912 ], [ 86.937988, 49.097559 ], [ 86.885938, 49.090576 ], [ 86.808301, 49.049707 ], [ 86.753125, 49.008838 ], [ 86.728613, 48.939355 ], [ 86.757812, 48.860742 ], [ 86.717969, 48.697168 ], [ 86.66377, 48.635547 ], [ 86.549414, 48.528613 ], [ 86.483301, 48.505371 ], [ 86.372559, 48.48623 ], [ 86.265625, 48.454541 ], [ 86.056152, 48.42373 ], [ 85.829883, 48.408057 ], [ 85.749414, 48.385059 ], [ 85.692187, 48.311816 ], [ 85.651563, 48.250537 ], [ 85.626367, 48.204004 ], [ 85.562305, 48.051855 ], [ 85.525977, 47.915625 ], [ 85.561621, 47.746484 ], [ 85.588281, 47.558496 ], [ 85.586621, 47.493652 ], [ 85.641797, 47.397412 ], [ 85.669824, 47.338379 ], [ 85.656641, 47.254639 ], [ 85.577246, 47.188477 ], [ 85.529688, 47.100781 ], [ 85.484766, 47.063525 ], [ 85.355371, 47.046729 ], [ 85.233496, 47.036377 ], [ 85.110547, 46.96123 ], [ 85.012207, 46.909229 ], [ 84.858203, 46.843164 ], [ 84.786133, 46.830713 ], [ 84.745996, 46.864355 ], [ 84.719531, 46.939355 ], [ 84.666602, 46.972363 ], [ 84.592285, 46.974951 ], [ 84.532422, 46.975781 ], [ 84.338867, 46.996143 ], [ 84.215137, 46.994727 ], [ 84.12207, 46.978613 ], [ 84.016016, 46.970508 ], [ 83.832617, 46.997852 ], [ 83.713965, 47.021045 ], [ 83.634082, 47.043213 ], [ 83.443555, 47.108643 ], [ 83.193066, 47.186572 ], [ 83.090332, 47.209375 ], [ 83.029492, 47.185937 ], [ 83.020117, 47.141455 ], [ 83.004102, 47.033496 ], [ 82.974902, 46.966016 ], [ 82.8, 46.624463 ], [ 82.692187, 46.38667 ], [ 82.555078, 46.158691 ], [ 82.511719, 46.005811 ], [ 82.429688, 45.811914 ], [ 82.348145, 45.671533 ], [ 82.315234, 45.594922 ], [ 82.312207, 45.563721 ], [ 82.32666, 45.519922 ], [ 82.45166, 45.471973 ], [ 82.58252, 45.442578 ], [ 82.611621, 45.424268 ], [ 82.625781, 45.374414 ], [ 82.621094, 45.293115 ], [ 82.596973, 45.215967 ], [ 82.558984, 45.15542 ], [ 82.521484, 45.125488 ], [ 82.478711, 45.123584 ], [ 82.39668, 45.162451 ], [ 82.323438, 45.205859 ], [ 82.266602, 45.219092 ], [ 82.122754, 45.194873 ], [ 81.989258, 45.161865 ], [ 81.944922, 45.16084 ], [ 81.86748, 45.18208 ], [ 81.789648, 45.226025 ], [ 81.758887, 45.31084 ], [ 81.691992, 45.349365 ], [ 81.602051, 45.31084 ], [ 81.334766, 45.246191 ], [ 81.040332, 45.169141 ], [ 80.85332, 45.129297 ], [ 80.780078, 45.135547 ], [ 80.634766, 45.126514 ], [ 80.50918, 45.10498 ], [ 80.414941, 45.075098 ], [ 80.228223, 45.033984 ], [ 80.05918, 45.006445 ], [ 79.950195, 44.944092 ], [ 79.871875, 44.883789 ], [ 79.875293, 44.86084 ], [ 79.932129, 44.825195 ], [ 79.997168, 44.797217 ], [ 80.127832, 44.80376 ], [ 80.255078, 44.808105 ], [ 80.36084, 44.770312 ], [ 80.455469, 44.746094 ], [ 80.481543, 44.714648 ], [ 80.455469, 44.684082 ], [ 80.400586, 44.676904 ], [ 80.381445, 44.65542 ], [ 80.391016, 44.626807 ], [ 80.355078, 44.552002 ], [ 80.336328, 44.438379 ], [ 80.354883, 44.326514 ], [ 80.365332, 44.223291 ], [ 80.358984, 44.171289 ], [ 80.355273, 44.097266 ], [ 80.395801, 44.047168 ], [ 80.431543, 43.951758 ], [ 80.495996, 43.89209 ], [ 80.593457, 43.685107 ], [ 80.650781, 43.56416 ], [ 80.703809, 43.427051 ], [ 80.66543, 43.352979 ], [ 80.667773, 43.310059 ], [ 80.729785, 43.274268 ], [ 80.757031, 43.204346 ], [ 80.785742, 43.161572 ], [ 80.777734, 43.118945 ], [ 80.751172, 43.10249 ], [ 80.616992, 43.128271 ], [ 80.507031, 43.085791 ], [ 80.390234, 43.043115 ], [ 80.374512, 43.02041 ], [ 80.371289, 42.995605 ], [ 80.383398, 42.973779 ], [ 80.450684, 42.935547 ], [ 80.54375, 42.911719 ], [ 80.538965, 42.873486 ], [ 80.424023, 42.855762 ], [ 80.250293, 42.797266 ], [ 80.202246, 42.734473 ], [ 80.165039, 42.665527 ], [ 80.161914, 42.625537 ], [ 80.179297, 42.518359 ], [ 80.205762, 42.399414 ], [ 80.255078, 42.27417 ], [ 80.259082, 42.2354 ], [ 80.233008, 42.207812 ], [ 80.209375, 42.190039 ], [ 80.229199, 42.129834 ], [ 80.246191, 42.059814 ], [ 80.235156, 42.043457 ], [ 80.216211, 42.032422 ], [ 79.909668, 42.01499 ], [ 79.84043, 41.995752 ], [ 79.766113, 41.898877 ], [ 79.503906, 41.820996 ], [ 79.354395, 41.781055 ], [ 79.293555, 41.782812 ], [ 79.148438, 41.719141 ], [ 78.742578, 41.560059 ], [ 78.543164, 41.45957 ], [ 78.442871, 41.417529 ], [ 78.362402, 41.371631 ], [ 78.348828, 41.325195 ], [ 78.346289, 41.281445 ], [ 78.123438, 41.075635 ], [ 77.956445, 41.050684 ], [ 77.815234, 41.055615 ], [ 77.719336, 41.024316 ], [ 77.581738, 40.992773 ], [ 77.283984, 41.014355 ], [ 77.182031, 41.010742 ], [ 76.986621, 41.03916 ], [ 76.907715, 41.02417 ], [ 76.824023, 40.982324 ], [ 76.708398, 40.818115 ], [ 76.661133, 40.779639 ], [ 76.639844, 40.742236 ], [ 76.622168, 40.662354 ], [ 76.57793, 40.577881 ], [ 76.520898, 40.51123 ], [ 76.480176, 40.449512 ], [ 76.396387, 40.389795 ], [ 76.318555, 40.352246 ], [ 76.258301, 40.430762 ], [ 76.206055, 40.408398 ], [ 76.156641, 40.376465 ], [ 76.062305, 40.387549 ], [ 76.004297, 40.371436 ], [ 75.871973, 40.303223 ], [ 75.677148, 40.305811 ], [ 75.655957, 40.329248 ], [ 75.617383, 40.516602 ], [ 75.583496, 40.605322 ], [ 75.555566, 40.625195 ], [ 75.520801, 40.627539 ], [ 75.241016, 40.480273 ], [ 75.111328, 40.454102 ], [ 75.004492, 40.449512 ], [ 74.865625, 40.493506 ], [ 74.835156, 40.482617 ], [ 74.811133, 40.458789 ], [ 74.80127, 40.428516 ], [ 74.841797, 40.344971 ], [ 74.830469, 40.328516 ], [ 74.767773, 40.329883 ], [ 74.679883, 40.310596 ], [ 74.613086, 40.272168 ], [ 74.411914, 40.137207 ], [ 74.242676, 40.092041 ], [ 74.085156, 40.074316 ], [ 74.020508, 40.059375 ], [ 73.991602, 40.043115 ], [ 73.93877, 39.978809 ], [ 73.88457, 39.87793 ], [ 73.85625, 39.828662 ], [ 73.835352, 39.800146 ], [ 73.839746, 39.762842 ], [ 73.88252, 39.714551 ], [ 73.914648, 39.606494 ], [ 73.907129, 39.578516 ], [ 73.872754, 39.533301 ], [ 73.822949, 39.488965 ], [ 73.715723, 39.462256 ], [ 73.631641, 39.448877 ], [ 73.636328, 39.39668 ], [ 73.623145, 39.297852 ], [ 73.607324, 39.229199 ], [ 73.69043, 39.104541 ], [ 73.74375, 39.044531 ], [ 73.795605, 39.002148 ], [ 73.805273, 38.968652 ], [ 73.794531, 38.941309 ], [ 73.72998, 38.914697 ], [ 73.706836, 38.88623 ], [ 73.696094, 38.854297 ], [ 73.716797, 38.817236 ], [ 73.754102, 38.698926 ], [ 73.80166, 38.606885 ], [ 73.869141, 38.562891 ], [ 73.97002, 38.533691 ], [ 74.025586, 38.539844 ], [ 74.065332, 38.608496 ], [ 74.131348, 38.661182 ], [ 74.187305, 38.65752 ], [ 74.277441, 38.659766 ], [ 74.514063, 38.6 ], [ 74.74502, 38.51001 ], [ 74.812305, 38.460303 ], [ 74.835938, 38.404297 ], [ 74.77207, 38.274756 ], [ 74.775098, 38.191895 ], [ 74.789648, 38.103613 ], [ 74.84248, 38.038086 ], [ 74.89082, 37.925781 ], [ 74.900293, 37.832715 ], [ 74.921289, 37.80498 ], [ 74.938281, 37.77251 ], [ 74.912305, 37.687305 ], [ 74.894238, 37.601416 ], [ 74.91582, 37.572803 ], [ 74.986426, 37.530371 ], [ 75.097461, 37.45127 ], [ 75.11875, 37.385693 ], [ 75.079004, 37.344043 ], [ 75.008398, 37.293555 ], [ 74.918164, 37.25 ], [ 74.891309, 37.231641 ], [ 74.840234, 37.225049 ], [ 74.767383, 37.24917 ], [ 74.738965, 37.285645 ], [ 74.72666, 37.290723 ], [ 74.668945, 37.266699 ], [ 74.558984, 37.236621 ], [ 74.372168, 37.157715 ], [ 74.376172, 37.137354 ], [ 74.497949, 37.057227 ], [ 74.526465, 37.030664 ], [ 74.541406, 37.022168 ], [ 74.600586, 37.03667 ], [ 74.692188, 37.035742 ], [ 74.766016, 37.012744 ], [ 74.841211, 36.979102 ], [ 74.889258, 36.952441 ], [ 74.949121, 36.968359 ], [ 75.053906, 36.987158 ], [ 75.145215, 36.973242 ], [ 75.34668, 36.913477 ], [ 75.376855, 36.883691 ], [ 75.424219, 36.738232 ], [ 75.460254, 36.725049 ], [ 75.57373, 36.759326 ], [ 75.667188, 36.741992 ], [ 75.772168, 36.694922 ], [ 75.840234, 36.649707 ], [ 75.884961, 36.600732 ], [ 75.933008, 36.521582 ], [ 75.951855, 36.458105 ], [ 75.974414, 36.382422 ], [ 75.968652, 36.168848 ], [ 75.934082, 36.133936 ], [ 75.904883, 36.088477 ], [ 75.912305, 36.048975 ], [ 75.945117, 36.017578 ], [ 76.010449, 35.996338 ], [ 76.070898, 35.983008 ], [ 76.10332, 35.949219 ], [ 76.147852, 35.829004 ], [ 76.177832, 35.810547 ], [ 76.25166, 35.810937 ], [ 76.385742, 35.837158 ], [ 76.502051, 35.878223 ], [ 76.55127, 35.887061 ], [ 76.563477, 35.772998 ], [ 76.631836, 35.729395 ], [ 76.727539, 35.678662 ], [ 76.766895, 35.661719 ], [ 76.878906, 35.613281 ], [ 77.090039, 35.552051 ], [ 77.294824, 35.508154 ], [ 77.446484, 35.475586 ], [ 77.52002, 35.473437 ], [ 77.572559, 35.471826 ], [ 77.724023, 35.480566 ], [ 77.799414, 35.495898 ], [ 77.802539, 35.492773 ], [ 77.810938, 35.484521 ], [ 77.851562, 35.460791 ], [ 77.894922, 35.449023 ], [ 77.945898, 35.471631 ], [ 78.009473, 35.490234 ], [ 78.042676, 35.479785 ], [ 78.047461, 35.449414 ], [ 78.00918, 35.306934 ], [ 78.012207, 35.251025 ], [ 78.075781, 35.134912 ], [ 78.158496, 34.946484 ], [ 78.236133, 34.769824 ], [ 78.282031, 34.653906 ], [ 78.326953, 34.606396 ], [ 78.515723, 34.557959 ], [ 78.670801, 34.518164 ], [ 78.763086, 34.45293 ], [ 78.864844, 34.390332 ], [ 78.936426, 34.351953 ], [ 78.970117, 34.302637 ], [ 78.976953, 34.258105 ], [ 78.970605, 34.228223 ], [ 78.931738, 34.188965 ], [ 78.753027, 34.087695 ], [ 78.731738, 34.055566 ], [ 78.72666, 34.013379 ], [ 78.761719, 33.887598 ], [ 78.783789, 33.808789 ], [ 78.789941, 33.650342 ], [ 78.801855, 33.499707 ], [ 78.865039, 33.431104 ], [ 78.916699, 33.386768 ], [ 78.948438, 33.346533 ], [ 79.012598, 33.291455 ], [ 79.066504, 33.250391 ], [ 79.1125, 33.22627 ], [ 79.135156, 33.171924 ], [ 79.12168, 33.108105 ], [ 79.102832, 33.052539 ], [ 79.108594, 33.022656 ], [ 79.145508, 33.001465 ], [ 79.202246, 32.946045 ], [ 79.20957, 32.864844 ], [ 79.205566, 32.809033 ], [ 79.22793, 32.758789 ], [ 79.233887, 32.703076 ], [ 79.216504, 32.564014 ], [ 79.219043, 32.507568 ], [ 79.219336, 32.501074 ], [ 79.169922, 32.497217 ], [ 79.127344, 32.475781 ], [ 79.066992, 32.388184 ], [ 78.997656, 32.365137 ], [ 78.918945, 32.358203 ], [ 78.837891, 32.411963 ], [ 78.771289, 32.468066 ], [ 78.753516, 32.499268 ], [ 78.736719, 32.558398 ], [ 78.700879, 32.597021 ], [ 78.631543, 32.578955 ], [ 78.526367, 32.570801 ], [ 78.4125, 32.557715 ], [ 78.391699, 32.544727 ], [ 78.389648, 32.519873 ], [ 78.41748, 32.466699 ], [ 78.441309, 32.397363 ], [ 78.455273, 32.300342 ], [ 78.486133, 32.23623 ], [ 78.495898, 32.215771 ], [ 78.677734, 32.023047 ], [ 78.725586, 31.983789 ], [ 78.735449, 31.957959 ], [ 78.719727, 31.887646 ], [ 78.687012, 31.805518 ], [ 78.693457, 31.740381 ], [ 78.753906, 31.668359 ], [ 78.80293, 31.618066 ], [ 78.755078, 31.550293 ], [ 78.726758, 31.471826 ], [ 78.758594, 31.436572 ], [ 78.743555, 31.323779 ], [ 78.757812, 31.30249 ], [ 78.791602, 31.293652 ], [ 78.844531, 31.301514 ], [ 78.899512, 31.331348 ], [ 78.945996, 31.337207 ], [ 78.973926, 31.328613 ], [ 79.011133, 31.414111 ], [ 79.04375, 31.426221 ], [ 79.107129, 31.402637 ], [ 79.232617, 31.241748 ], [ 79.33877, 31.105713 ], [ 79.369629, 31.079932 ], [ 79.388477, 31.064209 ], [ 79.493164, 30.993701 ], [ 79.56543, 30.949072 ], [ 79.664258, 30.965234 ], [ 79.794629, 30.968262 ], [ 79.871875, 30.924609 ], [ 79.916602, 30.894189 ], [ 79.918555, 30.889893 ], [ 79.924512, 30.88877 ], [ 80.081445, 30.781934 ], [ 80.149414, 30.789844 ], [ 80.194336, 30.759229 ], [ 80.207129, 30.68374 ], [ 80.18623, 30.605322 ], [ 80.191211, 30.568408 ], [ 80.260938, 30.561328 ], [ 80.40957, 30.509473 ], [ 80.541016, 30.463525 ], [ 80.608887, 30.448877 ], [ 80.682129, 30.414844 ], [ 80.746777, 30.3604 ], [ 80.873535, 30.290576 ], [ 80.985449, 30.237109 ], [ 81.010254, 30.164502 ], [ 81.055566, 30.098975 ], [ 81.110352, 30.036816 ], [ 81.177148, 30.039893 ], [ 81.255078, 30.093311 ], [ 81.417188, 30.337598 ], [ 81.641895, 30.3875 ], [ 81.854883, 30.362402 ], [ 82.043359, 30.326758 ], [ 82.098926, 30.245068 ], [ 82.135352, 30.158984 ], [ 82.158984, 30.115186 ], [ 82.220703, 30.063867 ], [ 82.486523, 29.941504 ], [ 82.64082, 29.831201 ], [ 82.854297, 29.683398 ], [ 83.013965, 29.618066 ], [ 83.155469, 29.612646 ], [ 83.235156, 29.55459 ], [ 83.355176, 29.43916 ], [ 83.456641, 29.306348 ], [ 83.583496, 29.183594 ], [ 83.671094, 29.187598 ], [ 83.79043, 29.227441 ], [ 83.935938, 29.279492 ], [ 84.021973, 29.253857 ], [ 84.101367, 29.219971 ], [ 84.127832, 29.156299 ], [ 84.175586, 29.036377 ], [ 84.228711, 28.911768 ], [ 84.312109, 28.868115 ], [ 84.410742, 28.803906 ], [ 84.46543, 28.75293 ], [ 84.650586, 28.65957 ], [ 84.676758, 28.621533 ], [ 84.714258, 28.595557 ], [ 84.759375, 28.579248 ], [ 84.796875, 28.560205 ], [ 84.855078, 28.553613 ], [ 85.069141, 28.609668 ], [ 85.126367, 28.602637 ], [ 85.159082, 28.592236 ], [ 85.160156, 28.571875 ], [ 85.121484, 28.484277 ], [ 85.088574, 28.372266 ], [ 85.122461, 28.315967 ], [ 85.212109, 28.292627 ], [ 85.410645, 28.276025 ], [ 85.67832, 28.277441 ], [ 85.759473, 28.220654 ], [ 85.840234, 28.135352 ], [ 85.92168, 27.989697 ], [ 85.954102, 27.928223 ], [ 85.994531, 27.9104 ], [ 86.06416, 27.934717 ], [ 86.075488, 27.99458 ], [ 86.078711, 28.083594 ], [ 86.137012, 28.114355 ], [ 86.174219, 28.091699 ], [ 86.217969, 28.02207 ], [ 86.328613, 27.959521 ], [ 86.408691, 27.928662 ], [ 86.484961, 27.939551 ], [ 86.516895, 27.963525 ], [ 86.554492, 28.085205 ], [ 86.614453, 28.103027 ], [ 86.690527, 28.094922 ], [ 86.719629, 28.070654 ], [ 86.750391, 28.02207 ], [ 86.842383, 27.99917 ], [ 86.933789, 27.968457 ], [ 87.020117, 27.928662 ], [ 87.141406, 27.83833 ], [ 87.290723, 27.821924 ], [ 87.46416, 27.823828 ], [ 87.555273, 27.821826 ], [ 87.622559, 27.815186 ], [ 87.682715, 27.821387 ], [ 87.860742, 27.886084 ], [ 87.933398, 27.89082 ], [ 88.02334, 27.883398 ], [ 88.109766, 27.870605 ], [ 88.098926, 27.904541 ], [ 88.108984, 27.933008 ], [ 88.141113, 27.948926 ], [ 88.275195, 27.968848 ], [ 88.425977, 28.01167 ], [ 88.486133, 28.034473 ], [ 88.531641, 28.057373 ], [ 88.57793, 28.093359 ], [ 88.621094, 28.091846 ], [ 88.75625, 28.039697 ], [ 88.803711, 28.006934 ], [ 88.828613, 27.907275 ], [ 88.848828, 27.868652 ], [ 88.829883, 27.767383 ], [ 88.749023, 27.521875 ], [ 88.764844, 27.429883 ], [ 88.83252, 27.362842 ], [ 88.891406, 27.316064 ], [ 88.947559, 27.464014 ], [ 89.025488, 27.517871 ], [ 89.102344, 27.592578 ], [ 89.160449, 27.711279 ], [ 89.272656, 27.833154 ], [ 89.395898, 27.958154 ], [ 89.480664, 28.059961 ], [ 89.536914, 28.107422 ], [ 89.652734, 28.158301 ], [ 89.749805, 28.188184 ], [ 89.816895, 28.256299 ], [ 89.897852, 28.294141 ], [ 89.981055, 28.311182 ], [ 90.104492, 28.302051 ], [ 90.220801, 28.277734 ], [ 90.348242, 28.243945 ], [ 90.362988, 28.216504 ], [ 90.352148, 28.168164 ], [ 90.333789, 28.119141 ], [ 90.333105, 28.093994 ], [ 90.352734, 28.080225 ], [ 90.477344, 28.07085 ], [ 90.630078, 28.078564 ], [ 90.715723, 28.071729 ], [ 90.906641, 28.026514 ], [ 90.9625, 27.99458 ], [ 91.020801, 27.970068 ], [ 91.077734, 27.974463 ], [ 91.149902, 28.026758 ], [ 91.225879, 28.07124 ], [ 91.273047, 28.078369 ], [ 91.306836, 28.064014 ], [ 91.367578, 28.021631 ], [ 91.493359, 27.981787 ], [ 91.605566, 27.951709 ], [ 91.641895, 27.923242 ], [ 91.629395, 27.800879 ], [ 91.631934, 27.759961 ], [ 91.712598, 27.759814 ], [ 91.824707, 27.746436 ], [ 91.909375, 27.729687 ], [ 91.977637, 27.730371 ], [ 92.10127, 27.807617 ], [ 92.157617, 27.812256 ], [ 92.222266, 27.826953 ], [ 92.250488, 27.841504 ], [ 92.270117, 27.830225 ], [ 92.341016, 27.820752 ], [ 92.414844, 27.824609 ], [ 92.480664, 27.845947 ], [ 92.54668, 27.879199 ], [ 92.664355, 27.948926 ], [ 92.687793, 27.988965 ], [ 92.6875, 28.025732 ], [ 92.665625, 28.049854 ], [ 92.643457, 28.061523 ], [ 92.652539, 28.093359 ], [ 92.701855, 28.147119 ], [ 92.881836, 28.228125 ], [ 93.034961, 28.327637 ], [ 93.119238, 28.402295 ], [ 93.157813, 28.492725 ], [ 93.206543, 28.59082 ], [ 93.251953, 28.629492 ], [ 93.360547, 28.654053 ], [ 93.664941, 28.690234 ], [ 93.760742, 28.729785 ], [ 93.902246, 28.803223 ], [ 93.973633, 28.860791 ], [ 94.013281, 28.90752 ], [ 94.017676, 28.959521 ], [ 94.111523, 28.975879 ], [ 94.193457, 29.059912 ], [ 94.293262, 29.144629 ], [ 94.468066, 29.216211 ], [ 94.623047, 29.312402 ], [ 94.677051, 29.297021 ], [ 94.733398, 29.251611 ], [ 94.763086, 29.20127 ], [ 94.769434, 29.175879 ], [ 94.96748, 29.144043 ], [ 94.998828, 29.14917 ], [ 95.144727, 29.104053 ], [ 95.279102, 29.049561 ], [ 95.353125, 29.035889 ], [ 95.389258, 29.037402 ], [ 95.420215, 29.054297 ], [ 95.456543, 29.102295 ], [ 95.49375, 29.137012 ], [ 95.516992, 29.151172 ], [ 95.51582, 29.206348 ], [ 95.710352, 29.313818 ], [ 95.885059, 29.390918 ], [ 96.035352, 29.447168 ], [ 96.07959, 29.424121 ], [ 96.128516, 29.381396 ], [ 96.194727, 29.272461 ], [ 96.234961, 29.245801 ], [ 96.337207, 29.260986 ], [ 96.355859, 29.249072 ], [ 96.339746, 29.209814 ], [ 96.270508, 29.16123 ], [ 96.180859, 29.117676 ], [ 96.122363, 29.08208 ], [ 96.141406, 28.963477 ], [ 96.137109, 28.922607 ], [ 96.162207, 28.909717 ], [ 96.346875, 29.027441 ], [ 96.435742, 29.050684 ], [ 96.46709, 29.022266 ], [ 96.477148, 28.959326 ], [ 96.55, 28.82959 ], [ 96.580859, 28.763672 ], [ 96.395605, 28.606543 ], [ 96.327344, 28.525391 ], [ 96.329883, 28.496826 ], [ 96.326172, 28.468555 ], [ 96.278906, 28.428174 ], [ 96.281445, 28.412061 ], [ 96.319824, 28.386523 ], [ 96.366406, 28.367285 ], [ 96.389063, 28.36792 ], [ 96.427734, 28.406006 ], [ 96.602637, 28.459912 ], [ 96.652832, 28.449756 ], [ 96.775781, 28.367041 ], [ 96.833008, 28.362402 ], [ 96.980859, 28.337695 ], [ 97.075391, 28.368945 ], [ 97.145117, 28.340332 ], [ 97.289453, 28.236816 ], [ 97.322461, 28.217969 ], [ 97.356445, 28.254492 ], [ 97.431445, 28.353906 ], [ 97.477734, 28.425635 ], [ 97.502148, 28.456348 ], [ 97.537891, 28.510205 ], [ 97.599219, 28.517041 ], [ 97.658887, 28.5 ], [ 97.694629, 28.469336 ], [ 97.730078, 28.407129 ], [ 97.769043, 28.356152 ], [ 97.816504, 28.356348 ], [ 97.864941, 28.363574 ], [ 97.887598, 28.356494 ], [ 97.934082, 28.313818 ], [ 98.022266, 28.211523 ], [ 98.061621, 28.185889 ], [ 98.098926, 28.142285 ], [ 98.118359, 28.055225 ], [ 98.130469, 27.967578 ], [ 98.241016, 27.663184 ], [ 98.274219, 27.599072 ], [ 98.298828, 27.550098 ], [ 98.350488, 27.538086 ], [ 98.392383, 27.587061 ], [ 98.408887, 27.639453 ], [ 98.452539, 27.657227 ], [ 98.504492, 27.647656 ], [ 98.599805, 27.598828 ], [ 98.651172, 27.572461 ], [ 98.676758, 27.421924 ], [ 98.682422, 27.245312 ], [ 98.674805, 27.190625 ], [ 98.716504, 27.044922 ], [ 98.729492, 26.877393 ], [ 98.738477, 26.785742 ], [ 98.739355, 26.698145 ], [ 98.731836, 26.583398 ], [ 98.709473, 26.429688 ], [ 98.671875, 26.298535 ], [ 98.685547, 26.189355 ], [ 98.663184, 26.139453 ], [ 98.571973, 26.114062 ], [ 98.564063, 26.072412 ], [ 98.591016, 26.003711 ], [ 98.654688, 25.917773 ], [ 98.65625, 25.863574 ], [ 98.625391, 25.826709 ], [ 98.558398, 25.823242 ], [ 98.465527, 25.788867 ], [ 98.40166, 25.677979 ], [ 98.333789, 25.586768 ], [ 98.296582, 25.568848 ], [ 98.172559, 25.594531 ], [ 98.142871, 25.571094 ], [ 98.099609, 25.415723 ], [ 98.064063, 25.348975 ], [ 98.010742, 25.292529 ], [ 97.962012, 25.259326 ], [ 97.917969, 25.236133 ], [ 97.819531, 25.251855 ], [ 97.767383, 25.158057 ], [ 97.714941, 25.034326 ], [ 97.710742, 24.970361 ], [ 97.737891, 24.869873 ], [ 97.723828, 24.841992 ], [ 97.670703, 24.820117 ], [ 97.583301, 24.774805 ], [ 97.529395, 24.631201 ], [ 97.531445, 24.491699 ], [ 97.563281, 24.443848 ], [ 97.623633, 24.422949 ], [ 97.666602, 24.37998 ], [ 97.670703, 24.312744 ], [ 97.708203, 24.22876 ], [ 97.690625, 24.130811 ], [ 97.568262, 23.988477 ], [ 97.564551, 23.911035 ], [ 97.629687, 23.887158 ], [ 97.686035, 23.898096 ], [ 97.755664, 23.931885 ], [ 97.837695, 23.986279 ], [ 98.016895, 24.06543 ], [ 98.2125, 24.110645 ], [ 98.367285, 24.119043 ], [ 98.499414, 24.115674 ], [ 98.56416, 24.098828 ], [ 98.583398, 24.069824 ], [ 98.764355, 24.116064 ], [ 98.802344, 24.118701 ], [ 98.835059, 24.121191 ], [ 98.833984, 24.090576 ], [ 98.701563, 23.964062 ], [ 98.676758, 23.905078 ], [ 98.680859, 23.841797 ], [ 98.735059, 23.783105 ], [ 98.787695, 23.737842 ], [ 98.832227, 23.624365 ], [ 98.797852, 23.52041 ], [ 98.819727, 23.48252 ], [ 98.858887, 23.440088 ], [ 98.882617, 23.380322 ], [ 98.885547, 23.307471 ], [ 98.86377, 23.19126 ], [ 99.055078, 23.130566 ], [ 99.220313, 23.10332 ], [ 99.34082, 23.095898 ], [ 99.418066, 23.069238 ], [ 99.464551, 23.04624 ], [ 99.497266, 23.00459 ], [ 99.507129, 22.959131 ], [ 99.466797, 22.927295 ], [ 99.385156, 22.825098 ], [ 99.338281, 22.688672 ], [ 99.343164, 22.586523 ], [ 99.337695, 22.498047 ], [ 99.243066, 22.370361 ], [ 99.205371, 22.282568 ], [ 99.172363, 22.19248 ], [ 99.173438, 22.15332 ], [ 99.192969, 22.125977 ], [ 99.233398, 22.110156 ], [ 99.303125, 22.100635 ], [ 99.388672, 22.110791 ], [ 99.592676, 22.08916 ], [ 99.825391, 22.049707 ], [ 99.917676, 22.028027 ], [ 99.947852, 21.98833 ], [ 99.94043, 21.901611 ], [ 99.925586, 21.820801 ], [ 99.940723, 21.75874 ], [ 99.978223, 21.701611 ], [ 100.041211, 21.682764 ], [ 100.095508, 21.660645 ], [ 100.105762, 21.617041 ], [ 100.089258, 21.55791 ], [ 100.116797, 21.511182 ], [ 100.147656, 21.480518 ], [ 100.214746, 21.462988 ], [ 100.350586, 21.501025 ], [ 100.445703, 21.484082 ], [ 100.531348, 21.458105 ], [ 100.60459, 21.471777 ], [ 100.677148, 21.504932 ], [ 100.835156, 21.655176 ], [ 101.019336, 21.736377 ], [ 101.079785, 21.755859 ], [ 101.120703, 21.746094 ], [ 101.130859, 21.735547 ], [ 101.128125, 21.705127 ], [ 101.147266, 21.581641 ], [ 101.138867, 21.56748 ], [ 101.19668, 21.52207 ], [ 101.175391, 21.40752 ], [ 101.205566, 21.383301 ], [ 101.219922, 21.342432 ], [ 101.211816, 21.278223 ], [ 101.224414, 21.22373 ], [ 101.247852, 21.197314 ], [ 101.281445, 21.184131 ], [ 101.443555, 21.230811 ], [ 101.542383, 21.234277 ], [ 101.583887, 21.203564 ], [ 101.62168, 21.184424 ], [ 101.668555, 21.169629 ], [ 101.704785, 21.150146 ], [ 101.728125, 21.156396 ], [ 101.783496, 21.20415 ], [ 101.800586, 21.212598 ], [ 101.802051, 21.235986 ], [ 101.763086, 21.278906 ], [ 101.722949, 21.314941 ], [ 101.724219, 21.39502 ], [ 101.743457, 21.533838 ], [ 101.747266, 21.605762 ], [ 101.743945, 21.777979 ], [ 101.736523, 21.826514 ], [ 101.699609, 21.882471 ], [ 101.60293, 21.989697 ], [ 101.575781, 22.055273 ], [ 101.560254, 22.120898 ], [ 101.561816, 22.162402 ], [ 101.537305, 22.209863 ], [ 101.524512, 22.253662 ], [ 101.567871, 22.276367 ], [ 101.619922, 22.327441 ], [ 101.646191, 22.40542 ], [ 101.671484, 22.462305 ], [ 101.70752, 22.486572 ], [ 101.73877, 22.495264 ], [ 101.759961, 22.490332 ], [ 101.841797, 22.388477 ], [ 101.94541, 22.439404 ], [ 102.024414, 22.439209 ], [ 102.091504, 22.412256 ], [ 102.127441, 22.379199 ], [ 102.175977, 22.414648 ], [ 102.237012, 22.466016 ], [ 102.302246, 22.545996 ], [ 102.375781, 22.646631 ], [ 102.406445, 22.708008 ], [ 102.42793, 22.732812 ], [ 102.470898, 22.750928 ], [ 102.517188, 22.741016 ], [ 102.598535, 22.700391 ], [ 102.720996, 22.648486 ], [ 102.830078, 22.587158 ], [ 102.874219, 22.525391 ], [ 102.935156, 22.466162 ], [ 102.981934, 22.448242 ], [ 103.005371, 22.452979 ], [ 103.075879, 22.49751 ], [ 103.136328, 22.542236 ], [ 103.137598, 22.592969 ], [ 103.193359, 22.638525 ], [ 103.266309, 22.713525 ], [ 103.300586, 22.764404 ], [ 103.32666, 22.769775 ], [ 103.356055, 22.754688 ], [ 103.470996, 22.597412 ], [ 103.492969, 22.587988 ], [ 103.525391, 22.611572 ], [ 103.570703, 22.734424 ], [ 103.620215, 22.782031 ], [ 103.637305, 22.77002 ], [ 103.915039, 22.538232 ], [ 103.941504, 22.540088 ], [ 103.971387, 22.550488 ], [ 103.99082, 22.586133 ], [ 104.012695, 22.666357 ], [ 104.053906, 22.752295 ], [ 104.143066, 22.800146 ], [ 104.2125, 22.809424 ], [ 104.238281, 22.768506 ], [ 104.29834, 22.712012 ], [ 104.371777, 22.704053 ], [ 104.526855, 22.804102 ], [ 104.577539, 22.82002 ], [ 104.631738, 22.818213 ], [ 104.687305, 22.822217 ], [ 104.740039, 22.860498 ], [ 104.795703, 22.911133 ], [ 104.814746, 23.010791 ], [ 104.826563, 23.100195 ], [ 104.864746, 23.136377 ], [ 104.910156, 23.160547 ], [ 104.995703, 23.194336 ], [ 105.189063, 23.281055 ], [ 105.23877, 23.322119 ], [ 105.275391, 23.345215 ], [ 105.350488, 23.307666 ], [ 105.440137, 23.235352 ], [ 105.494531, 23.180859 ], [ 105.530859, 23.121973 ], [ 105.548145, 23.072656 ], [ 105.691211, 23.029932 ], [ 105.782324, 22.969336 ], [ 105.842969, 22.922803 ], [ 105.902637, 22.924951 ], [ 105.962305, 22.937451 ], [ 106.000977, 22.974756 ], [ 106.068457, 22.975537 ], [ 106.148438, 22.970068 ], [ 106.183984, 22.955127 ], [ 106.249414, 22.869434 ], [ 106.279004, 22.857471 ], [ 106.338086, 22.863477 ], [ 106.450879, 22.893896 ], [ 106.541797, 22.90835 ], [ 106.624023, 22.874268 ], [ 106.780273, 22.778906 ], [ 106.736328, 22.710938 ], [ 106.701563, 22.637744 ], [ 106.633105, 22.586035 ], [ 106.582422, 22.573242 ], [ 106.550391, 22.501367 ], [ 106.536328, 22.39541 ], [ 106.553613, 22.341699 ], [ 106.593164, 22.324512 ], [ 106.636523, 22.288623 ], [ 106.654199, 22.241455 ], [ 106.660059, 22.136475 ], [ 106.657715, 22.018213 ], [ 106.663574, 21.978906 ], [ 106.697656, 21.986182 ], [ 106.729492, 22.000342 ], [ 106.794141, 21.981982 ], [ 106.874512, 21.95127 ], [ 106.925195, 21.920117 ], [ 106.970996, 21.923926 ], [ 107.006445, 21.893408 ], [ 107.019824, 21.834863 ], [ 107.061621, 21.794189 ], [ 107.178516, 21.71709 ], [ 107.27207, 21.710645 ], [ 107.351172, 21.608887 ], [ 107.433496, 21.642285 ], [ 107.471387, 21.59834 ], [ 107.641016, 21.613916 ], [ 107.759277, 21.655029 ], [ 107.802051, 21.645166 ], [ 107.908398, 21.5604 ], [ 107.972656, 21.507959 ], [ 108.067383, 21.525977 ] ] ], [ [ [ 110.809082, 20.014404 ], [ 110.744531, 20.059473 ], [ 110.678516, 20.137061 ], [ 110.651758, 20.137744 ], [ 110.59834, 20.097607 ], [ 110.58877, 20.072461 ], [ 110.588184, 19.976367 ], [ 110.417578, 20.054736 ], [ 110.393555, 20.059229 ], [ 110.387988, 20.018018 ], [ 110.392285, 19.975586 ], [ 110.343945, 20.038818 ], [ 110.213379, 20.056055 ], [ 110.171582, 20.053711 ], [ 110.083008, 19.99292 ], [ 109.90625, 19.962744 ], [ 109.651367, 19.984375 ], [ 109.584277, 19.970312 ], [ 109.513672, 19.904248 ], [ 109.418164, 19.888818 ], [ 109.314844, 19.904395 ], [ 109.263477, 19.882666 ], [ 109.218945, 19.842822 ], [ 109.177441, 19.768457 ], [ 109.219531, 19.757471 ], [ 109.27666, 19.761133 ], [ 109.179102, 19.674121 ], [ 109.062891, 19.613574 ], [ 108.902832, 19.481348 ], [ 108.791016, 19.418164 ], [ 108.693555, 19.338281 ], [ 108.665527, 19.304102 ], [ 108.65, 19.265039 ], [ 108.635645, 18.907715 ], [ 108.638086, 18.866309 ], [ 108.676074, 18.750244 ], [ 108.701563, 18.535254 ], [ 108.922266, 18.416113 ], [ 109.029883, 18.367773 ], [ 109.183203, 18.325146 ], [ 109.340918, 18.299609 ], [ 109.400098, 18.281104 ], [ 109.519336, 18.218262 ], [ 109.589551, 18.226318 ], [ 109.681055, 18.247119 ], [ 109.702734, 18.259131 ], [ 109.759766, 18.348291 ], [ 109.815625, 18.39668 ], [ 109.967676, 18.42207 ], [ 110.020215, 18.41626 ], [ 110.067383, 18.447559 ], [ 110.066406, 18.475635 ], [ 110.048535, 18.505225 ], [ 110.15625, 18.569824 ], [ 110.251758, 18.655762 ], [ 110.29082, 18.669531 ], [ 110.333691, 18.673291 ], [ 110.399512, 18.69834 ], [ 110.45127, 18.747949 ], [ 110.477637, 18.812598 ], [ 110.519336, 18.970215 ], [ 110.566016, 19.098535 ], [ 110.5625, 19.135156 ], [ 110.572168, 19.171875 ], [ 110.603125, 19.207031 ], [ 110.640918, 19.291211 ], [ 110.822266, 19.55791 ], [ 110.912695, 19.586084 ], [ 111.013672, 19.655469 ], [ 110.997656, 19.764697 ], [ 110.970703, 19.883301 ], [ 110.938281, 19.947559 ], [ 110.88877, 19.991943 ], [ 110.809082, 20.014404 ] ] ] ] } },
{ "type": "Feature", "properties": { "NAME": "South Korea", "ADMIN": "South Korea" }, "geometry": { "type": "MultiPolygon", "coordinates": [ [ [ [ 126.620703, 37.755469 ], [ 126.577734, 37.744727 ], [ 126.563379, 37.716504 ], [ 126.580176, 37.65376 ], [ 126.607617, 37.617432 ], [ 126.656836, 37.551172 ], [ 126.650293, 37.447119 ], [ 126.696191, 37.410693 ], [ 126.790527, 37.294922 ], [ 126.746387, 37.193555 ], [ 126.776074, 37.158203 ], [ 126.787402, 37.102734 ], [ 126.868945, 36.975732 ], [ 126.959766, 36.957617 ], [ 126.976855, 36.939404 ], [ 126.958008, 36.906152 ], [ 126.879102, 36.862061 ], [ 126.87207, 36.824463 ], [ 126.83877, 36.846094 ], [ 126.784473, 36.948437 ], [ 126.686719, 36.960352 ], [ 126.577734, 37.01958 ], [ 126.487012, 37.007471 ], [ 126.428711, 36.969043 ], [ 126.351562, 36.958203 ], [ 126.217188, 36.870947 ], [ 126.160547, 36.771924 ], [ 126.180859, 36.691602 ], [ 126.230664, 36.689258 ], [ 126.38877, 36.651172 ], [ 126.433008, 36.678027 ], [ 126.487695, 36.693799 ], [ 126.506641, 36.585645 ], [ 126.548242, 36.477637 ], [ 126.551953, 36.429688 ], [ 126.544238, 36.341211 ], [ 126.557227, 36.23584 ], [ 126.54043, 36.166162 ], [ 126.59707, 36.105029 ], [ 126.682324, 36.037939 ], [ 126.693457, 36.01416 ], [ 126.663672, 35.974512 ], [ 126.647461, 35.922412 ], [ 126.719629, 35.8979 ], [ 126.753027, 35.871973 ], [ 126.717383, 35.768848 ], [ 126.601562, 35.714209 ], [ 126.541895, 35.669336 ], [ 126.488477, 35.64707 ], [ 126.486523, 35.606348 ], [ 126.564941, 35.589746 ], [ 126.614062, 35.570996 ], [ 126.582227, 35.534473 ], [ 126.492773, 35.50127 ], [ 126.460449, 35.455615 ], [ 126.395898, 35.314404 ], [ 126.360547, 35.216895 ], [ 126.291113, 35.15415 ], [ 126.327441, 35.045117 ], [ 126.397852, 34.932812 ], [ 126.420703, 34.823389 ], [ 126.478516, 34.810352 ], [ 126.547949, 34.836768 ], [ 126.593359, 34.824365 ], [ 126.538574, 34.778662 ], [ 126.472852, 34.756348 ], [ 126.50498, 34.737549 ], [ 126.524512, 34.6979 ], [ 126.425586, 34.69458 ], [ 126.301074, 34.719971 ], [ 126.264453, 34.673242 ], [ 126.332617, 34.589648 ], [ 126.481738, 34.493945 ], [ 126.506445, 34.428369 ], [ 126.508301, 34.350635 ], [ 126.531445, 34.314258 ], [ 126.584375, 34.317529 ], [ 126.61084, 34.403516 ], [ 126.754785, 34.511865 ], [ 126.796484, 34.494287 ], [ 126.82627, 34.451074 ], [ 126.897461, 34.438867 ], [ 127.030762, 34.606885 ], [ 127.24707, 34.755127 ], [ 127.268652, 34.720361 ], [ 127.260547, 34.66167 ], [ 127.194922, 34.605029 ], [ 127.173438, 34.546143 ], [ 127.324609, 34.463281 ], [ 127.380566, 34.500635 ], [ 127.401172, 34.552539 ], [ 127.479102, 34.625244 ], [ 127.423438, 34.688477 ], [ 127.389648, 34.743018 ], [ 127.404297, 34.823096 ], [ 127.476953, 34.844287 ], [ 127.523633, 34.840088 ], [ 127.56543, 34.765918 ], [ 127.632422, 34.690234 ], [ 127.71543, 34.721045 ], [ 127.742188, 34.782568 ], [ 127.6625, 34.843408 ], [ 127.639355, 34.889697 ], [ 127.659082, 34.926367 ], [ 127.714844, 34.954687 ], [ 127.873242, 34.966309 ], [ 127.976758, 35.018701 ], [ 128.03623, 35.021973 ], [ 128.094531, 34.933594 ], [ 128.152344, 34.915869 ], [ 128.275977, 34.910986 ], [ 128.387695, 34.875098 ], [ 128.443945, 34.870361 ], [ 128.447656, 34.93208 ], [ 128.418848, 35.015674 ], [ 128.458105, 35.069434 ], [ 128.510938, 35.100977 ], [ 128.642578, 35.11958 ], [ 128.795703, 35.093896 ], [ 128.980078, 35.101514 ], [ 129.076758, 35.122705 ], [ 129.21416, 35.181836 ], [ 129.329004, 35.332764 ], [ 129.419141, 35.497852 ], [ 129.485449, 35.687402 ], [ 129.561719, 35.947656 ], [ 129.572852, 36.050537 ], [ 129.509766, 36.037598 ], [ 129.458301, 36.006445 ], [ 129.425781, 36.018799 ], [ 129.403516, 36.052148 ], [ 129.402441, 36.137646 ], [ 129.391309, 36.202148 ], [ 129.392578, 36.322705 ], [ 129.427148, 36.385498 ], [ 129.44502, 36.470703 ], [ 129.433008, 36.636621 ], [ 129.473438, 36.741895 ], [ 129.426172, 36.925537 ], [ 129.418262, 37.059033 ], [ 129.335156, 37.274561 ], [ 129.051563, 37.677637 ], [ 128.852441, 37.887061 ], [ 128.618848, 38.176074 ], [ 128.374609, 38.623437 ], [ 128.339453, 38.607861 ], [ 128.279297, 38.523779 ], [ 128.223145, 38.416992 ], [ 128.168652, 38.359326 ], [ 128.10625, 38.327344 ], [ 128.038965, 38.308545 ], [ 127.905273, 38.300439 ], [ 127.784668, 38.307715 ], [ 127.745508, 38.319238 ], [ 127.579492, 38.3125 ], [ 127.532715, 38.30498 ], [ 127.294043, 38.313281 ], [ 127.169531, 38.304541 ], [ 127.090332, 38.283887 ], [ 127.009668, 38.240527 ], [ 126.940039, 38.175586 ], [ 126.878906, 38.106055 ], [ 126.754297, 37.978955 ], [ 126.666797, 37.917187 ], [ 126.666504, 37.82793 ], [ 126.664551, 37.800732 ], [ 126.633887, 37.781836 ], [ 126.620703, 37.755469 ] ] ], [ [ [ 128.721875, 35.013574 ], [ 128.667969, 35.008789 ], [ 128.585938, 34.932275 ], [ 128.489258, 34.865283 ], [ 128.519531, 34.81958 ], [ 128.64668, 34.736865 ], [ 128.741016, 34.798535 ], [ 128.721875, 35.013574 ] ] ], [ [ [ 128.037988, 34.878613 ], [ 127.965625, 34.893018 ], [ 127.91543, 34.920996 ], [ 127.832227, 34.874512 ], [ 127.838281, 34.81333 ], [ 127.873438, 34.734961 ], [ 127.896875, 34.735498 ], [ 127.941797, 34.76626 ], [ 127.983984, 34.703223 ], [ 128.054688, 34.708057 ], [ 128.06582, 34.805859 ], [ 128.037988, 34.878613 ] ] ], [ [ [ 126.335449, 34.426416 ], [ 126.379883, 34.497949 ], [ 126.343848, 34.544922 ], [ 126.247461, 34.56333 ], [ 126.227051, 34.532715 ], [ 126.122852, 34.443945 ], [ 126.108594, 34.39873 ], [ 126.133789, 34.3896 ], [ 126.169727, 34.355176 ], [ 126.233691, 34.370508 ], [ 126.335449, 34.426416 ] ] ], [ [ [ 126.493555, 37.782568 ], [ 126.411621, 37.822656 ], [ 126.369336, 37.772021 ], [ 126.407227, 37.649414 ], [ 126.42334, 37.623633 ], [ 126.46084, 37.610352 ], [ 126.516016, 37.604687 ], [ 126.520703, 37.736816 ], [ 126.493555, 37.782568 ] ] ], [ [ [ 126.7, 34.395898 ], [ 126.651855, 34.390332 ], [ 126.646094, 34.351123 ], [ 126.689063, 34.30542 ], [ 126.769922, 34.296436 ], [ 126.753027, 34.343994 ], [ 126.7, 34.395898 ] ] ], [ [ [ 127.787109, 34.682129 ], [ 127.737305, 34.630908 ], [ 127.787793, 34.584082 ], [ 127.799023, 34.615039 ], [ 127.787109, 34.682129 ] ] ], [ [ [ 126.386621, 36.571143 ], [ 126.318555, 36.612549 ], [ 126.3375, 36.470557 ], [ 126.403809, 36.427881 ], [ 126.417578, 36.492578 ], [ 126.386621, 36.571143 ] ] ], [ [ [ 126.168555, 34.829687 ], [ 126.078418, 34.914844 ], [ 126.00752, 34.86748 ], [ 126.052051, 34.837549 ], [ 126.070605, 34.783057 ], [ 126.115234, 34.714209 ], [ 126.158789, 34.706982 ], [ 126.171973, 34.731152 ], [ 126.168555, 34.829687 ] ] ], [ [ [ 130.934277, 37.529736 ], [ 130.903711, 37.553711 ], [ 130.838379, 37.537207 ], [ 130.810254, 37.509912 ], [ 130.816797, 37.478467 ], [ 130.870605, 37.44873 ], [ 130.916016, 37.478467 ], [ 130.934277, 37.529736 ] ] ], [ [ [ 126.581738, 33.23833 ], [ 126.70918, 33.27168 ], [ 126.872852, 33.341162 ], [ 126.905371, 33.382373 ], [ 126.93125, 33.443848 ], [ 126.901172, 33.515137 ], [ 126.759863, 33.553223 ], [ 126.695508, 33.549316 ], [ 126.337695, 33.4604 ], [ 126.199414, 33.368066 ], [ 126.165625, 33.312012 ], [ 126.178711, 33.282568 ], [ 126.229004, 33.225244 ], [ 126.240234, 33.214844 ], [ 126.282031, 33.201514 ], [ 126.326953, 33.223633 ], [ 126.581738, 33.23833 ] ] ] ] } },
{ "type": "Feature", "properties": { "NAME": "North Korea", "ADMIN": "North Korea" }, "geometry": { "type": "MultiPolygon", "coordinates": [ [ [ [ 128.329492, 38.680908 ], [ 128.249414, 38.745215 ], [ 128.1625, 38.786133 ], [ 128.123047, 38.816406 ], [ 127.97168, 38.897998 ], [ 127.786133, 39.084131 ], [ 127.698926, 39.125049 ], [ 127.580957, 39.143262 ], [ 127.496973, 39.179492 ], [ 127.394531, 39.20791 ], [ 127.383496, 39.296143 ], [ 127.422266, 39.373584 ], [ 127.457422, 39.400977 ], [ 127.522852, 39.377393 ], [ 127.548926, 39.461084 ], [ 127.547266, 39.562793 ], [ 127.527441, 39.695703 ], [ 127.568164, 39.781982 ], [ 127.86709, 39.895947 ], [ 127.966602, 39.995605 ], [ 128.106348, 40.032568 ], [ 128.304492, 40.035937 ], [ 128.392969, 40.088965 ], [ 128.51123, 40.130225 ], [ 128.610742, 40.1979 ], [ 128.701367, 40.317529 ], [ 128.842969, 40.358496 ], [ 128.945215, 40.427881 ], [ 129.109766, 40.491064 ], [ 129.245117, 40.661035 ], [ 129.341113, 40.726318 ], [ 129.708691, 40.857324 ], [ 129.741992, 40.932275 ], [ 129.712109, 41.123682 ], [ 129.76582, 41.303857 ], [ 129.758984, 41.391504 ], [ 129.682422, 41.494336 ], [ 129.686328, 41.594971 ], [ 129.756348, 41.712256 ], [ 129.876367, 41.805518 ], [ 129.928223, 41.896729 ], [ 130.007324, 41.991162 ], [ 130.068262, 42.045752 ], [ 130.179883, 42.096973 ], [ 130.235742, 42.183203 ], [ 130.314746, 42.214111 ], [ 130.45752, 42.301709 ], [ 130.569238, 42.291699 ], [ 130.636523, 42.274854 ], [ 130.687305, 42.302539 ], [ 130.658008, 42.327783 ], [ 130.651563, 42.37251 ], [ 130.617969, 42.415625 ], [ 130.554102, 42.474707 ], [ 130.526953, 42.5354 ], [ 130.498242, 42.570508 ], [ 130.450293, 42.581689 ], [ 130.360742, 42.630859 ], [ 130.295605, 42.684961 ], [ 130.24668, 42.744824 ], [ 130.248828, 42.872607 ], [ 130.240332, 42.891797 ], [ 130.15127, 42.917969 ], [ 130.124805, 42.956006 ], [ 130.082617, 42.97417 ], [ 130.022266, 42.962598 ], [ 129.976953, 42.974854 ], [ 129.941211, 42.995654 ], [ 129.898242, 42.998145 ], [ 129.861035, 42.965088 ], [ 129.841504, 42.894238 ], [ 129.779199, 42.776562 ], [ 129.773438, 42.705469 ], [ 129.746484, 42.603809 ], [ 129.719727, 42.475 ], [ 129.697852, 42.448145 ], [ 129.62793, 42.444287 ], [ 129.603906, 42.435889 ], [ 129.567578, 42.39209 ], [ 129.52373, 42.384668 ], [ 129.484863, 42.410303 ], [ 129.423633, 42.435889 ], [ 129.36582, 42.439209 ], [ 129.313672, 42.413574 ], [ 129.252539, 42.357861 ], [ 129.217773, 42.312695 ], [ 129.205371, 42.270557 ], [ 129.195508, 42.218457 ], [ 129.133691, 42.168506 ], [ 129.077246, 42.142383 ], [ 128.960645, 42.068799 ], [ 128.923438, 42.038232 ], [ 128.839844, 42.037842 ], [ 128.749023, 42.040674 ], [ 128.626758, 42.02085 ], [ 128.427246, 42.010742 ], [ 128.307813, 42.025635 ], [ 128.160156, 42.011621 ], [ 128.045215, 41.9875 ], [ 128.028711, 41.951611 ], [ 128.03291, 41.898486 ], [ 128.056055, 41.86377 ], [ 128.08418, 41.840576 ], [ 128.131934, 41.769141 ], [ 128.181738, 41.700049 ], [ 128.257812, 41.655371 ], [ 128.289258, 41.607422 ], [ 128.290918, 41.562793 ], [ 128.254883, 41.506543 ], [ 128.200293, 41.433008 ], [ 128.149414, 41.387744 ], [ 128.11123, 41.389258 ], [ 128.052734, 41.415625 ], [ 128.013086, 41.448682 ], [ 127.918652, 41.461133 ], [ 127.687695, 41.43999 ], [ 127.572168, 41.454736 ], [ 127.516992, 41.481738 ], [ 127.420313, 41.483789 ], [ 127.270801, 41.519824 ], [ 127.179688, 41.531348 ], [ 127.136719, 41.554541 ], [ 127.128418, 41.607422 ], [ 127.085352, 41.643799 ], [ 127.061328, 41.687354 ], [ 127.006934, 41.742041 ], [ 126.954785, 41.769482 ], [ 126.903516, 41.781055 ], [ 126.847266, 41.747998 ], [ 126.787695, 41.718213 ], [ 126.743066, 41.724854 ], [ 126.721582, 41.716553 ], [ 126.696973, 41.691895 ], [ 126.60127, 41.640967 ], [ 126.57832, 41.594336 ], [ 126.540137, 41.495557 ], [ 126.513574, 41.393994 ], [ 126.49043, 41.358057 ], [ 126.451465, 41.351855 ], [ 126.411816, 41.321338 ], [ 126.328711, 41.225684 ], [ 126.253613, 41.137793 ], [ 126.144531, 41.078271 ], [ 126.093164, 41.023682 ], [ 126.066797, 40.974072 ], [ 125.989062, 40.904639 ], [ 125.874902, 40.892236 ], [ 125.783984, 40.872021 ], [ 125.72832, 40.866699 ], [ 125.688281, 40.838672 ], [ 125.65918, 40.795898 ], [ 125.645117, 40.778955 ], [ 125.593848, 40.778955 ], [ 125.542578, 40.742578 ], [ 125.416895, 40.659912 ], [ 125.314453, 40.644629 ], [ 125.185938, 40.589404 ], [ 125.072949, 40.547461 ], [ 125.025977, 40.523877 ], [ 125.013379, 40.497852 ], [ 124.996875, 40.464746 ], [ 124.942285, 40.458154 ], [ 124.889355, 40.459814 ], [ 124.771973, 40.38374 ], [ 124.712402, 40.319238 ], [ 124.481055, 40.181641 ], [ 124.386621, 40.104248 ], [ 124.362109, 40.004053 ], [ 124.375098, 39.996143 ], [ 124.348633, 39.906885 ], [ 124.403809, 39.865527 ], [ 124.557422, 39.790576 ], [ 124.607617, 39.716943 ], [ 124.638281, 39.615088 ], [ 124.699219, 39.632373 ], [ 124.732227, 39.652197 ], [ 124.738867, 39.741504 ], [ 124.775293, 39.758057 ], [ 124.867871, 39.701807 ], [ 125.100098, 39.590332 ], [ 125.180078, 39.583496 ], [ 125.36084, 39.526611 ], [ 125.373633, 39.427637 ], [ 125.413184, 39.32627 ], [ 125.409668, 39.288379 ], [ 125.157324, 38.871533 ], [ 125.168848, 38.805518 ], [ 125.298926, 38.742969 ], [ 125.424219, 38.746875 ], [ 125.488672, 38.727783 ], [ 125.554492, 38.68623 ], [ 125.491797, 38.676123 ], [ 125.415332, 38.68042 ], [ 125.309668, 38.665381 ], [ 125.067383, 38.556738 ], [ 124.97373, 38.480127 ], [ 124.880566, 38.34165 ], [ 124.882715, 38.294971 ], [ 124.874512, 38.233398 ], [ 124.690918, 38.129199 ], [ 124.779492, 38.101514 ], [ 124.907031, 38.112646 ], [ 124.99502, 38.077832 ], [ 125.162598, 38.093652 ], [ 125.206738, 38.081543 ], [ 125.24668, 38.056836 ], [ 125.193164, 38.037793 ], [ 124.98877, 37.931445 ], [ 125.026758, 37.922607 ], [ 125.101953, 37.88208 ], [ 125.310742, 37.843506 ], [ 125.364844, 37.748242 ], [ 125.357813, 37.724805 ], [ 125.406641, 37.719043 ], [ 125.449316, 37.730225 ], [ 125.581543, 37.815039 ], [ 125.676172, 37.917725 ], [ 125.69502, 37.962695 ], [ 125.769141, 37.985352 ], [ 125.941699, 37.873682 ], [ 126.050293, 37.869824 ], [ 126.116699, 37.74292 ], [ 126.161035, 37.763721 ], [ 126.203125, 37.828516 ], [ 126.369922, 37.878369 ], [ 126.572754, 37.796826 ], [ 126.623242, 37.790186 ], [ 126.633887, 37.781836 ], [ 126.664551, 37.800732 ], [ 126.666504, 37.82793 ], [ 126.666797, 37.917187 ], [ 126.754297, 37.978955 ], [ 126.878906, 38.106055 ], [ 126.940039, 38.175586 ], [ 127.009668, 38.240527 ], [ 127.090332, 38.283887 ], [ 127.169531, 38.304541 ], [ 127.294043, 38.313281 ], [ 127.532715, 38.30498 ], [ 127.579492, 38.3125 ], [ 127.745508, 38.319238 ], [ 127.784668, 38.307715 ], [ 127.905273, 38.300439 ], [ 128.038965, 38.308545 ], [ 128.10625, 38.327344 ], [ 128.168652, 38.359326 ], [ 128.223145, 38.416992 ], [ 128.279297, 38.523779 ], [ 128.339453, 38.607861 ], [ 128.374609, 38.623437 ], [ 128.329492, 38.680908 ] ] ], [ [ [ 124.93457, 39.607812 ], [ 124.889551, 39.6021 ], [ 124.846094, 39.558887 ], [ 124.848926, 39.507568 ], [ 124.905273, 39.536279 ], [ 124.93457, 39.607812 ] ] ] ] } },
{ "type": "Feature", "properties": { "NAME": "Bhutan", "ADMIN": "Bhutan" }, "geometry": { "type": "MultiPolygon", "coordinates": [ [ [ [ 91.629395, 27.800879 ], [ 91.641895, 27.923242 ], [ 91.605566, 27.951709 ], [ 91.493359, 27.981787 ], [ 91.367578, 28.021631 ], [ 91.306836, 28.064014 ], [ 91.273047, 28.078369 ], [ 91.225879, 28.07124 ], [ 91.149902, 28.026758 ], [ 91.077734, 27.974463 ], [ 91.020801, 27.970068 ], [ 90.9625, 27.99458 ], [ 90.906641, 28.026514 ], [ 90.715723, 28.071729 ], [ 90.630078, 28.078564 ], [ 90.477344, 28.07085 ], [ 90.352734, 28.080225 ], [ 90.333105, 28.093994 ], [ 90.333789, 28.119141 ], [ 90.352148, 28.168164 ], [ 90.362988, 28.216504 ], [ 90.348242, 28.243945 ], [ 90.220801, 28.277734 ], [ 90.104492, 28.302051 ], [ 89.981055, 28.311182 ], [ 89.897852, 28.294141 ], [ 89.816895, 28.256299 ], [ 89.749805, 28.188184 ], [ 89.652734, 28.158301 ], [ 89.536914, 28.107422 ], [ 89.480664, 28.059961 ], [ 89.395898, 27.958154 ], [ 89.272656, 27.833154 ], [ 89.160449, 27.711279 ], [ 89.102344, 27.592578 ], [ 89.025488, 27.517871 ], [ 88.947559, 27.464014 ], [ 88.891406, 27.316064 ], [ 88.881641, 27.297461 ], [ 88.760352, 27.218115 ], [ 88.73877, 27.175586 ], [ 88.765625, 27.134229 ], [ 88.813574, 27.099023 ], [ 88.835156, 27.065576 ], [ 88.857617, 26.961475 ], [ 88.919141, 26.932227 ], [ 89.040918, 26.865039 ], [ 89.148242, 26.816162 ], [ 89.332129, 26.848633 ], [ 89.38418, 26.826562 ], [ 89.474609, 26.803418 ], [ 89.545117, 26.79624 ], [ 89.586133, 26.778955 ], [ 89.60918, 26.762207 ], [ 89.606152, 26.741113 ], [ 89.609961, 26.719434 ], [ 89.710938, 26.713916 ], [ 89.763867, 26.701563 ], [ 89.943164, 26.723926 ], [ 90.122949, 26.75459 ], [ 90.206055, 26.84751 ], [ 90.242383, 26.85415 ], [ 90.345898, 26.890332 ], [ 90.447656, 26.850781 ], [ 90.559863, 26.796582 ], [ 90.620313, 26.780225 ], [ 90.739648, 26.77168 ], [ 90.855762, 26.777734 ], [ 91.133887, 26.803418 ], [ 91.286523, 26.789941 ], [ 91.426758, 26.86709 ], [ 91.455859, 26.866895 ], [ 91.517578, 26.807324 ], [ 91.671582, 26.802002 ], [ 91.753711, 26.830762 ], [ 91.84209, 26.852979 ], [ 91.898633, 26.860059 ], [ 91.94375, 26.86084 ], [ 91.99834, 26.85498 ], [ 92.049707, 26.874854 ], [ 92.073438, 26.914844 ], [ 92.068164, 26.975195 ], [ 92.030859, 27.04082 ], [ 91.998633, 27.079297 ], [ 91.992285, 27.099902 ], [ 92.002539, 27.147363 ], [ 92.031152, 27.214307 ], [ 92.083398, 27.290625 ], [ 92.044922, 27.364697 ], [ 91.99082, 27.450195 ], [ 91.950977, 27.458301 ], [ 91.85127, 27.438623 ], [ 91.743066, 27.442529 ], [ 91.658105, 27.493604 ], [ 91.594727, 27.557666 ], [ 91.579297, 27.611426 ], [ 91.597656, 27.677002 ], [ 91.625879, 27.737305 ], [ 91.631934, 27.759961 ], [ 91.629395, 27.800879 ] ] ] ] } },
{ "type": "Feature", "properties": { "NAME": "Uzbekistan", "ADMIN": "Uzbekistan" }, "geometry": { "type": "MultiPolygon", "coordinates": [ [ [ [ 70.860352, 42.207227 ], [ 70.764551, 42.194189 ], [ 70.715234, 42.168652 ], [ 70.6625, 42.107471 ], [ 70.613281, 42.054736 ], [ 70.584277, 42.036035 ], [ 70.540137, 42.039453 ], [ 70.489063, 42.080273 ], [ 70.416016, 42.078564 ], [ 70.328906, 42.027979 ], [ 70.225879, 41.945996 ], [ 70.095605, 41.820508 ], [ 69.959961, 41.754053 ], [ 69.788086, 41.697314 ], [ 69.663867, 41.672119 ], [ 69.565137, 41.629053 ], [ 69.400977, 41.541895 ], [ 69.368359, 41.490576 ], [ 69.249316, 41.460254 ], [ 69.153613, 41.425244 ], [ 69.064941, 41.366943 ], [ 69.043457, 41.264111 ], [ 68.986914, 41.205029 ], [ 68.851172, 41.123828 ], [ 68.737109, 41.041895 ], [ 68.662793, 40.961523 ], [ 68.584082, 40.87627 ], [ 68.559277, 40.829297 ], [ 68.556543, 40.765137 ], [ 68.593652, 40.711279 ], [ 68.600684, 40.659961 ], [ 68.572656, 40.622656 ], [ 68.495703, 40.608643 ], [ 68.415039, 40.619434 ], [ 68.291895, 40.656104 ], [ 68.160254, 40.721777 ], [ 68.112305, 40.754053 ], [ 68.047656, 40.809277 ], [ 68.057031, 40.860596 ], [ 68.090332, 40.960254 ], [ 68.113086, 41.028613 ], [ 68.059375, 41.061279 ], [ 68.019727, 41.09624 ], [ 67.991406, 41.130029 ], [ 67.935742, 41.196582 ], [ 67.865723, 41.180273 ], [ 67.805078, 41.163916 ], [ 67.735059, 41.187256 ], [ 67.528027, 41.177148 ], [ 67.371582, 41.169531 ], [ 67.225, 41.162354 ], [ 67.038672, 41.15332 ], [ 66.814258, 41.142383 ], [ 66.749805, 41.15708 ], [ 66.709668, 41.17915 ], [ 66.668652, 41.270752 ], [ 66.645313, 41.348633 ], [ 66.60166, 41.494336 ], [ 66.572559, 41.606982 ], [ 66.537891, 41.74126 ], [ 66.515039, 41.889404 ], [ 66.498633, 41.994873 ], [ 66.328809, 41.99834 ], [ 66.193164, 42.001123 ], [ 66.00957, 42.004883 ], [ 66.01123, 42.08877 ], [ 66.013184, 42.194482 ], [ 66.015527, 42.314795 ], [ 66.049805, 42.472754 ], [ 66.062695, 42.605176 ], [ 66.078516, 42.76665 ], [ 66.088867, 42.873389 ], [ 66.100293, 42.99082 ], [ 66.005664, 42.95459 ], [ 65.901074, 42.914502 ], [ 65.803027, 42.876953 ], [ 65.735645, 42.972119 ], [ 65.670215, 43.0646 ], [ 65.570703, 43.205176 ], [ 65.496191, 43.310547 ], [ 65.366504, 43.372021 ], [ 65.270508, 43.417529 ], [ 65.170898, 43.494189 ], [ 65.084863, 43.573682 ], [ 65.003125, 43.649072 ], [ 64.905469, 43.714697 ], [ 64.811816, 43.693945 ], [ 64.706055, 43.652979 ], [ 64.604102, 43.613477 ], [ 64.496094, 43.571631 ], [ 64.443164, 43.551172 ], [ 64.318164, 43.558936 ], [ 64.208789, 43.565723 ], [ 64.013281, 43.577832 ], [ 63.848145, 43.588135 ], [ 63.679688, 43.598633 ], [ 63.444824, 43.613232 ], [ 63.207031, 43.627979 ], [ 63.047656, 43.608496 ], [ 62.846191, 43.583887 ], [ 62.634473, 43.558008 ], [ 62.459375, 43.536621 ], [ 62.237891, 43.50957 ], [ 62.071973, 43.489355 ], [ 61.990234, 43.492139 ], [ 61.887598, 43.577246 ], [ 61.723242, 43.713574 ], [ 61.623633, 43.796191 ], [ 61.525879, 43.877197 ], [ 61.385059, 43.993945 ], [ 61.271484, 44.082275 ], [ 61.160742, 44.168604 ], [ 61.09707, 44.248242 ], [ 61.065332, 44.348389 ], [ 61.00791, 44.393799 ], [ 60.879199, 44.455078 ], [ 60.741113, 44.52085 ], [ 60.60293, 44.586621 ], [ 60.464746, 44.652441 ], [ 60.32666, 44.718213 ], [ 60.188477, 44.783984 ], [ 60.050293, 44.849756 ], [ 59.912207, 44.915576 ], [ 59.774023, 44.981299 ], [ 59.635938, 45.04707 ], [ 59.497852, 45.112842 ], [ 59.35957, 45.178613 ], [ 59.221484, 45.244434 ], [ 59.083398, 45.310205 ], [ 58.945117, 45.375977 ], [ 58.807031, 45.441797 ], [ 58.668945, 45.507568 ], [ 58.555273, 45.555371 ], [ 58.449414, 45.54292 ], [ 58.291113, 45.509424 ], [ 58.125195, 45.474365 ], [ 57.961035, 45.439697 ], [ 57.666699, 45.377441 ], [ 57.477344, 45.337451 ], [ 57.329297, 45.303662 ], [ 57.17168, 45.267725 ], [ 56.965039, 45.220605 ], [ 56.791895, 45.181055 ], [ 56.58877, 45.134766 ], [ 56.40918, 45.093799 ], [ 56.25791, 45.059326 ], [ 56.100488, 45.023389 ], [ 55.975684, 44.994922 ], [ 55.975781, 44.765381 ], [ 55.975977, 44.53584 ], [ 55.976074, 44.306299 ], [ 55.976172, 44.076758 ], [ 55.97627, 43.847217 ], [ 55.976367, 43.617627 ], [ 55.976465, 43.388086 ], [ 55.976562, 43.158594 ], [ 55.97666, 42.929053 ], [ 55.976758, 42.699512 ], [ 55.976855, 42.469971 ], [ 55.976953, 42.24043 ], [ 55.977051, 42.010889 ], [ 55.977148, 41.781348 ], [ 55.977344, 41.551758 ], [ 55.977441, 41.322217 ], [ 56.241992, 41.31084 ], [ 56.479883, 41.300635 ], [ 56.773633, 41.287988 ], [ 56.86084, 41.276123 ], [ 56.96582, 41.265137 ], [ 57.017969, 41.263477 ], [ 57.064258, 41.307275 ], [ 57.094824, 41.331299 ], [ 57.118848, 41.350293 ], [ 57.113867, 41.371777 ], [ 57.07666, 41.38999 ], [ 57.018164, 41.450586 ], [ 56.984863, 41.669336 ], [ 56.964063, 41.856543 ], [ 57.033691, 41.914844 ], [ 57.113574, 41.957129 ], [ 57.228809, 42.084473 ], [ 57.290625, 42.123779 ], [ 57.381738, 42.156299 ], [ 57.686133, 42.164795 ], [ 57.814258, 42.189844 ], [ 57.855957, 42.231055 ], [ 57.923438, 42.335205 ], [ 57.945703, 42.42002 ], [ 57.983496, 42.458789 ], [ 58.028906, 42.487646 ], [ 58.075488, 42.486523 ], [ 58.165625, 42.461572 ], [ 58.234082, 42.447705 ], [ 58.28291, 42.428857 ], [ 58.327246, 42.398926 ], [ 58.370508, 42.346777 ], [ 58.377148, 42.312451 ], [ 58.39707, 42.29248 ], [ 58.431445, 42.29209 ], [ 58.457031, 42.291797 ], [ 58.474414, 42.299365 ], [ 58.48584, 42.316846 ], [ 58.476953, 42.340137 ], [ 58.418164, 42.406689 ], [ 58.288672, 42.527295 ], [ 58.204102, 42.576367 ], [ 58.162012, 42.602979 ], [ 58.151563, 42.628076 ], [ 58.206445, 42.666309 ], [ 58.259668, 42.688086 ], [ 58.353125, 42.671729 ], [ 58.477148, 42.662842 ], [ 58.532324, 42.681934 ], [ 58.589063, 42.778467 ], [ 58.72998, 42.676172 ], [ 58.876953, 42.561475 ], [ 58.930859, 42.540283 ], [ 59.03584, 42.528125 ], [ 59.123145, 42.523779 ], [ 59.15957, 42.511426 ], [ 59.199121, 42.481689 ], [ 59.276563, 42.356152 ], [ 59.354297, 42.323291 ], [ 59.451074, 42.299512 ], [ 59.762598, 42.301562 ], [ 59.858301, 42.295166 ], [ 59.936523, 42.236035 ], [ 59.985156, 42.211719 ], [ 60.006055, 42.19082 ], [ 60.000781, 42.164746 ], [ 59.981641, 42.131738 ], [ 59.979199, 42.068066 ], [ 59.974121, 42.018799 ], [ 59.949316, 41.99541 ], [ 59.941797, 41.973535 ], [ 59.962598, 41.954395 ], [ 60.106934, 41.907422 ], [ 60.155566, 41.857031 ], [ 60.19209, 41.834424 ], [ 60.200781, 41.803125 ], [ 60.176367, 41.782275 ], [ 60.108594, 41.792676 ], [ 60.075586, 41.759668 ], [ 60.075586, 41.700537 ], [ 60.124023, 41.644971 ], [ 60.137988, 41.594141 ], [ 60.106055, 41.545215 ], [ 60.06875, 41.476221 ], [ 60.067383, 41.427344 ], [ 60.089648, 41.399414 ], [ 60.2, 41.348975 ], [ 60.45498, 41.221631 ], [ 60.513574, 41.216162 ], [ 60.754883, 41.245752 ], [ 60.867188, 41.248682 ], [ 60.933203, 41.229004 ], [ 61.119922, 41.210889 ], [ 61.179297, 41.190576 ], [ 61.242383, 41.189209 ], [ 61.328906, 41.195117 ], [ 61.3875, 41.252148 ], [ 61.417383, 41.265137 ], [ 61.443652, 41.274609 ], [ 61.496973, 41.276074 ], [ 61.644531, 41.239844 ], [ 61.799902, 41.163428 ], [ 61.902832, 41.093701 ], [ 61.953516, 41.030615 ], [ 62.017578, 40.893799 ], [ 62.09502, 40.683301 ], [ 62.188477, 40.541211 ], [ 62.298047, 40.46748 ], [ 62.375, 40.33208 ], [ 62.441602, 40.03623 ], [ 62.483203, 39.975635 ], [ 62.525488, 39.944092 ], [ 62.650684, 39.858496 ], [ 62.906836, 39.716797 ], [ 63.058105, 39.633154 ], [ 63.291895, 39.499512 ], [ 63.506055, 39.3771 ], [ 63.720801, 39.188135 ], [ 63.763672, 39.160547 ], [ 63.952539, 39.05835 ], [ 64.162793, 38.953613 ], [ 64.309961, 38.977295 ], [ 64.531641, 38.816211 ], [ 64.621875, 38.756445 ], [ 64.659961, 38.736035 ], [ 64.820703, 38.672461 ], [ 65.07666, 38.539453 ], [ 65.399609, 38.348828 ], [ 65.612891, 38.238574 ], [ 65.670898, 38.225732 ], [ 65.728516, 38.226367 ], [ 65.790234, 38.250049 ], [ 65.857129, 38.26875 ], [ 65.971191, 38.244238 ], [ 66.094824, 38.200146 ], [ 66.173145, 38.166699 ], [ 66.263672, 38.118066 ], [ 66.335352, 38.072168 ], [ 66.389746, 38.050928 ], [ 66.574512, 38.010791 ], [ 66.60625, 37.986719 ], [ 66.626367, 37.959863 ], [ 66.629297, 37.932031 ], [ 66.525586, 37.785742 ], [ 66.511328, 37.59917 ], [ 66.510645, 37.458691 ], [ 66.522266, 37.348486 ], [ 66.827734, 37.371289 ], [ 67.068848, 37.334814 ], [ 67.195508, 37.235205 ], [ 67.319727, 37.20957 ], [ 67.441699, 37.258008 ], [ 67.517285, 37.26665 ], [ 67.546484, 37.235645 ], [ 67.607422, 37.22251 ], [ 67.7, 37.227246 ], [ 67.75293, 37.199805 ], [ 67.758984, 37.172217 ], [ 67.798047, 37.244971 ], [ 67.814355, 37.487012 ], [ 67.863574, 37.570703 ], [ 68.010938, 37.720947 ], [ 68.087598, 37.835449 ], [ 68.174023, 37.928418 ], [ 68.236523, 37.959668 ], [ 68.294043, 38.03291 ], [ 68.341211, 38.116797 ], [ 68.354492, 38.169531 ], [ 68.350293, 38.211035 ], [ 68.333105, 38.237793 ], [ 68.251367, 38.294531 ], [ 68.144141, 38.383105 ], [ 68.087207, 38.473535 ], [ 68.055957, 38.588916 ], [ 68.047852, 38.669287 ], [ 68.148535, 38.890625 ], [ 68.13252, 38.927637 ], [ 68.103516, 38.962012 ], [ 68.044336, 38.983594 ], [ 67.95957, 38.99292 ], [ 67.875684, 38.983008 ], [ 67.768555, 38.982227 ], [ 67.694434, 38.994629 ], [ 67.676563, 39.008496 ], [ 67.667285, 39.10918 ], [ 67.64834, 39.131055 ], [ 67.616504, 39.150293 ], [ 67.400391, 39.19668 ], [ 67.357617, 39.216699 ], [ 67.349609, 39.24209 ], [ 67.426172, 39.465576 ], [ 67.45957, 39.482422 ], [ 67.491699, 39.51875 ], [ 67.54248, 39.557617 ], [ 67.719043, 39.621387 ], [ 67.908594, 39.593799 ], [ 68.077148, 39.56416 ], [ 68.244922, 39.548291 ], [ 68.303027, 39.537695 ], [ 68.399023, 39.528857 ], [ 68.463281, 39.536719 ], [ 68.506934, 39.562793 ], [ 68.586133, 39.634961 ], [ 68.610352, 39.743262 ], [ 68.638965, 39.838867 ], [ 68.686914, 39.846289 ], [ 68.735254, 39.83623 ], [ 68.758203, 39.855566 ], [ 68.767969, 39.881836 ], [ 68.777832, 39.904199 ], [ 68.797656, 39.909131 ], [ 68.832422, 39.884326 ], [ 68.852246, 39.890967 ], [ 68.86875, 39.907471 ], [ 68.863867, 39.927344 ], [ 68.824414, 39.960791 ], [ 68.789453, 40.01333 ], [ 68.792773, 40.031494 ], [ 68.804688, 40.050342 ], [ 68.908496, 40.068213 ], [ 68.955664, 40.071338 ], [ 68.97207, 40.089941 ], [ 68.966016, 40.11958 ], [ 68.926855, 40.136328 ], [ 68.78457, 40.1271 ], [ 68.639746, 40.129199 ], [ 68.622461, 40.147266 ], [ 68.630664, 40.16709 ], [ 68.652539, 40.182666 ], [ 68.951758, 40.222607 ], [ 69.110352, 40.20874 ], [ 69.22832, 40.187598 ], [ 69.274902, 40.198096 ], [ 69.219531, 40.288135 ], [ 69.294434, 40.296582 ], [ 69.304199, 40.327393 ], [ 69.20625, 40.566553 ], [ 69.259961, 40.587646 ], [ 69.313965, 40.634766 ], [ 69.309375, 40.723926 ], [ 69.357227, 40.767383 ], [ 69.413867, 40.797168 ], [ 69.498242, 40.76709 ], [ 69.628418, 40.679053 ], [ 69.670801, 40.661963 ], [ 69.712891, 40.656982 ], [ 69.773242, 40.684277 ], [ 70.005664, 40.771436 ], [ 70.136328, 40.82041 ], [ 70.29209, 40.891699 ], [ 70.318945, 40.919238 ], [ 70.372656, 41.027637 ], [ 70.401953, 41.035107 ], [ 70.441504, 41.023438 ], [ 70.578223, 40.911475 ], [ 70.657324, 40.839648 ], [ 70.657324, 40.815088 ], [ 70.634766, 40.796582 ], [ 70.63916, 40.778564 ], [ 70.750977, 40.7396 ], [ 70.751074, 40.721777 ], [ 70.725586, 40.687793 ], [ 70.712012, 40.669092 ], [ 70.69834, 40.661182 ], [ 70.548828, 40.562793 ], [ 70.382617, 40.453516 ], [ 70.377148, 40.439258 ], [ 70.369727, 40.412012 ], [ 70.371582, 40.384131 ], [ 70.398242, 40.361377 ], [ 70.469922, 40.345361 ], [ 70.533594, 40.324512 ], [ 70.56582, 40.267139 ], [ 70.602734, 40.21416 ], [ 70.653125, 40.201172 ], [ 70.899414, 40.23457 ], [ 70.958008, 40.238867 ], [ 70.990625, 40.254883 ], [ 71.094531, 40.27124 ], [ 71.304688, 40.286914 ], [ 71.376172, 40.275195 ], [ 71.457422, 40.241992 ], [ 71.52041, 40.208984 ], [ 71.580469, 40.210254 ], [ 71.629883, 40.217139 ], [ 71.650879, 40.208008 ], [ 71.666797, 40.178613 ], [ 71.69248, 40.152344 ], [ 71.772656, 40.188037 ], [ 71.84541, 40.234326 ], [ 71.902734, 40.240967 ], [ 71.955664, 40.258594 ], [ 71.971094, 40.289502 ], [ 72.012598, 40.340723 ], [ 72.13125, 40.438623 ], [ 72.192871, 40.454443 ], [ 72.232813, 40.454395 ], [ 72.234668, 40.438623 ], [ 72.254004, 40.424219 ], [ 72.357715, 40.40166 ], [ 72.389258, 40.427393 ], [ 72.405957, 40.463086 ], [ 72.369727, 40.519727 ], [ 72.369043, 40.543457 ], [ 72.382617, 40.565137 ], [ 72.402051, 40.578076 ], [ 72.56748, 40.524365 ], [ 72.604102, 40.525439 ], [ 72.67959, 40.555615 ], [ 72.748828, 40.608691 ], [ 72.773828, 40.650391 ], [ 73.112891, 40.786035 ], [ 73.136914, 40.810645 ], [ 73.132129, 40.828516 ], [ 72.990039, 40.860107 ], [ 72.925977, 40.842432 ], [ 72.866602, 40.842334 ], [ 72.830957, 40.862158 ], [ 72.658301, 40.869922 ], [ 72.62041, 40.883789 ], [ 72.505957, 40.981689 ], [ 72.427344, 41.018945 ], [ 72.364063, 41.043457 ], [ 72.294922, 41.039941 ], [ 72.213086, 41.014258 ], [ 72.187305, 41.025928 ], [ 72.180664, 41.066846 ], [ 72.180957, 41.118457 ], [ 72.164258, 41.17373 ], [ 72.11543, 41.186572 ], [ 72.052441, 41.164746 ], [ 71.958496, 41.187061 ], [ 71.878613, 41.19502 ], [ 71.858008, 41.311377 ], [ 71.825781, 41.361035 ], [ 71.79248, 41.413135 ], [ 71.757715, 41.428027 ], [ 71.700684, 41.454004 ], [ 71.697266, 41.515576 ], [ 71.685156, 41.533008 ], [ 71.664941, 41.541211 ], [ 71.6375, 41.53418 ], [ 71.602246, 41.503271 ], [ 71.619629, 41.435449 ], [ 71.60625, 41.367432 ], [ 71.585547, 41.333252 ], [ 71.545605, 41.308057 ], [ 71.5, 41.307471 ], [ 71.420898, 41.341895 ], [ 71.408398, 41.136035 ], [ 71.393066, 41.123389 ], [ 71.298828, 41.15249 ], [ 71.223438, 41.139941 ], [ 71.110742, 41.152637 ], [ 71.025977, 41.186572 ], [ 70.962598, 41.195996 ], [ 70.860449, 41.224902 ], [ 70.782422, 41.2625 ], [ 70.734375, 41.400537 ], [ 70.688867, 41.449805 ], [ 70.645898, 41.460352 ], [ 70.471387, 41.412646 ], [ 70.407813, 41.449561 ], [ 70.290039, 41.496826 ], [ 70.200879, 41.514453 ], [ 70.176953, 41.53999 ], [ 70.180957, 41.571436 ], [ 70.45498, 41.725049 ], [ 70.562891, 41.830811 ], [ 70.630859, 41.875488 ], [ 70.727734, 41.905225 ], [ 70.80332, 41.922656 ], [ 70.841895, 42.019629 ], [ 70.856641, 42.030811 ], [ 70.910352, 42.037988 ], [ 71.032227, 42.077783 ], [ 71.228516, 42.162891 ], [ 71.232324, 42.186279 ], [ 71.212695, 42.206445 ], [ 71.12998, 42.25 ], [ 71.036035, 42.284668 ], [ 70.979004, 42.266553 ], [ 70.946777, 42.248682 ], [ 70.860352, 42.207227 ] ], [ [ 70.622754, 40.934424 ], [ 70.56875, 40.981836 ], [ 70.55, 41.014893 ], [ 70.57207, 41.024805 ], [ 70.618359, 41.00166 ], [ 70.649219, 40.96084 ], [ 70.652539, 40.936621 ], [ 70.622754, 40.934424 ] ] ], [ [ [ 71.215625, 39.906787 ], [ 71.179297, 39.979834 ], [ 71.228711, 40.048145 ], [ 71.130273, 40.059668 ], [ 71.080371, 40.079883 ], [ 71.024121, 40.14917 ], [ 71.005469, 40.152295 ], [ 70.97627, 40.133252 ], [ 70.960645, 40.087988 ], [ 70.974414, 40.038867 ], [ 71.014453, 40.005762 ], [ 71.041016, 39.994922 ], [ 71.044824, 39.992529 ], [ 71.043652, 39.976318 ], [ 71.011719, 39.895117 ], [ 71.064258, 39.884912 ], [ 71.15625, 39.883447 ], [ 71.206152, 39.892578 ], [ 71.215625, 39.906787 ] ] ], [ [ [ 71.789941, 39.995312 ], [ 71.765332, 39.993262 ], [ 71.736523, 39.980957 ], [ 71.68125, 39.968652 ], [ 71.668945, 39.946094 ], [ 71.705859, 39.917432 ], [ 71.75293, 39.907129 ], [ 71.779688, 39.950244 ], [ 71.789941, 39.995312 ] ] ] ] } },
{ "type": "Feature", "properties": { "NAME": "Kazakhstan", "ADMIN": "Kazakhstan" }, "geometry": { "type": "MultiPolygon", "coordinates": [ [ [ [ 50.098145, 44.881543 ], [ 50.038867, 44.949121 ], [ 50.045313, 45.01001 ], [ 50.116602, 45.058252 ], [ 50.109863, 45.081934 ], [ 50.059375, 45.066797 ], [ 50.023047, 45.044727 ], [ 49.995117, 44.936963 ], [ 50.095313, 44.830615 ], [ 50.14873, 44.826465 ], [ 50.184473, 44.854639 ], [ 50.098145, 44.881543 ] ] ], [ [ [ 50.330859, 44.998437 ], [ 50.349707, 45.083008 ], [ 50.294922, 45.075928 ], [ 50.256152, 45.022412 ], [ 50.277246, 44.958594 ], [ 50.311719, 44.97207 ], [ 50.330859, 44.998437 ] ] ], [ [ [ 52.692969, 45.460742 ], [ 52.65957, 45.518066 ], [ 52.608887, 45.528027 ], [ 52.554297, 45.473975 ], [ 52.59834, 45.428174 ], [ 52.664844, 45.401318 ], [ 52.682422, 45.411816 ], [ 52.692969, 45.460742 ] ] ], [ [ [ 70.892871, 42.293701 ], [ 70.892871, 42.33999 ], [ 70.952344, 42.419385 ], [ 71.001953, 42.459082 ], [ 71.022754, 42.535449 ], [ 71.093555, 42.586523 ], [ 71.167383, 42.667432 ], [ 71.256641, 42.733545 ], [ 71.42207, 42.783154 ], [ 71.514258, 42.766943 ], [ 71.600781, 42.778662 ], [ 71.734766, 42.818896 ], [ 71.760547, 42.821484 ], [ 71.816797, 42.822168 ], [ 72.161816, 42.760693 ], [ 72.275781, 42.757666 ], [ 72.543164, 42.677734 ], [ 72.666113, 42.6604 ], [ 72.75293, 42.637891 ], [ 72.792383, 42.603467 ], [ 72.855078, 42.561133 ], [ 73.19082, 42.526855 ], [ 73.28291, 42.504102 ], [ 73.316016, 42.466992 ], [ 73.411621, 42.419775 ], [ 73.492969, 42.409033 ], [ 73.421875, 42.593506 ], [ 73.450195, 42.703027 ], [ 73.55625, 43.002783 ], [ 73.612012, 43.0479 ], [ 73.718555, 43.087891 ], [ 73.886035, 43.132568 ], [ 73.949219, 43.19502 ], [ 74.08623, 43.188623 ], [ 74.145898, 43.194092 ], [ 74.186816, 43.205273 ], [ 74.209082, 43.240381 ], [ 74.363867, 43.179443 ], [ 74.622266, 43.056201 ], [ 74.817578, 42.978174 ], [ 75.047656, 42.904395 ], [ 75.366211, 42.836963 ], [ 75.635645, 42.8146 ], [ 75.681738, 42.830469 ], [ 75.789551, 42.93291 ], [ 75.840332, 42.9375 ], [ 75.932227, 42.928516 ], [ 76.218164, 42.92373 ], [ 76.50918, 42.918896 ], [ 76.646484, 42.928809 ], [ 76.944043, 42.971484 ], [ 76.988086, 42.973584 ], [ 77.057324, 42.970654 ], [ 77.235547, 42.912646 ], [ 77.368555, 42.904443 ], [ 77.459277, 42.904736 ], [ 77.512207, 42.900049 ], [ 77.622461, 42.902246 ], [ 77.80166, 42.895215 ], [ 78.023145, 42.85752 ], [ 78.290039, 42.864355 ], [ 78.375977, 42.871484 ], [ 78.524219, 42.864648 ], [ 78.642285, 42.828711 ], [ 78.791504, 42.79082 ], [ 78.885156, 42.774902 ], [ 78.947949, 42.766699 ], [ 79.059863, 42.763818 ], [ 79.12666, 42.775732 ], [ 79.164844, 42.759033 ], [ 79.203027, 42.666016 ], [ 79.295508, 42.604834 ], [ 79.367773, 42.547217 ], [ 79.428223, 42.483496 ], [ 79.490137, 42.457568 ], [ 79.598437, 42.456641 ], [ 79.803418, 42.438477 ], [ 79.921094, 42.413135 ], [ 80.071289, 42.302979 ], [ 80.209375, 42.190039 ], [ 80.233008, 42.207812 ], [ 80.259082, 42.2354 ], [ 80.255078, 42.27417 ], [ 80.205762, 42.399414 ], [ 80.179297, 42.518359 ], [ 80.161914, 42.625537 ], [ 80.165039, 42.665527 ], [ 80.202246, 42.734473 ], [ 80.250293, 42.797266 ], [ 80.424023, 42.855762 ], [ 80.538965, 42.873486 ], [ 80.54375, 42.911719 ], [ 80.450684, 42.935547 ], [ 80.383398, 42.973779 ], [ 80.371289, 42.995605 ], [ 80.374512, 43.02041 ], [ 80.390234, 43.043115 ], [ 80.507031, 43.085791 ], [ 80.616992, 43.128271 ], [ 80.751172, 43.10249 ], [ 80.777734, 43.118945 ], [ 80.785742, 43.161572 ], [ 80.757031, 43.204346 ], [ 80.729785, 43.274268 ], [ 80.667773, 43.310059 ], [ 80.66543, 43.352979 ], [ 80.703809, 43.427051 ], [ 80.650781, 43.56416 ], [ 80.593457, 43.685107 ], [ 80.495996, 43.89209 ], [ 80.431543, 43.951758 ], [ 80.395801, 44.047168 ], [ 80.355273, 44.097266 ], [ 80.358984, 44.171289 ], [ 80.365332, 44.223291 ], [ 80.354883, 44.326514 ], [ 80.336328, 44.438379 ], [ 80.355078, 44.552002 ], [ 80.391016, 44.626807 ], [ 80.381445, 44.65542 ], [ 80.400586, 44.676904 ], [ 80.455469, 44.684082 ], [ 80.481543, 44.714648 ], [ 80.455469, 44.746094 ], [ 80.36084, 44.770312 ], [ 80.255078, 44.808105 ], [ 80.127832, 44.80376 ], [ 79.997168, 44.797217 ], [ 79.932129, 44.825195 ], [ 79.875293, 44.86084 ], [ 79.871875, 44.883789 ], [ 79.950195, 44.944092 ], [ 80.05918, 45.006445 ], [ 80.228223, 45.033984 ], [ 80.414941, 45.075098 ], [ 80.50918, 45.10498 ], [ 80.634766, 45.126514 ], [ 80.780078, 45.135547 ], [ 80.85332, 45.129297 ], [ 81.040332, 45.169141 ], [ 81.334766, 45.246191 ], [ 81.602051, 45.31084 ], [ 81.691992, 45.349365 ], [ 81.758887, 45.31084 ], [ 81.789648, 45.226025 ], [ 81.86748, 45.18208 ], [ 81.944922, 45.16084 ], [ 81.989258, 45.161865 ], [ 82.122754, 45.194873 ], [ 82.266602, 45.219092 ], [ 82.323438, 45.205859 ], [ 82.39668, 45.162451 ], [ 82.478711, 45.123584 ], [ 82.521484, 45.125488 ], [ 82.558984, 45.15542 ], [ 82.596973, 45.215967 ], [ 82.621094, 45.293115 ], [ 82.625781, 45.374414 ], [ 82.611621, 45.424268 ], [ 82.58252, 45.442578 ], [ 82.45166, 45.471973 ], [ 82.32666, 45.519922 ], [ 82.312207, 45.563721 ], [ 82.315234, 45.594922 ], [ 82.348145, 45.671533 ], [ 82.429688, 45.811914 ], [ 82.511719, 46.005811 ], [ 82.555078, 46.158691 ], [ 82.692187, 46.38667 ], [ 82.8, 46.624463 ], [ 82.974902, 46.966016 ], [ 83.004102, 47.033496 ], [ 83.020117, 47.141455 ], [ 83.029492, 47.185937 ], [ 83.090332, 47.209375 ], [ 83.193066, 47.186572 ], [ 83.443555, 47.108643 ], [ 83.634082, 47.043213 ], [ 83.713965, 47.021045 ], [ 83.832617, 46.997852 ], [ 84.016016, 46.970508 ], [ 84.12207, 46.978613 ], [ 84.215137, 46.994727 ], [ 84.338867, 46.996143 ], [ 84.532422, 46.975781 ], [ 84.592285, 46.974951 ], [ 84.666602, 46.972363 ], [ 84.719531, 46.939355 ], [ 84.745996, 46.864355 ], [ 84.786133, 46.830713 ], [ 84.858203, 46.843164 ], [ 85.012207, 46.909229 ], [ 85.110547, 46.96123 ], [ 85.233496, 47.036377 ], [ 85.355371, 47.046729 ], [ 85.484766, 47.063525 ], [ 85.529688, 47.100781 ], [ 85.577246, 47.188477 ], [ 85.656641, 47.254639 ], [ 85.669824, 47.338379 ], [ 85.641797, 47.397412 ], [ 85.586621, 47.493652 ], [ 85.588281, 47.558496 ], [ 85.561621, 47.746484 ], [ 85.525977, 47.915625 ], [ 85.562305, 48.051855 ], [ 85.626367, 48.204004 ], [ 85.651563, 48.250537 ], [ 85.692187, 48.311816 ], [ 85.749414, 48.385059 ], [ 85.829883, 48.408057 ], [ 86.056152, 48.42373 ], [ 86.265625, 48.454541 ], [ 86.372559, 48.48623 ], [ 86.483301, 48.505371 ], [ 86.549414, 48.528613 ], [ 86.66377, 48.635547 ], [ 86.717969, 48.697168 ], [ 86.757812, 48.860742 ], [ 86.728613, 48.939355 ], [ 86.753125, 49.008838 ], [ 86.808301, 49.049707 ], [ 86.885938, 49.090576 ], [ 86.937988, 49.097559 ], [ 87.048535, 49.109912 ], [ 87.22998, 49.105859 ], [ 87.322852, 49.085791 ], [ 87.296875, 49.147656 ], [ 87.233691, 49.216162 ], [ 87.148047, 49.239795 ], [ 87.070605, 49.25459 ], [ 87.000977, 49.287305 ], [ 86.95293, 49.32207 ], [ 86.812109, 49.487891 ], [ 86.714355, 49.558594 ], [ 86.626465, 49.562695 ], [ 86.614258, 49.609717 ], [ 86.665332, 49.656689 ], [ 86.730664, 49.695557 ], [ 86.728711, 49.748682 ], [ 86.675488, 49.777295 ], [ 86.610156, 49.769141 ], [ 86.522266, 49.707764 ], [ 86.417969, 49.638477 ], [ 86.292383, 49.5875 ], [ 86.242188, 49.546338 ], [ 86.180859, 49.499316 ], [ 86.092969, 49.505469 ], [ 86.02959, 49.503418 ], [ 85.974414, 49.499316 ], [ 85.933594, 49.550439 ], [ 85.880469, 49.556543 ], [ 85.498438, 49.605371 ], [ 85.371582, 49.623926 ], [ 85.291895, 49.599463 ], [ 85.232617, 49.61582 ], [ 85.210156, 49.664844 ], [ 85.136523, 49.750732 ], [ 85.076465, 49.821631 ], [ 85.000781, 49.894141 ], [ 84.975195, 49.951074 ], [ 84.999707, 50.010303 ], [ 84.989453, 50.061426 ], [ 84.924023, 50.087988 ], [ 84.838965, 50.091309 ], [ 84.607324, 50.202393 ], [ 84.499023, 50.21875 ], [ 84.400977, 50.23916 ], [ 84.323242, 50.23916 ], [ 84.257812, 50.288232 ], [ 84.194531, 50.437451 ], [ 84.175977, 50.520557 ], [ 84.099316, 50.604736 ], [ 84.002344, 50.676855 ], [ 83.945117, 50.774658 ], [ 83.859766, 50.818018 ], [ 83.717773, 50.887158 ], [ 83.581445, 50.935742 ], [ 83.357324, 50.99458 ], [ 83.27373, 50.99458 ], [ 83.160254, 50.989209 ], [ 83.092773, 50.960596 ], [ 83.019238, 50.897266 ], [ 82.919043, 50.893115 ], [ 82.76084, 50.893359 ], [ 82.718555, 50.869482 ], [ 82.692969, 50.826318 ], [ 82.611719, 50.771484 ], [ 82.493945, 50.727588 ], [ 82.326367, 50.741895 ], [ 82.211914, 50.719434 ], [ 82.098047, 50.71084 ], [ 81.933691, 50.766357 ], [ 81.752051, 50.764404 ], [ 81.633887, 50.739111 ], [ 81.465918, 50.739844 ], [ 81.431445, 50.771143 ], [ 81.451563, 50.823682 ], [ 81.437695, 50.871045 ], [ 81.410156, 50.909766 ], [ 81.388281, 50.956494 ], [ 81.319141, 50.966406 ], [ 81.124609, 50.946289 ], [ 81.071484, 50.96875 ], [ 81.077539, 51.014941 ], [ 81.112402, 51.072363 ], [ 81.141016, 51.146582 ], [ 81.127246, 51.191064 ], [ 81.026758, 51.185693 ], [ 80.965625, 51.189795 ], [ 80.934082, 51.242773 ], [ 80.877344, 51.281445 ], [ 80.813086, 51.283496 ], [ 80.735254, 51.293408 ], [ 80.650488, 51.277344 ], [ 80.605469, 51.224219 ], [ 80.550684, 51.216602 ], [ 80.491016, 51.201758 ], [ 80.448047, 51.18335 ], [ 80.421484, 51.136377 ], [ 80.433594, 51.092627 ], [ 80.452246, 50.997607 ], [ 80.423633, 50.946289 ], [ 80.345215, 50.919092 ], [ 80.27041, 50.924609 ], [ 80.220215, 50.911768 ], [ 80.127246, 50.85835 ], [ 80.086328, 50.83999 ], [ 80.07207, 50.807275 ], [ 80.065918, 50.758203 ], [ 79.98623, 50.774561 ], [ 79.859668, 50.955469 ], [ 79.716406, 51.16001 ], [ 79.554297, 51.377979 ], [ 79.468848, 51.493115 ], [ 79.14873, 51.868115 ], [ 78.99209, 52.047412 ], [ 78.721484, 52.357031 ], [ 78.475488, 52.638428 ], [ 78.198047, 52.929688 ], [ 78.033496, 53.094971 ], [ 77.859961, 53.269189 ], [ 77.799414, 53.317432 ], [ 77.704395, 53.37915 ], [ 77.469238, 53.498779 ], [ 77.132422, 53.670117 ], [ 76.820703, 53.822656 ], [ 76.575684, 53.942529 ], [ 76.513086, 53.993213 ], [ 76.484766, 54.022559 ], [ 76.458594, 54.055273 ], [ 76.42207, 54.113525 ], [ 76.42168, 54.151514 ], [ 76.65459, 54.145264 ], [ 76.703027, 54.182471 ], [ 76.788965, 54.321875 ], [ 76.837305, 54.442383 ], [ 76.759375, 54.436865 ], [ 76.615527, 54.387109 ], [ 76.53916, 54.351074 ], [ 76.496484, 54.335693 ], [ 76.266602, 54.311963 ], [ 76.140527, 54.258545 ], [ 75.880664, 54.167969 ], [ 75.692871, 54.114795 ], [ 75.656836, 54.106006 ], [ 75.437207, 54.089648 ], [ 75.398145, 54.068506 ], [ 75.392383, 54.021729 ], [ 75.377051, 53.970117 ], [ 75.220215, 53.893799 ], [ 75.052148, 53.826709 ], [ 74.988965, 53.819238 ], [ 74.886816, 53.834033 ], [ 74.83418, 53.825684 ], [ 74.681445, 53.754395 ], [ 74.451953, 53.647266 ], [ 74.430469, 53.603711 ], [ 74.429297, 53.550732 ], [ 74.402734, 53.504443 ], [ 74.351562, 53.487646 ], [ 74.277344, 53.527734 ], [ 74.209961, 53.576465 ], [ 74.068652, 53.611426 ], [ 73.858984, 53.619727 ], [ 73.731152, 53.602783 ], [ 73.642969, 53.57627 ], [ 73.469922, 53.468896 ], [ 73.406934, 53.447559 ], [ 73.371875, 53.454395 ], [ 73.361914, 53.506201 ], [ 73.326855, 53.543164 ], [ 73.285742, 53.598389 ], [ 73.305664, 53.707227 ], [ 73.399414, 53.811475 ], [ 73.554199, 53.868311 ], [ 73.678906, 53.929443 ], [ 73.715527, 53.996191 ], [ 73.712402, 54.042383 ], [ 73.666406, 54.063477 ], [ 73.617969, 54.067383 ], [ 73.589941, 54.044971 ], [ 73.505664, 53.999316 ], [ 73.380664, 53.962842 ], [ 73.276563, 53.955615 ], [ 73.229883, 53.957812 ], [ 73.119336, 53.980762 ], [ 72.914062, 54.107324 ], [ 72.741016, 54.124512 ], [ 72.622266, 54.134326 ], [ 72.582715, 54.121582 ], [ 72.564258, 54.09043 ], [ 72.575586, 54.056494 ], [ 72.599219, 54.023047 ], [ 72.585938, 53.995947 ], [ 72.530273, 53.975781 ], [ 72.446777, 53.941846 ], [ 72.404297, 53.964453 ], [ 72.383008, 54.053662 ], [ 72.387305, 54.123047 ], [ 72.329492, 54.181445 ], [ 72.269141, 54.272119 ], [ 72.186035, 54.325635 ], [ 72.105371, 54.308447 ], [ 72.065625, 54.231641 ], [ 72.004492, 54.205664 ], [ 71.887402, 54.221484 ], [ 71.677148, 54.178027 ], [ 71.336426, 54.15835 ], [ 71.093164, 54.212207 ], [ 71.052734, 54.260498 ], [ 71.152148, 54.364062 ], [ 71.159766, 54.45542 ], [ 71.15918, 54.538623 ], [ 71.185547, 54.599316 ], [ 71.12627, 54.715039 ], [ 70.991797, 54.950488 ], [ 70.910156, 55.127979 ], [ 70.790332, 55.261133 ], [ 70.738086, 55.305176 ], [ 70.486328, 55.282373 ], [ 70.417188, 55.253174 ], [ 70.371484, 55.212256 ], [ 70.293359, 55.183594 ], [ 70.182422, 55.162451 ], [ 70.087402, 55.176758 ], [ 69.981738, 55.199072 ], [ 69.870215, 55.245654 ], [ 69.740234, 55.307373 ], [ 69.493262, 55.356885 ], [ 69.246973, 55.37251 ], [ 68.977246, 55.3896 ], [ 68.842969, 55.35835 ], [ 68.712891, 55.308496 ], [ 68.524805, 55.204834 ], [ 68.438477, 55.194434 ], [ 68.301953, 55.186523 ], [ 68.20625, 55.160937 ], [ 68.225293, 55.115234 ], [ 68.244043, 55.052441 ], [ 68.209375, 55.003027 ], [ 68.155859, 54.976709 ], [ 68.073828, 54.95957 ], [ 67.939941, 54.953711 ], [ 67.829883, 54.943555 ], [ 67.693359, 54.872412 ], [ 67.484668, 54.854492 ], [ 67.257324, 54.828809 ], [ 67.09834, 54.788184 ], [ 66.754492, 54.737891 ], [ 66.555371, 54.71543 ], [ 66.222656, 54.667383 ], [ 65.954688, 54.659521 ], [ 65.914258, 54.693311 ], [ 65.707813, 54.618701 ], [ 65.476953, 54.623291 ], [ 65.434375, 54.593311 ], [ 65.378125, 54.564453 ], [ 65.315918, 54.551562 ], [ 65.237402, 54.516064 ], [ 65.192188, 54.441113 ], [ 65.157813, 54.364404 ], [ 65.088379, 54.340186 ], [ 64.99541, 54.36875 ], [ 64.926758, 54.396631 ], [ 64.809277, 54.368555 ], [ 64.649902, 54.352246 ], [ 64.525098, 54.362158 ], [ 64.46123, 54.38418 ], [ 64.199414, 54.347412 ], [ 64.062891, 54.30293 ], [ 64.037402, 54.279736 ], [ 64.003906, 54.26709 ], [ 63.84707, 54.236475 ], [ 63.721191, 54.24502 ], [ 63.701367, 54.243213 ], [ 63.582031, 54.221924 ], [ 63.413672, 54.183203 ], [ 63.292676, 54.170459 ], [ 63.191309, 54.171045 ], [ 63.126563, 54.139258 ], [ 63.073926, 54.105225 ], [ 62.632715, 54.069287 ], [ 62.588281, 54.044434 ], [ 62.499023, 54.013184 ], [ 62.040234, 54.002637 ], [ 62.002344, 53.979932 ], [ 61.985645, 53.954395 ], [ 61.928711, 53.946484 ], [ 61.598145, 53.994922 ], [ 61.333691, 54.049268 ], [ 61.231055, 54.019482 ], [ 61.14375, 53.963818 ], [ 61.113184, 53.882471 ], [ 61.113184, 53.812988 ], [ 61.113184, 53.753467 ], [ 61.073535, 53.710449 ], [ 60.985547, 53.657422 ], [ 60.979492, 53.621729 ], [ 61.098535, 53.583105 ], [ 61.247949, 53.550977 ], [ 61.336133, 53.565186 ], [ 61.409961, 53.587061 ], [ 61.474121, 53.580273 ], [ 61.519141, 53.554492 ], [ 61.534961, 53.523291 ], [ 61.526563, 53.501562 ], [ 61.498535, 53.484668 ], [ 61.400977, 53.455811 ], [ 61.311621, 53.465723 ], [ 61.228906, 53.445898 ], [ 61.185938, 53.406201 ], [ 61.162793, 53.336768 ], [ 61.199219, 53.287158 ], [ 61.310938, 53.275195 ], [ 61.436816, 53.239404 ], [ 61.576172, 53.222461 ], [ 61.659863, 53.228467 ], [ 61.766211, 53.173926 ], [ 62.014648, 53.107861 ], [ 62.081055, 53.057422 ], [ 62.082715, 53.00542 ], [ 62.037109, 52.966113 ], [ 61.974219, 52.94375 ], [ 61.888574, 52.955908 ], [ 61.719336, 52.969385 ], [ 61.533594, 52.978516 ], [ 61.400781, 52.995996 ], [ 61.206934, 52.989062 ], [ 61.047461, 52.972461 ], [ 61.006543, 52.93335 ], [ 60.944727, 52.860156 ], [ 60.893262, 52.819434 ], [ 60.802344, 52.744727 ], [ 60.774414, 52.675781 ], [ 60.821289, 52.569824 ], [ 60.979492, 52.394775 ], [ 60.994531, 52.336865 ], [ 60.937598, 52.280566 ], [ 60.828418, 52.233398 ], [ 60.670313, 52.15083 ], [ 60.499316, 52.146338 ], [ 60.425488, 52.125586 ], [ 60.233691, 52.024512 ], [ 60.065527, 51.976465 ], [ 60.030273, 51.933252 ], [ 60.06748, 51.890625 ], [ 60.280371, 51.834619 ], [ 60.3875, 51.772998 ], [ 60.418359, 51.703906 ], [ 60.464746, 51.651172 ], [ 60.630371, 51.616943 ], [ 60.973535, 51.537061 ], [ 60.993359, 51.528711 ], [ 61.014844, 51.492383 ], [ 61.363086, 51.441895 ], [ 61.411328, 51.414746 ], [ 61.554688, 51.324609 ], [ 61.585059, 51.229687 ], [ 61.512207, 51.137012 ], [ 61.465039, 50.990234 ], [ 61.389453, 50.861035 ], [ 61.226855, 50.774805 ], [ 60.942285, 50.695508 ], [ 60.637988, 50.663721 ], [ 60.508496, 50.669189 ], [ 60.424805, 50.67915 ], [ 60.288086, 50.70415 ], [ 60.186719, 50.769775 ], [ 60.112109, 50.83418 ], [ 60.058594, 50.850293 ], [ 60.005273, 50.839697 ], [ 59.955176, 50.799268 ], [ 59.887793, 50.690186 ], [ 59.812402, 50.582031 ], [ 59.751172, 50.543945 ], [ 59.523047, 50.492871 ], [ 59.497852, 50.511084 ], [ 59.523926, 50.582812 ], [ 59.495117, 50.604297 ], [ 59.452344, 50.62041 ], [ 59.170898, 50.6479 ], [ 59.064355, 50.668213 ], [ 58.984863, 50.676123 ], [ 58.883691, 50.694434 ], [ 58.814063, 50.737207 ], [ 58.664551, 50.868311 ], [ 58.547461, 50.971045 ], [ 58.35918, 51.063818 ], [ 58.188477, 51.081738 ], [ 58.174707, 51.072266 ], [ 58.045117, 51.068848 ], [ 57.838867, 51.09165 ], [ 57.828906, 51.089014 ], [ 57.764844, 51.046875 ], [ 57.716992, 50.980957 ], [ 57.653809, 50.925146 ], [ 57.557813, 50.895557 ], [ 57.442188, 50.888867 ], [ 57.3125, 50.946533 ], [ 57.179004, 51.036035 ], [ 57.011719, 51.065186 ], [ 56.849609, 51.045557 ], [ 56.790332, 51.031592 ], [ 56.620215, 50.980859 ], [ 56.566895, 51.004492 ], [ 56.491406, 51.019531 ], [ 56.325586, 50.936084 ], [ 56.143945, 50.844629 ], [ 56.104492, 50.77627 ], [ 56.049707, 50.713525 ], [ 55.929199, 50.65376 ], [ 55.797656, 50.602051 ], [ 55.68623, 50.582861 ], [ 55.542285, 50.601807 ], [ 55.361133, 50.665283 ], [ 55.195215, 50.744727 ], [ 55.014844, 50.869775 ], [ 54.867969, 50.941357 ], [ 54.727148, 50.998096 ], [ 54.641602, 51.011572 ], [ 54.572949, 50.990234 ], [ 54.546094, 50.946045 ], [ 54.565625, 50.911279 ], [ 54.60625, 50.879883 ], [ 54.637891, 50.781055 ], [ 54.65, 50.660156 ], [ 54.636133, 50.591602 ], [ 54.596191, 50.550684 ], [ 54.555273, 50.535791 ], [ 54.517383, 50.541162 ], [ 54.471484, 50.583789 ], [ 54.443359, 50.673926 ], [ 54.421484, 50.780322 ], [ 54.297852, 50.914062 ], [ 54.191113, 50.995703 ], [ 54.139746, 51.040771 ], [ 54.041504, 51.115186 ], [ 53.956836, 51.161182 ], [ 53.776465, 51.213721 ], [ 53.688086, 51.251807 ], [ 53.534668, 51.399561 ], [ 53.448633, 51.444531 ], [ 53.338086, 51.482373 ], [ 53.247266, 51.493604 ], [ 53.227344, 51.484961 ], [ 53.038379, 51.463721 ], [ 52.902637, 51.466943 ], [ 52.820508, 51.49458 ], [ 52.735059, 51.4979 ], [ 52.728125, 51.498145 ], [ 52.635156, 51.479541 ], [ 52.617773, 51.480762 ], [ 52.571191, 51.481641 ], [ 52.496191, 51.512158 ], [ 52.423047, 51.594238 ], [ 52.331055, 51.681299 ], [ 52.219141, 51.709375 ], [ 52.007129, 51.672705 ], [ 51.775391, 51.554248 ], [ 51.609082, 51.483984 ], [ 51.473438, 51.482031 ], [ 51.395996, 51.471289 ], [ 51.344531, 51.475342 ], [ 51.301074, 51.497412 ], [ 51.290723, 51.540186 ], [ 51.269922, 51.594482 ], [ 51.163477, 51.647461 ], [ 51.017871, 51.681641 ], [ 50.882422, 51.719189 ], [ 50.793945, 51.729199 ], [ 50.756152, 51.675146 ], [ 50.643945, 51.58916 ], [ 50.516309, 51.505615 ], [ 50.353711, 51.369727 ], [ 50.309277, 51.321582 ], [ 50.246875, 51.289502 ], [ 50.104883, 51.25459 ], [ 49.932324, 51.197168 ], [ 49.822266, 51.131885 ], [ 49.666309, 51.102295 ], [ 49.498047, 51.083594 ], [ 49.424609, 51.027002 ], [ 49.379492, 50.934668 ], [ 49.323438, 50.851709 ], [ 49.058691, 50.726074 ], [ 48.91377, 50.64458 ], [ 48.808398, 50.601318 ], [ 48.734766, 50.606885 ], [ 48.655176, 50.619873 ], [ 48.625098, 50.612695 ], [ 48.666016, 50.550342 ], [ 48.700488, 50.35376 ], [ 48.749414, 50.228467 ], [ 48.784766, 50.156445 ], [ 48.817969, 50.099854 ], [ 48.843262, 50.013135 ], [ 48.810254, 49.962402 ], [ 48.758984, 49.92832 ], [ 48.6, 49.874707 ], [ 48.434277, 49.828516 ], [ 48.334961, 49.858252 ], [ 48.224805, 49.931934 ], [ 48.181348, 49.97002 ], [ 48.060742, 50.093604 ], [ 47.849609, 50.282324 ], [ 47.705762, 50.377979 ], [ 47.599609, 50.413574 ], [ 47.503613, 50.402734 ], [ 47.429199, 50.357959 ], [ 47.376367, 50.318115 ], [ 47.326465, 50.273535 ], [ 47.294727, 50.21748 ], [ 47.297656, 50.140234 ], [ 47.295215, 50.058496 ], [ 47.24834, 50.000879 ], [ 47.12959, 49.939062 ], [ 46.991992, 49.852734 ], [ 46.889551, 49.696973 ], [ 46.823145, 49.502246 ], [ 46.802051, 49.36709 ], [ 46.85293, 49.303857 ], [ 46.953418, 49.252588 ], [ 47.018164, 49.199902 ], [ 47.031348, 49.150293 ], [ 47.014258, 49.09834 ], [ 46.962207, 49.03833 ], [ 46.85293, 48.969629 ], [ 46.702637, 48.805566 ], [ 46.60918, 48.573877 ], [ 46.660938, 48.412256 ], [ 46.853125, 48.323584 ], [ 47.004297, 48.284473 ], [ 47.064648, 48.232471 ], [ 47.119043, 48.127002 ], [ 47.111523, 48.020117 ], [ 47.093262, 47.947705 ], [ 47.130762, 47.876758 ], [ 47.202051, 47.79248 ], [ 47.292383, 47.740918 ], [ 47.387305, 47.768652 ], [ 47.481934, 47.803906 ], [ 47.600195, 47.78999 ], [ 47.934668, 47.760693 ], [ 48.109961, 47.74541 ], [ 48.166992, 47.708789 ], [ 48.275684, 47.589941 ], [ 48.413086, 47.456494 ], [ 48.552539, 47.320996 ], [ 48.600684, 47.262305 ], [ 48.714355, 47.100488 ], [ 48.831836, 46.954932 ], [ 48.959375, 46.774609 ], [ 48.950293, 46.725781 ], [ 48.883594, 46.70542 ], [ 48.776367, 46.710352 ], [ 48.693555, 46.736816 ], [ 48.64707, 46.758691 ], [ 48.605273, 46.765918 ], [ 48.558398, 46.757129 ], [ 48.518555, 46.734326 ], [ 48.502344, 46.698633 ], [ 48.50918, 46.649951 ], [ 48.541211, 46.605615 ], [ 48.586035, 46.5771 ], [ 48.610156, 46.566455 ], [ 48.774316, 46.507959 ], [ 48.958984, 46.442139 ], [ 49.184277, 46.348828 ], [ 49.232227, 46.337158 ], [ 49.205664, 46.385693 ], [ 49.28584, 46.436816 ], [ 49.362109, 46.410205 ], [ 49.344238, 46.485547 ], [ 49.347461, 46.519141 ], [ 49.437207, 46.537256 ], [ 49.584375, 46.545215 ], [ 49.631543, 46.567578 ], [ 49.760547, 46.571484 ], [ 49.886328, 46.595654 ], [ 49.999805, 46.634277 ], [ 50.101562, 46.696436 ], [ 50.30625, 46.794922 ], [ 50.419336, 46.879492 ], [ 50.472266, 46.88291 ], [ 50.528418, 46.873291 ], [ 50.58291, 46.882275 ], [ 50.679883, 46.938721 ], [ 50.732715, 46.95166 ], [ 50.92002, 47.040674 ], [ 51.178027, 47.110156 ], [ 51.29082, 47.097314 ], [ 51.615234, 47.029932 ], [ 51.650098, 47.018066 ], [ 51.744531, 46.93374 ], [ 51.945117, 46.894873 ], [ 52.011133, 46.901904 ], [ 52.085547, 46.8396 ], [ 52.138281, 46.828613 ], [ 52.18877, 46.839502 ], [ 52.340332, 46.894775 ], [ 52.384863, 46.922119 ], [ 52.420313, 46.963672 ], [ 52.483203, 46.990674 ], [ 52.677637, 46.957129 ], [ 52.916016, 46.954395 ], [ 53.03457, 46.89292 ], [ 53.069434, 46.856055 ], [ 53.1375, 46.742041 ], [ 53.170215, 46.669043 ], [ 53.132422, 46.60835 ], [ 53.078516, 46.547461 ], [ 53.063965, 46.475293 ], [ 53.108984, 46.414062 ], [ 53.135254, 46.19165 ], [ 53.041602, 45.967871 ], [ 52.8875, 45.779541 ], [ 52.773828, 45.572754 ], [ 52.8375, 45.496729 ], [ 53.085742, 45.407373 ], [ 53.200391, 45.331982 ], [ 53.078906, 45.30752 ], [ 52.910742, 45.319727 ], [ 52.771973, 45.343506 ], [ 52.531055, 45.398633 ], [ 52.426758, 45.404639 ], [ 52.04873, 45.388379 ], [ 51.732617, 45.399463 ], [ 51.539648, 45.342871 ], [ 51.415723, 45.357861 ], [ 51.333398, 45.27959 ], [ 51.294043, 45.229785 ], [ 51.249902, 45.12168 ], [ 51.153711, 45.040234 ], [ 51.040332, 44.980322 ], [ 51.009375, 44.921826 ], [ 51.020703, 44.854004 ], [ 51.05791, 44.811572 ], [ 51.218164, 44.708984 ], [ 51.310254, 44.61875 ], [ 51.366309, 44.599854 ], [ 51.431055, 44.601953 ], [ 51.49375, 44.577539 ], [ 51.543555, 44.531006 ], [ 51.37666, 44.541211 ], [ 51.310742, 44.532422 ], [ 51.177148, 44.501367 ], [ 51.110742, 44.507812 ], [ 51.048828, 44.530469 ], [ 50.860352, 44.62876 ], [ 50.652441, 44.63335 ], [ 50.409473, 44.624023 ], [ 50.297461, 44.581543 ], [ 50.264551, 44.526562 ], [ 50.25293, 44.461523 ], [ 50.252539, 44.406494 ], [ 50.275586, 44.355127 ], [ 50.331152, 44.325488 ], [ 50.471777, 44.294775 ], [ 50.684961, 44.265088 ], [ 50.782617, 44.228027 ], [ 50.830762, 44.192773 ], [ 50.939844, 43.958545 ], [ 51.064844, 43.750146 ], [ 51.139648, 43.648779 ], [ 51.238965, 43.576709 ], [ 51.274121, 43.53291 ], [ 51.301758, 43.482373 ], [ 51.313867, 43.42085 ], [ 51.313379, 43.355664 ], [ 51.292383, 43.230713 ], [ 51.29541, 43.174121 ], [ 51.347852, 43.167383 ], [ 51.514063, 43.170508 ], [ 51.616016, 43.158447 ], [ 51.700391, 43.104053 ], [ 51.785156, 43.004346 ], [ 51.811035, 42.954443 ], [ 51.844141, 42.910449 ], [ 51.898242, 42.869629 ], [ 51.960742, 42.850586 ], [ 52.018555, 42.860547 ], [ 52.075586, 42.879785 ], [ 52.183691, 42.86875 ], [ 52.273047, 42.799805 ], [ 52.324414, 42.816162 ], [ 52.434277, 42.824463 ], [ 52.493945, 42.820264 ], [ 52.55, 42.805469 ], [ 52.596582, 42.760156 ], [ 52.638477, 42.555664 ], [ 52.618359, 42.428223 ], [ 52.573242, 42.330859 ], [ 52.517188, 42.237158 ], [ 52.462109, 42.100635 ], [ 52.458594, 42.04834 ], [ 52.467578, 41.885889 ], [ 52.493848, 41.780371 ], [ 52.696875, 41.944385 ], [ 52.870508, 42.060596 ], [ 53.0125, 42.130713 ], [ 53.055859, 42.147754 ], [ 53.250098, 42.205859 ], [ 53.500781, 42.258252 ], [ 53.685352, 42.296875 ], [ 53.926367, 42.329785 ], [ 54.005176, 42.335889 ], [ 54.120996, 42.335205 ], [ 54.214941, 42.304199 ], [ 54.271875, 42.27998 ], [ 54.472852, 42.180176 ], [ 54.67793, 42.078223 ], [ 54.853809, 41.965186 ], [ 54.903711, 41.919092 ], [ 54.931641, 41.864014 ], [ 54.952344, 41.81001 ], [ 55.101855, 41.638721 ], [ 55.162305, 41.560254 ], [ 55.249609, 41.458105 ], [ 55.319727, 41.408398 ], [ 55.388379, 41.346924 ], [ 55.434375, 41.296289 ], [ 55.487012, 41.272266 ], [ 55.545215, 41.262744 ], [ 55.678613, 41.278809 ], [ 55.839063, 41.310791 ], [ 55.934961, 41.324121 ], [ 55.977441, 41.322217 ], [ 55.977344, 41.551758 ], [ 55.977148, 41.781348 ], [ 55.977051, 42.010889 ], [ 55.976953, 42.24043 ], [ 55.976855, 42.469971 ], [ 55.976758, 42.699512 ], [ 55.97666, 42.929053 ], [ 55.976562, 43.158594 ], [ 55.976465, 43.388086 ], [ 55.976367, 43.617627 ], [ 55.97627, 43.847217 ], [ 55.976172, 44.076758 ], [ 55.976074, 44.306299 ], [ 55.975977, 44.53584 ], [ 55.975781, 44.765381 ], [ 55.975684, 44.994922 ], [ 56.100488, 45.023389 ], [ 56.25791, 45.059326 ], [ 56.40918, 45.093799 ], [ 56.58877, 45.134766 ], [ 56.791895, 45.181055 ], [ 56.965039, 45.220605 ], [ 57.17168, 45.267725 ], [ 57.329297, 45.303662 ], [ 57.477344, 45.337451 ], [ 57.666699, 45.377441 ], [ 57.961035, 45.439697 ], [ 58.125195, 45.474365 ], [ 58.291113, 45.509424 ], [ 58.449414, 45.54292 ], [ 58.555273, 45.555371 ], [ 58.668945, 45.507568 ], [ 58.807031, 45.441797 ], [ 58.945117, 45.375977 ], [ 59.083398, 45.310205 ], [ 59.221484, 45.244434 ], [ 59.35957, 45.178613 ], [ 59.497852, 45.112842 ], [ 59.635938, 45.04707 ], [ 59.774023, 44.981299 ], [ 59.912207, 44.915576 ], [ 60.050293, 44.849756 ], [ 60.188477, 44.783984 ], [ 60.32666, 44.718213 ], [ 60.464746, 44.652441 ], [ 60.60293, 44.586621 ], [ 60.741113, 44.52085 ], [ 60.879199, 44.455078 ], [ 61.00791, 44.393799 ], [ 61.065332, 44.348389 ], [ 61.09707, 44.248242 ], [ 61.160742, 44.168604 ], [ 61.271484, 44.082275 ], [ 61.385059, 43.993945 ], [ 61.525879, 43.877197 ], [ 61.623633, 43.796191 ], [ 61.723242, 43.713574 ], [ 61.887598, 43.577246 ], [ 61.990234, 43.492139 ], [ 62.071973, 43.489355 ], [ 62.237891, 43.50957 ], [ 62.459375, 43.536621 ], [ 62.634473, 43.558008 ], [ 62.846191, 43.583887 ], [ 63.047656, 43.608496 ], [ 63.207031, 43.627979 ], [ 63.444824, 43.613232 ], [ 63.679688, 43.598633 ], [ 63.848145, 43.588135 ], [ 64.013281, 43.577832 ], [ 64.208789, 43.565723 ], [ 64.318164, 43.558936 ], [ 64.443164, 43.551172 ], [ 64.496094, 43.571631 ], [ 64.604102, 43.613477 ], [ 64.706055, 43.652979 ], [ 64.811816, 43.693945 ], [ 64.905469, 43.714697 ], [ 65.003125, 43.649072 ], [ 65.084863, 43.573682 ], [ 65.170898, 43.494189 ], [ 65.270508, 43.417529 ], [ 65.366504, 43.372021 ], [ 65.496191, 43.310547 ], [ 65.570703, 43.205176 ], [ 65.670215, 43.0646 ], [ 65.735645, 42.972119 ], [ 65.803027, 42.876953 ], [ 65.901074, 42.914502 ], [ 66.005664, 42.95459 ], [ 66.100293, 42.99082 ], [ 66.088867, 42.873389 ], [ 66.078516, 42.76665 ], [ 66.062695, 42.605176 ], [ 66.049805, 42.472754 ], [ 66.015527, 42.314795 ], [ 66.013184, 42.194482 ], [ 66.01123, 42.08877 ], [ 66.00957, 42.004883 ], [ 66.193164, 42.001123 ], [ 66.328809, 41.99834 ], [ 66.498633, 41.994873 ], [ 66.515039, 41.889404 ], [ 66.537891, 41.74126 ], [ 66.572559, 41.606982 ], [ 66.60166, 41.494336 ], [ 66.645313, 41.348633 ], [ 66.668652, 41.270752 ], [ 66.709668, 41.17915 ], [ 66.749805, 41.15708 ], [ 66.814258, 41.142383 ], [ 67.038672, 41.15332 ], [ 67.225, 41.162354 ], [ 67.371582, 41.169531 ], [ 67.528027, 41.177148 ], [ 67.735059, 41.187256 ], [ 67.805078, 41.163916 ], [ 67.865723, 41.180273 ], [ 67.935742, 41.196582 ], [ 67.991406, 41.130029 ], [ 68.019727, 41.09624 ], [ 68.059375, 41.061279 ], [ 68.113086, 41.028613 ], [ 68.090332, 40.960254 ], [ 68.057031, 40.860596 ], [ 68.047656, 40.809277 ], [ 68.112305, 40.754053 ], [ 68.160254, 40.721777 ], [ 68.291895, 40.656104 ], [ 68.415039, 40.619434 ], [ 68.495703, 40.608643 ], [ 68.572656, 40.622656 ], [ 68.600684, 40.659961 ], [ 68.593652, 40.711279 ], [ 68.556543, 40.765137 ], [ 68.559277, 40.829297 ], [ 68.584082, 40.87627 ], [ 68.662793, 40.961523 ], [ 68.737109, 41.041895 ], [ 68.851172, 41.123828 ], [ 68.986914, 41.205029 ], [ 69.043457, 41.264111 ], [ 69.064941, 41.366943 ], [ 69.153613, 41.425244 ], [ 69.249316, 41.460254 ], [ 69.368359, 41.490576 ], [ 69.400977, 41.541895 ], [ 69.565137, 41.629053 ], [ 69.663867, 41.672119 ], [ 69.788086, 41.697314 ], [ 69.959961, 41.754053 ], [ 70.095605, 41.820508 ], [ 70.225879, 41.945996 ], [ 70.328906, 42.027979 ], [ 70.416016, 42.078564 ], [ 70.489063, 42.080273 ], [ 70.540137, 42.039453 ], [ 70.584277, 42.036035 ], [ 70.613281, 42.054736 ], [ 70.6625, 42.107471 ], [ 70.715234, 42.168652 ], [ 70.764551, 42.194189 ], [ 70.860352, 42.207227 ], [ 70.946777, 42.248682 ], [ 70.892871, 42.293701 ] ] ] ] } },
{ "type": "Feature", "properties": { "NAME": "Tajikistan", "ADMIN": "Tajikistan" }, "geometry": { "type": "MultiPolygon", "coordinates": [ [ [ [ 67.766016, 37.140137 ], [ 67.834473, 37.064209 ], [ 67.958008, 36.972021 ], [ 68.067773, 36.949805 ], [ 68.212109, 37.021533 ], [ 68.260938, 37.013086 ], [ 68.284766, 37.036328 ], [ 68.299512, 37.088428 ], [ 68.386914, 37.1375 ], [ 68.546484, 37.183447 ], [ 68.637012, 37.224463 ], [ 68.669141, 37.258398 ], [ 68.723242, 37.268018 ], [ 68.782031, 37.258008 ], [ 68.82373, 37.270703 ], [ 68.838477, 37.302832 ], [ 68.855371, 37.316846 ], [ 68.885254, 37.328076 ], [ 68.911816, 37.333936 ], [ 68.960449, 37.325049 ], [ 69.05, 37.266504 ], [ 69.180176, 37.158301 ], [ 69.264844, 37.108398 ], [ 69.303906, 37.116943 ], [ 69.353809, 37.150049 ], [ 69.414453, 37.207764 ], [ 69.429688, 37.290869 ], [ 69.399219, 37.399316 ], [ 69.420117, 37.486719 ], [ 69.49209, 37.553076 ], [ 69.625781, 37.594043 ], [ 69.820898, 37.60957 ], [ 69.940625, 37.600293 ], [ 69.984961, 37.566162 ], [ 70.044727, 37.547217 ], [ 70.119824, 37.543506 ], [ 70.188672, 37.582471 ], [ 70.251465, 37.66416 ], [ 70.25498, 37.765381 ], [ 70.199414, 37.886035 ], [ 70.214648, 37.924414 ], [ 70.23877, 37.941211 ], [ 70.313281, 37.984814 ], [ 70.417773, 38.075439 ], [ 70.518555, 38.191992 ], [ 70.61582, 38.334424 ], [ 70.735938, 38.422559 ], [ 70.878906, 38.456396 ], [ 71.052148, 38.417871 ], [ 71.255859, 38.306982 ], [ 71.332715, 38.170264 ], [ 71.282813, 38.00791 ], [ 71.278516, 37.918408 ], [ 71.319922, 37.901855 ], [ 71.389648, 37.906299 ], [ 71.487793, 37.931885 ], [ 71.551953, 37.933154 ], [ 71.582227, 37.910107 ], [ 71.580371, 37.864258 ], [ 71.546191, 37.795654 ], [ 71.505078, 37.60293 ], [ 71.479688, 37.436035 ], [ 71.454785, 37.271826 ], [ 71.43291, 37.127539 ], [ 71.471875, 37.015088 ], [ 71.530859, 36.845117 ], [ 71.597461, 36.73291 ], [ 71.665625, 36.696924 ], [ 71.733789, 36.684033 ], [ 71.802051, 36.694287 ], [ 71.941992, 36.766455 ], [ 72.153516, 36.900537 ], [ 72.358789, 36.98291 ], [ 72.657422, 37.029053 ], [ 72.757031, 37.172705 ], [ 72.895508, 37.267529 ], [ 73.211133, 37.408496 ], [ 73.38291, 37.462256 ], [ 73.481348, 37.47168 ], [ 73.604688, 37.446045 ], [ 73.632617, 37.437207 ], [ 73.657129, 37.430469 ], [ 73.720605, 37.41875 ], [ 73.733789, 37.375781 ], [ 73.717285, 37.329443 ], [ 73.648828, 37.291211 ], [ 73.627539, 37.261572 ], [ 73.653516, 37.239355 ], [ 73.749609, 37.231787 ], [ 73.948828, 37.283154 ], [ 74.077734, 37.316211 ], [ 74.16709, 37.329443 ], [ 74.203516, 37.372461 ], [ 74.259668, 37.41543 ], [ 74.349023, 37.41875 ], [ 74.444922, 37.395605 ], [ 74.524219, 37.382373 ], [ 74.659375, 37.394482 ], [ 74.730566, 37.357031 ], [ 74.830469, 37.285937 ], [ 74.875391, 37.241992 ], [ 74.891309, 37.231641 ], [ 74.918164, 37.25 ], [ 75.008398, 37.293555 ], [ 75.079004, 37.344043 ], [ 75.11875, 37.385693 ], [ 75.097461, 37.45127 ], [ 74.986426, 37.530371 ], [ 74.91582, 37.572803 ], [ 74.894238, 37.601416 ], [ 74.912305, 37.687305 ], [ 74.938281, 37.77251 ], [ 74.921289, 37.80498 ], [ 74.900293, 37.832715 ], [ 74.89082, 37.925781 ], [ 74.84248, 38.038086 ], [ 74.789648, 38.103613 ], [ 74.775098, 38.191895 ], [ 74.77207, 38.274756 ], [ 74.835938, 38.404297 ], [ 74.812305, 38.460303 ], [ 74.74502, 38.51001 ], [ 74.514063, 38.6 ], [ 74.277441, 38.659766 ], [ 74.187305, 38.65752 ], [ 74.131348, 38.661182 ], [ 74.065332, 38.608496 ], [ 74.025586, 38.539844 ], [ 73.97002, 38.533691 ], [ 73.869141, 38.562891 ], [ 73.80166, 38.606885 ], [ 73.754102, 38.698926 ], [ 73.716797, 38.817236 ], [ 73.696094, 38.854297 ], [ 73.706836, 38.88623 ], [ 73.72998, 38.914697 ], [ 73.794531, 38.941309 ], [ 73.805273, 38.968652 ], [ 73.795605, 39.002148 ], [ 73.74375, 39.044531 ], [ 73.69043, 39.104541 ], [ 73.607324, 39.229199 ], [ 73.623145, 39.297852 ], [ 73.636328, 39.39668 ], [ 73.631641, 39.448877 ], [ 73.575586, 39.457617 ], [ 73.47041, 39.460596 ], [ 73.387402, 39.442725 ], [ 73.336133, 39.412354 ], [ 73.234961, 39.374561 ], [ 73.109277, 39.361914 ], [ 72.949414, 39.35708 ], [ 72.872461, 39.3604 ], [ 72.639941, 39.385986 ], [ 72.563379, 39.377197 ], [ 72.490234, 39.357373 ], [ 72.357715, 39.336865 ], [ 72.287207, 39.27373 ], [ 72.249805, 39.215674 ], [ 72.22998, 39.20752 ], [ 72.147363, 39.260742 ], [ 72.08418, 39.310645 ], [ 72.042773, 39.352148 ], [ 71.991016, 39.350928 ], [ 71.805957, 39.275586 ], [ 71.778613, 39.277979 ], [ 71.725684, 39.306592 ], [ 71.735352, 39.377734 ], [ 71.732227, 39.422998 ], [ 71.672656, 39.44707 ], [ 71.546289, 39.453076 ], [ 71.50332, 39.478809 ], [ 71.505859, 39.51709 ], [ 71.517383, 39.553857 ], [ 71.503027, 39.582178 ], [ 71.470313, 39.603662 ], [ 71.404297, 39.597852 ], [ 71.328516, 39.568701 ], [ 71.272852, 39.535303 ], [ 71.202734, 39.519824 ], [ 71.118066, 39.513574 ], [ 71.065039, 39.493408 ], [ 71.004883, 39.411865 ], [ 70.799316, 39.394727 ], [ 70.733105, 39.413281 ], [ 70.678613, 39.471289 ], [ 70.607813, 39.564404 ], [ 70.567969, 39.575879 ], [ 70.501172, 39.587354 ], [ 70.39209, 39.581885 ], [ 70.244824, 39.542627 ], [ 70.209277, 39.575 ], [ 70.171094, 39.58418 ], [ 70.136816, 39.557568 ], [ 70.10166, 39.560596 ], [ 69.955957, 39.553076 ], [ 69.77207, 39.556738 ], [ 69.666992, 39.574902 ], [ 69.598828, 39.573779 ], [ 69.463281, 39.53208 ], [ 69.391504, 39.532471 ], [ 69.297656, 39.524805 ], [ 69.280273, 39.665869 ], [ 69.229102, 39.761084 ], [ 69.244727, 39.8271 ], [ 69.278809, 39.917773 ], [ 69.307227, 39.968555 ], [ 69.36543, 39.94707 ], [ 69.431934, 39.909766 ], [ 69.47627, 39.919727 ], [ 69.487891, 39.950439 ], [ 69.470996, 39.990625 ], [ 69.46875, 40.020752 ], [ 69.493652, 40.060352 ], [ 69.530273, 40.097314 ], [ 69.765234, 40.158008 ], [ 69.966797, 40.202246 ], [ 70.071484, 40.172754 ], [ 70.274414, 40.104834 ], [ 70.378906, 40.069873 ], [ 70.451367, 40.049219 ], [ 70.515137, 39.949902 ], [ 70.556836, 39.954492 ], [ 70.599219, 39.974512 ], [ 70.624121, 39.998975 ], [ 70.644336, 40.083447 ], [ 70.738574, 40.131152 ], [ 70.946387, 40.187598 ], [ 70.960938, 40.220654 ], [ 70.958008, 40.238867 ], [ 70.899414, 40.23457 ], [ 70.653125, 40.201172 ], [ 70.602734, 40.21416 ], [ 70.56582, 40.267139 ], [ 70.533594, 40.324512 ], [ 70.469922, 40.345361 ], [ 70.398242, 40.361377 ], [ 70.371582, 40.384131 ], [ 70.369727, 40.412012 ], [ 70.377148, 40.439258 ], [ 70.382617, 40.453516 ], [ 70.548828, 40.562793 ], [ 70.69834, 40.661182 ], [ 70.712012, 40.669092 ], [ 70.725586, 40.687793 ], [ 70.751074, 40.721777 ], [ 70.750977, 40.7396 ], [ 70.63916, 40.778564 ], [ 70.634766, 40.796582 ], [ 70.657324, 40.815088 ], [ 70.657324, 40.839648 ], [ 70.578223, 40.911475 ], [ 70.441504, 41.023438 ], [ 70.401953, 41.035107 ], [ 70.372656, 41.027637 ], [ 70.318945, 40.919238 ], [ 70.29209, 40.891699 ], [ 70.136328, 40.82041 ], [ 70.005664, 40.771436 ], [ 69.773242, 40.684277 ], [ 69.712891, 40.656982 ], [ 69.670801, 40.661963 ], [ 69.628418, 40.679053 ], [ 69.498242, 40.76709 ], [ 69.413867, 40.797168 ], [ 69.357227, 40.767383 ], [ 69.309375, 40.723926 ], [ 69.313965, 40.634766 ], [ 69.259961, 40.587646 ], [ 69.20625, 40.566553 ], [ 69.304199, 40.327393 ], [ 69.294434, 40.296582 ], [ 69.219531, 40.288135 ], [ 69.274902, 40.198096 ], [ 69.22832, 40.187598 ], [ 69.110352, 40.20874 ], [ 68.951758, 40.222607 ], [ 68.652539, 40.182666 ], [ 68.630664, 40.16709 ], [ 68.622461, 40.147266 ], [ 68.639746, 40.129199 ], [ 68.78457, 40.1271 ], [ 68.926855, 40.136328 ], [ 68.966016, 40.11958 ], [ 68.97207, 40.089941 ], [ 68.955664, 40.071338 ], [ 68.908496, 40.068213 ], [ 68.804688, 40.050342 ], [ 68.792773, 40.031494 ], [ 68.789453, 40.01333 ], [ 68.824414, 39.960791 ], [ 68.863867, 39.927344 ], [ 68.86875, 39.907471 ], [ 68.852246, 39.890967 ], [ 68.832422, 39.884326 ], [ 68.797656, 39.909131 ], [ 68.777832, 39.904199 ], [ 68.767969, 39.881836 ], [ 68.758203, 39.855566 ], [ 68.735254, 39.83623 ], [ 68.686914, 39.846289 ], [ 68.638965, 39.838867 ], [ 68.610352, 39.743262 ], [ 68.586133, 39.634961 ], [ 68.506934, 39.562793 ], [ 68.463281, 39.536719 ], [ 68.399023, 39.528857 ], [ 68.303027, 39.537695 ], [ 68.244922, 39.548291 ], [ 68.077148, 39.56416 ], [ 67.908594, 39.593799 ], [ 67.719043, 39.621387 ], [ 67.54248, 39.557617 ], [ 67.491699, 39.51875 ], [ 67.45957, 39.482422 ], [ 67.426172, 39.465576 ], [ 67.349609, 39.24209 ], [ 67.357617, 39.216699 ], [ 67.400391, 39.19668 ], [ 67.616504, 39.150293 ], [ 67.64834, 39.131055 ], [ 67.667285, 39.10918 ], [ 67.676563, 39.008496 ], [ 67.694434, 38.994629 ], [ 67.768555, 38.982227 ], [ 67.875684, 38.983008 ], [ 67.95957, 38.99292 ], [ 68.044336, 38.983594 ], [ 68.103516, 38.962012 ], [ 68.13252, 38.927637 ], [ 68.148535, 38.890625 ], [ 68.047852, 38.669287 ], [ 68.055957, 38.588916 ], [ 68.087207, 38.473535 ], [ 68.144141, 38.383105 ], [ 68.251367, 38.294531 ], [ 68.333105, 38.237793 ], [ 68.350293, 38.211035 ], [ 68.354492, 38.169531 ], [ 68.341211, 38.116797 ], [ 68.294043, 38.03291 ], [ 68.236523, 37.959668 ], [ 68.174023, 37.928418 ], [ 68.087598, 37.835449 ], [ 68.010938, 37.720947 ], [ 67.863574, 37.570703 ], [ 67.814355, 37.487012 ], [ 67.798047, 37.244971 ], [ 67.758984, 37.172217 ], [ 67.766016, 37.140137 ] ] ], [ [ [ 70.649219, 40.96084 ], [ 70.618359, 41.00166 ], [ 70.57207, 41.024805 ], [ 70.55, 41.014893 ], [ 70.56875, 40.981836 ], [ 70.622754, 40.934424 ], [ 70.652539, 40.936621 ], [ 70.649219, 40.96084 ] ] ], [ [ [ 70.698242, 39.84585 ], [ 70.66416, 39.855469 ], [ 70.56709, 39.866602 ], [ 70.497754, 39.882422 ], [ 70.482813, 39.882715 ], [ 70.489258, 39.863037 ], [ 70.518652, 39.828174 ], [ 70.55957, 39.790918 ], [ 70.612109, 39.786768 ], [ 70.70166, 39.825293 ], [ 70.698242, 39.84585 ] ] ] ] } },
{ "type": "Feature", "properties": { "NAME": "Mongolia", "ADMIN": "Mongolia" }, "geometry": { "type": "MultiPolygon", "coordinates": [ [ [ [ 87.825195, 49.116309 ], [ 87.816309, 49.080273 ], [ 87.834668, 49.031934 ], [ 87.872168, 49.000146 ], [ 87.859863, 48.965527 ], [ 87.806836, 48.945508 ], [ 87.754687, 48.918555 ], [ 87.743164, 48.881641 ], [ 87.80918, 48.835742 ], [ 87.831836, 48.79165 ], [ 87.942187, 48.765283 ], [ 88.02793, 48.735596 ], [ 88.060059, 48.707178 ], [ 88.050195, 48.675049 ], [ 88.010645, 48.64043 ], [ 87.972266, 48.60332 ], [ 87.967383, 48.581055 ], [ 87.979688, 48.555127 ], [ 88.062598, 48.537842 ], [ 88.158203, 48.509082 ], [ 88.309961, 48.47207 ], [ 88.413965, 48.403418 ], [ 88.51709, 48.384473 ], [ 88.566797, 48.317432 ], [ 88.575977, 48.220166 ], [ 88.681836, 48.170557 ], [ 88.838281, 48.101709 ], [ 88.917773, 48.089014 ], [ 88.971094, 48.049951 ], [ 89.047656, 48.002539 ], [ 89.115625, 47.987695 ], [ 89.196289, 47.980908 ], [ 89.329883, 48.024854 ], [ 89.479199, 48.029053 ], [ 89.560938, 48.003955 ], [ 89.638477, 47.909082 ], [ 89.693164, 47.87915 ], [ 89.725586, 47.85249 ], [ 89.778125, 47.827002 ], [ 89.831348, 47.823291 ], [ 89.910449, 47.844336 ], [ 89.958691, 47.886328 ], [ 90.02793, 47.877686 ], [ 90.053906, 47.850488 ], [ 90.066602, 47.803564 ], [ 90.103223, 47.74541 ], [ 90.191016, 47.7021 ], [ 90.313281, 47.676172 ], [ 90.330664, 47.655176 ], [ 90.347461, 47.596973 ], [ 90.380664, 47.556641 ], [ 90.425195, 47.504102 ], [ 90.46748, 47.408154 ], [ 90.476465, 47.328809 ], [ 90.496191, 47.285156 ], [ 90.55293, 47.214014 ], [ 90.643359, 47.100293 ], [ 90.715527, 47.003857 ], [ 90.799023, 46.985156 ], [ 90.869922, 46.954492 ], [ 90.910547, 46.883252 ], [ 90.985742, 46.749023 ], [ 90.997852, 46.661084 ], [ 91.004297, 46.595752 ], [ 91.028906, 46.566064 ], [ 91.033887, 46.529004 ], [ 90.971484, 46.387988 ], [ 90.918262, 46.324268 ], [ 90.911523, 46.270654 ], [ 90.947559, 46.177295 ], [ 90.996777, 46.10498 ], [ 91.001758, 46.035791 ], [ 90.959766, 45.985059 ], [ 90.887109, 45.921631 ], [ 90.852441, 45.8854 ], [ 90.795898, 45.853516 ], [ 90.709668, 45.730811 ], [ 90.670703, 45.595166 ], [ 90.661816, 45.525244 ], [ 90.694434, 45.474658 ], [ 90.749609, 45.418945 ], [ 90.763184, 45.370654 ], [ 90.853223, 45.262891 ], [ 90.877246, 45.196094 ], [ 90.913965, 45.193945 ], [ 90.953613, 45.215918 ], [ 91.05, 45.217432 ], [ 91.137695, 45.193945 ], [ 91.221777, 45.144531 ], [ 91.312109, 45.118115 ], [ 91.441016, 45.124756 ], [ 91.510059, 45.098242 ], [ 91.584375, 45.076514 ], [ 91.737793, 45.068945 ], [ 91.852832, 45.069336 ], [ 92.029785, 45.068506 ], [ 92.172656, 45.035254 ], [ 92.423828, 45.008936 ], [ 92.578906, 45.010986 ], [ 92.787891, 45.035742 ], [ 92.916016, 45.020166 ], [ 93.294336, 44.983154 ], [ 93.516211, 44.944482 ], [ 93.656445, 44.900977 ], [ 93.755273, 44.831934 ], [ 93.868164, 44.724219 ], [ 93.95791, 44.674951 ], [ 94.199316, 44.645166 ], [ 94.364746, 44.519482 ], [ 94.494336, 44.47251 ], [ 94.712012, 44.35083 ], [ 94.866016, 44.30332 ], [ 95.049805, 44.259424 ], [ 95.350293, 44.278076 ], [ 95.366797, 44.261523 ], [ 95.343652, 44.19541 ], [ 95.325586, 44.104883 ], [ 95.325586, 44.039355 ], [ 95.356445, 44.005957 ], [ 95.471289, 43.986182 ], [ 95.525586, 43.953955 ], [ 95.567187, 43.892236 ], [ 95.591211, 43.853613 ], [ 95.687305, 43.664062 ], [ 95.841992, 43.383691 ], [ 95.85957, 43.275977 ], [ 95.9125, 43.206494 ], [ 96.080273, 43.096143 ], [ 96.168457, 43.014502 ], [ 96.299512, 42.928711 ], [ 96.34248, 42.849316 ], [ 96.352344, 42.746777 ], [ 96.385449, 42.720361 ], [ 96.625293, 42.743848 ], [ 96.833008, 42.760254 ], [ 97.205664, 42.789795 ], [ 97.718945, 42.736279 ], [ 98.248242, 42.684521 ], [ 98.716309, 42.638721 ], [ 98.946875, 42.616211 ], [ 99.467871, 42.568213 ], [ 99.757422, 42.629443 ], [ 99.983789, 42.677344 ], [ 100.086328, 42.670752 ], [ 100.519043, 42.616797 ], [ 100.772559, 42.587793 ], [ 101.091992, 42.551318 ], [ 101.31377, 42.537891 ], [ 101.495313, 42.53877 ], [ 101.579102, 42.523535 ], [ 101.659961, 42.500049 ], [ 101.713867, 42.46582 ], [ 101.879883, 42.292334 ], [ 101.972949, 42.215869 ], [ 102.156641, 42.158105 ], [ 102.575195, 42.09209 ], [ 102.806836, 42.052002 ], [ 103.072852, 42.005957 ], [ 103.247852, 41.936572 ], [ 103.449707, 41.855859 ], [ 103.711133, 41.751318 ], [ 103.997266, 41.796973 ], [ 104.305176, 41.846143 ], [ 104.498242, 41.877002 ], [ 104.498242, 41.658691 ], [ 104.773633, 41.641162 ], [ 104.860352, 41.64375 ], [ 104.982031, 41.595508 ], [ 105.050586, 41.615918 ], [ 105.11543, 41.663281 ], [ 105.19707, 41.738037 ], [ 105.314355, 41.770898 ], [ 105.51709, 41.854736 ], [ 105.566406, 41.875098 ], [ 105.867578, 41.993994 ], [ 106.317187, 42.140576 ], [ 106.51875, 42.211572 ], [ 106.579102, 42.227344 ], [ 106.693164, 42.263574 ], [ 106.77002, 42.288721 ], [ 106.906055, 42.308887 ], [ 107.090723, 42.321533 ], [ 107.292383, 42.349268 ], [ 107.74873, 42.400977 ], [ 107.805957, 42.405859 ], [ 108.062305, 42.427197 ], [ 108.171191, 42.447314 ], [ 108.333984, 42.436768 ], [ 108.546484, 42.429297 ], [ 108.687305, 42.416113 ], [ 108.874512, 42.426465 ], [ 109.131641, 42.440576 ], [ 109.339844, 42.438379 ], [ 109.443164, 42.455957 ], [ 109.595508, 42.510547 ], [ 109.698047, 42.553809 ], [ 109.858789, 42.60625 ], [ 110.058008, 42.660596 ], [ 110.196875, 42.71001 ], [ 110.288867, 42.742725 ], [ 110.400391, 42.773682 ], [ 110.42959, 42.813574 ], [ 110.461719, 42.844141 ], [ 110.520898, 42.895264 ], [ 110.627539, 42.990527 ], [ 110.708594, 43.073877 ], [ 110.748535, 43.110791 ], [ 110.839551, 43.194092 ], [ 110.913281, 43.256885 ], [ 111.007227, 43.341406 ], [ 111.086523, 43.36875 ], [ 111.186816, 43.391992 ], [ 111.451074, 43.474902 ], [ 111.503516, 43.492773 ], [ 111.547363, 43.496289 ], [ 111.64082, 43.563184 ], [ 111.719727, 43.621143 ], [ 111.771094, 43.6646 ], [ 111.878125, 43.680176 ], [ 111.933203, 43.711426 ], [ 111.942871, 43.752441 ], [ 111.931738, 43.814941 ], [ 111.880273, 43.878906 ], [ 111.836914, 43.934668 ], [ 111.683789, 44.041113 ], [ 111.602637, 44.107129 ], [ 111.519727, 44.191895 ], [ 111.48623, 44.271631 ], [ 111.42959, 44.322363 ], [ 111.402246, 44.367285 ], [ 111.410937, 44.419189 ], [ 111.489453, 44.511572 ], [ 111.514746, 44.569824 ], [ 111.547461, 44.6729 ], [ 111.621289, 44.827148 ], [ 111.681445, 44.89917 ], [ 111.751074, 44.969531 ], [ 111.898047, 45.064062 ], [ 112.032617, 45.081641 ], [ 112.112891, 45.062939 ], [ 112.29209, 45.063037 ], [ 112.411328, 45.058203 ], [ 112.499316, 45.010937 ], [ 112.596777, 44.917676 ], [ 112.706738, 44.883447 ], [ 113.049414, 44.810352 ], [ 113.196094, 44.794824 ], [ 113.300977, 44.79165 ], [ 113.455664, 44.767432 ], [ 113.50791, 44.762354 ], [ 113.587012, 44.745703 ], [ 113.652637, 44.763477 ], [ 113.752148, 44.825928 ], [ 113.877051, 44.896191 ], [ 113.930859, 44.912305 ], [ 114.030273, 44.942578 ], [ 114.080273, 44.971143 ], [ 114.167383, 45.049854 ], [ 114.281055, 45.110889 ], [ 114.419141, 45.202588 ], [ 114.487305, 45.271729 ], [ 114.502246, 45.316309 ], [ 114.517188, 45.3646 ], [ 114.560156, 45.38999 ], [ 114.644336, 45.413281 ], [ 114.73877, 45.419629 ], [ 114.919238, 45.378271 ], [ 115.162598, 45.390234 ], [ 115.21748, 45.396191 ], [ 115.439453, 45.419971 ], [ 115.539453, 45.439502 ], [ 115.681055, 45.458252 ], [ 115.78916, 45.534814 ], [ 115.93418, 45.626172 ], [ 116.039551, 45.676953 ], [ 116.109863, 45.686719 ], [ 116.197656, 45.739355 ], [ 116.240625, 45.795996 ], [ 116.229102, 45.845752 ], [ 116.212988, 45.886914 ], [ 116.264551, 45.963037 ], [ 116.357617, 46.096582 ], [ 116.444824, 46.158789 ], [ 116.516699, 46.209082 ], [ 116.562598, 46.289795 ], [ 116.619336, 46.313086 ], [ 116.688867, 46.321973 ], [ 116.787012, 46.37666 ], [ 116.859082, 46.387939 ], [ 116.978809, 46.361768 ], [ 117.155957, 46.355078 ], [ 117.269043, 46.352246 ], [ 117.333398, 46.362012 ], [ 117.356934, 46.391309 ], [ 117.356348, 46.43667 ], [ 117.392188, 46.537598 ], [ 117.405566, 46.570898 ], [ 117.438086, 46.58623 ], [ 117.546875, 46.588281 ], [ 117.620508, 46.552002 ], [ 117.671094, 46.52207 ], [ 117.741211, 46.518164 ], [ 117.813477, 46.537695 ], [ 117.910449, 46.619336 ], [ 118.071289, 46.666602 ], [ 118.156836, 46.678564 ], [ 118.308691, 46.717041 ], [ 118.404395, 46.703174 ], [ 118.580469, 46.691895 ], [ 118.64873, 46.70166 ], [ 118.722949, 46.691895 ], [ 118.790332, 46.74707 ], [ 118.843945, 46.760205 ], [ 118.957129, 46.734863 ], [ 119.028516, 46.692187 ], [ 119.162109, 46.638672 ], [ 119.331836, 46.613818 ], [ 119.474023, 46.62666 ], [ 119.620215, 46.603955 ], [ 119.706641, 46.606006 ], [ 119.747461, 46.627197 ], [ 119.867188, 46.672168 ], [ 119.895898, 46.732861 ], [ 119.88418, 46.791455 ], [ 119.897852, 46.857812 ], [ 119.862695, 46.906592 ], [ 119.788477, 46.978809 ], [ 119.759863, 47.027002 ], [ 119.757227, 47.090039 ], [ 119.711133, 47.15 ], [ 119.600195, 47.222461 ], [ 119.526953, 47.255908 ], [ 119.37666, 47.380859 ], [ 119.325977, 47.410156 ], [ 119.308594, 47.430713 ], [ 119.29082, 47.472656 ], [ 119.235254, 47.492578 ], [ 119.162402, 47.525195 ], [ 119.122949, 47.558496 ], [ 119.097266, 47.61626 ], [ 119.081934, 47.65415 ], [ 119.017578, 47.685352 ], [ 118.953125, 47.70293 ], [ 118.880273, 47.725098 ], [ 118.759961, 47.757617 ], [ 118.690527, 47.822266 ], [ 118.567773, 47.943262 ], [ 118.498438, 47.983984 ], [ 118.239648, 47.999512 ], [ 118.14707, 48.028906 ], [ 118.041895, 48.018945 ], [ 117.979199, 47.999609 ], [ 117.84043, 47.999854 ], [ 117.768359, 47.987891 ], [ 117.67666, 47.908301 ], [ 117.555371, 47.804688 ], [ 117.455078, 47.741357 ], [ 117.383984, 47.675732 ], [ 117.350781, 47.652197 ], [ 117.285937, 47.666357 ], [ 117.19707, 47.740283 ], [ 117.069727, 47.806396 ], [ 116.95166, 47.836572 ], [ 116.901172, 47.853076 ], [ 116.760547, 47.869775 ], [ 116.651953, 47.864502 ], [ 116.513477, 47.839551 ], [ 116.378223, 47.844043 ], [ 116.317187, 47.859863 ], [ 116.231152, 47.858203 ], [ 116.074805, 47.789551 ], [ 115.993848, 47.711328 ], [ 115.898242, 47.686914 ], [ 115.811719, 47.738232 ], [ 115.711719, 47.798926 ], [ 115.616406, 47.874805 ], [ 115.557617, 47.94502 ], [ 115.525098, 48.130859 ], [ 115.639453, 48.18623 ], [ 115.785547, 48.248242 ], [ 115.796582, 48.346338 ], [ 115.791699, 48.455713 ], [ 115.820508, 48.577246 ], [ 115.953809, 48.689355 ], [ 116.025488, 48.782275 ], [ 116.034375, 48.840039 ], [ 116.098242, 48.936133 ], [ 116.159668, 49.037451 ], [ 116.243359, 49.170361 ], [ 116.402148, 49.406201 ], [ 116.589746, 49.684814 ], [ 116.683301, 49.823779 ], [ 116.631543, 49.877051 ], [ 116.551172, 49.920312 ], [ 116.351172, 49.978076 ], [ 116.216797, 50.009277 ], [ 116.13457, 50.010791 ], [ 115.925977, 49.952148 ], [ 115.795215, 49.905908 ], [ 115.717773, 49.880615 ], [ 115.587988, 49.886035 ], [ 115.429199, 49.896484 ], [ 115.365039, 49.911768 ], [ 115.274512, 49.948877 ], [ 115.098047, 50.059424 ], [ 115.00332, 50.138574 ], [ 114.87959, 50.183057 ], [ 114.743164, 50.233691 ], [ 114.674902, 50.245703 ], [ 114.554004, 50.241455 ], [ 114.386328, 50.255469 ], [ 114.29707, 50.274414 ], [ 114.221777, 50.257275 ], [ 114.070703, 50.204736 ], [ 113.881152, 50.101123 ], [ 113.732422, 50.061523 ], [ 113.574219, 50.007031 ], [ 113.445508, 49.941602 ], [ 113.319043, 49.874316 ], [ 113.16416, 49.797168 ], [ 113.09209, 49.692529 ], [ 113.055566, 49.61626 ], [ 112.914844, 49.569238 ], [ 112.806445, 49.523584 ], [ 112.697363, 49.507275 ], [ 112.494922, 49.532324 ], [ 112.375195, 49.5146 ], [ 112.079688, 49.424219 ], [ 111.934473, 49.416016 ], [ 111.833398, 49.403613 ], [ 111.735547, 49.397754 ], [ 111.574805, 49.376416 ], [ 111.511914, 49.360937 ], [ 111.429297, 49.342627 ], [ 111.336621, 49.355859 ], [ 111.204199, 49.304297 ], [ 110.82793, 49.166162 ], [ 110.709766, 49.142969 ], [ 110.631055, 49.137598 ], [ 110.52959, 49.187061 ], [ 110.427832, 49.219971 ], [ 110.321387, 49.215869 ], [ 110.199902, 49.17041 ], [ 109.994531, 49.205615 ], [ 109.750391, 49.239307 ], [ 109.528711, 49.269873 ], [ 109.453711, 49.296338 ], [ 109.236719, 49.334912 ], [ 108.919922, 49.335352 ], [ 108.733008, 49.335645 ], [ 108.613672, 49.322803 ], [ 108.522461, 49.341504 ], [ 108.406934, 49.396387 ], [ 108.213086, 49.524805 ], [ 108.098047, 49.562646 ], [ 108.033789, 49.593994 ], [ 108.00957, 49.646875 ], [ 107.96543, 49.653516 ], [ 107.936719, 49.691016 ], [ 107.93877, 49.740723 ], [ 107.934863, 49.849023 ], [ 107.947852, 49.924707 ], [ 107.916602, 49.947803 ], [ 107.786816, 49.96001 ], [ 107.630957, 49.983105 ], [ 107.34707, 49.98667 ], [ 107.233301, 49.989404 ], [ 107.143066, 50.033008 ], [ 107.040234, 50.086475 ], [ 106.941309, 50.19668 ], [ 106.853711, 50.248291 ], [ 106.711133, 50.312598 ], [ 106.574414, 50.328809 ], [ 106.368457, 50.317578 ], [ 106.217871, 50.30459 ], [ 106.08252, 50.332568 ], [ 105.996484, 50.36792 ], [ 105.875195, 50.405371 ], [ 105.692578, 50.41416 ], [ 105.541602, 50.44126 ], [ 105.383594, 50.47373 ], [ 105.266699, 50.460498 ], [ 105.185938, 50.42959 ], [ 105.094727, 50.389941 ], [ 104.976953, 50.38291 ], [ 104.685352, 50.341846 ], [ 104.596387, 50.317187 ], [ 104.466309, 50.306152 ], [ 104.353906, 50.275293 ], [ 104.259961, 50.214453 ], [ 104.179688, 50.169434 ], [ 104.078711, 50.154248 ], [ 103.958496, 50.157275 ], [ 103.856152, 50.171826 ], [ 103.802637, 50.176074 ], [ 103.723242, 50.153857 ], [ 103.63291, 50.138574 ], [ 103.496289, 50.164941 ], [ 103.421191, 50.187061 ], [ 103.304395, 50.200293 ], [ 103.233789, 50.264258 ], [ 103.161719, 50.290723 ], [ 103.039453, 50.300635 ], [ 102.859668, 50.333252 ], [ 102.76543, 50.366553 ], [ 102.683301, 50.387158 ], [ 102.546289, 50.461328 ], [ 102.469434, 50.525684 ], [ 102.406836, 50.536182 ], [ 102.336426, 50.544238 ], [ 102.288379, 50.585107 ], [ 102.285742, 50.634668 ], [ 102.30332, 50.665527 ], [ 102.316602, 50.718457 ], [ 102.276563, 50.768701 ], [ 102.235059, 50.791211 ], [ 102.215039, 50.829443 ], [ 102.226172, 50.901465 ], [ 102.210254, 50.974316 ], [ 102.194531, 51.050684 ], [ 102.151953, 51.10752 ], [ 102.142383, 51.216064 ], [ 102.160059, 51.26084 ], [ 102.155664, 51.31377 ], [ 102.111523, 51.353467 ], [ 101.979199, 51.382227 ], [ 101.821191, 51.421045 ], [ 101.570898, 51.467187 ], [ 101.464355, 51.471484 ], [ 101.38125, 51.452637 ], [ 101.304492, 51.474756 ], [ 101.223242, 51.513281 ], [ 101.085352, 51.553027 ], [ 100.903613, 51.604248 ], [ 100.710742, 51.661572 ], [ 100.53623, 51.713477 ], [ 100.468945, 51.726074 ], [ 100.230371, 51.729834 ], [ 100.03457, 51.737109 ], [ 99.92168, 51.755518 ], [ 99.787891, 51.827539 ], [ 99.719238, 51.871631 ], [ 99.612891, 51.892529 ], [ 99.532324, 51.899902 ], [ 99.407031, 51.923535 ], [ 99.176172, 51.998877 ], [ 99.091406, 52.034863 ], [ 99.034277, 52.0354 ], [ 98.958105, 52.101709 ], [ 98.893164, 52.117285 ], [ 98.848633, 52.070068 ], [ 98.802539, 51.957471 ], [ 98.760156, 51.905078 ], [ 98.640527, 51.801172 ], [ 98.352734, 51.717627 ], [ 98.303125, 51.674268 ], [ 98.276855, 51.63457 ], [ 98.2375, 51.578418 ], [ 98.219922, 51.505615 ], [ 98.184668, 51.485742 ], [ 98.103125, 51.483545 ], [ 98.037598, 51.449951 ], [ 97.98916, 51.377051 ], [ 97.946875, 51.348437 ], [ 97.923242, 51.280469 ], [ 97.927344, 51.250732 ], [ 97.917871, 51.217871 ], [ 97.91084, 51.165186 ], [ 97.835742, 51.05166 ], [ 97.825293, 50.985254 ], [ 97.856152, 50.943359 ], [ 97.919824, 50.887158 ], [ 97.953125, 50.855176 ], [ 97.96416, 50.817676 ], [ 97.961914, 50.769141 ], [ 98.001172, 50.702051 ], [ 98.029785, 50.644629 ], [ 98.078906, 50.603809 ], [ 98.14502, 50.568555 ], [ 98.220508, 50.557178 ], [ 98.279492, 50.533252 ], [ 98.292676, 50.486963 ], [ 98.277344, 50.422998 ], [ 98.250293, 50.302441 ], [ 98.2, 50.227686 ], [ 98.170117, 50.180566 ], [ 98.121973, 50.106592 ], [ 98.103418, 50.077832 ], [ 98.003906, 50.014258 ], [ 97.936621, 49.996777 ], [ 97.853906, 49.946777 ], [ 97.785547, 49.944531 ], [ 97.720703, 49.944629 ], [ 97.650977, 49.933594 ], [ 97.589355, 49.911475 ], [ 97.54082, 49.843115 ], [ 97.418359, 49.773047 ], [ 97.359766, 49.741455 ], [ 97.208594, 49.730811 ], [ 97.136914, 49.761719 ], [ 97.097656, 49.805029 ], [ 97.049121, 49.829883 ], [ 96.985742, 49.882812 ], [ 96.711719, 49.911572 ], [ 96.640234, 49.897852 ], [ 96.598437, 49.878418 ], [ 96.543262, 49.892529 ], [ 96.505762, 49.918701 ], [ 96.466406, 49.911523 ], [ 96.381152, 49.896045 ], [ 96.315039, 49.901123 ], [ 96.229688, 49.954102 ], [ 96.111719, 49.982471 ], [ 96.065527, 49.99873 ], [ 96.018555, 49.998779 ], [ 95.989551, 49.973584 ], [ 95.935742, 49.96001 ], [ 95.899414, 49.990576 ], [ 95.851953, 50.012939 ], [ 95.789355, 50.0125 ], [ 95.707812, 49.966016 ], [ 95.567187, 49.943848 ], [ 95.522656, 49.91123 ], [ 95.441797, 49.915527 ], [ 95.385645, 49.941211 ], [ 95.329492, 49.944141 ], [ 95.166211, 49.943848 ], [ 95.111426, 49.935449 ], [ 95.044336, 49.961572 ], [ 95.012891, 50.008252 ], [ 94.930273, 50.04375 ], [ 94.81123, 50.048193 ], [ 94.718066, 50.043262 ], [ 94.675488, 50.028076 ], [ 94.614746, 50.02373 ], [ 94.564648, 50.087939 ], [ 94.496875, 50.132812 ], [ 94.458496, 50.165723 ], [ 94.400195, 50.179639 ], [ 94.354688, 50.221826 ], [ 94.346875, 50.303418 ], [ 94.319336, 50.404883 ], [ 94.287012, 50.511377 ], [ 94.251074, 50.556396 ], [ 94.075781, 50.572852 ], [ 93.989844, 50.568848 ], [ 93.79541, 50.577637 ], [ 93.662012, 50.583691 ], [ 93.625586, 50.585547 ], [ 93.501074, 50.597461 ], [ 93.386816, 50.608496 ], [ 93.270508, 50.615576 ], [ 93.222559, 50.606543 ], [ 93.103125, 50.603906 ], [ 93.009863, 50.654541 ], [ 92.970703, 50.7125 ], [ 92.963574, 50.744922 ], [ 92.941309, 50.778223 ], [ 92.856445, 50.789111 ], [ 92.779297, 50.778662 ], [ 92.738672, 50.710938 ], [ 92.681348, 50.683203 ], [ 92.62666, 50.688281 ], [ 92.578906, 50.725439 ], [ 92.486426, 50.765088 ], [ 92.426367, 50.803076 ], [ 92.354785, 50.86416 ], [ 92.295801, 50.849805 ], [ 92.279004, 50.812207 ], [ 92.265332, 50.775195 ], [ 92.192383, 50.700586 ], [ 92.104004, 50.691992 ], [ 91.956543, 50.697607 ], [ 91.804297, 50.693604 ], [ 91.706348, 50.665527 ], [ 91.63418, 50.615137 ], [ 91.596875, 50.575537 ], [ 91.52168, 50.562012 ], [ 91.446484, 50.522168 ], [ 91.415039, 50.468018 ], [ 91.34082, 50.470068 ], [ 91.300586, 50.463379 ], [ 91.233789, 50.452393 ], [ 91.062793, 50.422607 ], [ 91.021582, 50.415479 ], [ 90.917188, 50.36416 ], [ 90.838086, 50.32373 ], [ 90.760742, 50.305957 ], [ 90.714355, 50.259424 ], [ 90.655078, 50.222363 ], [ 90.516895, 50.21333 ], [ 90.364844, 50.166895 ], [ 90.311328, 50.151172 ], [ 90.224512, 50.116699 ], [ 90.103711, 50.10332 ], [ 90.053711, 50.09375 ], [ 90.00498, 50.069287 ], [ 89.977344, 49.984326 ], [ 89.878027, 49.953516 ], [ 89.744238, 49.948096 ], [ 89.643848, 49.903027 ], [ 89.634277, 49.823291 ], [ 89.669531, 49.750488 ], [ 89.654102, 49.71748 ], [ 89.579199, 49.699707 ], [ 89.475, 49.660547 ], [ 89.395605, 49.611523 ], [ 89.299219, 49.611133 ], [ 89.243945, 49.627051 ], [ 89.20293, 49.595703 ], [ 89.17998, 49.532227 ], [ 89.109473, 49.501367 ], [ 89.008398, 49.472803 ], [ 88.970605, 49.48374 ], [ 88.94541, 49.507666 ], [ 88.900195, 49.539697 ], [ 88.863867, 49.527637 ], [ 88.860352, 49.481543 ], [ 88.831641, 49.448437 ], [ 88.747852, 49.44624 ], [ 88.682715, 49.464551 ], [ 88.633203, 49.486133 ], [ 88.544336, 49.482568 ], [ 88.452441, 49.472705 ], [ 88.393359, 49.482861 ], [ 88.337793, 49.472559 ], [ 88.192578, 49.451709 ], [ 88.135547, 49.381494 ], [ 88.134277, 49.298437 ], [ 88.115723, 49.256299 ], [ 88.028516, 49.219775 ], [ 87.988086, 49.186914 ], [ 87.934766, 49.164551 ], [ 87.818262, 49.162109 ], [ 87.814258, 49.162305 ], [ 87.825195, 49.116309 ] ] ] ] } },
{ "type": "Feature", "properties": { "NAME": "Russia", "ADMIN": "Russia" }, "geometry": { "type": "MultiPolygon", "coordinates": [ [ [ [ 145.869141, 43.457861 ], [ 145.869141, 43.450439 ], [ 145.881543, 43.443799 ], [ 145.886523, 43.433057 ], [ 145.893945, 43.419824 ], [ 145.907227, 43.422314 ], [ 145.931152, 43.425635 ], [ 145.943555, 43.426465 ], [ 145.941113, 43.445459 ], [ 145.931152, 43.457031 ], [ 145.913867, 43.455371 ], [ 145.895605, 43.454541 ], [ 145.881543, 43.459521 ], [ 145.869141, 43.457861 ] ] ], [ [ [ 146.349805, 43.644141 ], [ 146.333301, 43.647461 ], [ 146.310156, 43.651855 ], [ 146.283691, 43.638623 ], [ 146.273828, 43.629834 ], [ 146.288184, 43.625391 ], [ 146.332324, 43.619922 ], [ 146.358789, 43.625391 ], [ 146.349805, 43.644141 ] ] ], [ [ [ 146.069922, 43.421484 ], [ 146.086328, 43.429199 ], [ 146.100781, 43.440186 ], [ 146.088574, 43.449023 ], [ 146.048926, 43.433594 ], [ 146.028027, 43.420361 ], [ 146.032324, 43.407129 ], [ 146.045605, 43.409326 ], [ 146.069922, 43.421484 ] ] ], [ [ [ 137.156055, 55.107813 ], [ 137.077539, 55.091748 ], [ 136.995703, 55.092725 ], [ 136.795313, 55.009375 ], [ 136.714648, 54.956152 ], [ 136.765137, 54.946045 ], [ 136.902734, 54.960645 ], [ 136.969434, 54.923975 ], [ 137.055273, 54.926758 ], [ 137.178613, 55.100439 ], [ 137.156055, 55.107813 ] ] ], [ [ [ 150.727734, 59.095215 ], [ 150.712695, 59.122461 ], [ 150.666211, 59.160156 ], [ 150.59248, 59.097217 ], [ 150.470215, 59.054053 ], [ 150.471777, 59.034766 ], [ 150.511133, 59.007422 ], [ 150.589941, 59.01875 ], [ 150.727734, 59.095215 ] ] ], [ [ [ 120.236816, 73.107275 ], [ 120.078516, 73.156738 ], [ 119.964453, 73.167676 ], [ 119.761914, 73.155469 ], [ 119.64043, 73.124316 ], [ 119.79209, 73.04541 ], [ 120.00791, 73.044873 ], [ 120.261328, 73.089844 ], [ 120.236816, 73.107275 ] ] ], [ [ [ 124.65293, 73.888037 ], [ 124.636914, 73.900391 ], [ 124.547656, 73.933838 ], [ 124.429688, 73.943018 ], [ 124.336523, 73.928369 ], [ 124.335742, 73.910303 ], [ 124.366406, 73.874609 ], [ 124.481738, 73.8479 ], [ 124.542969, 73.850098 ], [ 124.65293, 73.888037 ] ] ], [ [ [ 106.472461, 78.24502 ], [ 106.504687, 78.26167 ], [ 106.679102, 78.26499 ], [ 106.718945, 78.26499 ], [ 106.719629, 78.294189 ], [ 106.691211, 78.31665 ], [ 106.64043, 78.33623 ], [ 106.456836, 78.340039 ], [ 106.350586, 78.272607 ], [ 106.058398, 78.264648 ], [ 106.023633, 78.220117 ], [ 106.151074, 78.198633 ], [ 106.27041, 78.206201 ], [ 106.472461, 78.24502 ] ] ], [ [ [ 107.679492, 77.268262 ], [ 107.664551, 77.299805 ], [ 107.629297, 77.319678 ], [ 107.593652, 77.330029 ], [ 107.486426, 77.347119 ], [ 107.366406, 77.346631 ], [ 107.269531, 77.289014 ], [ 107.302246, 77.241504 ], [ 107.414746, 77.242676 ], [ 107.679492, 77.268262 ] ] ], [ [ [ 97.381641, 76.706689 ], [ 97.310352, 76.6896 ], [ 97.341699, 76.628857 ], [ 97.430371, 76.590723 ], [ 97.535254, 76.584424 ], [ 97.588379, 76.599365 ], [ 97.381641, 76.706689 ] ] ], [ [ [ 96.974219, 76.236523 ], [ 97.053027, 76.302588 ], [ 97.045313, 76.315381 ], [ 96.990234, 76.343408 ], [ 96.87793, 76.355225 ], [ 96.835254, 76.344824 ], [ 96.83291, 76.32417 ], [ 96.740234, 76.257861 ], [ 96.739355, 76.206934 ], [ 96.754492, 76.195752 ], [ 96.797852, 76.188428 ], [ 96.853906, 76.19917 ], [ 96.974219, 76.236523 ] ] ], [ [ [ 100.300293, 79.670264 ], [ 100.141504, 79.683691 ], [ 100.068359, 79.701025 ], [ 99.955762, 79.690332 ], [ 99.942285, 79.671436 ], [ 99.91543, 79.601611 ], [ 100.135938, 79.614209 ], [ 100.300293, 79.670264 ] ] ], [ [ [ 76.250684, 73.555273 ], [ 76.139551, 73.554297 ], [ 76.083105, 73.523486 ], [ 76.234473, 73.476221 ], [ 76.659375, 73.439502 ], [ 76.756055, 73.445801 ], [ 76.250684, 73.555273 ] ] ], [ [ [ 82.688965, 74.11123 ], [ 82.611035, 74.148535 ], [ 82.525586, 74.161426 ], [ 82.382422, 74.149268 ], [ 82.329395, 74.131104 ], [ 82.381543, 74.099219 ], [ 82.478125, 74.075781 ], [ 82.612793, 74.056445 ], [ 82.709961, 74.090869 ], [ 82.688965, 74.11123 ] ] ], [ [ [ 84.872852, 74.515527 ], [ 84.679883, 74.512354 ], [ 84.540332, 74.49043 ], [ 84.389453, 74.454443 ], [ 84.428906, 74.430322 ], [ 84.710449, 74.399805 ], [ 84.758984, 74.459424 ], [ 84.872852, 74.515527 ] ] ], [ [ [ 86.605469, 74.992822 ], [ 86.504492, 74.965967 ], [ 86.330664, 74.938965 ], [ 86.258594, 74.893506 ], [ 86.390527, 74.850879 ], [ 86.691992, 74.848291 ], [ 86.927148, 74.830762 ], [ 87.011719, 74.861914 ], [ 87.124316, 74.939893 ], [ 87.052148, 74.982568 ], [ 87.000586, 74.991943 ], [ 86.737109, 74.962988 ], [ 86.653125, 74.981299 ], [ 86.605469, 74.992822 ] ] ], [ [ [ 59.374609, 81.325049 ], [ 59.280859, 81.366113 ], [ 59.075, 81.397705 ], [ 58.880566, 81.391846 ], [ 58.634473, 81.360352 ], [ 58.610156, 81.337256 ], [ 58.719043, 81.313525 ], [ 59.096973, 81.292285 ], [ 59.313086, 81.305225 ], [ 59.374609, 81.325049 ] ] ], [ [ [ 130.729883, 42.325781 ], [ 130.83418, 42.522949 ], [ 130.709375, 42.656396 ], [ 130.756152, 42.673291 ], [ 130.945703, 42.633936 ], [ 131.024805, 42.645166 ], [ 131.158301, 42.626025 ], [ 131.245313, 42.697412 ], [ 131.29248, 42.772119 ], [ 131.393262, 42.822314 ], [ 131.516406, 42.996436 ], [ 131.72207, 43.202637 ], [ 131.794727, 43.255273 ], [ 131.938965, 43.301953 ], [ 131.97627, 43.296045 ], [ 132.013086, 43.280029 ], [ 131.89834, 43.170752 ], [ 131.866602, 43.095166 ], [ 131.947266, 43.09541 ], [ 132.028711, 43.118945 ], [ 132.233203, 43.245068 ], [ 132.30957, 43.313525 ], [ 132.334375, 43.238672 ], [ 132.303809, 42.883301 ], [ 132.481348, 42.909766 ], [ 132.576465, 42.871582 ], [ 132.708984, 42.87583 ], [ 132.863574, 42.79375 ], [ 132.923926, 42.805273 ], [ 132.996582, 42.808008 ], [ 133.059375, 42.722803 ], [ 133.159961, 42.696973 ], [ 133.329492, 42.763867 ], [ 133.586719, 42.828223 ], [ 133.709375, 42.829932 ], [ 134.010449, 42.947461 ], [ 134.156445, 43.042139 ], [ 134.691797, 43.290576 ], [ 134.916992, 43.426562 ], [ 135.131055, 43.525732 ], [ 135.260156, 43.684619 ], [ 135.483398, 43.83501 ], [ 135.489063, 43.898828 ], [ 135.533203, 43.971484 ], [ 135.874609, 44.373535 ], [ 135.987012, 44.439844 ], [ 136.142285, 44.489111 ], [ 136.208691, 44.562012 ], [ 136.251172, 44.666797 ], [ 136.460449, 44.822119 ], [ 136.604102, 44.978174 ], [ 136.737207, 45.080029 ], [ 136.803516, 45.171143 ], [ 137.146973, 45.393506 ], [ 137.425195, 45.63999 ], [ 137.685449, 45.818359 ], [ 137.769141, 45.928516 ], [ 138.106348, 46.250732 ], [ 138.210156, 46.462939 ], [ 138.336914, 46.543408 ], [ 138.391797, 46.745068 ], [ 138.500488, 46.889844 ], [ 138.529688, 46.976221 ], [ 138.586816, 47.057227 ], [ 139.001367, 47.383301 ], [ 139.166992, 47.634863 ], [ 139.372656, 47.887354 ], [ 139.520508, 47.975293 ], [ 139.67627, 48.089893 ], [ 139.760742, 48.180566 ], [ 139.998438, 48.323779 ], [ 140.113281, 48.422656 ], [ 140.170605, 48.523682 ], [ 140.224219, 48.772852 ], [ 140.37832, 48.964111 ], [ 140.333691, 48.994824 ], [ 140.308984, 49.053906 ], [ 140.325586, 49.12002 ], [ 140.348633, 49.15918 ], [ 140.364355, 49.22085 ], [ 140.399121, 49.289795 ], [ 140.431055, 49.331494 ], [ 140.517188, 49.596143 ], [ 140.511328, 49.76167 ], [ 140.464551, 49.825586 ], [ 140.462695, 49.911475 ], [ 140.58457, 50.03335 ], [ 140.613281, 50.053711 ], [ 140.624512, 50.082422 ], [ 140.564063, 50.106689 ], [ 140.535449, 50.130762 ], [ 140.476367, 50.545996 ], [ 140.520898, 50.800195 ], [ 140.645605, 50.986768 ], [ 140.670703, 51.051318 ], [ 140.687695, 51.232275 ], [ 140.838574, 51.41416 ], [ 140.932617, 51.619922 ], [ 141.129395, 51.727783 ], [ 141.258398, 51.860693 ], [ 141.366895, 51.920654 ], [ 141.385547, 52.057227 ], [ 141.485254, 52.178516 ], [ 141.409082, 52.234326 ], [ 141.329688, 52.271143 ], [ 141.169824, 52.368408 ], [ 141.132422, 52.435693 ], [ 141.24502, 52.550146 ], [ 141.265918, 52.652588 ], [ 141.255859, 52.840137 ], [ 141.086816, 52.897559 ], [ 140.874512, 53.039844 ], [ 140.839648, 53.087891 ], [ 140.887305, 53.091504 ], [ 141.18125, 53.015283 ], [ 141.32793, 53.097266 ], [ 141.402051, 53.183984 ], [ 141.37373, 53.292773 ], [ 141.217676, 53.334473 ], [ 141.015039, 53.454248 ], [ 141.005664, 53.49458 ], [ 140.687598, 53.596436 ], [ 140.34707, 53.812598 ], [ 140.241699, 54.001025 ], [ 140.178711, 54.051562 ], [ 139.858398, 54.205322 ], [ 139.795508, 54.256445 ], [ 139.707422, 54.277148 ], [ 139.319727, 54.192969 ], [ 139.105078, 54.217822 ], [ 138.695703, 54.32002 ], [ 138.657227, 54.29834 ], [ 138.715918, 54.222656 ], [ 138.704688, 54.147656 ], [ 138.72168, 54.04375 ], [ 138.699414, 53.869727 ], [ 138.660742, 53.744775 ], [ 138.510938, 53.57002 ], [ 138.450684, 53.537012 ], [ 138.320312, 53.5229 ], [ 138.249707, 53.524023 ], [ 138.292188, 53.592432 ], [ 138.407031, 53.67417 ], [ 138.569141, 53.818799 ], [ 138.568164, 53.947168 ], [ 138.52793, 53.959863 ], [ 138.493555, 53.959668 ], [ 138.378906, 53.909277 ], [ 138.25293, 53.726416 ], [ 137.950488, 53.603564 ], [ 137.738184, 53.560303 ], [ 137.32832, 53.538965 ], [ 137.253711, 53.546143 ], [ 137.221484, 53.579199 ], [ 137.313672, 53.631592 ], [ 137.516992, 53.70708 ], [ 137.644824, 53.86582 ], [ 137.786133, 53.90332 ], [ 137.834766, 53.946729 ], [ 137.622754, 53.970459 ], [ 137.476465, 54.027588 ], [ 137.339258, 54.100537 ], [ 137.403418, 54.123535 ], [ 137.45127, 54.130469 ], [ 137.513184, 54.156396 ], [ 137.666016, 54.283301 ], [ 137.525098, 54.291211 ], [ 137.377734, 54.282324 ], [ 137.141602, 54.182227 ], [ 137.096191, 54.128564 ], [ 137.172461, 54.056885 ], [ 137.258008, 54.025244 ], [ 137.155371, 53.82168 ], [ 137.01875, 53.848145 ], [ 136.886426, 53.839355 ], [ 136.802637, 53.781982 ], [ 136.718848, 53.804102 ], [ 136.683008, 53.931299 ], [ 136.729395, 54.060645 ], [ 136.77041, 54.35332 ], [ 136.82041, 54.452344 ], [ 136.82373, 54.561475 ], [ 136.797266, 54.620996 ], [ 136.714551, 54.624316 ], [ 136.580273, 54.613623 ], [ 136.237988, 54.614062 ], [ 135.851562, 54.583936 ], [ 135.437793, 54.69248 ], [ 135.325391, 54.707422 ], [ 135.257715, 54.731494 ], [ 135.211523, 54.84082 ], [ 135.234766, 54.903223 ], [ 135.2625, 54.943311 ], [ 135.540625, 55.11377 ], [ 135.750781, 55.160645 ], [ 136.175195, 55.352246 ], [ 136.351172, 55.51001 ], [ 136.460254, 55.576709 ], [ 136.793555, 55.694189 ], [ 137.012109, 55.795264 ], [ 137.189844, 55.892285 ], [ 137.384082, 55.974756 ], [ 137.572949, 56.112109 ], [ 137.691504, 56.139355 ], [ 138.073828, 56.433105 ], [ 138.140625, 56.498682 ], [ 138.180078, 56.588525 ], [ 138.217773, 56.629004 ], [ 138.662109, 56.965527 ], [ 138.965723, 57.088135 ], [ 139.181641, 57.261523 ], [ 139.443848, 57.329687 ], [ 139.506641, 57.358301 ], [ 139.619238, 57.455713 ], [ 139.80332, 57.51416 ], [ 139.861523, 57.549316 ], [ 140.002344, 57.6875 ], [ 140.446875, 57.813672 ], [ 140.495117, 57.86543 ], [ 140.684961, 58.212158 ], [ 140.790234, 58.303467 ], [ 140.987695, 58.416846 ], [ 141.34707, 58.528076 ], [ 141.60293, 58.649023 ], [ 141.754688, 58.745264 ], [ 142.025391, 58.999658 ], [ 142.330371, 59.152637 ], [ 142.580273, 59.240137 ], [ 143.192188, 59.370117 ], [ 143.523828, 59.343652 ], [ 143.86875, 59.411377 ], [ 144.123438, 59.408301 ], [ 144.483398, 59.37627 ], [ 145.55459, 59.413525 ], [ 145.756445, 59.37373 ], [ 145.829102, 59.330322 ], [ 145.931641, 59.198389 ], [ 146.049512, 59.170557 ], [ 146.273438, 59.221484 ], [ 146.444336, 59.430469 ], [ 146.537207, 59.456982 ], [ 146.803711, 59.372949 ], [ 147.040039, 59.365723 ], [ 147.514453, 59.268555 ], [ 147.687891, 59.290674 ], [ 147.874609, 59.388037 ], [ 148.257422, 59.414209 ], [ 148.491211, 59.262305 ], [ 148.72666, 59.25791 ], [ 148.914062, 59.282715 ], [ 148.964648, 59.369141 ], [ 148.889648, 59.4 ], [ 148.744141, 59.373535 ], [ 148.708887, 59.448535 ], [ 148.79707, 59.532324 ], [ 148.925, 59.475 ], [ 149.133008, 59.480518 ], [ 149.20498, 59.488184 ], [ 149.175391, 59.526758 ], [ 149.127734, 59.558789 ], [ 149.065234, 59.630518 ], [ 149.29043, 59.728467 ], [ 149.424512, 59.760986 ], [ 149.642578, 59.77041 ], [ 150.202539, 59.65127 ], [ 150.325586, 59.638867 ], [ 150.457227, 59.590723 ], [ 150.667285, 59.556348 ], [ 150.539844, 59.524951 ], [ 150.483594, 59.494385 ], [ 150.615234, 59.506543 ], [ 150.729492, 59.469141 ], [ 150.823438, 59.460742 ], [ 150.863281, 59.475439 ], [ 150.911914, 59.523047 ], [ 150.98252, 59.571338 ], [ 151.033594, 59.585645 ], [ 151.170313, 59.583252 ], [ 151.348242, 59.561133 ], [ 151.485742, 59.524121 ], [ 151.798047, 59.323242 ], [ 151.942383, 59.284082 ], [ 152.104492, 59.290576 ], [ 152.169531, 59.27793 ], [ 152.260645, 59.223584 ], [ 151.990039, 59.160059 ], [ 151.733496, 59.14668 ], [ 151.50498, 59.164014 ], [ 151.121094, 59.08252 ], [ 151.326758, 58.875098 ], [ 151.70459, 58.866699 ], [ 152.087891, 58.910449 ], [ 152.165234, 58.997021 ], [ 152.319629, 59.030762 ], [ 152.400684, 59.026416 ], [ 152.575586, 58.954102 ], [ 152.817871, 58.92627 ], [ 152.882227, 58.939062 ], [ 153.077734, 59.081885 ], [ 153.196094, 59.094434 ], [ 153.272949, 59.091309 ], [ 153.361133, 59.214795 ], [ 153.695215, 59.224756 ], [ 153.891699, 59.11416 ], [ 154.010938, 59.075537 ], [ 154.24668, 59.108594 ], [ 154.375977, 59.187842 ], [ 154.458008, 59.216553 ], [ 154.703516, 59.141309 ], [ 154.82373, 59.187549 ], [ 155.016699, 59.195605 ], [ 155.160449, 59.190137 ], [ 155.153027, 59.270215 ], [ 155.166699, 59.360156 ], [ 154.971289, 59.449609 ], [ 154.58252, 59.540088 ], [ 154.357617, 59.481445 ], [ 154.272168, 59.475146 ], [ 154.212891, 59.483398 ], [ 154.149805, 59.528516 ], [ 154.20918, 59.600342 ], [ 154.268848, 59.658398 ], [ 154.266602, 59.730371 ], [ 154.293066, 59.83335 ], [ 154.389844, 59.876758 ], [ 154.440723, 59.883789 ], [ 154.578223, 60.09502 ], [ 154.970801, 60.37666 ], [ 155.427832, 60.549854 ], [ 155.716113, 60.682373 ], [ 155.85332, 60.777148 ], [ 156.055957, 60.995605 ], [ 156.344141, 61.155078 ], [ 156.482617, 61.206006 ], [ 156.629688, 61.272461 ], [ 156.680273, 61.480615 ], [ 156.790625, 61.529639 ], [ 156.891797, 61.565186 ], [ 157.08418, 61.675684 ], [ 157.370703, 61.74707 ], [ 157.469336, 61.798926 ], [ 157.799316, 61.795264 ], [ 158.070117, 61.753613 ], [ 158.151563, 61.764844 ], [ 158.333691, 61.825684 ], [ 158.547168, 61.810889 ], [ 158.824316, 61.850244 ], [ 159.07666, 61.922266 ], [ 159.189258, 61.929395 ], [ 159.29502, 61.91416 ], [ 159.423047, 61.808057 ], [ 159.496289, 61.781445 ], [ 159.552344, 61.719482 ], [ 159.722168, 61.758398 ], [ 160.18252, 61.902832 ], [ 160.237793, 61.903857 ], [ 160.309375, 61.894385 ], [ 160.321484, 61.838574 ], [ 160.317383, 61.793359 ], [ 160.246875, 61.647607 ], [ 160.162695, 61.5375 ], [ 159.930859, 61.323926 ], [ 159.883105, 61.291797 ], [ 159.913965, 61.234473 ], [ 159.949219, 61.128613 ], [ 159.83457, 61.013965 ], [ 159.79043, 60.956641 ], [ 159.883105, 60.943408 ], [ 160.004004, 61.007422 ], [ 160.184277, 61.047656 ], [ 160.28125, 61.044775 ], [ 160.378906, 61.025488 ], [ 160.225781, 60.831543 ], [ 160.201074, 60.729639 ], [ 160.177344, 60.690723 ], [ 160.173633, 60.638428 ], [ 160.287305, 60.667041 ], [ 160.368164, 60.708545 ], [ 160.482031, 60.739844 ], [ 160.766602, 60.75332 ], [ 160.915039, 60.892676 ], [ 161.037109, 60.962891 ], [ 162.188379, 61.540674 ], [ 162.392578, 61.662109 ], [ 162.506445, 61.670117 ], [ 162.607617, 61.650049 ], [ 162.699023, 61.652588 ], [ 162.717871, 61.695117 ], [ 162.752344, 61.711279 ], [ 162.855957, 61.705029 ], [ 162.92168, 61.597705 ], [ 162.993945, 61.544189 ], [ 163.047266, 61.554053 ], [ 163.085254, 61.570557 ], [ 163.138867, 61.611426 ], [ 163.197852, 61.644775 ], [ 163.257812, 61.699463 ], [ 163.207617, 61.736572 ], [ 163.009277, 61.791504 ], [ 163.017676, 61.891064 ], [ 163.131055, 62.049902 ], [ 163.118457, 62.15293 ], [ 163.163477, 62.25957 ], [ 163.213281, 62.313428 ], [ 163.258008, 62.336914 ], [ 163.302148, 62.372998 ], [ 163.244238, 62.455371 ], [ 163.287109, 62.511426 ], [ 163.331738, 62.550928 ], [ 164.255664, 62.696582 ], [ 164.418359, 62.704639 ], [ 164.566992, 62.675488 ], [ 164.792383, 62.571094 ], [ 165.044043, 62.516992 ], [ 165.396582, 62.493896 ], [ 165.417383, 62.44707 ], [ 165.280371, 62.462988 ], [ 165.213867, 62.448193 ], [ 165.225684, 62.405762 ], [ 165.208105, 62.373975 ], [ 165.124121, 62.411523 ], [ 164.887695, 62.431885 ], [ 164.670703, 62.473779 ], [ 164.59834, 62.470557 ], [ 164.2875, 62.346631 ], [ 164.207227, 62.292236 ], [ 164.074219, 62.04502 ], [ 164.067969, 61.873877 ], [ 164.019531, 61.710693 ], [ 163.882715, 61.640137 ], [ 163.837109, 61.558252 ], [ 163.804395, 61.461377 ], [ 163.972754, 61.419873 ], [ 163.99209, 61.388232 ], [ 164.005469, 61.343799 ], [ 163.893359, 61.240479 ], [ 163.619629, 61.111328 ], [ 163.589258, 61.084375 ], [ 163.553516, 61.025635 ], [ 163.709961, 60.916797 ], [ 163.585156, 60.877148 ], [ 163.466406, 60.849756 ], [ 163.352344, 60.800439 ], [ 162.973145, 60.78291 ], [ 162.713184, 60.659473 ], [ 162.266309, 60.536719 ], [ 162.068164, 60.466406 ], [ 162.003613, 60.420166 ], [ 161.845996, 60.232227 ], [ 161.753516, 60.152295 ], [ 161.449316, 60.027344 ], [ 161.218945, 59.845605 ], [ 160.855273, 59.626855 ], [ 160.711426, 59.60166 ], [ 160.547461, 59.547363 ], [ 160.350391, 59.394043 ], [ 159.847363, 59.127148 ], [ 159.591504, 58.803662 ], [ 159.452637, 58.695947 ], [ 159.308398, 58.610547 ], [ 159.210645, 58.519434 ], [ 159.036914, 58.423926 ], [ 158.687012, 58.281348 ], [ 158.449414, 58.162842 ], [ 158.321094, 58.083447 ], [ 158.275195, 58.008984 ], [ 158.210449, 58.025293 ], [ 157.974609, 57.985937 ], [ 157.666406, 58.019775 ], [ 157.450391, 57.799268 ], [ 157.216797, 57.776807 ], [ 156.985742, 57.830176 ], [ 156.871973, 57.803662 ], [ 156.829883, 57.779639 ], [ 156.791602, 57.747949 ], [ 156.899902, 57.676904 ], [ 156.948242, 57.615771 ], [ 156.963574, 57.560938 ], [ 156.976758, 57.466309 ], [ 156.848828, 57.290186 ], [ 156.728418, 57.152246 ], [ 156.529297, 57.021191 ], [ 156.06748, 56.781592 ], [ 156.025391, 56.752002 ], [ 155.98252, 56.695215 ], [ 155.716602, 56.072217 ], [ 155.643457, 55.793555 ], [ 155.554883, 55.348486 ], [ 155.563867, 55.199121 ], [ 155.620313, 54.864551 ], [ 155.706445, 54.521484 ], [ 155.904883, 53.928125 ], [ 155.950195, 53.744287 ], [ 156.098828, 53.006494 ], [ 156.110352, 52.866162 ], [ 156.154395, 52.747266 ], [ 156.228613, 52.62627 ], [ 156.364746, 52.509375 ], [ 156.377344, 52.366553 ], [ 156.489844, 51.913037 ], [ 156.500391, 51.475098 ], [ 156.521191, 51.380273 ], [ 156.543457, 51.311621 ], [ 156.670801, 51.226855 ], [ 156.713477, 51.124121 ], [ 156.724316, 51.04707 ], [ 156.747754, 50.969287 ], [ 156.847461, 51.006592 ], [ 157.202246, 51.212744 ], [ 157.489844, 51.408936 ], [ 157.530957, 51.479883 ], [ 157.628906, 51.53457 ], [ 157.823242, 51.605322 ], [ 158.103516, 51.809619 ], [ 158.331641, 52.090869 ], [ 158.463477, 52.30498 ], [ 158.493164, 52.383154 ], [ 158.500391, 52.460303 ], [ 158.480762, 52.62666 ], [ 158.533691, 52.688428 ], [ 158.608789, 52.873633 ], [ 158.560156, 52.922168 ], [ 158.432324, 52.957422 ], [ 158.47207, 53.032373 ], [ 158.564648, 53.05 ], [ 158.639551, 53.014795 ], [ 158.683691, 52.9354 ], [ 158.74541, 52.908936 ], [ 158.952051, 53.047559 ], [ 159.136133, 53.117139 ], [ 159.585938, 53.237695 ], [ 159.771582, 53.229687 ], [ 159.947461, 53.125098 ], [ 160.025098, 53.12959 ], [ 160.002148, 53.274902 ], [ 159.897656, 53.380762 ], [ 159.899121, 53.447705 ], [ 159.955859, 53.552197 ], [ 159.914258, 53.62085 ], [ 159.870898, 53.672656 ], [ 159.84375, 53.783643 ], [ 159.921777, 54.008398 ], [ 160.010156, 54.130859 ], [ 160.074414, 54.18916 ], [ 160.288867, 54.288232 ], [ 160.517188, 54.430859 ], [ 160.772656, 54.541357 ], [ 160.935547, 54.578369 ], [ 161.129883, 54.598242 ], [ 161.294043, 54.520557 ], [ 161.624805, 54.51626 ], [ 161.725684, 54.532959 ], [ 161.966895, 54.688672 ], [ 162.105566, 54.752148 ], [ 162.080273, 54.886133 ], [ 161.996094, 54.997998 ], [ 161.824219, 55.138916 ], [ 161.784961, 55.205322 ], [ 161.729395, 55.358008 ], [ 161.723926, 55.496143 ], [ 161.775586, 55.654834 ], [ 161.924023, 55.840381 ], [ 162.084961, 56.089648 ], [ 162.146094, 56.128271 ], [ 162.334082, 56.187744 ], [ 162.461133, 56.235498 ], [ 162.528223, 56.260693 ], [ 162.488672, 56.399121 ], [ 162.589063, 56.454932 ], [ 162.671484, 56.490088 ], [ 162.877637, 56.476367 ], [ 162.944141, 56.508057 ], [ 163.038379, 56.521875 ], [ 162.975195, 56.449023 ], [ 162.893262, 56.399463 ], [ 162.713184, 56.330859 ], [ 162.628125, 56.232275 ], [ 162.840332, 56.065625 ], [ 162.97168, 56.033789 ], [ 163.047363, 56.044678 ], [ 163.189258, 56.137012 ], [ 163.261328, 56.17373 ], [ 163.335547, 56.23252 ], [ 163.294043, 56.447705 ], [ 163.243262, 56.564551 ], [ 163.256543, 56.688037 ], [ 163.16543, 56.725488 ], [ 163.046387, 56.741309 ], [ 162.92207, 56.722656 ], [ 162.849902, 56.756836 ], [ 162.802637, 56.811475 ], [ 162.791113, 56.875391 ], [ 162.814844, 57.023389 ], [ 162.808105, 57.102783 ], [ 162.761523, 57.243945 ], [ 162.762305, 57.284082 ], [ 162.779297, 57.357617 ], [ 162.957031, 57.47749 ], [ 163.108789, 57.564844 ], [ 163.187891, 57.637402 ], [ 163.213867, 57.686816 ], [ 163.225781, 57.790381 ], [ 163.14502, 57.837305 ], [ 162.718359, 57.946094 ], [ 162.654297, 57.948242 ], [ 162.521973, 57.904102 ], [ 162.466992, 57.766211 ], [ 162.391406, 57.717236 ], [ 162.392188, 57.74502 ], [ 162.411426, 57.778369 ], [ 162.197461, 57.82915 ], [ 162.097949, 57.874658 ], [ 162.039648, 57.918262 ], [ 162.001953, 57.980957 ], [ 161.960059, 58.076904 ], [ 162.049219, 58.272852 ], [ 162.141602, 58.447412 ], [ 162.453027, 58.708594 ], [ 162.643359, 58.799902 ], [ 162.847266, 58.939258 ], [ 162.93457, 58.963965 ], [ 162.969824, 58.986475 ], [ 163.004297, 59.020166 ], [ 162.940039, 59.114307 ], [ 162.974902, 59.137061 ], [ 163.010156, 59.148291 ], [ 163.084863, 59.131396 ], [ 163.272852, 59.302588 ], [ 163.269043, 59.52002 ], [ 163.321191, 59.70542 ], [ 163.364844, 59.781445 ], [ 163.409961, 59.834961 ], [ 163.49375, 59.886768 ], [ 163.574316, 59.914062 ], [ 163.690039, 59.978418 ], [ 163.743848, 60.028027 ], [ 163.780078, 60.041113 ], [ 163.912891, 60.037061 ], [ 164.017578, 60.017334 ], [ 164.135059, 59.984375 ], [ 164.113281, 59.897559 ], [ 164.251563, 59.973779 ], [ 164.376855, 60.058057 ], [ 164.440039, 60.072705 ], [ 164.525293, 60.061279 ], [ 164.669727, 59.997461 ], [ 164.779395, 59.874219 ], [ 164.854297, 59.840967 ], [ 164.953711, 59.843604 ], [ 165.018945, 59.860742 ], [ 165.073633, 59.945605 ], [ 165.08457, 60.098584 ], [ 165.192578, 60.124756 ], [ 165.285254, 60.134912 ], [ 165.41582, 60.205176 ], [ 165.583008, 60.236475 ], [ 165.941992, 60.356885 ], [ 166.180176, 60.480371 ], [ 166.352148, 60.484814 ], [ 166.308105, 60.414258 ], [ 166.29248, 60.346094 ], [ 166.229785, 60.17832 ], [ 166.168359, 60.088818 ], [ 166.136035, 59.979346 ], [ 166.148926, 59.92207 ], [ 166.186523, 59.849463 ], [ 166.273047, 59.85625 ], [ 166.331836, 59.872412 ], [ 166.452539, 59.947021 ], [ 166.964063, 60.307031 ], [ 167.226758, 60.406299 ], [ 167.626074, 60.468945 ], [ 167.745996, 60.509326 ], [ 168.1375, 60.573926 ], [ 168.462793, 60.592236 ], [ 168.670313, 60.562891 ], [ 168.788281, 60.563818 ], [ 169.226758, 60.595947 ], [ 169.275684, 60.556641 ], [ 169.618359, 60.438037 ], [ 169.814746, 60.265381 ], [ 169.854297, 60.250244 ], [ 169.887012, 60.21792 ], [ 169.897559, 60.147852 ], [ 169.927246, 60.104248 ], [ 169.982617, 60.06709 ], [ 170.154102, 59.986084 ], [ 170.350977, 59.965527 ], [ 170.396484, 60.009766 ], [ 170.423438, 60.047803 ], [ 170.512305, 60.259521 ], [ 170.588574, 60.342871 ], [ 170.589746, 60.393701 ], [ 170.608203, 60.434912 ], [ 170.799316, 60.496484 ], [ 170.949316, 60.522949 ], [ 171.489746, 60.725732 ], [ 171.729492, 60.843115 ], [ 171.830566, 60.837354 ], [ 171.917969, 60.864111 ], [ 171.997656, 60.900684 ], [ 172.067285, 60.915674 ], [ 172.213281, 60.997852 ], [ 172.392773, 61.061768 ], [ 172.362402, 61.116602 ], [ 172.396094, 61.167383 ], [ 172.49707, 61.185889 ], [ 172.584766, 61.19043 ], [ 172.696973, 61.249316 ], [ 172.690039, 61.295166 ], [ 172.730664, 61.314404 ], [ 172.789062, 61.310693 ], [ 172.867773, 61.293066 ], [ 172.908008, 61.311621 ], [ 172.837891, 61.375586 ], [ 172.806836, 61.436133 ], [ 172.856543, 61.469189 ], [ 173.05459, 61.406201 ], [ 173.131836, 61.406641 ], [ 173.390723, 61.556738 ], [ 173.623438, 61.716064 ], [ 173.822363, 61.679395 ], [ 174.138867, 61.795166 ], [ 174.284961, 61.817529 ], [ 174.514355, 61.823633 ], [ 174.610547, 61.867627 ], [ 174.715039, 61.9479 ], [ 174.797559, 61.938867 ], [ 175.192383, 62.034424 ], [ 175.267871, 62.102393 ], [ 175.36582, 62.121338 ], [ 175.441992, 62.12793 ], [ 175.613867, 62.184375 ], [ 176.328418, 62.346045 ], [ 176.436523, 62.41084 ], [ 176.702539, 62.505762 ], [ 176.907422, 62.536084 ], [ 177.159473, 62.560986 ], [ 177.189648, 62.591602 ], [ 177.008008, 62.626562 ], [ 176.964746, 62.658643 ], [ 176.963477, 62.693262 ], [ 176.990039, 62.722217 ], [ 177.023535, 62.777246 ], [ 177.091211, 62.789551 ], [ 177.172656, 62.750342 ], [ 177.258691, 62.750439 ], [ 177.29834, 62.784229 ], [ 177.338965, 62.781348 ], [ 177.359668, 62.736963 ], [ 177.31582, 62.685254 ], [ 177.295898, 62.644482 ], [ 177.292578, 62.599023 ], [ 177.35127, 62.587451 ], [ 177.663086, 62.582813 ], [ 178.019238, 62.546973 ], [ 178.963867, 62.355273 ], [ 179.044629, 62.323682 ], [ 179.120703, 62.320361 ], [ 179.133887, 62.396436 ], [ 179.176953, 62.469189 ], [ 179.288672, 62.510352 ], [ 179.477246, 62.613086 ], [ 179.570508, 62.6875 ], [ 179.570508, 62.773486 ], [ 179.510938, 62.862793 ], [ 179.381055, 62.883691 ], [ 179.302148, 62.939844 ], [ 179.25957, 63.008301 ], [ 179.329004, 63.05791 ], [ 179.405078, 63.077734 ], [ 179.388574, 63.147217 ], [ 179.332324, 63.190186 ], [ 179.028125, 63.282422 ], [ 178.921484, 63.34502 ], [ 178.918555, 63.400244 ], [ 178.792969, 63.540332 ], [ 178.775391, 63.510254 ], [ 178.786719, 63.442432 ], [ 178.744043, 63.394775 ], [ 178.678711, 63.402295 ], [ 178.668848, 63.439941 ], [ 178.706445, 63.521533 ], [ 178.653711, 63.556641 ], [ 178.466113, 63.574072 ], [ 178.44043, 63.605566 ], [ 178.625977, 63.650732 ], [ 178.681348, 63.650732 ], [ 178.731445, 63.66709 ], [ 178.69248, 63.842334 ], [ 178.650293, 63.965283 ], [ 178.536035, 63.975635 ], [ 178.451367, 64.011377 ], [ 178.474805, 64.089014 ], [ 178.477148, 64.127881 ], [ 178.381445, 64.260889 ], [ 178.312988, 64.314404 ], [ 178.229492, 64.364404 ], [ 178.163965, 64.309082 ], [ 178.130566, 64.235254 ], [ 178.044727, 64.21958 ], [ 177.95332, 64.222266 ], [ 177.6875, 64.304736 ], [ 177.43291, 64.444482 ], [ 177.409863, 64.572803 ], [ 177.467188, 64.736816 ], [ 177.427441, 64.763379 ], [ 177.3875, 64.774023 ], [ 177.049805, 64.719238 ], [ 176.842871, 64.633789 ], [ 176.730957, 64.624854 ], [ 176.507617, 64.682422 ], [ 176.140918, 64.58584 ], [ 176.219434, 64.641943 ], [ 176.283203, 64.663818 ], [ 176.350977, 64.705127 ], [ 176.300879, 64.783838 ], [ 176.246973, 64.843018 ], [ 176.169238, 64.884766 ], [ 176.056543, 64.904736 ], [ 175.945898, 64.865186 ], [ 175.858594, 64.825293 ], [ 175.67793, 64.782471 ], [ 175.330664, 64.746631 ], [ 175.09707, 64.746631 ], [ 174.698633, 64.681445 ], [ 174.548828, 64.683887 ], [ 175.097754, 64.776855 ], [ 175.396484, 64.783691 ], [ 175.781152, 64.844043 ], [ 176.061133, 64.960889 ], [ 176.429492, 64.855176 ], [ 176.556641, 64.83999 ], [ 176.831055, 64.849219 ], [ 177.06875, 64.78667 ], [ 177.148242, 64.804834 ], [ 177.222852, 64.86167 ], [ 177.123438, 64.947021 ], [ 177.037305, 64.999658 ], [ 176.940039, 65.016016 ], [ 176.645508, 65.007178 ], [ 176.452148, 65.025244 ], [ 176.341016, 65.047314 ], [ 176.413086, 65.07124 ], [ 176.624805, 65.037598 ], [ 176.880859, 65.081934 ], [ 177.179199, 65.014111 ], [ 177.251855, 64.953613 ], [ 177.337012, 64.931348 ], [ 177.581641, 64.777881 ], [ 177.748633, 64.717041 ], [ 178.285352, 64.672266 ], [ 178.519531, 64.602979 ], [ 178.698438, 64.631104 ], [ 179.15, 64.781592 ], [ 179.448242, 64.822021 ], [ 179.651367, 64.920947 ], [ 179.827344, 65.03418 ], [ -180.0, 65.067236 ], [ -179.70459, 65.187207 ], [ -179.635156, 65.244141 ], [ -179.519336, 65.386279 ], [ -179.45166, 65.445312 ], [ -179.3521, 65.516748 ], [ -179.344385, 65.575244 ], [ -179.365967, 65.638623 ], [ -179.449072, 65.687842 ], [ -179.640625, 65.757568 ], [ -179.72832, 65.803809 ], [ -179.789697, 65.900879 ], [ -179.783643, 66.017969 ], [ -179.740869, 66.105762 ], [ -179.683301, 66.184131 ], [ -179.616162, 66.127881 ], [ -179.422656, 66.141064 ], [ -179.327197, 66.162598 ], [ -179.316211, 66.219824 ], [ -179.340137, 66.2875 ], [ -179.293164, 66.305078 ], [ -179.192676, 66.312549 ], [ -179.178369, 66.35332 ], [ -179.143408, 66.375049 ], [ -179.106885, 66.346094 ], [ -179.105078, 66.231934 ], [ -179.026123, 66.203516 ], [ -178.915527, 66.179932 ], [ -178.868115, 66.187061 ], [ -178.82085, 66.202686 ], [ -178.752783, 66.237256 ], [ -178.615771, 66.355176 ], [ -178.526563, 66.401562 ], [ -178.534131, 66.316553 ], [ -178.586523, 66.198437 ], [ -178.61626, 66.166016 ], [ -178.693799, 66.124219 ], [ -178.730566, 66.037256 ], [ -178.746729, 66.013672 ], [ -178.858252, 66.037549 ], [ -178.939063, 66.032764 ], [ -178.879346, 65.936475 ], [ -178.791064, 65.864746 ], [ -178.67915, 65.795361 ], [ -178.558545, 65.754004 ], [ -178.526221, 65.755225 ], [ -178.502344, 65.74043 ], [ -178.499316, 65.696631 ], [ -178.525928, 65.593018 ], [ -178.504639, 65.537207 ], [ -178.4125, 65.495557 ], [ -178.310205, 65.484863 ], [ -177.698633, 65.489697 ], [ -177.48877, 65.503711 ], [ -177.175244, 65.60166 ], [ -177.05625, 65.613623 ], [ -176.922119, 65.601367 ], [ -176.547461, 65.547559 ], [ -176.093262, 65.471045 ], [ -175.922949, 65.35249 ], [ -175.856152, 65.232812 ], [ -175.830225, 65.105518 ], [ -175.859473, 65.054199 ], [ -175.853857, 65.01084 ], [ -175.715869, 64.946094 ], [ -175.520654, 64.86709 ], [ -175.483203, 64.848584 ], [ -175.442139, 64.816699 ], [ -175.395117, 64.802393 ], [ -175.255908, 64.793994 ], [ -175.14585, 64.809277 ], [ -175.036035, 64.813672 ], [ -174.830469, 64.775977 ], [ -174.570557, 64.717773 ], [ -174.318018, 64.637646 ], [ -174.204834, 64.577783 ], [ -174.001367, 64.448975 ], [ -173.897852, 64.409717 ], [ -173.729736, 64.364502 ], [ -173.665967, 64.357324 ], [ -173.603613, 64.365479 ], [ -173.474951, 64.428613 ], [ -173.395654, 64.479004 ], [ -173.32749, 64.539551 ], [ -173.309326, 64.487451 ], [ -173.309229, 64.442676 ], [ -173.375537, 64.4104 ], [ -173.375684, 64.354883 ], [ -173.275488, 64.289648 ], [ -173.157422, 64.279736 ], [ -173.009131, 64.297461 ], [ -172.960059, 64.327686 ], [ -172.915869, 64.369434 ], [ -172.949023, 64.507373 ], [ -172.903174, 64.526074 ], [ -172.791504, 64.498926 ], [ -172.755957, 64.459961 ], [ -172.73916, 64.412256 ], [ -172.694678, 64.40708 ], [ -172.401465, 64.413916 ], [ -172.37876, 64.431543 ], [ -172.393848, 64.474658 ], [ -172.436621, 64.515332 ], [ -172.487402, 64.544189 ], [ -172.616113, 64.577881 ], [ -172.746875, 64.603271 ], [ -172.85415, 64.609912 ], [ -172.900879, 64.628857 ], [ -172.889062, 64.664014 ], [ -172.924023, 64.704932 ], [ -172.902588, 64.729199 ], [ -172.811572, 64.761182 ], [ -172.801074, 64.790527 ], [ -172.896875, 64.826074 ], [ -172.998047, 64.837109 ], [ -173.085791, 64.817334 ], [ -173.066211, 64.847168 ], [ -172.999121, 64.876611 ], [ -172.897363, 64.889209 ], [ -172.79248, 64.88291 ], [ -172.592822, 64.907959 ], [ -172.39873, 64.964746 ], [ -172.304346, 65.002148 ], [ -172.213184, 65.048145 ], [ -172.223682, 65.128711 ], [ -172.286035, 65.205713 ], [ -172.378711, 65.226709 ], [ -172.48208, 65.221875 ], [ -172.573145, 65.228223 ], [ -172.661914, 65.248535 ], [ -172.309277, 65.275635 ], [ -172.269873, 65.302734 ], [ -172.211572, 65.425195 ], [ -172.232812, 65.455713 ], [ -172.305713, 65.447803 ], [ -172.417773, 65.449561 ], [ -172.391992, 65.474561 ], [ -172.353955, 65.495996 ], [ -172.556543, 65.612012 ], [ -172.783301, 65.681055 ], [ -172.719189, 65.692432 ], [ -172.607715, 65.690039 ], [ -172.435693, 65.669629 ], [ -172.322266, 65.617529 ], [ -172.282275, 65.582324 ], [ -172.233887, 65.570459 ], [ -172.131494, 65.566943 ], [ -171.957178, 65.54209 ], [ -171.947168, 65.507959 ], [ -171.907129, 65.495947 ], [ -171.790381, 65.510449 ], [ -171.46626, 65.533105 ], [ -171.36377, 65.527197 ], [ -171.216016, 65.502783 ], [ -171.169971, 65.5021 ], [ -171.105859, 65.511035 ], [ -171.054248, 65.549951 ], [ -171.134424, 65.628076 ], [ -171.303223, 65.698486 ], [ -171.401709, 65.751758 ], [ -171.451172, 65.794238 ], [ -171.421533, 65.810352 ], [ -171.376855, 65.803955 ], [ -171.232031, 65.736865 ], [ -171.118994, 65.69502 ], [ -171.001465, 65.664893 ], [ -170.896875, 65.642627 ], [ -170.666309, 65.621533 ], [ -170.560986, 65.65625 ], [ -170.541406, 65.710254 ], [ -170.563037, 65.823584 ], [ -170.540674, 65.86543 ], [ -170.401025, 65.928516 ], [ -170.159424, 66.008057 ], [ -170.003809, 66.033496 ], [ -169.949316, 66.031006 ], [ -169.891699, 66.006104 ], [ -169.831689, 65.998926 ], [ -169.72915, 66.058105 ], [ -169.777881, 66.143115 ], [ -169.888818, 66.163477 ], [ -170.243945, 66.169287 ], [ -170.191943, 66.20127 ], [ -170.211621, 66.236426 ], [ -170.246973, 66.271875 ], [ -170.301221, 66.294043 ], [ -170.361133, 66.2979 ], [ -170.483301, 66.278076 ], [ -170.604443, 66.248926 ], [ -170.542822, 66.291064 ], [ -170.473096, 66.320264 ], [ -170.509521, 66.343652 ], [ -170.555664, 66.357227 ], [ -170.92666, 66.529736 ], [ -171.149268, 66.592725 ], [ -171.360498, 66.676758 ], [ -171.56958, 66.818701 ], [ -171.795557, 66.931738 ], [ -172.031494, 66.973291 ], [ -172.273926, 66.965576 ], [ -172.447314, 66.991748 ], [ -172.621045, 67.026807 ], [ -173.00752, 67.064893 ], [ -173.001904, 67.033984 ], [ -172.582959, 66.977832 ], [ -172.520117, 66.95249 ], [ -172.549365, 66.930518 ], [ -172.640576, 66.925 ], [ -172.962598, 66.942139 ], [ -173.058496, 66.955859 ], [ -173.146826, 66.998975 ], [ -173.193018, 66.993604 ], [ -173.228271, 66.968555 ], [ -173.216162, 66.91123 ], [ -173.175391, 66.8646 ], [ -173.258936, 66.840088 ], [ -173.347363, 66.851367 ], [ -173.343066, 66.909229 ], [ -173.323535, 66.954834 ], [ -173.22417, 67.035107 ], [ -173.167627, 67.052246 ], [ -173.157813, 67.069092 ], [ -173.493994, 67.105176 ], [ -173.586572, 67.132764 ], [ -173.679688, 67.144775 ], [ -173.884033, 67.106445 ], [ -174.447607, 67.103125 ], [ -174.550098, 67.090625 ], [ -174.554492, 67.063037 ], [ -174.518945, 67.049072 ], [ -174.430908, 67.037646 ], [ -174.341846, 67.039746 ], [ -174.283545, 67.001563 ], [ -174.154346, 66.982031 ], [ -174.086426, 66.942871 ], [ -174.041016, 66.875488 ], [ -174.018848, 66.827393 ], [ -174.005518, 66.778613 ], [ -174.060596, 66.689795 ], [ -174.1396, 66.652637 ], [ -174.231592, 66.631885 ], [ -174.196338, 66.580713 ], [ -174.101855, 66.540625 ], [ -173.920947, 66.521777 ], [ -173.842529, 66.488281 ], [ -173.773975, 66.434668 ], [ -173.832031, 66.366064 ], [ -173.899951, 66.310498 ], [ -173.955469, 66.286768 ], [ -173.994482, 66.245801 ], [ -174.025439, 66.229687 ], [ -174.065039, 66.22959 ], [ -174.017725, 66.38252 ], [ -174.084766, 66.473096 ], [ -174.206006, 66.452344 ], [ -174.256982, 66.428467 ], [ -174.366064, 66.34834 ], [ -174.394092, 66.344238 ], [ -174.418701, 66.371973 ], [ -174.45376, 66.429883 ], [ -174.477734, 66.492188 ], [ -174.50376, 66.537939 ], [ -174.612451, 66.5854 ], [ -174.674658, 66.603418 ], [ -174.864258, 66.613135 ], [ -174.924902, 66.623145 ], [ -174.870117, 66.724902 ], [ -174.771191, 66.784326 ], [ -174.783643, 66.916797 ], [ -174.828711, 66.961377 ], [ -174.885059, 67.000244 ], [ -174.938135, 67.093018 ], [ -174.93042, 67.203467 ], [ -174.869922, 67.268506 ], [ -174.849854, 67.348877 ], [ -174.918066, 67.407568 ], [ -175.002686, 67.4375 ], [ -175.065625, 67.413428 ], [ -175.122803, 67.376953 ], [ -175.155078, 67.365381 ], [ -175.374707, 67.357373 ], [ -175.23252, 67.44668 ], [ -175.239551, 67.521094 ], [ -175.265918, 67.566504 ], [ -175.309863, 67.602051 ], [ -175.345215, 67.678076 ], [ -176.907275, 68.119141 ], [ -177.171826, 68.174658 ], [ -177.297412, 68.22251 ], [ -177.40752, 68.245166 ], [ -177.520898, 68.236865 ], [ -177.589209, 68.224219 ], [ -177.639355, 68.241211 ], [ -177.593213, 68.281152 ], [ -177.527246, 68.294385 ], [ -177.683203, 68.362793 ], [ -178.249854, 68.541406 ], [ -178.373047, 68.565674 ], [ -178.284521, 68.518555 ], [ -177.861816, 68.378223 ], [ -177.796777, 68.337988 ], [ -177.922412, 68.286523 ], [ -178.055811, 68.264893 ], [ -178.018701, 68.322754 ], [ -178.048682, 68.388428 ], [ -178.097461, 68.424805 ], [ -178.244482, 68.46665 ], [ -178.473926, 68.501758 ], [ -178.692627, 68.545996 ], [ -178.736523, 68.593018 ], [ -178.751465, 68.660449 ], [ -178.613672, 68.603076 ], [ -178.538525, 68.585645 ], [ -178.689307, 68.675146 ], [ -178.873877, 68.754102 ], [ -179.279297, 68.825195 ], [ -179.355957, 68.852979 ], [ -179.47085, 68.912402 ], [ -179.514502, 68.917139 ], [ -179.59541, 68.906494 ], [ -179.798535, 68.94043 ], [ -179.999951, 68.983447 ], [ -180.0, 68.738672 ], [ 180.0, 68.983447 ], [ 179.868262, 69.012695 ], [ 179.272656, 69.259668 ], [ 178.950684, 69.295801 ], [ 178.925, 69.325977 ], [ 178.906934, 69.362109 ], [ 178.84834, 69.387207 ], [ 178.442773, 69.452979 ], [ 177.933691, 69.495605 ], [ 177.394531, 69.611621 ], [ 176.924414, 69.645996 ], [ 176.410449, 69.768506 ], [ 176.10752, 69.860303 ], [ 175.921484, 69.895313 ], [ 175.751172, 69.90415 ], [ 175.295605, 69.860059 ], [ 174.785547, 69.855664 ], [ 174.319434, 69.881641 ], [ 173.948047, 69.874121 ], [ 173.733398, 69.891113 ], [ 173.438672, 69.946826 ], [ 173.35332, 69.924023 ], [ 173.277441, 69.823828 ], [ 173.056348, 69.864941 ], [ 172.869238, 69.919775 ], [ 172.55957, 69.968359 ], [ 171.970508, 70.000342 ], [ 171.24668, 70.076123 ], [ 170.867969, 70.096045 ], [ 170.486816, 70.107568 ], [ 170.525391, 69.937891 ], [ 170.503125, 69.856543 ], [ 170.35957, 69.750977 ], [ 170.201172, 69.683203 ], [ 170.160938, 69.626563 ], [ 170.582227, 69.58335 ], [ 170.71416, 69.388232 ], [ 170.883789, 69.263623 ], [ 170.99668, 69.134717 ], [ 170.99541, 69.045312 ], [ 170.537598, 68.825391 ], [ 170.065625, 68.798682 ], [ 169.609863, 68.786035 ], [ 169.414648, 68.919629 ], [ 169.310645, 69.079541 ], [ 168.946191, 69.16333 ], [ 168.587598, 69.228369 ], [ 168.423047, 69.239502 ], [ 168.303027, 69.271484 ], [ 168.22998, 69.447021 ], [ 168.15, 69.577393 ], [ 168.047656, 69.625635 ], [ 167.950098, 69.69917 ], [ 167.856836, 69.728223 ], [ 167.628125, 69.740332 ], [ 167.073145, 69.554443 ], [ 166.884375, 69.499902 ], [ 166.820312, 69.499561 ], [ 165.980469, 69.545996 ], [ 165.760742, 69.584424 ], [ 164.513281, 69.609131 ], [ 164.15957, 69.719287 ], [ 163.945996, 69.735156 ], [ 163.705273, 69.701807 ], [ 163.498047, 69.693262 ], [ 163.201367, 69.714746 ], [ 162.944629, 69.682764 ], [ 162.375684, 69.649072 ], [ 162.166016, 69.611572 ], [ 161.945117, 69.545117 ], [ 161.536914, 69.379541 ], [ 161.480078, 69.300098 ], [ 161.480078, 69.201709 ], [ 161.565625, 69.063965 ], [ 161.565625, 68.905176 ], [ 161.495313, 68.849854 ], [ 161.365137, 68.822998 ], [ 161.230176, 68.653906 ], [ 161.104492, 68.5625 ], [ 160.856055, 68.53833 ], [ 160.99668, 68.60752 ], [ 161.129004, 68.653857 ], [ 161.340625, 68.905176 ], [ 161.309863, 68.982275 ], [ 161.14082, 69.038867 ], [ 161.035547, 69.098193 ], [ 160.982031, 69.334473 ], [ 160.928906, 69.458545 ], [ 160.910742, 69.606348 ], [ 160.739453, 69.655176 ], [ 160.119141, 69.729785 ], [ 159.83252, 69.784961 ], [ 159.729395, 69.870215 ], [ 159.83916, 69.98999 ], [ 159.831445, 70.081445 ], [ 159.889648, 70.158789 ], [ 159.983398, 70.221387 ], [ 160.006445, 70.309668 ], [ 159.958594, 70.423633 ], [ 159.911816, 70.506104 ], [ 159.804688, 70.604932 ], [ 159.72793, 70.649658 ], [ 159.350684, 70.790723 ], [ 158.702148, 70.93501 ], [ 158.037012, 71.039258 ], [ 157.447363, 71.074512 ], [ 156.68457, 71.09375 ], [ 155.895215, 71.095508 ], [ 155.595898, 71.038623 ], [ 155.029492, 71.034229 ], [ 154.413965, 70.974463 ], [ 153.794141, 70.87998 ], [ 153.460645, 70.878613 ], [ 152.79834, 70.835645 ], [ 152.508789, 70.834473 ], [ 151.762012, 70.982471 ], [ 151.999805, 71.00249 ], [ 152.092773, 71.023291 ], [ 151.759766, 71.217822 ], [ 151.582422, 71.286963 ], [ 151.145313, 71.37373 ], [ 150.967773, 71.380469 ], [ 150.82168, 71.362891 ], [ 150.242969, 71.267188 ], [ 150.097656, 71.226562 ], [ 150.384766, 71.338818 ], [ 150.525098, 71.38584 ], [ 150.667773, 71.455225 ], [ 150.634863, 71.498877 ], [ 150.599805, 71.520117 ], [ 150.06084, 71.51084 ], [ 150.026465, 71.521338 ], [ 149.912695, 71.580713 ], [ 149.857129, 71.601465 ], [ 149.498047, 71.664014 ], [ 149.237891, 71.687939 ], [ 148.968164, 71.690479 ], [ 148.92334, 71.714648 ], [ 148.954883, 71.744141 ], [ 148.965332, 71.762793 ], [ 149.04873, 71.795752 ], [ 149.279688, 71.825537 ], [ 149.881055, 71.843018 ], [ 150.016895, 71.895654 ], [ 149.998145, 71.950488 ], [ 149.963086, 71.992188 ], [ 149.766211, 72.09126 ], [ 149.501563, 72.164307 ], [ 148.964844, 72.252344 ], [ 148.402051, 72.311963 ], [ 147.433984, 72.340918 ], [ 147.261816, 72.327881 ], [ 147.127051, 72.292041 ], [ 146.894727, 72.19751 ], [ 146.367969, 71.92207 ], [ 146.073242, 71.80835 ], [ 145.804785, 71.746484 ], [ 145.188574, 71.695801 ], [ 145.075586, 71.707373 ], [ 144.989648, 71.753369 ], [ 145.017871, 71.793701 ], [ 145.07373, 71.830859 ], [ 145.077734, 71.854639 ], [ 145.046875, 71.901025 ], [ 145.063965, 71.926074 ], [ 145.125781, 71.927148 ], [ 145.271191, 71.894629 ], [ 145.407227, 71.890137 ], [ 145.756738, 71.941309 ], [ 145.756738, 72.020654 ], [ 145.664062, 72.066992 ], [ 145.710156, 72.177588 ], [ 145.709668, 72.206348 ], [ 145.758594, 72.225879 ], [ 145.799414, 72.221875 ], [ 146.051465, 72.142285 ], [ 146.137305, 72.146484 ], [ 146.230273, 72.1375 ], [ 146.005859, 71.945459 ], [ 146.113281, 71.944971 ], [ 146.40166, 72.035498 ], [ 146.599219, 72.123535 ], [ 146.807031, 72.236572 ], [ 146.831836, 72.29541 ], [ 146.594141, 72.302441 ], [ 145.03916, 72.259863 ], [ 144.470703, 72.174756 ], [ 144.294922, 72.192627 ], [ 144.169238, 72.258789 ], [ 144.360938, 72.265332 ], [ 144.587598, 72.305518 ], [ 144.776367, 72.382275 ], [ 144.897461, 72.39624 ], [ 145.212891, 72.392676 ], [ 145.46709, 72.362061 ], [ 146.234766, 72.349707 ], [ 146.25293, 72.442236 ], [ 146.083301, 72.471387 ], [ 145.71416, 72.497363 ], [ 145.485742, 72.54209 ], [ 145.199316, 72.570215 ], [ 144.568652, 72.609912 ], [ 144.303906, 72.643018 ], [ 143.680957, 72.673193 ], [ 143.51582, 72.698242 ], [ 142.061426, 72.720801 ], [ 141.518359, 72.788672 ], [ 141.309766, 72.857715 ], [ 140.808203, 72.890967 ], [ 140.708105, 72.890039 ], [ 140.675977, 72.871631 ], [ 140.652344, 72.842822 ], [ 140.972852, 72.716992 ], [ 140.983203, 72.630029 ], [ 141.079297, 72.586914 ], [ 140.705078, 72.518945 ], [ 140.450586, 72.493115 ], [ 139.601172, 72.496094 ], [ 139.473633, 72.466504 ], [ 139.14082, 72.329736 ], [ 139.14502, 72.264404 ], [ 139.176367, 72.163477 ], [ 139.430469, 72.163477 ], [ 139.505273, 72.207666 ], [ 139.616992, 72.225684 ], [ 140.134375, 72.209619 ], [ 140.187695, 72.191309 ], [ 140.014063, 72.162109 ], [ 139.84707, 72.148584 ], [ 139.640234, 71.99834 ], [ 139.359277, 71.951367 ], [ 139.552344, 71.926709 ], [ 139.722949, 71.884961 ], [ 139.695117, 71.700439 ], [ 139.93877, 71.557666 ], [ 139.98418, 71.491504 ], [ 139.632129, 71.489258 ], [ 139.320215, 71.444727 ], [ 139.209375, 71.444775 ], [ 139.004883, 71.556055 ], [ 138.780176, 71.629004 ], [ 138.67002, 71.634814 ], [ 138.525195, 71.562744 ], [ 138.318066, 71.602832 ], [ 138.23418, 71.596338 ], [ 138.118457, 71.566162 ], [ 138.04834, 71.525977 ], [ 137.995703, 71.463525 ], [ 137.927344, 71.429785 ], [ 137.918359, 71.384082 ], [ 138.022168, 71.363428 ], [ 138.097168, 71.358594 ], [ 138.314063, 71.325537 ], [ 138.090625, 71.307422 ], [ 138.03252, 71.28584 ], [ 138.012695, 71.26084 ], [ 137.844043, 71.226807 ], [ 137.901953, 71.194043 ], [ 137.97373, 71.168652 ], [ 137.991699, 71.142725 ], [ 137.939648, 71.133398 ], [ 137.797852, 71.163916 ], [ 137.650586, 71.208154 ], [ 137.41748, 71.299023 ], [ 137.31543, 71.359424 ], [ 137.11582, 71.415674 ], [ 136.406152, 71.570752 ], [ 136.090332, 71.61958 ], [ 135.884766, 71.630566 ], [ 135.55918, 71.610352 ], [ 135.359375, 71.543506 ], [ 135.022363, 71.515039 ], [ 134.813867, 71.460596 ], [ 134.702734, 71.386816 ], [ 134.102832, 71.378955 ], [ 133.688867, 71.434229 ], [ 133.426172, 71.490967 ], [ 133.130859, 71.606689 ], [ 132.839258, 71.755176 ], [ 132.803613, 71.767578 ], [ 132.768555, 71.79873 ], [ 132.71582, 71.871484 ], [ 132.653906, 71.925977 ], [ 132.562305, 71.895313 ], [ 132.325781, 71.726221 ], [ 132.227637, 71.642773 ], [ 132.098828, 71.483984 ], [ 132.003711, 71.350195 ], [ 131.99082, 71.293213 ], [ 132.035352, 71.244043 ], [ 131.906445, 71.202637 ], [ 131.769043, 71.101416 ], [ 131.562012, 70.901025 ], [ 131.432324, 70.828271 ], [ 131.268262, 70.765527 ], [ 131.157422, 70.742188 ], [ 131.021582, 70.746094 ], [ 130.898047, 70.803564 ], [ 130.831934, 70.935889 ], [ 130.757129, 70.962354 ], [ 130.668457, 70.88833 ], [ 130.537109, 70.892529 ], [ 130.28125, 70.947314 ], [ 130.025977, 71.065381 ], [ 129.761914, 71.119531 ], [ 129.389844, 71.404883 ], [ 129.224512, 71.508838 ], [ 129.134277, 71.592871 ], [ 128.922656, 71.601758 ], [ 128.843262, 71.663477 ], [ 128.949023, 71.707568 ], [ 129.23418, 71.744824 ], [ 129.46084, 71.739307 ], [ 129.291797, 71.850195 ], [ 129.210254, 71.916943 ], [ 129.121582, 71.953223 ], [ 129.154199, 71.878662 ], [ 129.116602, 71.824609 ], [ 129.040137, 71.782422 ], [ 128.911426, 71.755322 ], [ 128.358789, 72.08833 ], [ 128.026563, 72.25 ], [ 127.841406, 72.308252 ], [ 127.726074, 72.413184 ], [ 127.803418, 72.434033 ], [ 128.196973, 72.309619 ], [ 128.475195, 72.245557 ], [ 128.934961, 72.079492 ], [ 129.283496, 72.092041 ], [ 129.410645, 72.166309 ], [ 129.411719, 72.315479 ], [ 129.281348, 72.437695 ], [ 129.116602, 72.485742 ], [ 128.549414, 72.49585 ], [ 128.418262, 72.535156 ], [ 128.508496, 72.547314 ], [ 128.633398, 72.550146 ], [ 128.815332, 72.585889 ], [ 129.117578, 72.676953 ], [ 129.250391, 72.705176 ], [ 129.229102, 72.775732 ], [ 129.017285, 72.872461 ], [ 128.674023, 72.885889 ], [ 128.599023, 72.895166 ], [ 128.735254, 72.943262 ], [ 128.853516, 72.972607 ], [ 129.053711, 73.04541 ], [ 129.100586, 73.112354 ], [ 129.05918, 73.10752 ], [ 128.913379, 73.110596 ], [ 128.87168, 73.139355 ], [ 128.888672, 73.190234 ], [ 128.730469, 73.233398 ], [ 128.587012, 73.262402 ], [ 128.257812, 73.26748 ], [ 128.26416, 73.300732 ], [ 128.281445, 73.330566 ], [ 128.141699, 73.352393 ], [ 128.025684, 73.390771 ], [ 127.996875, 73.425635 ], [ 127.955078, 73.445557 ], [ 127.740332, 73.481543 ], [ 127.031348, 73.547461 ], [ 126.955176, 73.528223 ], [ 126.838477, 73.43418 ], [ 126.552539, 73.334912 ], [ 126.335449, 73.38877 ], [ 126.29248, 73.394189 ], [ 126.257422, 73.419775 ], [ 126.308887, 73.463672 ], [ 126.344922, 73.506299 ], [ 126.295996, 73.53667 ], [ 126.254492, 73.548193 ], [ 126.107422, 73.51748 ], [ 125.887891, 73.498096 ], [ 125.794434, 73.468457 ], [ 125.598535, 73.447412 ], [ 125.61709, 73.520605 ], [ 124.796289, 73.711768 ], [ 124.541211, 73.75127 ], [ 124.388086, 73.754834 ], [ 124.019043, 73.712305 ], [ 123.933887, 73.689307 ], [ 123.796875, 73.626758 ], [ 123.491113, 73.666357 ], [ 123.416211, 73.636865 ], [ 123.305078, 73.53291 ], [ 123.322656, 73.430811 ], [ 123.355273, 73.40249 ], [ 123.383887, 73.347314 ], [ 123.500977, 73.261621 ], [ 123.622266, 73.193262 ], [ 123.572461, 73.177344 ], [ 123.521875, 73.1729 ], [ 123.461621, 73.144189 ], [ 123.40459, 73.085645 ], [ 123.301172, 73.001807 ], [ 123.160352, 72.954883 ], [ 122.999316, 72.964648 ], [ 122.615234, 73.02793 ], [ 122.526758, 73.016699 ], [ 122.501953, 72.970654 ], [ 122.730859, 72.931299 ], [ 122.751953, 72.906494 ], [ 122.69209, 72.89082 ], [ 122.5375, 72.877783 ], [ 122.260156, 72.880566 ], [ 122.029785, 72.897217 ], [ 121.886035, 72.960889 ], [ 121.747852, 72.969678 ], [ 121.354297, 72.97085 ], [ 120.997168, 72.936719 ], [ 120.597949, 72.981104 ], [ 119.92168, 72.971338 ], [ 119.750391, 72.979102 ], [ 119.425293, 73.063965 ], [ 118.960352, 73.117285 ], [ 118.430273, 73.246533 ], [ 118.376563, 73.367236 ], [ 118.457031, 73.464404 ], [ 118.754492, 73.464502 ], [ 118.936426, 73.481201 ], [ 118.91123, 73.518359 ], [ 118.870898, 73.537891 ], [ 118.450195, 73.589795 ], [ 117.308594, 73.59917 ], [ 116.495508, 73.676074 ], [ 115.337695, 73.702588 ], [ 114.816016, 73.607178 ], [ 114.060547, 73.584668 ], [ 113.856934, 73.533398 ], [ 113.510352, 73.50498 ], [ 113.539453, 73.433643 ], [ 113.711328, 73.378564 ], [ 113.795117, 73.367432 ], [ 113.88623, 73.345801 ], [ 113.829297, 73.326562 ], [ 113.765234, 73.317969 ], [ 113.63916, 73.273584 ], [ 113.558887, 73.232617 ], [ 113.581445, 73.142236 ], [ 113.542773, 73.054346 ], [ 113.41748, 72.932178 ], [ 113.311523, 72.87832 ], [ 113.215527, 72.805859 ], [ 113.298145, 72.738867 ], [ 113.391406, 72.711035 ], [ 113.630078, 72.6771 ], [ 113.711914, 72.65415 ], [ 113.664551, 72.634521 ], [ 113.312207, 72.657373 ], [ 113.186133, 72.730176 ], [ 113.158203, 72.769482 ], [ 113.127832, 72.830664 ], [ 113.247363, 72.897217 ], [ 113.369336, 72.941895 ], [ 113.474609, 73.047852 ], [ 113.487598, 73.145117 ], [ 113.490918, 73.346094 ], [ 113.276953, 73.391504 ], [ 113.156934, 73.45957 ], [ 113.364453, 73.582764 ], [ 113.416211, 73.647607 ], [ 113.326855, 73.707422 ], [ 113.181543, 73.837402 ], [ 113.032813, 73.913867 ], [ 112.934961, 73.945703 ], [ 112.835938, 73.962061 ], [ 112.939648, 73.835645 ], [ 112.855957, 73.771143 ], [ 112.79541, 73.746094 ], [ 112.4, 73.711133 ], [ 112.147266, 73.708936 ], [ 111.803711, 73.745264 ], [ 111.400391, 73.827734 ], [ 111.299512, 73.884863 ], [ 111.228125, 73.968555 ], [ 111.459961, 74.004834 ], [ 111.550586, 74.028516 ], [ 111.341406, 74.047363 ], [ 111.130859, 74.052832 ], [ 111.05625, 73.939355 ], [ 110.920117, 73.9479 ], [ 110.261426, 74.017432 ], [ 110.083887, 73.994385 ], [ 109.869141, 73.930615 ], [ 109.774121, 73.88125 ], [ 109.665625, 73.800244 ], [ 109.706738, 73.74375 ], [ 109.752734, 73.722559 ], [ 110.091211, 73.708545 ], [ 110.388281, 73.726025 ], [ 110.722363, 73.779932 ], [ 110.799219, 73.759766 ], [ 110.868164, 73.730713 ], [ 110.77334, 73.68916 ], [ 110.428711, 73.628906 ], [ 109.855273, 73.472461 ], [ 109.637109, 73.454004 ], [ 109.331055, 73.487451 ], [ 109.165625, 73.399609 ], [ 109.089941, 73.378418 ], [ 108.575391, 73.319043 ], [ 108.351465, 73.310205 ], [ 108.285352, 73.265869 ], [ 108.150977, 73.25791 ], [ 108.00127, 73.235596 ], [ 107.750391, 73.173145 ], [ 107.36875, 73.163135 ], [ 107.108789, 73.177295 ], [ 106.47793, 73.139404 ], [ 106.315039, 73.106396 ], [ 106.208789, 73.060547 ], [ 106.15957, 73.002002 ], [ 106.066699, 72.949854 ], [ 105.708203, 72.83667 ], [ 105.402734, 72.789941 ], [ 105.143945, 72.777051 ], [ 105.392773, 72.841016 ], [ 105.677148, 72.959277 ], [ 106.188672, 73.308008 ], [ 106.679395, 73.330664 ], [ 106.794238, 73.37666 ], [ 107.166992, 73.589404 ], [ 107.271094, 73.621045 ], [ 107.76543, 73.625 ], [ 108.199512, 73.694092 ], [ 109.075, 74.032324 ], [ 109.51084, 74.088818 ], [ 109.810254, 74.169189 ], [ 109.863867, 74.208887 ], [ 109.911328, 74.261328 ], [ 109.866406, 74.293066 ], [ 109.840332, 74.321973 ], [ 110.225879, 74.378662 ], [ 110.373535, 74.466064 ], [ 110.892773, 74.548096 ], [ 111.299023, 74.658447 ], [ 111.868262, 74.740039 ], [ 112.191992, 74.853174 ], [ 112.924902, 75.015039 ], [ 113.613574, 75.292969 ], [ 113.726172, 75.450635 ], [ 113.558887, 75.502051 ], [ 113.35625, 75.534277 ], [ 113.242969, 75.611426 ], [ 113.161523, 75.620508 ], [ 112.955664, 75.571924 ], [ 112.72959, 75.737646 ], [ 112.453027, 75.830176 ], [ 112.466113, 75.843652 ], [ 112.49668, 75.849902 ], [ 112.629199, 75.8354 ], [ 113.126367, 75.698682 ], [ 113.391602, 75.677881 ], [ 113.469043, 75.656689 ], [ 113.517188, 75.621875 ], [ 113.485938, 75.563965 ], [ 113.567578, 75.568408 ], [ 113.619922, 75.592676 ], [ 113.74873, 75.704785 ], [ 113.870996, 75.856006 ], [ 113.857227, 75.921289 ], [ 113.563867, 75.89165 ], [ 113.427734, 76.112109 ], [ 113.365527, 76.178857 ], [ 113.272656, 76.25166 ], [ 113.086035, 76.258105 ], [ 112.987988, 76.239746 ], [ 113.066016, 76.215234 ], [ 113.150391, 76.174512 ], [ 113.094043, 76.13291 ], [ 113.04668, 76.114111 ], [ 112.818945, 76.058594 ], [ 112.65625, 76.053564 ], [ 112.721875, 76.077197 ], [ 112.798438, 76.129639 ], [ 112.742578, 76.186914 ], [ 112.68418, 76.218848 ], [ 112.619531, 76.383545 ], [ 112.413281, 76.408301 ], [ 112.29707, 76.434668 ], [ 112.142773, 76.423975 ], [ 111.942676, 76.380469 ], [ 112.016797, 76.420557 ], [ 112.093945, 76.480322 ], [ 111.938672, 76.553418 ], [ 111.786133, 76.603564 ], [ 111.600586, 76.622314 ], [ 111.39248, 76.68667 ], [ 111.114844, 76.723047 ], [ 110.471484, 76.758398 ], [ 109.981152, 76.711865 ], [ 109.369336, 76.749219 ], [ 108.638379, 76.720117 ], [ 108.352051, 76.719531 ], [ 108.181641, 76.737842 ], [ 108.02793, 76.718457 ], [ 107.949902, 76.660645 ], [ 107.902246, 76.569678 ], [ 107.722168, 76.522314 ], [ 107.624219, 76.510107 ], [ 107.157715, 76.524072 ], [ 106.825391, 76.480078 ], [ 106.683203, 76.514697 ], [ 106.413574, 76.512256 ], [ 106.384668, 76.589453 ], [ 106.545508, 76.586279 ], [ 106.63877, 76.573389 ], [ 106.940918, 76.730469 ], [ 107.190234, 76.822021 ], [ 107.429785, 76.926563 ], [ 107.278906, 76.990967 ], [ 106.941602, 77.034375 ], [ 106.783691, 77.031787 ], [ 106.705078, 77.01377 ], [ 106.338672, 77.047852 ], [ 106.14541, 77.045312 ], [ 105.822168, 76.99751 ], [ 105.712012, 77.001465 ], [ 105.645898, 77.100684 ], [ 105.320215, 77.092334 ], [ 104.202441, 77.101807 ], [ 104.323633, 77.132666 ], [ 104.911914, 77.174707 ], [ 105.38457, 77.237842 ], [ 105.73418, 77.352002 ], [ 106.05957, 77.390527 ], [ 105.983398, 77.447607 ], [ 105.894531, 77.488867 ], [ 105.710254, 77.525244 ], [ 105.308984, 77.549219 ], [ 104.965234, 77.594727 ], [ 104.814258, 77.6521 ], [ 104.184863, 77.730469 ], [ 104.014551, 77.73042 ], [ 103.560742, 77.631934 ], [ 103.33125, 77.641064 ], [ 103.131445, 77.626465 ], [ 102.610156, 77.508545 ], [ 101.517676, 77.198096 ], [ 101.292871, 77.101562 ], [ 101.185742, 77.028564 ], [ 100.989941, 76.990479 ], [ 100.905859, 76.900684 ], [ 100.92041, 76.82251 ], [ 101.008203, 76.781348 ], [ 101.099316, 76.704004 ], [ 101.00625, 76.615088 ], [ 100.928027, 76.556738 ], [ 101.002637, 76.530518 ], [ 101.212988, 76.535693 ], [ 101.683789, 76.485498 ], [ 101.597754, 76.439209 ], [ 101.310742, 76.478906 ], [ 101.060742, 76.477246 ], [ 100.84375, 76.525195 ], [ 100.322363, 76.47915 ], [ 99.935742, 76.489893 ], [ 99.57627, 76.471436 ], [ 98.869434, 76.50957 ], [ 98.805664, 76.480664 ], [ 98.969531, 76.430811 ], [ 99.093848, 76.384326 ], [ 99.460645, 76.275098 ], [ 99.616797, 76.240186 ], [ 99.825391, 76.135937 ], [ 99.851367, 75.930273 ], [ 99.7375, 75.880664 ], [ 99.609375, 75.811279 ], [ 99.540723, 75.798584 ], [ 99.442187, 75.803174 ], [ 99.602344, 75.852051 ], [ 99.689258, 75.956348 ], [ 99.77041, 76.02876 ], [ 99.663184, 76.078027 ], [ 99.615625, 76.082324 ], [ 99.562695, 76.109326 ], [ 99.187305, 76.177637 ], [ 98.984668, 76.207568 ], [ 98.771289, 76.224023 ], [ 98.662012, 76.242676 ], [ 98.341992, 76.180566 ], [ 98.194629, 76.166406 ], [ 98.02002, 76.133691 ], [ 97.918359, 76.088672 ], [ 97.669824, 76.078027 ], [ 97.637695, 76.029053 ], [ 97.499219, 75.980225 ], [ 97.350684, 76.033398 ], [ 97.205469, 76.018701 ], [ 96.879199, 75.931055 ], [ 96.49707, 75.891211 ], [ 96.537695, 75.921631 ], [ 96.600586, 75.989893 ], [ 96.508594, 76.005566 ], [ 95.934766, 75.926025 ], [ 95.743848, 75.872314 ], [ 95.65332, 75.892188 ], [ 95.986035, 76.009668 ], [ 96.075488, 76.081982 ], [ 95.919922, 76.113135 ], [ 95.578711, 76.137305 ], [ 95.359277, 76.1396 ], [ 95.038477, 76.113525 ], [ 94.575586, 76.151758 ], [ 94.506738, 76.107959 ], [ 94.388281, 76.102783 ], [ 94.102344, 76.123584 ], [ 93.842871, 76.101318 ], [ 93.648438, 76.05415 ], [ 93.35957, 76.100732 ], [ 93.259277, 76.098779 ], [ 93.104883, 76.02583 ], [ 92.971582, 76.075098 ], [ 92.858594, 75.979492 ], [ 92.89043, 75.909961 ], [ 92.986621, 75.902686 ], [ 93.068652, 75.912842 ], [ 93.116309, 75.944629 ], [ 93.178125, 75.958984 ], [ 93.406055, 75.90127 ], [ 93.475488, 75.932861 ], [ 93.574023, 75.956299 ], [ 93.687012, 75.921582 ], [ 94.156348, 75.959229 ], [ 94.075195, 75.912891 ], [ 93.549805, 75.854102 ], [ 92.602539, 75.779102 ], [ 92.40752, 75.749658 ], [ 91.84541, 75.723682 ], [ 91.479492, 75.649658 ], [ 91.004687, 75.649561 ], [ 90.184961, 75.591064 ], [ 89.595117, 75.458252 ], [ 89.310254, 75.470117 ], [ 88.733105, 75.369189 ], [ 88.503711, 75.290479 ], [ 87.671387, 75.12959 ], [ 87.170801, 75.191748 ], [ 87.005957, 75.169824 ], [ 86.92168, 75.112793 ], [ 86.939063, 75.068115 ], [ 87.140723, 75.072266 ], [ 87.287402, 75.052539 ], [ 87.467578, 75.013232 ], [ 87.419336, 74.940918 ], [ 87.041797, 74.778857 ], [ 86.862891, 74.717871 ], [ 86.651465, 74.682422 ], [ 86.20127, 74.816211 ], [ 86.119531, 74.757422 ], [ 86.058887, 74.728223 ], [ 85.880762, 74.740234 ], [ 85.791016, 74.645117 ], [ 86.116113, 74.628564 ], [ 86.425684, 74.585498 ], [ 86.700098, 74.522461 ], [ 86.894238, 74.449707 ], [ 87.106152, 74.403564 ], [ 87.229688, 74.363867 ], [ 86.897949, 74.325342 ], [ 86.664746, 74.414258 ], [ 86.538477, 74.444238 ], [ 86.395801, 74.450098 ], [ 86.18291, 74.423047 ], [ 86.001367, 74.316016 ], [ 86.177832, 74.279395 ], [ 86.571094, 74.24375 ], [ 86.69707, 74.195312 ], [ 87.209668, 73.878662 ], [ 87.3375, 73.846045 ], [ 87.503223, 73.832471 ], [ 87.571191, 73.810742 ], [ 87.369531, 73.755908 ], [ 87.294434, 73.704688 ], [ 87.120117, 73.615039 ], [ 86.37627, 73.568848 ], [ 86.155078, 73.534668 ], [ 86.092383, 73.519141 ], [ 85.998926, 73.48584 ], [ 85.938965, 73.456494 ], [ 85.910059, 73.39043 ], [ 85.970801, 73.34707 ], [ 86.12168, 73.306738 ], [ 86.715039, 73.12583 ], [ 86.677051, 73.106787 ], [ 86.514355, 73.140479 ], [ 86.30791, 73.195752 ], [ 86.098145, 73.272607 ], [ 85.818164, 73.326953 ], [ 85.802441, 73.37168 ], [ 85.792578, 73.43833 ], [ 85.800488, 73.458936 ], [ 85.827051, 73.492773 ], [ 86.094141, 73.57832 ], [ 86.365918, 73.619775 ], [ 86.697656, 73.716846 ], [ 87.029492, 73.82417 ], [ 86.961328, 73.860742 ], [ 86.892969, 73.887109 ], [ 86.591406, 73.894287 ], [ 85.979297, 73.856934 ], [ 85.611426, 73.821582 ], [ 85.44834, 73.734619 ], [ 85.200586, 73.721533 ], [ 85.077441, 73.719531 ], [ 84.737891, 73.762842 ], [ 84.417383, 73.722021 ], [ 83.666992, 73.686475 ], [ 83.544727, 73.666504 ], [ 81.816992, 73.658838 ], [ 81.468848, 73.64043 ], [ 80.583203, 73.568457 ], [ 80.561914, 73.51499 ], [ 80.595898, 73.474023 ], [ 80.458301, 73.413721 ], [ 80.398047, 73.356836 ], [ 80.418945, 73.289648 ], [ 80.424512, 73.231152 ], [ 80.455469, 73.155225 ], [ 80.509668, 73.086084 ], [ 80.638672, 73.04917 ], [ 80.757422, 73.025244 ], [ 80.841602, 72.94917 ], [ 80.77373, 72.860791 ], [ 80.675391, 72.75918 ], [ 80.65625, 72.712012 ], [ 80.719629, 72.6479 ], [ 80.797754, 72.519971 ], [ 80.827051, 72.488281 ], [ 81.098145, 72.389746 ], [ 81.282715, 72.358838 ], [ 81.58623, 72.351709 ], [ 81.792871, 72.326611 ], [ 82.093652, 72.26543 ], [ 82.183594, 72.237549 ], [ 82.209277, 72.211182 ], [ 82.280664, 72.105127 ], [ 82.319141, 72.071826 ], [ 82.64541, 71.925244 ], [ 82.755078, 71.902832 ], [ 83.200293, 71.874707 ], [ 83.34043, 71.827539 ], [ 83.534375, 71.683936 ], [ 83.553516, 71.649805 ], [ 83.571289, 71.594385 ], [ 83.550488, 71.543652 ], [ 83.531055, 71.514258 ], [ 83.457617, 71.467529 ], [ 83.266016, 71.275879 ], [ 83.15127, 71.103613 ], [ 83.333887, 70.988525 ], [ 83.578906, 70.765918 ], [ 83.65127, 70.672217 ], [ 83.735938, 70.546484 ], [ 83.700488, 70.466406 ], [ 83.659863, 70.418359 ], [ 83.49707, 70.345264 ], [ 83.293457, 70.321338 ], [ 83.073828, 70.276709 ], [ 83.094141, 70.221094 ], [ 83.132031, 70.157178 ], [ 83.10957, 70.10957 ], [ 83.080762, 70.093018 ], [ 82.961035, 70.088281 ], [ 82.856543, 70.104541 ], [ 82.767285, 70.154053 ], [ 82.682324, 70.217725 ], [ 82.74248, 70.286475 ], [ 82.919824, 70.407422 ], [ 83.030176, 70.580518 ], [ 83.058398, 70.694727 ], [ 83.051074, 70.815234 ], [ 83.010156, 70.89541 ], [ 82.869141, 70.954834 ], [ 82.737793, 70.94209 ], [ 82.59248, 70.889941 ], [ 82.45166, 70.690088 ], [ 82.258398, 70.543604 ], [ 82.231445, 70.48291 ], [ 82.23584, 70.430273 ], [ 82.221191, 70.395703 ], [ 82.182422, 70.511475 ], [ 82.163184, 70.598145 ], [ 82.270703, 70.706738 ], [ 82.335938, 70.807373 ], [ 82.316016, 70.879443 ], [ 82.23916, 70.997705 ], [ 82.254297, 71.056201 ], [ 82.276953, 71.093457 ], [ 82.322852, 71.26001 ], [ 82.493164, 71.292871 ], [ 82.917969, 71.419922 ], [ 82.977051, 71.451367 ], [ 83.105664, 71.562451 ], [ 83.165527, 71.602197 ], [ 83.233594, 71.668164 ], [ 83.106641, 71.720508 ], [ 82.986133, 71.748682 ], [ 82.757812, 71.764111 ], [ 82.547266, 71.758594 ], [ 82.079883, 71.706836 ], [ 81.661621, 71.715967 ], [ 81.51123, 71.746143 ], [ 80.856055, 71.970215 ], [ 80.814746, 72.054297 ], [ 80.7625, 72.08916 ], [ 80.699219, 72.098291 ], [ 80.474023, 72.153125 ], [ 79.953906, 72.223047 ], [ 79.42207, 72.380762 ], [ 78.482617, 72.394971 ], [ 78.225391, 72.377441 ], [ 77.968164, 72.328711 ], [ 77.733203, 72.229199 ], [ 77.625293, 72.201416 ], [ 77.471582, 72.192139 ], [ 77.439746, 72.156543 ], [ 77.41084, 72.107764 ], [ 77.492871, 72.071729 ], [ 77.780664, 72.114307 ], [ 78.016406, 72.092041 ], [ 78.14082, 72.044678 ], [ 78.232422, 71.952295 ], [ 78.186914, 71.90708 ], [ 77.777539, 71.836426 ], [ 77.550781, 71.84209 ], [ 77.061328, 72.004199 ], [ 76.871387, 72.033008 ], [ 76.42168, 72.006006 ], [ 76.124023, 71.926611 ], [ 76.032422, 71.9104 ], [ 76.103613, 71.829004 ], [ 76.215723, 71.682861 ], [ 76.312109, 71.595459 ], [ 76.433398, 71.55249 ], [ 76.871191, 71.446582 ], [ 77.113672, 71.409375 ], [ 77.481055, 71.311572 ], [ 77.706641, 71.300586 ], [ 77.908398, 71.324072 ], [ 78.212598, 71.266309 ], [ 78.386523, 71.087109 ], [ 78.491406, 71.025391 ], [ 78.587695, 70.993896 ], [ 78.723926, 70.975977 ], [ 78.803516, 70.973535 ], [ 78.888672, 70.997168 ], [ 79.083887, 71.002002 ], [ 79.01543, 70.950195 ], [ 78.942187, 70.933789 ], [ 78.525781, 70.911816 ], [ 78.320605, 70.93042 ], [ 78.068262, 70.986328 ], [ 77.589648, 71.16792 ], [ 76.995215, 71.181055 ], [ 76.929004, 71.127881 ], [ 76.741992, 71.202051 ], [ 76.110449, 71.218555 ], [ 75.733594, 71.265918 ], [ 75.332031, 71.341748 ], [ 75.298047, 71.378467 ], [ 75.280273, 71.430078 ], [ 75.417188, 71.494678 ], [ 75.468555, 71.534375 ], [ 75.503223, 71.654639 ], [ 75.247461, 71.813379 ], [ 75.273828, 71.958936 ], [ 75.394531, 71.983203 ], [ 75.550195, 72.170801 ], [ 75.644336, 72.232324 ], [ 75.694434, 72.253516 ], [ 75.741406, 72.29624 ], [ 75.691113, 72.35 ], [ 75.644336, 72.382275 ], [ 75.591406, 72.457227 ], [ 75.603125, 72.512158 ], [ 75.603516, 72.581055 ], [ 75.474902, 72.68501 ], [ 75.369336, 72.796631 ], [ 75.152441, 72.852734 ], [ 74.942188, 72.853809 ], [ 74.864941, 72.838428 ], [ 74.786816, 72.811865 ], [ 74.896875, 72.710107 ], [ 75.008008, 72.619434 ], [ 75.060352, 72.548779 ], [ 75.09707, 72.420654 ], [ 75.089941, 72.263135 ], [ 75.053223, 72.199219 ], [ 74.992188, 72.144824 ], [ 74.804102, 72.077393 ], [ 74.489063, 71.997021 ], [ 74.31123, 71.957813 ], [ 73.939453, 71.914746 ], [ 73.671777, 71.845068 ], [ 73.08623, 71.444922 ], [ 73.150488, 71.385205 ], [ 73.365234, 71.319775 ], [ 73.507227, 71.263525 ], [ 73.576563, 71.216504 ], [ 73.731543, 71.068701 ], [ 74.310938, 70.653613 ], [ 74.343359, 70.578711 ], [ 74.206738, 70.445459 ], [ 73.937402, 70.272852 ], [ 73.830176, 70.175684 ], [ 73.578125, 69.802979 ], [ 73.560156, 69.707227 ], [ 73.663281, 69.61709 ], [ 73.832715, 69.503906 ], [ 73.890918, 69.417969 ], [ 73.775684, 69.198242 ], [ 73.836035, 69.143213 ], [ 73.977441, 69.114648 ], [ 74.362598, 69.14458 ], [ 74.814844, 69.090576 ], [ 75.053516, 69.116309 ], [ 75.42002, 69.238623 ], [ 75.561133, 69.251807 ], [ 76.000977, 69.235059 ], [ 76.644922, 69.117383 ], [ 77.32832, 68.958643 ], [ 77.466309, 68.905127 ], [ 77.650684, 68.903027 ], [ 77.785254, 68.630469 ], [ 77.906836, 68.482275 ], [ 77.958691, 68.377051 ], [ 77.995117, 68.259473 ], [ 77.868262, 68.234717 ], [ 77.756836, 68.222363 ], [ 77.664844, 68.190381 ], [ 77.535937, 68.007666 ], [ 77.520117, 67.909619 ], [ 77.588281, 67.751904 ], [ 78.16123, 67.678369 ], [ 78.559082, 67.639111 ], [ 78.839063, 67.631201 ], [ 78.887598, 67.613135 ], [ 78.922461, 67.589111 ], [ 78.589551, 67.578467 ], [ 77.985547, 67.55918 ], [ 77.771582, 67.570264 ], [ 77.675098, 67.5896 ], [ 77.579199, 67.643945 ], [ 77.395605, 67.698682 ], [ 77.325098, 67.735645 ], [ 77.174414, 67.778516 ], [ 77.248438, 67.941016 ], [ 77.261035, 68.315576 ], [ 77.238477, 68.46958 ], [ 77.111719, 68.596191 ], [ 76.735059, 68.776904 ], [ 76.605762, 68.897607 ], [ 76.45918, 68.978271 ], [ 76.316016, 68.991504 ], [ 76.10752, 68.975732 ], [ 75.589551, 68.901172 ], [ 75.124609, 68.861719 ], [ 74.57959, 68.751221 ], [ 74.480957, 68.658887 ], [ 74.391406, 68.420605 ], [ 74.51123, 68.303076 ], [ 74.632422, 68.218311 ], [ 74.742676, 68.073535 ], [ 74.778223, 67.985938 ], [ 74.787305, 67.89751 ], [ 74.769531, 67.766357 ], [ 74.676074, 67.694629 ], [ 74.074512, 67.414111 ], [ 73.98623, 67.327686 ], [ 73.883301, 67.084961 ], [ 73.79209, 66.995312 ], [ 73.513574, 66.861084 ], [ 73.341602, 66.806836 ], [ 72.417383, 66.560791 ], [ 72.383984, 66.506543 ], [ 72.321582, 66.332129 ], [ 72.067578, 66.25332 ], [ 71.916992, 66.246729 ], [ 71.565625, 66.33374 ], [ 71.358008, 66.359424 ], [ 71.145508, 66.36665 ], [ 70.339453, 66.342383 ], [ 69.982422, 66.401416 ], [ 69.700977, 66.48457 ], [ 69.412012, 66.510742 ], [ 69.194336, 66.578662 ], [ 69.143945, 66.640723 ], [ 69.091113, 66.723584 ], [ 69.051172, 66.766357 ], [ 69.013477, 66.78833 ], [ 69.078711, 66.815918 ], [ 69.217773, 66.828613 ], [ 69.74043, 66.8146 ], [ 69.877148, 66.845459 ], [ 69.948633, 66.82998 ], [ 70.09375, 66.754346 ], [ 70.283398, 66.685791 ], [ 70.443945, 66.697314 ], [ 70.579102, 66.75376 ], [ 70.630762, 66.754199 ], [ 70.690723, 66.745312 ], [ 70.567969, 66.700879 ], [ 70.442578, 66.668262 ], [ 70.408887, 66.647607 ], [ 70.382812, 66.60249 ], [ 70.561426, 66.548682 ], [ 70.724902, 66.519434 ], [ 70.939453, 66.548145 ], [ 71.065625, 66.604492 ], [ 71.341992, 66.686719 ], [ 71.539551, 66.683105 ], [ 71.551172, 66.760449 ], [ 71.448926, 66.878955 ], [ 71.365234, 66.961523 ], [ 71.668164, 66.939697 ], [ 71.847461, 67.007617 ], [ 72.594336, 67.586963 ], [ 72.94873, 67.69624 ], [ 73.066797, 67.766943 ], [ 73.152148, 67.865039 ], [ 73.173047, 67.973047 ], [ 73.129395, 68.090918 ], [ 73.139453, 68.181348 ], [ 73.266406, 68.294482 ], [ 73.465234, 68.430762 ], [ 73.591699, 68.481885 ], [ 73.573438, 68.532617 ], [ 73.548047, 68.574512 ], [ 73.190723, 68.706787 ], [ 72.811914, 68.815234 ], [ 72.67832, 68.874854 ], [ 72.576758, 68.968701 ], [ 72.527344, 69.080518 ], [ 72.527051, 69.154248 ], [ 72.557324, 69.378418 ], [ 72.615625, 69.484033 ], [ 72.599414, 69.793213 ], [ 72.529688, 70.17251 ], [ 72.469434, 70.274951 ], [ 72.561914, 70.345557 ], [ 72.65332, 70.403418 ], [ 72.7, 70.457324 ], [ 72.731641, 70.822852 ], [ 72.704492, 70.963232 ], [ 72.581348, 71.151123 ], [ 72.079297, 71.306689 ], [ 71.867285, 71.457373 ], [ 71.884375, 71.511377 ], [ 71.912012, 71.547949 ], [ 72.129688, 71.60918 ], [ 72.279492, 71.695508 ], [ 72.375, 71.821631 ], [ 72.574121, 72.012549 ], [ 72.624414, 72.079443 ], [ 72.75293, 72.343164 ], [ 72.787402, 72.482959 ], [ 72.812109, 72.691406 ], [ 72.633789, 72.744482 ], [ 72.446387, 72.790332 ], [ 72.100977, 72.829004 ], [ 71.92959, 72.819678 ], [ 71.616992, 72.9021 ], [ 71.500195, 72.913672 ], [ 70.655371, 72.890381 ], [ 70.172168, 72.901172 ], [ 69.8875, 72.882568 ], [ 69.738281, 72.884961 ], [ 69.645117, 72.897559 ], [ 69.658789, 72.931836 ], [ 69.708984, 72.956396 ], [ 69.694336, 72.977539 ], [ 69.611816, 72.981934 ], [ 69.391406, 72.955518 ], [ 69.039062, 72.669922 ], [ 68.829688, 72.391553 ], [ 68.607422, 72.012744 ], [ 68.469434, 71.852637 ], [ 68.269238, 71.682812 ], [ 67.959375, 71.548389 ], [ 67.541797, 71.412012 ], [ 67.274219, 71.347852 ], [ 66.917578, 71.282373 ], [ 66.768066, 71.139893 ], [ 66.639648, 71.081396 ], [ 66.692578, 71.041699 ], [ 66.84707, 71.063721 ], [ 66.758789, 70.962354 ], [ 66.666113, 70.900586 ], [ 66.675195, 70.864697 ], [ 66.702246, 70.818506 ], [ 66.822461, 70.797363 ], [ 67.143359, 70.837549 ], [ 67.211523, 70.798438 ], [ 67.284766, 70.738721 ], [ 67.246875, 70.500098 ], [ 67.156836, 70.295117 ], [ 67.146484, 70.219922 ], [ 67.197461, 70.171631 ], [ 67.239258, 70.108057 ], [ 67.144434, 70.030615 ], [ 67.069043, 70.005615 ], [ 66.926367, 70.014258 ], [ 66.832227, 69.842187 ], [ 66.80293, 69.740137 ], [ 66.804004, 69.659229 ], [ 66.840234, 69.60918 ], [ 66.89668, 69.553809 ], [ 66.93418, 69.59668 ], [ 66.964063, 69.655566 ], [ 67.064453, 69.693701 ], [ 67.624121, 69.584424 ], [ 67.774316, 69.52998 ], [ 68.005859, 69.480029 ], [ 68.073047, 69.420801 ], [ 68.117383, 69.23623 ], [ 68.355078, 69.067578 ], [ 68.542773, 68.96709 ], [ 68.65957, 68.927393 ], [ 68.762891, 68.917383 ], [ 68.924414, 68.956201 ], [ 69.140527, 68.950635 ], [ 69.024316, 68.817969 ], [ 68.829492, 68.567432 ], [ 68.504199, 68.348438 ], [ 68.371191, 68.314258 ], [ 68.156934, 68.403662 ], [ 67.730762, 68.513672 ], [ 67.639648, 68.579297 ], [ 67.149219, 68.753955 ], [ 67.002441, 68.873584 ], [ 66.756445, 68.891992 ], [ 66.416113, 68.947852 ], [ 66.365625, 68.961328 ], [ 66.084766, 69.036328 ], [ 65.812695, 69.077002 ], [ 65.735742, 69.132324 ], [ 65.52793, 69.173438 ], [ 65.326758, 69.201367 ], [ 65.031543, 69.269824 ], [ 64.896289, 69.247803 ], [ 64.928516, 69.325391 ], [ 64.592188, 69.435645 ], [ 64.19043, 69.534668 ], [ 63.361426, 69.675293 ], [ 62.63125, 69.743115 ], [ 61.770508, 69.763037 ], [ 61.015918, 69.851465 ], [ 60.909082, 69.847119 ], [ 60.812988, 69.821143 ], [ 60.558691, 69.692334 ], [ 60.276465, 69.652637 ], [ 60.170605, 69.590918 ], [ 60.337305, 69.457031 ], [ 60.664551, 69.110254 ], [ 60.858594, 69.145508 ], [ 60.933594, 68.986768 ], [ 60.815137, 68.895215 ], [ 60.637695, 68.787012 ], [ 60.48916, 68.728955 ], [ 60.160254, 68.699512 ], [ 59.895996, 68.706348 ], [ 59.865137, 68.604932 ], [ 59.941406, 68.510498 ], [ 59.922852, 68.471338 ], [ 59.897363, 68.421924 ], [ 59.858789, 68.396045 ], [ 59.827539, 68.380322 ], [ 59.725684, 68.351611 ], [ 59.604297, 68.351123 ], [ 59.310742, 68.400293 ], [ 59.099023, 68.444336 ], [ 59.112305, 68.616309 ], [ 59.222559, 68.691309 ], [ 59.29834, 68.708447 ], [ 59.370508, 68.738379 ], [ 59.22041, 68.849609 ], [ 59.110156, 68.896289 ], [ 59.059863, 68.972559 ], [ 59.057324, 69.006055 ], [ 58.918945, 69.003809 ], [ 58.353906, 68.916211 ], [ 58.237012, 68.833936 ], [ 58.173047, 68.889746 ], [ 57.444336, 68.641504 ], [ 57.126855, 68.554004 ], [ 56.909375, 68.566699 ], [ 56.620215, 68.619043 ], [ 56.275684, 68.624072 ], [ 56.043652, 68.648877 ], [ 55.924609, 68.637305 ], [ 55.675293, 68.575879 ], [ 55.418066, 68.567822 ], [ 55.150879, 68.480029 ], [ 54.923047, 68.373828 ], [ 54.861328, 68.201855 ], [ 54.717969, 68.18418 ], [ 54.56123, 68.273047 ], [ 54.476172, 68.294141 ], [ 54.393945, 68.275098 ], [ 54.23291, 68.266309 ], [ 54.099219, 68.259033 ], [ 53.967871, 68.227344 ], [ 53.913672, 68.231201 ], [ 53.515137, 68.259668 ], [ 53.403125, 68.256836 ], [ 53.260547, 68.26748 ], [ 53.293359, 68.31167 ], [ 53.342578, 68.343213 ], [ 53.566699, 68.36709 ], [ 53.690039, 68.402539 ], [ 53.829492, 68.382666 ], [ 53.930859, 68.435547 ], [ 53.917676, 68.536963 ], [ 53.758887, 68.633984 ], [ 53.833887, 68.708936 ], [ 53.891211, 68.801514 ], [ 53.929297, 68.811865 ], [ 53.970605, 68.844287 ], [ 53.919531, 68.87124 ], [ 53.798242, 68.884668 ], [ 53.797656, 68.907471 ], [ 53.874414, 68.926611 ], [ 54.37627, 68.964746 ], [ 54.491211, 68.992334 ], [ 54.18584, 69.00332 ], [ 53.801953, 68.995898 ], [ 53.412891, 68.912549 ], [ 52.683594, 68.731201 ], [ 52.344043, 68.608154 ], [ 52.435059, 68.610205 ], [ 52.550098, 68.592432 ], [ 52.647656, 68.506152 ], [ 52.722656, 68.484033 ], [ 52.669727, 68.426758 ], [ 52.475, 68.382129 ], [ 52.39668, 68.351709 ], [ 52.322266, 68.339697 ], [ 52.25918, 68.350928 ], [ 52.183496, 68.374268 ], [ 52.227441, 68.418604 ], [ 52.285352, 68.459375 ], [ 52.128809, 68.532031 ], [ 52.055664, 68.541309 ], [ 51.994727, 68.53877 ], [ 51.616699, 68.476318 ], [ 51.336133, 68.402441 ], [ 51.078516, 68.36333 ], [ 50.838867, 68.349951 ], [ 50.699414, 68.317725 ], [ 50.414062, 68.218359 ], [ 50.233203, 68.175342 ], [ 49.93125, 68.065137 ], [ 49.155273, 67.87041 ], [ 48.953906, 67.853809 ], [ 48.840625, 67.869727 ], [ 48.754297, 67.895947 ], [ 48.695703, 67.874219 ], [ 48.762695, 67.827002 ], [ 48.87793, 67.731348 ], [ 48.833203, 67.681494 ], [ 48.653809, 67.695264 ], [ 48.278711, 67.650391 ], [ 47.874707, 67.58418 ], [ 47.882617, 67.515332 ], [ 47.908203, 67.454688 ], [ 47.839258, 67.355713 ], [ 47.768066, 67.275635 ], [ 47.709082, 67.04502 ], [ 47.655859, 66.975928 ], [ 47.496484, 66.929834 ], [ 46.69082, 66.825537 ], [ 46.552344, 66.818994 ], [ 46.492383, 66.800195 ], [ 46.448535, 66.818994 ], [ 46.297754, 66.842822 ], [ 46.083984, 66.843506 ], [ 45.986035, 66.853125 ], [ 45.885352, 66.891064 ], [ 45.752539, 66.98916 ], [ 45.562207, 67.185596 ], [ 45.138867, 67.284717 ], [ 44.939453, 67.350781 ], [ 44.902148, 67.413135 ], [ 44.939453, 67.477441 ], [ 45.374121, 67.688867 ], [ 45.528711, 67.757568 ], [ 46.174219, 67.818164 ], [ 46.428906, 67.823682 ], [ 46.69043, 67.848828 ], [ 46.683594, 67.970459 ], [ 46.429688, 68.118848 ], [ 46.158398, 68.291357 ], [ 45.891992, 68.479687 ], [ 45.519434, 68.546533 ], [ 45.078125, 68.578174 ], [ 44.175293, 68.541748 ], [ 44.048047, 68.548828 ], [ 43.471973, 68.679834 ], [ 43.413281, 68.681738 ], [ 43.333203, 68.673389 ], [ 43.358008, 68.635791 ], [ 43.404004, 68.608545 ], [ 44.169141, 68.3271 ], [ 44.204688, 68.25376 ], [ 44.226465, 68.154443 ], [ 44.213867, 68.112598 ], [ 44.231543, 68.07124 ], [ 44.225391, 67.995605 ], [ 44.036426, 67.670654 ], [ 43.856348, 67.439307 ], [ 43.795703, 67.32959 ], [ 43.782422, 67.254492 ], [ 43.855371, 67.188623 ], [ 44.074414, 67.167334 ], [ 44.291797, 67.099658 ], [ 44.403906, 67.004199 ], [ 44.429297, 66.937744 ], [ 44.437109, 66.794629 ], [ 44.488672, 66.671777 ], [ 44.316406, 66.481689 ], [ 44.220703, 66.40708 ], [ 44.097168, 66.235059 ], [ 44.145313, 66.112744 ], [ 44.132422, 66.064551 ], [ 44.104395, 66.008594 ], [ 44.016699, 66.049756 ], [ 43.944141, 66.098682 ], [ 43.84375, 66.142383 ], [ 43.737012, 66.158398 ], [ 43.623926, 66.146729 ], [ 43.541895, 66.123389 ], [ 43.550391, 66.173389 ], [ 43.653125, 66.250977 ], [ 43.60332, 66.291211 ], [ 43.550879, 66.321289 ], [ 43.233203, 66.415527 ], [ 43.005957, 66.420947 ], [ 42.806543, 66.411328 ], [ 42.602148, 66.42251 ], [ 42.450781, 66.482422 ], [ 42.313672, 66.514746 ], [ 42.210547, 66.519678 ], [ 42.083594, 66.465918 ], [ 41.780859, 66.259326 ], [ 41.475781, 66.123437 ], [ 41.076074, 66.021094 ], [ 40.774414, 65.987891 ], [ 40.691602, 65.963428 ], [ 40.512793, 65.843799 ], [ 40.327832, 65.751709 ], [ 39.816504, 65.597949 ], [ 39.781152, 65.534717 ], [ 39.749121, 65.447949 ], [ 39.798047, 65.349854 ], [ 39.896484, 65.254785 ], [ 40.142676, 65.063281 ], [ 40.28125, 64.998096 ], [ 40.375391, 64.896289 ], [ 40.444922, 64.778711 ], [ 40.407813, 64.754883 ], [ 40.203711, 64.784033 ], [ 40.057813, 64.770752 ], [ 39.848633, 64.690527 ], [ 39.833008, 64.656396 ], [ 39.758008, 64.577051 ], [ 39.567383, 64.570557 ], [ 39.053516, 64.713916 ], [ 38.613086, 64.78667 ], [ 38.540918, 64.79126 ], [ 38.441992, 64.827148 ], [ 38.412109, 64.85708 ], [ 38.228223, 64.851221 ], [ 38.115723, 64.85459 ], [ 38.009375, 64.87876 ], [ 37.528125, 65.108252 ], [ 37.14082, 65.194287 ], [ 37.050195, 65.195898 ], [ 36.882812, 65.172363 ], [ 36.785938, 64.987158 ], [ 36.65293, 64.935449 ], [ 36.53457, 64.938623 ], [ 36.528223, 64.847363 ], [ 36.578711, 64.790967 ], [ 36.624219, 64.750537 ], [ 36.769336, 64.685254 ], [ 37.04043, 64.48916 ], [ 37.183691, 64.408496 ], [ 37.289551, 64.37793 ], [ 37.42959, 64.373584 ], [ 37.740625, 64.396973 ], [ 37.843555, 64.366309 ], [ 37.953711, 64.320117 ], [ 37.977148, 64.207031 ], [ 38.062207, 64.091016 ], [ 38.070801, 64.02583 ], [ 37.967969, 63.949121 ], [ 37.635352, 63.893408 ], [ 37.442188, 63.813379 ], [ 37.372754, 63.816748 ], [ 36.975195, 63.909521 ], [ 36.71377, 63.945068 ], [ 36.364941, 64.002832 ], [ 36.301953, 64.034375 ], [ 36.146484, 64.189014 ], [ 35.802051, 64.335352 ], [ 35.64707, 64.37832 ], [ 35.432031, 64.346777 ], [ 35.284082, 64.362549 ], [ 35.035352, 64.440234 ], [ 34.869531, 64.56001 ], [ 34.858301, 64.706689 ], [ 34.905469, 64.738672 ], [ 34.952246, 64.755957 ], [ 34.832617, 64.800195 ], [ 34.827148, 64.912695 ], [ 34.803516, 64.985986 ], [ 34.671094, 65.168115 ], [ 34.535938, 65.27793 ], [ 34.406445, 65.395752 ], [ 34.544141, 65.456689 ], [ 34.615723, 65.509912 ], [ 34.715527, 65.664062 ], [ 34.734766, 65.716309 ], [ 34.776953, 65.768262 ], [ 34.793164, 65.816357 ], [ 34.786328, 65.864551 ], [ 34.691797, 65.951855 ], [ 34.399805, 66.128418 ], [ 34.112695, 66.225244 ], [ 33.566699, 66.320996 ], [ 33.41582, 66.315625 ], [ 33.360547, 66.329541 ], [ 33.476953, 66.346875 ], [ 33.593262, 66.38457 ], [ 33.655957, 66.442627 ], [ 33.517676, 66.471387 ], [ 33.405273, 66.484277 ], [ 33.217383, 66.531641 ], [ 33.18291, 66.573877 ], [ 33.224414, 66.603857 ], [ 33.180566, 66.679932 ], [ 32.928711, 66.704102 ], [ 32.862402, 66.721387 ], [ 32.857324, 66.746924 ], [ 32.686426, 66.829541 ], [ 32.463672, 66.916309 ], [ 32.500977, 67.003857 ], [ 32.340625, 67.067871 ], [ 32.201563, 67.113232 ], [ 31.983008, 67.129834 ], [ 31.895313, 67.161426 ], [ 32.399902, 67.152686 ], [ 32.930469, 67.086816 ], [ 32.885254, 67.061133 ], [ 32.847559, 67.021533 ], [ 33.001953, 66.908301 ], [ 33.150195, 66.843945 ], [ 33.482031, 66.764551 ], [ 33.522949, 66.764355 ], [ 33.59541, 66.784619 ], [ 33.75957, 66.750977 ], [ 33.893652, 66.706738 ], [ 34.146094, 66.703271 ], [ 34.451563, 66.651221 ], [ 34.430859, 66.629785 ], [ 34.396094, 66.613184 ], [ 34.482617, 66.550342 ], [ 34.610254, 66.559619 ], [ 34.824609, 66.611133 ], [ 35.363965, 66.428662 ], [ 35.513477, 66.395801 ], [ 36.373438, 66.302295 ], [ 36.769922, 66.293555 ], [ 36.983691, 66.272559 ], [ 37.294824, 66.225049 ], [ 37.628223, 66.12959 ], [ 37.900684, 66.095605 ], [ 38.397559, 66.064453 ], [ 38.653906, 66.069043 ], [ 39.289062, 66.132031 ], [ 40.10332, 66.299951 ], [ 40.521582, 66.446631 ], [ 41.188965, 66.826172 ], [ 41.275586, 66.914307 ], [ 41.354297, 67.121436 ], [ 41.358789, 67.209668 ], [ 41.261719, 67.218457 ], [ 41.133887, 67.266943 ], [ 41.133887, 67.386035 ], [ 41.060938, 67.444189 ], [ 40.966406, 67.713477 ], [ 40.766309, 67.743018 ], [ 40.656543, 67.774072 ], [ 40.525781, 67.789697 ], [ 40.380664, 67.831885 ], [ 40.206641, 67.941895 ], [ 40.035742, 68.015381 ], [ 39.895605, 68.114502 ], [ 39.809277, 68.15083 ], [ 39.746289, 68.162207 ], [ 39.789746, 68.112158 ], [ 39.82334, 68.058594 ], [ 39.568945, 68.071729 ], [ 38.831543, 68.324902 ], [ 38.705566, 68.344727 ], [ 38.656836, 68.321875 ], [ 38.430176, 68.355615 ], [ 38.357617, 68.415137 ], [ 37.730566, 68.692139 ], [ 36.618262, 69.003467 ], [ 35.85791, 69.191748 ], [ 35.289844, 69.275439 ], [ 35.233203, 69.265576 ], [ 35.175879, 69.230811 ], [ 35.00957, 69.22124 ], [ 34.863965, 69.228076 ], [ 34.352734, 69.30293 ], [ 34.229395, 69.313135 ], [ 33.684375, 69.310254 ], [ 33.627051, 69.28916 ], [ 33.435645, 69.130371 ], [ 33.333398, 69.098193 ], [ 33.141211, 69.068701 ], [ 33.196387, 69.116846 ], [ 33.327734, 69.151855 ], [ 33.412988, 69.267432 ], [ 33.417969, 69.315283 ], [ 33.463672, 69.378174 ], [ 33.454297, 69.428174 ], [ 33.384863, 69.444287 ], [ 33.255859, 69.427734 ], [ 32.978906, 69.367334 ], [ 32.941602, 69.38335 ], [ 33.020996, 69.445605 ], [ 32.999805, 69.470117 ], [ 32.883789, 69.46084 ], [ 32.636816, 69.489453 ], [ 32.377734, 69.479102 ], [ 32.330566, 69.554248 ], [ 32.161328, 69.596631 ], [ 32.091504, 69.632568 ], [ 32.176758, 69.674023 ], [ 32.754297, 69.605713 ], [ 32.915039, 69.601709 ], [ 32.994629, 69.626172 ], [ 33.012598, 69.670508 ], [ 33.007812, 69.722119 ], [ 32.941699, 69.751855 ], [ 32.56543, 69.806494 ], [ 32.391602, 69.868701 ], [ 31.98457, 69.953662 ], [ 31.969336, 69.913916 ], [ 32.030566, 69.835303 ], [ 31.997949, 69.809912 ], [ 31.879395, 69.831982 ], [ 31.788574, 69.815771 ], [ 31.666211, 69.720996 ], [ 31.546973, 69.696924 ], [ 31.452734, 69.6896 ], [ 31.049512, 69.769238 ], [ 30.869727, 69.783447 ], [ 30.924121, 69.651758 ], [ 30.922461, 69.605811 ], [ 30.89668, 69.56123 ], [ 30.860742, 69.538428 ], [ 30.788867, 69.528516 ], [ 30.61543, 69.532568 ], [ 30.379688, 69.584717 ], [ 30.227539, 69.633789 ], [ 30.180176, 69.63584 ], [ 30.159766, 69.629883 ], [ 30.196484, 69.580566 ], [ 30.186719, 69.542773 ], [ 30.16377, 69.501611 ], [ 30.131836, 69.464258 ], [ 30.087305, 69.432861 ], [ 29.994043, 69.39248 ], [ 29.832715, 69.360449 ], [ 29.388281, 69.298145 ], [ 29.353027, 69.270605 ], [ 29.209961, 69.097021 ], [ 29.170898, 69.071533 ], [ 29.118555, 69.049951 ], [ 28.96582, 69.021973 ], [ 28.898926, 69.009668 ], [ 28.692188, 68.961035 ], [ 28.566016, 68.928223 ], [ 28.414062, 68.90415 ], [ 28.453516, 68.872266 ], [ 28.705957, 68.865527 ], [ 28.744824, 68.856445 ], [ 28.772852, 68.840039 ], [ 28.777637, 68.813818 ], [ 28.752051, 68.771436 ], [ 28.479297, 68.537646 ], [ 28.470703, 68.488379 ], [ 28.560156, 68.351367 ], [ 28.685156, 68.189795 ], [ 29.062988, 68.117969 ], [ 29.343848, 68.061865 ], [ 29.524219, 67.929102 ], [ 29.821582, 67.754004 ], [ 29.979199, 67.688574 ], [ 29.988086, 67.668262 ], [ 29.941211, 67.547461 ], [ 29.750586, 67.426416 ], [ 29.572266, 67.324365 ], [ 29.387695, 67.201416 ], [ 29.243359, 67.096582 ], [ 29.087012, 66.970947 ], [ 29.069043, 66.930225 ], [ 29.066211, 66.891748 ], [ 29.093066, 66.849219 ], [ 29.293262, 66.695508 ], [ 29.371191, 66.617041 ], [ 29.464355, 66.532178 ], [ 29.544336, 66.439697 ], [ 29.590723, 66.356836 ], [ 29.670898, 66.276123 ], [ 29.720703, 66.234863 ], [ 29.803516, 66.177051 ], [ 29.903418, 66.091064 ], [ 29.936621, 66.022949 ], [ 30.0875, 65.786523 ], [ 30.102734, 65.72627 ], [ 30.095313, 65.681689 ], [ 30.029004, 65.670703 ], [ 29.882617, 65.663623 ], [ 29.723926, 65.634375 ], [ 29.715918, 65.624561 ], [ 29.819434, 65.56875 ], [ 29.728027, 65.473438 ], [ 29.714844, 65.336963 ], [ 29.617188, 65.265332 ], [ 29.608008, 65.248682 ], [ 29.612402, 65.234766 ], [ 29.629688, 65.223877 ], [ 29.810547, 65.204736 ], [ 29.826172, 65.185303 ], [ 29.826953, 65.145068 ], [ 29.81084, 65.10791 ], [ 29.72002, 65.080322 ], [ 29.622461, 65.039502 ], [ 29.600879, 65.001953 ], [ 29.604199, 64.968408 ], [ 29.6375, 64.911768 ], [ 29.70166, 64.845752 ], [ 29.783203, 64.804297 ], [ 30.072852, 64.765039 ], [ 30.110254, 64.732568 ], [ 30.126172, 64.688086 ], [ 30.120117, 64.644629 ], [ 29.985547, 64.557715 ], [ 29.986621, 64.524268 ], [ 30.041895, 64.443359 ], [ 30.108105, 64.366113 ], [ 30.390625, 64.282422 ], [ 30.487891, 64.236523 ], [ 30.51377, 64.2 ], [ 30.52793, 64.141113 ], [ 30.526074, 64.077295 ], [ 30.503906, 64.020605 ], [ 30.415332, 63.94751 ], [ 30.210254, 63.80332 ], [ 30.004102, 63.747314 ], [ 29.991504, 63.735156 ], [ 30.055371, 63.689014 ], [ 30.418555, 63.504053 ], [ 30.655273, 63.41748 ], [ 30.974805, 63.300635 ], [ 31.180859, 63.208301 ], [ 31.247461, 63.141895 ], [ 31.336719, 63.068066 ], [ 31.437012, 63.007715 ], [ 31.509277, 62.955322 ], [ 31.536523, 62.921631 ], [ 31.533984, 62.8854 ], [ 31.437305, 62.776123 ], [ 31.382422, 62.69165 ], [ 31.285645, 62.567822 ], [ 31.186719, 62.481396 ], [ 30.935742, 62.323779 ], [ 30.565625, 62.127588 ], [ 30.479688, 62.068213 ], [ 30.306445, 61.964844 ], [ 30.009961, 61.757373 ], [ 29.933203, 61.711572 ], [ 29.690137, 61.546094 ], [ 29.579395, 61.493457 ], [ 29.492383, 61.444238 ], [ 29.25166, 61.287793 ], [ 28.992969, 61.169043 ], [ 28.739063, 61.05874 ], [ 28.662891, 61.002832 ], [ 28.568164, 60.960205 ], [ 28.455078, 60.919629 ], [ 28.407422, 60.896924 ], [ 28.151953, 60.74585 ], [ 27.797656, 60.536133 ], [ 28.179297, 60.570996 ], [ 28.512793, 60.677295 ], [ 28.577832, 60.652539 ], [ 28.650586, 60.610986 ], [ 28.640332, 60.542871 ], [ 28.622461, 60.491602 ], [ 28.491602, 60.540137 ], [ 28.522266, 60.482959 ], [ 28.643164, 60.375293 ], [ 28.812695, 60.331543 ], [ 29.069141, 60.191455 ], [ 29.37041, 60.175928 ], [ 29.569336, 60.201855 ], [ 29.721191, 60.195312 ], [ 29.872266, 60.12085 ], [ 29.976758, 60.026367 ], [ 30.059961, 60.002588 ], [ 30.172656, 59.957129 ], [ 30.156836, 59.904297 ], [ 30.122559, 59.873584 ], [ 29.669727, 59.955664 ], [ 29.147266, 59.999756 ], [ 29.079102, 59.960986 ], [ 29.013379, 59.901562 ], [ 28.981543, 59.854785 ], [ 28.947266, 59.82876 ], [ 28.866895, 59.811914 ], [ 28.747656, 59.806689 ], [ 28.603906, 59.818066 ], [ 28.518164, 59.849561 ], [ 28.453906, 59.814258 ], [ 28.42373, 59.734082 ], [ 28.33457, 59.692529 ], [ 28.2125, 59.724658 ], [ 28.131152, 59.786523 ], [ 28.058008, 59.781543 ], [ 28.013965, 59.724756 ], [ 28.046289, 59.647168 ], [ 28.063965, 59.554004 ], [ 28.0125, 59.484277 ], [ 28.06582, 59.453174 ], [ 28.133008, 59.403076 ], [ 28.151074, 59.374414 ], [ 28.12832, 59.357568 ], [ 28.061328, 59.343262 ], [ 28.046094, 59.327832 ], [ 28.016406, 59.301709 ], [ 27.938184, 59.297021 ], [ 27.897656, 59.277637 ], [ 27.849512, 59.192676 ], [ 27.757617, 59.052002 ], [ 27.621777, 58.944971 ], [ 27.513086, 58.886279 ], [ 27.464453, 58.841309 ], [ 27.43418, 58.787256 ], [ 27.427051, 58.733057 ], [ 27.531348, 58.435254 ], [ 27.530078, 58.381494 ], [ 27.505566, 58.32627 ], [ 27.487793, 58.270068 ], [ 27.502441, 58.221338 ], [ 27.571094, 58.138086 ], [ 27.644141, 58.013916 ], [ 27.673438, 57.934619 ], [ 27.721973, 57.905469 ], [ 27.76875, 57.884131 ], [ 27.778516, 57.870703 ], [ 27.776953, 57.856738 ], [ 27.752832, 57.841016 ], [ 27.54209, 57.799414 ], [ 27.514746, 57.764209 ], [ 27.491992, 57.724951 ], [ 27.4, 57.666797 ], [ 27.371777, 57.612549 ], [ 27.354297, 57.550293 ], [ 27.351953, 57.528125 ], [ 27.469727, 57.524023 ], [ 27.511133, 57.508154 ], [ 27.538672, 57.429785 ], [ 27.672754, 57.368115 ], [ 27.796875, 57.316943 ], [ 27.828613, 57.293311 ], [ 27.838281, 57.247705 ], [ 27.830273, 57.194482 ], [ 27.814551, 57.166895 ], [ 27.762793, 57.135107 ], [ 27.717383, 57.054639 ], [ 27.711133, 56.978076 ], [ 27.639453, 56.845654 ], [ 27.655664, 56.843213 ], [ 27.806055, 56.86709 ], [ 27.848633, 56.853418 ], [ 27.881543, 56.82417 ], [ 27.89209, 56.741064 ], [ 27.941406, 56.703711 ], [ 27.991602, 56.645312 ], [ 28.00752, 56.599854 ], [ 28.103125, 56.545703 ], [ 28.11084, 56.510693 ], [ 28.169238, 56.386865 ], [ 28.191699, 56.315576 ], [ 28.202051, 56.2604 ], [ 28.17334, 56.190332 ], [ 28.147949, 56.14292 ], [ 28.284277, 56.055908 ], [ 28.316309, 56.052539 ], [ 28.39209, 56.086719 ], [ 28.407031, 56.089014 ], [ 28.563965, 56.091992 ], [ 28.636914, 56.061768 ], [ 28.69082, 56.002637 ], [ 28.74082, 55.955371 ], [ 28.794727, 55.942578 ], [ 28.947461, 56.0021 ], [ 29.031738, 56.021777 ], [ 29.087402, 56.021143 ], [ 29.283008, 55.967871 ], [ 29.375, 55.938721 ], [ 29.396094, 55.912207 ], [ 29.397949, 55.881055 ], [ 29.373145, 55.834717 ], [ 29.353418, 55.784375 ], [ 29.412988, 55.724854 ], [ 29.482227, 55.68457 ], [ 29.630078, 55.751172 ], [ 29.68457, 55.769727 ], [ 29.744141, 55.77041 ], [ 29.823926, 55.795117 ], [ 29.881641, 55.832324 ], [ 29.937012, 55.845264 ], [ 30.042676, 55.836426 ], [ 30.233594, 55.845215 ], [ 30.45625, 55.786816 ], [ 30.475391, 55.768799 ], [ 30.586719, 55.700293 ], [ 30.625586, 55.66626 ], [ 30.662305, 55.655469 ], [ 30.72168, 55.622119 ], [ 30.800781, 55.601123 ], [ 30.855957, 55.60752 ], [ 30.882227, 55.596387 ], [ 30.906836, 55.57002 ], [ 30.908789, 55.525342 ], [ 30.900586, 55.397412 ], [ 30.861816, 55.3604 ], [ 30.820996, 55.330273 ], [ 30.810547, 55.306982 ], [ 30.814453, 55.278711 ], [ 30.877441, 55.223437 ], [ 30.958887, 55.137598 ], [ 30.977734, 55.087793 ], [ 30.977734, 55.050488 ], [ 30.866797, 54.940723 ], [ 30.829883, 54.91499 ], [ 30.804492, 54.860937 ], [ 30.791016, 54.806006 ], [ 30.798828, 54.783252 ], [ 30.98418, 54.695898 ], [ 31.121289, 54.648486 ], [ 31.152148, 54.625342 ], [ 31.154883, 54.610937 ], [ 31.081934, 54.51709 ], [ 31.074805, 54.491797 ], [ 31.184766, 54.452979 ], [ 31.245508, 54.39165 ], [ 31.299121, 54.291699 ], [ 31.403613, 54.195947 ], [ 31.628418, 54.111182 ], [ 31.791992, 54.055908 ], [ 31.825977, 54.030713 ], [ 31.837793, 54.000781 ], [ 31.825293, 53.93501 ], [ 31.783008, 53.85498 ], [ 31.754199, 53.810449 ], [ 31.820801, 53.791943 ], [ 31.992188, 53.796875 ], [ 32.200391, 53.78125 ], [ 32.450195, 53.69292 ], [ 32.450977, 53.65332 ], [ 32.425195, 53.617285 ], [ 32.442383, 53.579248 ], [ 32.469629, 53.546973 ], [ 32.685742, 53.448145 ], [ 32.706445, 53.419434 ], [ 32.710254, 53.371436 ], [ 32.704297, 53.336328 ], [ 32.644434, 53.328906 ], [ 32.578027, 53.312402 ], [ 32.469336, 53.270312 ], [ 32.42627, 53.210596 ], [ 32.250684, 53.128369 ], [ 32.141992, 53.091162 ], [ 32.055469, 53.089453 ], [ 31.849707, 53.106201 ], [ 31.777441, 53.146875 ], [ 31.747461, 53.18418 ], [ 31.668262, 53.200928 ], [ 31.562988, 53.20249 ], [ 31.417871, 53.196045 ], [ 31.388379, 53.184814 ], [ 31.364551, 53.138965 ], [ 31.30293, 53.060889 ], [ 31.258789, 53.016699 ], [ 31.295117, 52.989795 ], [ 31.353027, 52.933447 ], [ 31.442773, 52.861816 ], [ 31.535156, 52.798242 ], [ 31.564844, 52.759229 ], [ 31.563477, 52.731445 ], [ 31.519434, 52.69873 ], [ 31.526172, 52.633008 ], [ 31.615918, 52.546191 ], [ 31.585547, 52.532471 ], [ 31.576563, 52.426025 ], [ 31.577344, 52.312305 ], [ 31.601562, 52.284814 ], [ 31.649902, 52.262207 ], [ 31.690625, 52.220654 ], [ 31.758594, 52.12583 ], [ 31.763379, 52.101074 ], [ 31.782422, 52.099414 ], [ 31.875586, 52.070898 ], [ 31.973828, 52.046631 ], [ 32.041602, 52.04502 ], [ 32.122266, 52.050586 ], [ 32.216797, 52.082959 ], [ 32.282813, 52.114014 ], [ 32.362988, 52.272119 ], [ 32.391309, 52.294824 ], [ 32.435449, 52.307227 ], [ 32.50791, 52.308545 ], [ 32.64541, 52.279102 ], [ 32.806445, 52.252637 ], [ 32.899707, 52.256348 ], [ 33.148438, 52.34043 ], [ 33.287109, 52.353564 ], [ 33.451855, 52.333789 ], [ 33.613379, 52.332617 ], [ 33.735254, 52.344775 ], [ 33.818848, 52.315625 ], [ 33.92207, 52.251465 ], [ 34.015332, 52.155957 ], [ 34.113086, 51.979639 ], [ 34.397852, 51.78042 ], [ 34.402734, 51.741504 ], [ 34.379297, 51.716504 ], [ 34.23916, 51.692236 ], [ 34.121094, 51.67915 ], [ 34.11543, 51.644971 ], [ 34.146777, 51.607959 ], [ 34.200879, 51.553809 ], [ 34.209277, 51.484082 ], [ 34.206543, 51.419922 ], [ 34.229883, 51.363232 ], [ 34.275, 51.340186 ], [ 34.280664, 51.31167 ], [ 34.228418, 51.276855 ], [ 34.213867, 51.255371 ], [ 34.23418, 51.243799 ], [ 34.491016, 51.237061 ], [ 34.616797, 51.203125 ], [ 34.712305, 51.172217 ], [ 34.760352, 51.169336 ], [ 34.868555, 51.189209 ], [ 34.990234, 51.201758 ], [ 35.064063, 51.203418 ], [ 35.092578, 51.180664 ], [ 35.115332, 51.12085 ], [ 35.158105, 51.060986 ], [ 35.198047, 51.043896 ], [ 35.269141, 51.046777 ], [ 35.311914, 51.043896 ], [ 35.334766, 51.021143 ], [ 35.309082, 50.986914 ], [ 35.314746, 50.949902 ], [ 35.346094, 50.904297 ], [ 35.383203, 50.798926 ], [ 35.417383, 50.767578 ], [ 35.440137, 50.727686 ], [ 35.440137, 50.68208 ], [ 35.411621, 50.642236 ], [ 35.391699, 50.610937 ], [ 35.411621, 50.539697 ], [ 35.488477, 50.459912 ], [ 35.545508, 50.43999 ], [ 35.591113, 50.36875 ], [ 35.67373, 50.345996 ], [ 35.796191, 50.405762 ], [ 35.890234, 50.437109 ], [ 36.007812, 50.419678 ], [ 36.116406, 50.408545 ], [ 36.189453, 50.367822 ], [ 36.243359, 50.311768 ], [ 36.306055, 50.280469 ], [ 36.368848, 50.296826 ], [ 36.499805, 50.280469 ], [ 36.559668, 50.234863 ], [ 36.619434, 50.209229 ], [ 36.696387, 50.24624 ], [ 36.759082, 50.291846 ], [ 36.988477, 50.339551 ], [ 37.13125, 50.351514 ], [ 37.171094, 50.360889 ], [ 37.254883, 50.394971 ], [ 37.343164, 50.417627 ], [ 37.422852, 50.411475 ], [ 37.501367, 50.340723 ], [ 37.582324, 50.291846 ], [ 37.605078, 50.214941 ], [ 37.704199, 50.109082 ], [ 37.950293, 49.964209 ], [ 38.046875, 49.92002 ], [ 38.1125, 49.927832 ], [ 38.146777, 49.939404 ], [ 38.162695, 49.954541 ], [ 38.177539, 50.025391 ], [ 38.208691, 50.051465 ], [ 38.258594, 50.052344 ], [ 38.451172, 49.964062 ], [ 38.551953, 49.95459 ], [ 38.647754, 49.952881 ], [ 38.77666, 49.884326 ], [ 38.918359, 49.824707 ], [ 39.027734, 49.818408 ], [ 39.114941, 49.841748 ], [ 39.174805, 49.855957 ], [ 39.211816, 49.833203 ], [ 39.245996, 49.781934 ], [ 39.30293, 49.742041 ], [ 39.368457, 49.730664 ], [ 39.462793, 49.728027 ], [ 39.626563, 49.650684 ], [ 39.780566, 49.572021 ], [ 39.876855, 49.567676 ], [ 39.958496, 49.590771 ], [ 40.030664, 49.596729 ], [ 40.080664, 49.576855 ], [ 40.094922, 49.542676 ], [ 40.057813, 49.49707 ], [ 40.057813, 49.431543 ], [ 40.126172, 49.368848 ], [ 40.12832, 49.307227 ], [ 40.108789, 49.251562 ], [ 40.07002, 49.200293 ], [ 39.976367, 49.129834 ], [ 39.889746, 49.064062 ], [ 39.759473, 49.036572 ], [ 39.686523, 49.00791 ], [ 39.705664, 48.95957 ], [ 39.75332, 48.914453 ], [ 39.86377, 48.877979 ], [ 39.98916, 48.851416 ], [ 40.003613, 48.82207 ], [ 39.984473, 48.807373 ], [ 39.904102, 48.79375 ], [ 39.792871, 48.807715 ], [ 39.755859, 48.78208 ], [ 39.70459, 48.739355 ], [ 39.67041, 48.662451 ], [ 39.644727, 48.591211 ], [ 39.76543, 48.571875 ], [ 39.835645, 48.542773 ], [ 39.85752, 48.484229 ], [ 39.882617, 48.419092 ], [ 39.889844, 48.360449 ], [ 39.849902, 48.331934 ], [ 39.847461, 48.302783 ], [ 39.866309, 48.288428 ], [ 39.918164, 48.281934 ], [ 39.95791, 48.268896 ], [ 39.961035, 48.237939 ], [ 39.885059, 48.168359 ], [ 39.813965, 48.035303 ], [ 39.775781, 47.964453 ], [ 39.778711, 47.887549 ], [ 39.735938, 47.844824 ], [ 39.658496, 47.841211 ], [ 39.391016, 47.83374 ], [ 39.158496, 47.837402 ], [ 39.057813, 47.848486 ], [ 38.900293, 47.855127 ], [ 38.822266, 47.837012 ], [ 38.718945, 47.714111 ], [ 38.640625, 47.665918 ], [ 38.510938, 47.622412 ], [ 38.368848, 47.609961 ], [ 38.287402, 47.55918 ], [ 38.258789, 47.479541 ], [ 38.256543, 47.408936 ], [ 38.243262, 47.373682 ], [ 38.212402, 47.342773 ], [ 38.201367, 47.320801 ], [ 38.208008, 47.296533 ], [ 38.241016, 47.287695 ], [ 38.280762, 47.27666 ], [ 38.280762, 47.259033 ], [ 38.265332, 47.236963 ], [ 38.221191, 47.212744 ], [ 38.201367, 47.175244 ], [ 38.205859, 47.135596 ], [ 38.214355, 47.091455 ], [ 38.484766, 47.175537 ], [ 38.577246, 47.239111 ], [ 38.761914, 47.261621 ], [ 38.736035, 47.23584 ], [ 38.644336, 47.212207 ], [ 38.552441, 47.150342 ], [ 38.668164, 47.143945 ], [ 38.92832, 47.175684 ], [ 39.02373, 47.272217 ], [ 39.195703, 47.268848 ], [ 39.244531, 47.199512 ], [ 39.293457, 47.105762 ], [ 39.289062, 47.070898 ], [ 39.270703, 47.044141 ], [ 39.126758, 47.023438 ], [ 38.801074, 46.906152 ], [ 38.630762, 46.873047 ], [ 38.438672, 46.813086 ], [ 38.487988, 46.732178 ], [ 38.500977, 46.663672 ], [ 38.343457, 46.67832 ], [ 38.22998, 46.70127 ], [ 38.159473, 46.690674 ], [ 37.967969, 46.618018 ], [ 37.867383, 46.633789 ], [ 37.766504, 46.636133 ], [ 37.80957, 46.53208 ], [ 37.913867, 46.406494 ], [ 37.977539, 46.382861 ], [ 38.077734, 46.394336 ], [ 38.315234, 46.241943 ], [ 38.492285, 46.090527 ], [ 38.400391, 46.080029 ], [ 38.311816, 46.095361 ], [ 38.183594, 46.094824 ], [ 38.132812, 46.002832 ], [ 38.07959, 45.934814 ], [ 38.069727, 45.969873 ], [ 38.073828, 46.01709 ], [ 38.014258, 46.047754 ], [ 37.933105, 46.001709 ], [ 37.840918, 45.799561 ], [ 37.669238, 45.654053 ], [ 37.612402, 45.564697 ], [ 37.609961, 45.499512 ], [ 37.634375, 45.486328 ], [ 37.671875, 45.488379 ], [ 37.672949, 45.429736 ], [ 37.647168, 45.377197 ], [ 37.264258, 45.310937 ], [ 37.213574, 45.272314 ], [ 37.103516, 45.302881 ], [ 36.977832, 45.383594 ], [ 36.865918, 45.427051 ], [ 36.79375, 45.409717 ], [ 36.72041, 45.371875 ], [ 36.761621, 45.34834 ], [ 36.811035, 45.340039 ], [ 36.941211, 45.289697 ], [ 36.873047, 45.251758 ], [ 36.619141, 45.185498 ], [ 36.627637, 45.151318 ], [ 36.650781, 45.126465 ], [ 36.944434, 45.06958 ], [ 37.204785, 44.971973 ], [ 37.284082, 44.905029 ], [ 37.352344, 44.788379 ], [ 37.411328, 44.735352 ], [ 37.495117, 44.695264 ], [ 37.572461, 44.67085 ], [ 37.704883, 44.661377 ], [ 37.851465, 44.698828 ], [ 38.18125, 44.419678 ], [ 38.311816, 44.374463 ], [ 38.63584, 44.318018 ], [ 38.717285, 44.288086 ], [ 39.329395, 43.897266 ], [ 39.516699, 43.727881 ], [ 39.873633, 43.472803 ], [ 39.97832, 43.419824 ], [ 40.02373, 43.484863 ], [ 40.08457, 43.553125 ], [ 40.150195, 43.569775 ], [ 40.342285, 43.542725 ], [ 40.518945, 43.512012 ], [ 40.648047, 43.533887 ], [ 40.80166, 43.479932 ], [ 40.941992, 43.418066 ], [ 41.083105, 43.374463 ], [ 41.358203, 43.333398 ], [ 41.460742, 43.276318 ], [ 41.580566, 43.219238 ], [ 42.05, 43.190137 ], [ 42.087793, 43.199121 ], [ 42.122266, 43.207324 ], [ 42.279688, 43.228076 ], [ 42.419043, 43.224219 ], [ 42.566016, 43.155127 ], [ 42.660254, 43.159082 ], [ 42.760645, 43.16958 ], [ 42.890039, 43.132617 ], [ 42.991602, 43.091504 ], [ 43.000195, 43.049658 ], [ 43.08916, 42.989062 ], [ 43.347949, 42.89668 ], [ 43.557813, 42.844482 ], [ 43.623047, 42.807715 ], [ 43.782617, 42.747021 ], [ 43.79873, 42.727783 ], [ 43.79541, 42.702979 ], [ 43.749902, 42.65752 ], [ 43.738379, 42.616992 ], [ 43.759863, 42.593848 ], [ 43.825977, 42.571533 ], [ 43.957422, 42.566553 ], [ 44.004688, 42.595605 ], [ 44.102734, 42.616357 ], [ 44.199707, 42.653613 ], [ 44.329492, 42.703516 ], [ 44.505859, 42.748633 ], [ 44.576465, 42.748486 ], [ 44.644336, 42.734717 ], [ 44.691797, 42.709619 ], [ 44.771094, 42.616797 ], [ 44.850488, 42.746826 ], [ 44.870996, 42.756396 ], [ 44.943359, 42.730273 ], [ 45.071582, 42.694141 ], [ 45.160254, 42.675 ], [ 45.208203, 42.648242 ], [ 45.34375, 42.529785 ], [ 45.562891, 42.535742 ], [ 45.655566, 42.517676 ], [ 45.705273, 42.498096 ], [ 45.727539, 42.475049 ], [ 45.688379, 42.357373 ], [ 45.634277, 42.234717 ], [ 45.638574, 42.205078 ], [ 45.726562, 42.158887 ], [ 45.845996, 42.109961 ], [ 45.910352, 42.070703 ], [ 45.954004, 42.0354 ], [ 46.048438, 42.00874 ], [ 46.159766, 41.992041 ], [ 46.212695, 41.989893 ], [ 46.267773, 41.960352 ], [ 46.411523, 41.904639 ], [ 46.429883, 41.890967 ], [ 46.537695, 41.87041 ], [ 46.552148, 41.812305 ], [ 46.571289, 41.800098 ], [ 46.616016, 41.806934 ], [ 46.690332, 41.831348 ], [ 46.749316, 41.812598 ], [ 46.825586, 41.743408 ], [ 46.930859, 41.67041 ], [ 46.987793, 41.621387 ], [ 47.010156, 41.5875 ], [ 47.063965, 41.554688 ], [ 47.142578, 41.516064 ], [ 47.205273, 41.455615 ], [ 47.261133, 41.315088 ], [ 47.317676, 41.282422 ], [ 47.520605, 41.229053 ], [ 47.591797, 41.218115 ], [ 47.791016, 41.199268 ], [ 47.861133, 41.212744 ], [ 47.963672, 41.333984 ], [ 48.056055, 41.458691 ], [ 48.142285, 41.484766 ], [ 48.298145, 41.54502 ], [ 48.391406, 41.601904 ], [ 48.430664, 41.66333 ], [ 48.518652, 41.779346 ], [ 48.572852, 41.844482 ], [ 48.476758, 41.905127 ], [ 48.426367, 41.923975 ], [ 48.383789, 41.953418 ], [ 48.303027, 42.080225 ], [ 48.228613, 42.180957 ], [ 48.080176, 42.353711 ], [ 47.822363, 42.613477 ], [ 47.769727, 42.644775 ], [ 47.727734, 42.680713 ], [ 47.709082, 42.810937 ], [ 47.634863, 42.903467 ], [ 47.529004, 42.967139 ], [ 47.488867, 42.999756 ], [ 47.463184, 43.035059 ], [ 47.512891, 43.21875 ], [ 47.511621, 43.270752 ], [ 47.489844, 43.381689 ], [ 47.508984, 43.509717 ], [ 47.567969, 43.684961 ], [ 47.627832, 43.805957 ], [ 47.646484, 43.884619 ], [ 47.562598, 43.834668 ], [ 47.462793, 43.555029 ], [ 47.429199, 43.779883 ], [ 47.361523, 43.993359 ], [ 47.307031, 44.103125 ], [ 47.229883, 44.192383 ], [ 47.122656, 44.26167 ], [ 47.023633, 44.343262 ], [ 46.915723, 44.387158 ], [ 46.753027, 44.420654 ], [ 46.720898, 44.45166 ], [ 46.707227, 44.50332 ], [ 46.716113, 44.560693 ], [ 46.755273, 44.656543 ], [ 46.841211, 44.718262 ], [ 46.957422, 44.782568 ], [ 46.983691, 44.825586 ], [ 47.00293, 44.876074 ], [ 47.039258, 44.837891 ], [ 47.083789, 44.816992 ], [ 47.114746, 44.905957 ], [ 47.161523, 44.969629 ], [ 47.221484, 45.024268 ], [ 47.296191, 45.149463 ], [ 47.35127, 45.217725 ], [ 47.391113, 45.294775 ], [ 47.413086, 45.421045 ], [ 47.454492, 45.433057 ], [ 47.488672, 45.455078 ], [ 47.514551, 45.490918 ], [ 47.529492, 45.530225 ], [ 47.524219, 45.601709 ], [ 47.463281, 45.679688 ], [ 47.479395, 45.687598 ], [ 47.508398, 45.67417 ], [ 47.574023, 45.634277 ], [ 47.633301, 45.584033 ], [ 47.649805, 45.656738 ], [ 47.701074, 45.686182 ], [ 47.763965, 45.665967 ], [ 47.830176, 45.663037 ], [ 48.052832, 45.720996 ], [ 48.15918, 45.737012 ], [ 48.257617, 45.777783 ], [ 48.487012, 45.934863 ], [ 48.537305, 45.942139 ], [ 48.589063, 45.934863 ], [ 48.637402, 45.905762 ], [ 48.689648, 45.888867 ], [ 48.72959, 45.896826 ], [ 48.749609, 45.920557 ], [ 48.703418, 45.976221 ], [ 48.687305, 46.02876 ], [ 48.683691, 46.086182 ], [ 48.742578, 46.100732 ], [ 48.809961, 46.100488 ], [ 49.07959, 46.189209 ], [ 49.110645, 46.228467 ], [ 49.125488, 46.281738 ], [ 49.245898, 46.291602 ], [ 49.232227, 46.337158 ], [ 49.184277, 46.348828 ], [ 48.958984, 46.442139 ], [ 48.774316, 46.507959 ], [ 48.610156, 46.566455 ], [ 48.586035, 46.5771 ], [ 48.541211, 46.605615 ], [ 48.50918, 46.649951 ], [ 48.502344, 46.698633 ], [ 48.518555, 46.734326 ], [ 48.558398, 46.757129 ], [ 48.605273, 46.765918 ], [ 48.64707, 46.758691 ], [ 48.693555, 46.736816 ], [ 48.776367, 46.710352 ], [ 48.883594, 46.70542 ], [ 48.950293, 46.725781 ], [ 48.959375, 46.774609 ], [ 48.831836, 46.954932 ], [ 48.714355, 47.100488 ], [ 48.600684, 47.262305 ], [ 48.552539, 47.320996 ], [ 48.413086, 47.456494 ], [ 48.275684, 47.589941 ], [ 48.166992, 47.708789 ], [ 48.109961, 47.74541 ], [ 47.934668, 47.760693 ], [ 47.600195, 47.78999 ], [ 47.481934, 47.803906 ], [ 47.387305, 47.768652 ], [ 47.292383, 47.740918 ], [ 47.202051, 47.79248 ], [ 47.130762, 47.876758 ], [ 47.093262, 47.947705 ], [ 47.111523, 48.020117 ], [ 47.119043, 48.127002 ], [ 47.064648, 48.232471 ], [ 47.004297, 48.284473 ], [ 46.853125, 48.323584 ], [ 46.660938, 48.412256 ], [ 46.60918, 48.573877 ], [ 46.702637, 48.805566 ], [ 46.85293, 48.969629 ], [ 46.962207, 49.03833 ], [ 47.014258, 49.09834 ], [ 47.031348, 49.150293 ], [ 47.018164, 49.199902 ], [ 46.953418, 49.252588 ], [ 46.85293, 49.303857 ], [ 46.802051, 49.36709 ], [ 46.823145, 49.502246 ], [ 46.889551, 49.696973 ], [ 46.991992, 49.852734 ], [ 47.12959, 49.939062 ], [ 47.24834, 50.000879 ], [ 47.295215, 50.058496 ], [ 47.297656, 50.140234 ], [ 47.294727, 50.21748 ], [ 47.326465, 50.273535 ], [ 47.376367, 50.318115 ], [ 47.429199, 50.357959 ], [ 47.503613, 50.402734 ], [ 47.599609, 50.413574 ], [ 47.705762, 50.377979 ], [ 47.849609, 50.282324 ], [ 48.060742, 50.093604 ], [ 48.181348, 49.97002 ], [ 48.224805, 49.931934 ], [ 48.334961, 49.858252 ], [ 48.434277, 49.828516 ], [ 48.6, 49.874707 ], [ 48.758984, 49.92832 ], [ 48.810254, 49.962402 ], [ 48.843262, 50.013135 ], [ 48.817969, 50.099854 ], [ 48.784766, 50.156445 ], [ 48.749414, 50.228467 ], [ 48.700488, 50.35376 ], [ 48.666016, 50.550342 ], [ 48.625098, 50.612695 ], [ 48.655176, 50.619873 ], [ 48.734766, 50.606885 ], [ 48.808398, 50.601318 ], [ 48.91377, 50.64458 ], [ 49.058691, 50.726074 ], [ 49.323438, 50.851709 ], [ 49.379492, 50.934668 ], [ 49.424609, 51.027002 ], [ 49.498047, 51.083594 ], [ 49.666309, 51.102295 ], [ 49.822266, 51.131885 ], [ 49.932324, 51.197168 ], [ 50.104883, 51.25459 ], [ 50.246875, 51.289502 ], [ 50.309277, 51.321582 ], [ 50.353711, 51.369727 ], [ 50.516309, 51.505615 ], [ 50.643945, 51.58916 ], [ 50.756152, 51.675146 ], [ 50.793945, 51.729199 ], [ 50.882422, 51.719189 ], [ 51.017871, 51.681641 ], [ 51.163477, 51.647461 ], [ 51.269922, 51.594482 ], [ 51.290723, 51.540186 ], [ 51.301074, 51.497412 ], [ 51.344531, 51.475342 ], [ 51.395996, 51.471289 ], [ 51.473438, 51.482031 ], [ 51.609082, 51.483984 ], [ 51.775391, 51.554248 ], [ 52.007129, 51.672705 ], [ 52.219141, 51.709375 ], [ 52.331055, 51.681299 ], [ 52.423047, 51.594238 ], [ 52.496191, 51.512158 ], [ 52.571191, 51.481641 ], [ 52.617773, 51.480762 ], [ 52.635156, 51.479541 ], [ 52.728125, 51.498145 ], [ 52.735059, 51.4979 ], [ 52.820508, 51.49458 ], [ 52.902637, 51.466943 ], [ 53.038379, 51.463721 ], [ 53.227344, 51.484961 ], [ 53.247266, 51.493604 ], [ 53.338086, 51.482373 ], [ 53.448633, 51.444531 ], [ 53.534668, 51.399561 ], [ 53.688086, 51.251807 ], [ 53.776465, 51.213721 ], [ 53.956836, 51.161182 ], [ 54.041504, 51.115186 ], [ 54.139746, 51.040771 ], [ 54.191113, 50.995703 ], [ 54.297852, 50.914062 ], [ 54.421484, 50.780322 ], [ 54.443359, 50.673926 ], [ 54.471484, 50.583789 ], [ 54.517383, 50.541162 ], [ 54.555273, 50.535791 ], [ 54.596191, 50.550684 ], [ 54.636133, 50.591602 ], [ 54.65, 50.660156 ], [ 54.637891, 50.781055 ], [ 54.60625, 50.879883 ], [ 54.565625, 50.911279 ], [ 54.546094, 50.946045 ], [ 54.572949, 50.990234 ], [ 54.641602, 51.011572 ], [ 54.727148, 50.998096 ], [ 54.867969, 50.941357 ], [ 55.014844, 50.869775 ], [ 55.195215, 50.744727 ], [ 55.361133, 50.665283 ], [ 55.542285, 50.601807 ], [ 55.68623, 50.582861 ], [ 55.797656, 50.602051 ], [ 55.929199, 50.65376 ], [ 56.049707, 50.713525 ], [ 56.104492, 50.77627 ], [ 56.143945, 50.844629 ], [ 56.325586, 50.936084 ], [ 56.491406, 51.019531 ], [ 56.566895, 51.004492 ], [ 56.620215, 50.980859 ], [ 56.790332, 51.031592 ], [ 56.849609, 51.045557 ], [ 57.011719, 51.065186 ], [ 57.179004, 51.036035 ], [ 57.3125, 50.946533 ], [ 57.442188, 50.888867 ], [ 57.557813, 50.895557 ], [ 57.653809, 50.925146 ], [ 57.716992, 50.980957 ], [ 57.764844, 51.046875 ], [ 57.828906, 51.089014 ], [ 57.838867, 51.09165 ], [ 58.045117, 51.068848 ], [ 58.174707, 51.072266 ], [ 58.188477, 51.081738 ], [ 58.35918, 51.063818 ], [ 58.547461, 50.971045 ], [ 58.664551, 50.868311 ], [ 58.814063, 50.737207 ], [ 58.883691, 50.694434 ], [ 58.984863, 50.676123 ], [ 59.064355, 50.668213 ], [ 59.170898, 50.6479 ], [ 59.452344, 50.62041 ], [ 59.495117, 50.604297 ], [ 59.523926, 50.582812 ], [ 59.497852, 50.511084 ], [ 59.523047, 50.492871 ], [ 59.751172, 50.543945 ], [ 59.812402, 50.582031 ], [ 59.887793, 50.690186 ], [ 59.955176, 50.799268 ], [ 60.005273, 50.839697 ], [ 60.058594, 50.850293 ], [ 60.112109, 50.83418 ], [ 60.186719, 50.769775 ], [ 60.288086, 50.70415 ], [ 60.424805, 50.67915 ], [ 60.508496, 50.669189 ], [ 60.637988, 50.663721 ], [ 60.942285, 50.695508 ], [ 61.226855, 50.774805 ], [ 61.389453, 50.861035 ], [ 61.465039, 50.990234 ], [ 61.512207, 51.137012 ], [ 61.585059, 51.229687 ], [ 61.554688, 51.324609 ], [ 61.411328, 51.414746 ], [ 61.363086, 51.441895 ], [ 61.014844, 51.492383 ], [ 60.993359, 51.528711 ], [ 60.973535, 51.537061 ], [ 60.630371, 51.616943 ], [ 60.464746, 51.651172 ], [ 60.418359, 51.703906 ], [ 60.3875, 51.772998 ], [ 60.280371, 51.834619 ], [ 60.06748, 51.890625 ], [ 60.030273, 51.933252 ], [ 60.065527, 51.976465 ], [ 60.233691, 52.024512 ], [ 60.425488, 52.125586 ], [ 60.499316, 52.146338 ], [ 60.670313, 52.15083 ], [ 60.828418, 52.233398 ], [ 60.937598, 52.280566 ], [ 60.994531, 52.336865 ], [ 60.979492, 52.394775 ], [ 60.821289, 52.569824 ], [ 60.774414, 52.675781 ], [ 60.802344, 52.744727 ], [ 60.893262, 52.819434 ], [ 60.944727, 52.860156 ], [ 61.006543, 52.93335 ], [ 61.047461, 52.972461 ], [ 61.206934, 52.989062 ], [ 61.400781, 52.995996 ], [ 61.533594, 52.978516 ], [ 61.719336, 52.969385 ], [ 61.888574, 52.955908 ], [ 61.974219, 52.94375 ], [ 62.037109, 52.966113 ], [ 62.082715, 53.00542 ], [ 62.081055, 53.057422 ], [ 62.014648, 53.107861 ], [ 61.766211, 53.173926 ], [ 61.659863, 53.228467 ], [ 61.576172, 53.222461 ], [ 61.436816, 53.239404 ], [ 61.310938, 53.275195 ], [ 61.199219, 53.287158 ], [ 61.162793, 53.336768 ], [ 61.185938, 53.406201 ], [ 61.228906, 53.445898 ], [ 61.311621, 53.465723 ], [ 61.400977, 53.455811 ], [ 61.498535, 53.484668 ], [ 61.526563, 53.501562 ], [ 61.534961, 53.523291 ], [ 61.519141, 53.554492 ], [ 61.474121, 53.580273 ], [ 61.409961, 53.587061 ], [ 61.336133, 53.565186 ], [ 61.247949, 53.550977 ], [ 61.098535, 53.583105 ], [ 60.979492, 53.621729 ], [ 60.985547, 53.657422 ], [ 61.073535, 53.710449 ], [ 61.113184, 53.753467 ], [ 61.113184, 53.812988 ], [ 61.113184, 53.882471 ], [ 61.14375, 53.963818 ], [ 61.231055, 54.019482 ], [ 61.333691, 54.049268 ], [ 61.598145, 53.994922 ], [ 61.928711, 53.946484 ], [ 61.985645, 53.954395 ], [ 62.002344, 53.979932 ], [ 62.040234, 54.002637 ], [ 62.499023, 54.013184 ], [ 62.588281, 54.044434 ], [ 62.632715, 54.069287 ], [ 63.073926, 54.105225 ], [ 63.126563, 54.139258 ], [ 63.191309, 54.171045 ], [ 63.292676, 54.170459 ], [ 63.413672, 54.183203 ], [ 63.582031, 54.221924 ], [ 63.701367, 54.243213 ], [ 63.721191, 54.24502 ], [ 63.84707, 54.236475 ], [ 64.003906, 54.26709 ], [ 64.037402, 54.279736 ], [ 64.062891, 54.30293 ], [ 64.199414, 54.347412 ], [ 64.46123, 54.38418 ], [ 64.525098, 54.362158 ], [ 64.649902, 54.352246 ], [ 64.809277, 54.368555 ], [ 64.926758, 54.396631 ], [ 64.99541, 54.36875 ], [ 65.088379, 54.340186 ], [ 65.157813, 54.364404 ], [ 65.192188, 54.441113 ], [ 65.237402, 54.516064 ], [ 65.315918, 54.551562 ], [ 65.378125, 54.564453 ], [ 65.434375, 54.593311 ], [ 65.476953, 54.623291 ], [ 65.707813, 54.618701 ], [ 65.914258, 54.693311 ], [ 65.954688, 54.659521 ], [ 66.222656, 54.667383 ], [ 66.555371, 54.71543 ], [ 66.754492, 54.737891 ], [ 67.09834, 54.788184 ], [ 67.257324, 54.828809 ], [ 67.484668, 54.854492 ], [ 67.693359, 54.872412 ], [ 67.829883, 54.943555 ], [ 67.939941, 54.953711 ], [ 68.073828, 54.95957 ], [ 68.155859, 54.976709 ], [ 68.209375, 55.003027 ], [ 68.244043, 55.052441 ], [ 68.225293, 55.115234 ], [ 68.20625, 55.160937 ], [ 68.301953, 55.186523 ], [ 68.438477, 55.194434 ], [ 68.524805, 55.204834 ], [ 68.712891, 55.308496 ], [ 68.842969, 55.35835 ], [ 68.977246, 55.3896 ], [ 69.246973, 55.37251 ], [ 69.493262, 55.356885 ], [ 69.740234, 55.307373 ], [ 69.870215, 55.245654 ], [ 69.981738, 55.199072 ], [ 70.087402, 55.176758 ], [ 70.182422, 55.162451 ], [ 70.293359, 55.183594 ], [ 70.371484, 55.212256 ], [ 70.417188, 55.253174 ], [ 70.486328, 55.282373 ], [ 70.738086, 55.305176 ], [ 70.790332, 55.261133 ], [ 70.910156, 55.127979 ], [ 70.991797, 54.950488 ], [ 71.12627, 54.715039 ], [ 71.185547, 54.599316 ], [ 71.15918, 54.538623 ], [ 71.159766, 54.45542 ], [ 71.152148, 54.364062 ], [ 71.052734, 54.260498 ], [ 71.093164, 54.212207 ], [ 71.336426, 54.15835 ], [ 71.677148, 54.178027 ], [ 71.887402, 54.221484 ], [ 72.004492, 54.205664 ], [ 72.065625, 54.231641 ], [ 72.105371, 54.308447 ], [ 72.186035, 54.325635 ], [ 72.269141, 54.272119 ], [ 72.329492, 54.181445 ], [ 72.387305, 54.123047 ], [ 72.383008, 54.053662 ], [ 72.404297, 53.964453 ], [ 72.446777, 53.941846 ], [ 72.530273, 53.975781 ], [ 72.585938, 53.995947 ], [ 72.599219, 54.023047 ], [ 72.575586, 54.056494 ], [ 72.564258, 54.09043 ], [ 72.582715, 54.121582 ], [ 72.622266, 54.134326 ], [ 72.741016, 54.124512 ], [ 72.914062, 54.107324 ], [ 73.119336, 53.980762 ], [ 73.229883, 53.957812 ], [ 73.276563, 53.955615 ], [ 73.380664, 53.962842 ], [ 73.505664, 53.999316 ], [ 73.589941, 54.044971 ], [ 73.617969, 54.067383 ], [ 73.666406, 54.063477 ], [ 73.712402, 54.042383 ], [ 73.715527, 53.996191 ], [ 73.678906, 53.929443 ], [ 73.554199, 53.868311 ], [ 73.399414, 53.811475 ], [ 73.305664, 53.707227 ], [ 73.285742, 53.598389 ], [ 73.326855, 53.543164 ], [ 73.361914, 53.506201 ], [ 73.371875, 53.454395 ], [ 73.406934, 53.447559 ], [ 73.469922, 53.468896 ], [ 73.642969, 53.57627 ], [ 73.731152, 53.602783 ], [ 73.858984, 53.619727 ], [ 74.068652, 53.611426 ], [ 74.209961, 53.576465 ], [ 74.277344, 53.527734 ], [ 74.351562, 53.487646 ], [ 74.402734, 53.504443 ], [ 74.429297, 53.550732 ], [ 74.430469, 53.603711 ], [ 74.451953, 53.647266 ], [ 74.681445, 53.754395 ], [ 74.83418, 53.825684 ], [ 74.886816, 53.834033 ], [ 74.988965, 53.819238 ], [ 75.052148, 53.826709 ], [ 75.220215, 53.893799 ], [ 75.377051, 53.970117 ], [ 75.392383, 54.021729 ], [ 75.398145, 54.068506 ], [ 75.437207, 54.089648 ], [ 75.656836, 54.106006 ], [ 75.692871, 54.114795 ], [ 75.880664, 54.167969 ], [ 76.140527, 54.258545 ], [ 76.266602, 54.311963 ], [ 76.496484, 54.335693 ], [ 76.53916, 54.351074 ], [ 76.615527, 54.387109 ], [ 76.759375, 54.436865 ], [ 76.837305, 54.442383 ], [ 76.788965, 54.321875 ], [ 76.703027, 54.182471 ], [ 76.65459, 54.145264 ], [ 76.42168, 54.151514 ], [ 76.42207, 54.113525 ], [ 76.458594, 54.055273 ], [ 76.484766, 54.022559 ], [ 76.513086, 53.993213 ], [ 76.575684, 53.942529 ], [ 76.820703, 53.822656 ], [ 77.132422, 53.670117 ], [ 77.469238, 53.498779 ], [ 77.704395, 53.37915 ], [ 77.799414, 53.317432 ], [ 77.859961, 53.269189 ], [ 78.033496, 53.094971 ], [ 78.198047, 52.929688 ], [ 78.475488, 52.638428 ], [ 78.721484, 52.357031 ], [ 78.99209, 52.047412 ], [ 79.14873, 51.868115 ], [ 79.468848, 51.493115 ], [ 79.554297, 51.377979 ], [ 79.716406, 51.16001 ], [ 79.859668, 50.955469 ], [ 79.98623, 50.774561 ], [ 80.065918, 50.758203 ], [ 80.07207, 50.807275 ], [ 80.086328, 50.83999 ], [ 80.127246, 50.85835 ], [ 80.220215, 50.911768 ], [ 80.27041, 50.924609 ], [ 80.345215, 50.919092 ], [ 80.423633, 50.946289 ], [ 80.452246, 50.997607 ], [ 80.433594, 51.092627 ], [ 80.421484, 51.136377 ], [ 80.448047, 51.18335 ], [ 80.491016, 51.201758 ], [ 80.550684, 51.216602 ], [ 80.605469, 51.224219 ], [ 80.650488, 51.277344 ], [ 80.735254, 51.293408 ], [ 80.813086, 51.283496 ], [ 80.877344, 51.281445 ], [ 80.934082, 51.242773 ], [ 80.965625, 51.189795 ], [ 81.026758, 51.185693 ], [ 81.127246, 51.191064 ], [ 81.141016, 51.146582 ], [ 81.112402, 51.072363 ], [ 81.077539, 51.014941 ], [ 81.071484, 50.96875 ], [ 81.124609, 50.946289 ], [ 81.319141, 50.966406 ], [ 81.388281, 50.956494 ], [ 81.410156, 50.909766 ], [ 81.437695, 50.871045 ], [ 81.451563, 50.823682 ], [ 81.431445, 50.771143 ], [ 81.465918, 50.739844 ], [ 81.633887, 50.739111 ], [ 81.752051, 50.764404 ], [ 81.933691, 50.766357 ], [ 82.098047, 50.71084 ], [ 82.211914, 50.719434 ], [ 82.326367, 50.741895 ], [ 82.493945, 50.727588 ], [ 82.611719, 50.771484 ], [ 82.692969, 50.826318 ], [ 82.718555, 50.869482 ], [ 82.76084, 50.893359 ], [ 82.919043, 50.893115 ], [ 83.019238, 50.897266 ], [ 83.092773, 50.960596 ], [ 83.160254, 50.989209 ], [ 83.27373, 50.99458 ], [ 83.357324, 50.99458 ], [ 83.581445, 50.935742 ], [ 83.717773, 50.887158 ], [ 83.859766, 50.818018 ], [ 83.945117, 50.774658 ], [ 84.002344, 50.676855 ], [ 84.099316, 50.604736 ], [ 84.175977, 50.520557 ], [ 84.194531, 50.437451 ], [ 84.257812, 50.288232 ], [ 84.323242, 50.23916 ], [ 84.400977, 50.23916 ], [ 84.499023, 50.21875 ], [ 84.607324, 50.202393 ], [ 84.838965, 50.091309 ], [ 84.924023, 50.087988 ], [ 84.989453, 50.061426 ], [ 84.999707, 50.010303 ], [ 84.975195, 49.951074 ], [ 85.000781, 49.894141 ], [ 85.076465, 49.821631 ], [ 85.136523, 49.750732 ], [ 85.210156, 49.664844 ], [ 85.232617, 49.61582 ], [ 85.291895, 49.599463 ], [ 85.371582, 49.623926 ], [ 85.498438, 49.605371 ], [ 85.880469, 49.556543 ], [ 85.933594, 49.550439 ], [ 85.974414, 49.499316 ], [ 86.02959, 49.503418 ], [ 86.092969, 49.505469 ], [ 86.180859, 49.499316 ], [ 86.242188, 49.546338 ], [ 86.292383, 49.5875 ], [ 86.417969, 49.638477 ], [ 86.522266, 49.707764 ], [ 86.610156, 49.769141 ], [ 86.675488, 49.777295 ], [ 86.728711, 49.748682 ], [ 86.730664, 49.695557 ], [ 86.665332, 49.656689 ], [ 86.614258, 49.609717 ], [ 86.626465, 49.562695 ], [ 86.714355, 49.558594 ], [ 86.812109, 49.487891 ], [ 86.95293, 49.32207 ], [ 87.000977, 49.287305 ], [ 87.070605, 49.25459 ], [ 87.148047, 49.239795 ], [ 87.233691, 49.216162 ], [ 87.296875, 49.147656 ], [ 87.322852, 49.085791 ], [ 87.416699, 49.076611 ], [ 87.476172, 49.091455 ], [ 87.51582, 49.122412 ], [ 87.576563, 49.132373 ], [ 87.668359, 49.147217 ], [ 87.7625, 49.16582 ], [ 87.814258, 49.162305 ], [ 87.818262, 49.162109 ], [ 87.934766, 49.164551 ], [ 87.988086, 49.186914 ], [ 88.028516, 49.219775 ], [ 88.115723, 49.256299 ], [ 88.134277, 49.298437 ], [ 88.135547, 49.381494 ], [ 88.192578, 49.451709 ], [ 88.337793, 49.472559 ], [ 88.393359, 49.482861 ], [ 88.452441, 49.472705 ], [ 88.544336, 49.482568 ], [ 88.633203, 49.486133 ], [ 88.682715, 49.464551 ], [ 88.747852, 49.44624 ], [ 88.831641, 49.448437 ], [ 88.860352, 49.481543 ], [ 88.863867, 49.527637 ], [ 88.900195, 49.539697 ], [ 88.94541, 49.507666 ], [ 88.970605, 49.48374 ], [ 89.008398, 49.472803 ], [ 89.109473, 49.501367 ], [ 89.17998, 49.532227 ], [ 89.20293, 49.595703 ], [ 89.243945, 49.627051 ], [ 89.299219, 49.611133 ], [ 89.395605, 49.611523 ], [ 89.475, 49.660547 ], [ 89.579199, 49.699707 ], [ 89.654102, 49.71748 ], [ 89.669531, 49.750488 ], [ 89.634277, 49.823291 ], [ 89.643848, 49.903027 ], [ 89.744238, 49.948096 ], [ 89.878027, 49.953516 ], [ 89.977344, 49.984326 ], [ 90.00498, 50.069287 ], [ 90.053711, 50.09375 ], [ 90.103711, 50.10332 ], [ 90.224512, 50.116699 ], [ 90.311328, 50.151172 ], [ 90.364844, 50.166895 ], [ 90.516895, 50.21333 ], [ 90.655078, 50.222363 ], [ 90.714355, 50.259424 ], [ 90.760742, 50.305957 ], [ 90.838086, 50.32373 ], [ 90.917188, 50.36416 ], [ 91.021582, 50.415479 ], [ 91.062793, 50.422607 ], [ 91.233789, 50.452393 ], [ 91.300586, 50.463379 ], [ 91.34082, 50.470068 ], [ 91.415039, 50.468018 ], [ 91.446484, 50.522168 ], [ 91.52168, 50.562012 ], [ 91.596875, 50.575537 ], [ 91.63418, 50.615137 ], [ 91.706348, 50.665527 ], [ 91.804297, 50.693604 ], [ 91.956543, 50.697607 ], [ 92.104004, 50.691992 ], [ 92.192383, 50.700586 ], [ 92.265332, 50.775195 ], [ 92.279004, 50.812207 ], [ 92.295801, 50.849805 ], [ 92.354785, 50.86416 ], [ 92.426367, 50.803076 ], [ 92.486426, 50.765088 ], [ 92.578906, 50.725439 ], [ 92.62666, 50.688281 ], [ 92.681348, 50.683203 ], [ 92.738672, 50.710938 ], [ 92.779297, 50.778662 ], [ 92.856445, 50.789111 ], [ 92.941309, 50.778223 ], [ 92.963574, 50.744922 ], [ 92.970703, 50.7125 ], [ 93.009863, 50.654541 ], [ 93.103125, 50.603906 ], [ 93.222559, 50.606543 ], [ 93.270508, 50.615576 ], [ 93.386816, 50.608496 ], [ 93.501074, 50.597461 ], [ 93.625586, 50.585547 ], [ 93.662012, 50.583691 ], [ 93.79541, 50.577637 ], [ 93.989844, 50.568848 ], [ 94.075781, 50.572852 ], [ 94.251074, 50.556396 ], [ 94.287012, 50.511377 ], [ 94.319336, 50.404883 ], [ 94.346875, 50.303418 ], [ 94.354688, 50.221826 ], [ 94.400195, 50.179639 ], [ 94.458496, 50.165723 ], [ 94.496875, 50.132812 ], [ 94.564648, 50.087939 ], [ 94.614746, 50.02373 ], [ 94.675488, 50.028076 ], [ 94.718066, 50.043262 ], [ 94.81123, 50.048193 ], [ 94.930273, 50.04375 ], [ 95.012891, 50.008252 ], [ 95.044336, 49.961572 ], [ 95.111426, 49.935449 ], [ 95.166211, 49.943848 ], [ 95.329492, 49.944141 ], [ 95.385645, 49.941211 ], [ 95.441797, 49.915527 ], [ 95.522656, 49.91123 ], [ 95.567187, 49.943848 ], [ 95.707812, 49.966016 ], [ 95.789355, 50.0125 ], [ 95.851953, 50.012939 ], [ 95.899414, 49.990576 ], [ 95.935742, 49.96001 ], [ 95.989551, 49.973584 ], [ 96.018555, 49.998779 ], [ 96.065527, 49.99873 ], [ 96.111719, 49.982471 ], [ 96.229688, 49.954102 ], [ 96.315039, 49.901123 ], [ 96.381152, 49.896045 ], [ 96.466406, 49.911523 ], [ 96.505762, 49.918701 ], [ 96.543262, 49.892529 ], [ 96.598437, 49.878418 ], [ 96.640234, 49.897852 ], [ 96.711719, 49.911572 ], [ 96.985742, 49.882812 ], [ 97.049121, 49.829883 ], [ 97.097656, 49.805029 ], [ 97.136914, 49.761719 ], [ 97.208594, 49.730811 ], [ 97.359766, 49.741455 ], [ 97.418359, 49.773047 ], [ 97.54082, 49.843115 ], [ 97.589355, 49.911475 ], [ 97.650977, 49.933594 ], [ 97.720703, 49.944629 ], [ 97.785547, 49.944531 ], [ 97.853906, 49.946777 ], [ 97.936621, 49.996777 ], [ 98.003906, 50.014258 ], [ 98.103418, 50.077832 ], [ 98.121973, 50.106592 ], [ 98.170117, 50.180566 ], [ 98.2, 50.227686 ], [ 98.250293, 50.302441 ], [ 98.277344, 50.422998 ], [ 98.292676, 50.486963 ], [ 98.279492, 50.533252 ], [ 98.220508, 50.557178 ], [ 98.14502, 50.568555 ], [ 98.078906, 50.603809 ], [ 98.029785, 50.644629 ], [ 98.001172, 50.702051 ], [ 97.961914, 50.769141 ], [ 97.96416, 50.817676 ], [ 97.953125, 50.855176 ], [ 97.919824, 50.887158 ], [ 97.856152, 50.943359 ], [ 97.825293, 50.985254 ], [ 97.835742, 51.05166 ], [ 97.91084, 51.165186 ], [ 97.917871, 51.217871 ], [ 97.927344, 51.250732 ], [ 97.923242, 51.280469 ], [ 97.946875, 51.348437 ], [ 97.98916, 51.377051 ], [ 98.037598, 51.449951 ], [ 98.103125, 51.483545 ], [ 98.184668, 51.485742 ], [ 98.219922, 51.505615 ], [ 98.2375, 51.578418 ], [ 98.276855, 51.63457 ], [ 98.303125, 51.674268 ], [ 98.352734, 51.717627 ], [ 98.640527, 51.801172 ], [ 98.760156, 51.905078 ], [ 98.802539, 51.957471 ], [ 98.848633, 52.070068 ], [ 98.893164, 52.117285 ], [ 98.958105, 52.101709 ], [ 99.034277, 52.0354 ], [ 99.091406, 52.034863 ], [ 99.176172, 51.998877 ], [ 99.407031, 51.923535 ], [ 99.532324, 51.899902 ], [ 99.612891, 51.892529 ], [ 99.719238, 51.871631 ], [ 99.787891, 51.827539 ], [ 99.92168, 51.755518 ], [ 100.03457, 51.737109 ], [ 100.230371, 51.729834 ], [ 100.468945, 51.726074 ], [ 100.53623, 51.713477 ], [ 100.710742, 51.661572 ], [ 100.903613, 51.604248 ], [ 101.085352, 51.553027 ], [ 101.223242, 51.513281 ], [ 101.304492, 51.474756 ], [ 101.38125, 51.452637 ], [ 101.464355, 51.471484 ], [ 101.570898, 51.467187 ], [ 101.821191, 51.421045 ], [ 101.979199, 51.382227 ], [ 102.111523, 51.353467 ], [ 102.155664, 51.31377 ], [ 102.160059, 51.26084 ], [ 102.142383, 51.216064 ], [ 102.151953, 51.10752 ], [ 102.194531, 51.050684 ], [ 102.210254, 50.974316 ], [ 102.226172, 50.901465 ], [ 102.215039, 50.829443 ], [ 102.235059, 50.791211 ], [ 102.276563, 50.768701 ], [ 102.316602, 50.718457 ], [ 102.30332, 50.665527 ], [ 102.285742, 50.634668 ], [ 102.288379, 50.585107 ], [ 102.336426, 50.544238 ], [ 102.406836, 50.536182 ], [ 102.469434, 50.525684 ], [ 102.546289, 50.461328 ], [ 102.683301, 50.387158 ], [ 102.76543, 50.366553 ], [ 102.859668, 50.333252 ], [ 103.039453, 50.300635 ], [ 103.161719, 50.290723 ], [ 103.233789, 50.264258 ], [ 103.304395, 50.200293 ], [ 103.421191, 50.187061 ], [ 103.496289, 50.164941 ], [ 103.63291, 50.138574 ], [ 103.723242, 50.153857 ], [ 103.802637, 50.176074 ], [ 103.856152, 50.171826 ], [ 103.958496, 50.157275 ], [ 104.078711, 50.154248 ], [ 104.179688, 50.169434 ], [ 104.259961, 50.214453 ], [ 104.353906, 50.275293 ], [ 104.466309, 50.306152 ], [ 104.596387, 50.317187 ], [ 104.685352, 50.341846 ], [ 104.976953, 50.38291 ], [ 105.094727, 50.389941 ], [ 105.185938, 50.42959 ], [ 105.266699, 50.460498 ], [ 105.383594, 50.47373 ], [ 105.541602, 50.44126 ], [ 105.692578, 50.41416 ], [ 105.875195, 50.405371 ], [ 105.996484, 50.36792 ], [ 106.08252, 50.332568 ], [ 106.217871, 50.30459 ], [ 106.368457, 50.317578 ], [ 106.574414, 50.328809 ], [ 106.711133, 50.312598 ], [ 106.853711, 50.248291 ], [ 106.941309, 50.19668 ], [ 107.040234, 50.086475 ], [ 107.143066, 50.033008 ], [ 107.233301, 49.989404 ], [ 107.34707, 49.98667 ], [ 107.630957, 49.983105 ], [ 107.786816, 49.96001 ], [ 107.916602, 49.947803 ], [ 107.947852, 49.924707 ], [ 107.934863, 49.849023 ], [ 107.93877, 49.740723 ], [ 107.936719, 49.691016 ], [ 107.96543, 49.653516 ], [ 108.00957, 49.646875 ], [ 108.033789, 49.593994 ], [ 108.098047, 49.562646 ], [ 108.213086, 49.524805 ], [ 108.406934, 49.396387 ], [ 108.522461, 49.341504 ], [ 108.613672, 49.322803 ], [ 108.733008, 49.335645 ], [ 108.919922, 49.335352 ], [ 109.236719, 49.334912 ], [ 109.453711, 49.296338 ], [ 109.528711, 49.269873 ], [ 109.750391, 49.239307 ], [ 109.994531, 49.205615 ], [ 110.199902, 49.17041 ], [ 110.321387, 49.215869 ], [ 110.427832, 49.219971 ], [ 110.52959, 49.187061 ], [ 110.631055, 49.137598 ], [ 110.709766, 49.142969 ], [ 110.82793, 49.166162 ], [ 111.204199, 49.304297 ], [ 111.336621, 49.355859 ], [ 111.429297, 49.342627 ], [ 111.511914, 49.360937 ], [ 111.574805, 49.376416 ], [ 111.735547, 49.397754 ], [ 111.833398, 49.403613 ], [ 111.934473, 49.416016 ], [ 112.079688, 49.424219 ], [ 112.375195, 49.5146 ], [ 112.494922, 49.532324 ], [ 112.697363, 49.507275 ], [ 112.806445, 49.523584 ], [ 112.914844, 49.569238 ], [ 113.055566, 49.61626 ], [ 113.09209, 49.692529 ], [ 113.16416, 49.797168 ], [ 113.319043, 49.874316 ], [ 113.445508, 49.941602 ], [ 113.574219, 50.007031 ], [ 113.732422, 50.061523 ], [ 113.881152, 50.101123 ], [ 114.070703, 50.204736 ], [ 114.221777, 50.257275 ], [ 114.29707, 50.274414 ], [ 114.386328, 50.255469 ], [ 114.554004, 50.241455 ], [ 114.674902, 50.245703 ], [ 114.743164, 50.233691 ], [ 114.87959, 50.183057 ], [ 115.00332, 50.138574 ], [ 115.098047, 50.059424 ], [ 115.274512, 49.948877 ], [ 115.365039, 49.911768 ], [ 115.429199, 49.896484 ], [ 115.587988, 49.886035 ], [ 115.717773, 49.880615 ], [ 115.795215, 49.905908 ], [ 115.925977, 49.952148 ], [ 116.13457, 50.010791 ], [ 116.216797, 50.009277 ], [ 116.351172, 49.978076 ], [ 116.551172, 49.920312 ], [ 116.631543, 49.877051 ], [ 116.683301, 49.823779 ], [ 116.888965, 49.737793 ], [ 117.02168, 49.692969 ], [ 117.245605, 49.624854 ], [ 117.477148, 49.609424 ], [ 117.698438, 49.53584 ], [ 117.812598, 49.513525 ], [ 117.873438, 49.513477 ], [ 118.186621, 49.692773 ], [ 118.451563, 49.844482 ], [ 118.755957, 49.962842 ], [ 118.979492, 49.978857 ], [ 119.147461, 50.013379 ], [ 119.259863, 50.066406 ], [ 119.326074, 50.154932 ], [ 119.346289, 50.278955 ], [ 119.301562, 50.353906 ], [ 119.191895, 50.379834 ], [ 119.163672, 50.406006 ], [ 119.216699, 50.43252 ], [ 119.255859, 50.48418 ], [ 119.280664, 50.560986 ], [ 119.344043, 50.633887 ], [ 119.445703, 50.702832 ], [ 119.501758, 50.779248 ], [ 119.512305, 50.863135 ], [ 119.573438, 50.946777 ], [ 119.684961, 51.030127 ], [ 119.745996, 51.107715 ], [ 119.756641, 51.179492 ], [ 119.813184, 51.267041 ], [ 119.966992, 51.422119 ], [ 120.066895, 51.600684 ], [ 120.237012, 51.722998 ], [ 120.510547, 51.848535 ], [ 120.681445, 51.973047 ], [ 120.749805, 52.096533 ], [ 120.744531, 52.205469 ], [ 120.66543, 52.299902 ], [ 120.650391, 52.395898 ], [ 120.699219, 52.493604 ], [ 120.656152, 52.56665 ], [ 120.521094, 52.615039 ], [ 120.360059, 52.627002 ], [ 120.172754, 52.60249 ], [ 120.067578, 52.63291 ], [ 120.044336, 52.718213 ], [ 120.094531, 52.787207 ], [ 120.218164, 52.839893 ], [ 120.421289, 52.968066 ], [ 120.704102, 53.171826 ], [ 120.985449, 53.28457 ], [ 121.405469, 53.317041 ], [ 121.743945, 53.383594 ], [ 122.088867, 53.451465 ], [ 122.337793, 53.48501 ], [ 122.380176, 53.4625 ], [ 122.51582, 53.456982 ], [ 122.744727, 53.468506 ], [ 122.957617, 53.497705 ], [ 123.154102, 53.54458 ], [ 123.30957, 53.555615 ], [ 123.424023, 53.530762 ], [ 123.489453, 53.529443 ], [ 123.534766, 53.526465 ], [ 123.559766, 53.52666 ], [ 123.607813, 53.546533 ], [ 123.740918, 53.510986 ], [ 123.994727, 53.405615 ], [ 124.154297, 53.358691 ], [ 124.219922, 53.370117 ], [ 124.291406, 53.340869 ], [ 124.369141, 53.270947 ], [ 124.465918, 53.229639 ], [ 124.639844, 53.210645 ], [ 124.812305, 53.133838 ], [ 124.882129, 53.129736 ], [ 124.906641, 53.172656 ], [ 124.970898, 53.197314 ], [ 125.075, 53.203662 ], [ 125.225586, 53.16582 ], [ 125.422461, 53.08374 ], [ 125.545996, 53.047607 ], [ 125.595996, 53.057471 ], [ 125.649023, 53.042285 ], [ 125.691699, 53.003711 ], [ 125.695312, 52.956299 ], [ 125.680762, 52.930811 ], [ 125.728125, 52.890723 ], [ 125.782813, 52.890723 ], [ 125.871875, 52.871533 ], [ 125.941602, 52.800684 ], [ 126.004297, 52.767871 ], [ 126.048145, 52.739453 ], [ 126.056055, 52.715869 ], [ 126.060156, 52.691992 ], [ 126.04707, 52.673486 ], [ 126.023242, 52.643018 ], [ 126.016016, 52.610205 ], [ 126.045898, 52.57334 ], [ 126.156641, 52.546631 ], [ 126.194434, 52.519141 ], [ 126.20293, 52.483838 ], [ 126.237598, 52.444824 ], [ 126.312891, 52.399756 ], [ 126.341699, 52.362012 ], [ 126.324219, 52.331641 ], [ 126.346289, 52.30625 ], [ 126.383496, 52.286523 ], [ 126.391504, 52.214502 ], [ 126.394824, 52.172998 ], [ 126.455566, 52.126465 ], [ 126.468066, 52.031299 ], [ 126.510547, 51.92583 ], [ 126.653711, 51.781299 ], [ 126.700781, 51.703027 ], [ 126.688672, 51.609912 ], [ 126.70918, 51.566309 ], [ 126.774512, 51.545068 ], [ 126.805469, 51.505664 ], [ 126.801758, 51.448047 ], [ 126.827344, 51.412256 ], [ 126.847754, 51.37417 ], [ 126.833789, 51.314893 ], [ 126.854395, 51.261377 ], [ 126.887695, 51.230127 ], [ 126.911523, 51.172314 ], [ 126.924805, 51.100146 ], [ 127.02041, 50.985889 ], [ 127.198242, 50.829443 ], [ 127.307031, 50.707959 ], [ 127.346875, 50.621338 ], [ 127.347168, 50.550098 ], [ 127.308203, 50.494189 ], [ 127.306055, 50.453516 ], [ 127.34082, 50.428076 ], [ 127.351172, 50.393604 ], [ 127.337207, 50.350146 ], [ 127.395313, 50.298584 ], [ 127.590234, 50.208984 ], [ 127.512305, 50.07168 ], [ 127.491797, 49.975049 ], [ 127.502441, 49.873437 ], [ 127.550781, 49.801807 ], [ 127.636719, 49.760205 ], [ 127.690137, 49.716748 ], [ 127.711133, 49.671533 ], [ 127.814258, 49.622119 ], [ 127.999609, 49.568604 ], [ 128.237109, 49.559277 ], [ 128.526758, 49.594238 ], [ 128.704004, 49.600146 ], [ 128.769043, 49.576953 ], [ 128.791016, 49.541846 ], [ 128.770313, 49.494727 ], [ 128.819336, 49.46377 ], [ 128.938281, 49.448926 ], [ 129.020313, 49.419238 ], [ 129.065137, 49.374658 ], [ 129.120117, 49.362061 ], [ 129.185156, 49.381396 ], [ 129.248438, 49.378662 ], [ 129.309863, 49.353857 ], [ 129.350098, 49.362354 ], [ 129.384668, 49.389453 ], [ 129.440723, 49.389453 ], [ 129.498145, 49.388818 ], [ 129.533691, 49.323437 ], [ 129.591406, 49.28667 ], [ 129.671094, 49.278516 ], [ 129.792578, 49.198877 ], [ 130.037109, 48.972266 ], [ 130.195996, 48.89165 ], [ 130.355273, 48.866357 ], [ 130.553125, 48.861182 ], [ 130.617188, 48.773193 ], [ 130.565625, 48.680127 ], [ 130.552148, 48.60249 ], [ 130.597266, 48.574658 ], [ 130.65918, 48.483398 ], [ 130.746875, 48.430371 ], [ 130.763477, 48.388428 ], [ 130.804297, 48.341504 ], [ 130.787207, 48.25459 ], [ 130.712109, 48.127637 ], [ 130.732617, 48.019238 ], [ 130.848633, 47.929443 ], [ 130.91543, 47.84292 ], [ 130.932813, 47.759814 ], [ 130.961914, 47.709326 ], [ 131.002734, 47.691455 ], [ 131.121875, 47.697656 ], [ 131.319336, 47.727832 ], [ 131.464258, 47.722607 ], [ 131.556738, 47.682031 ], [ 131.785254, 47.680518 ], [ 132.149805, 47.717969 ], [ 132.380176, 47.729492 ], [ 132.47627, 47.71499 ], [ 132.561914, 47.768506 ], [ 132.636914, 47.890088 ], [ 132.707227, 47.947266 ], [ 132.772852, 47.940088 ], [ 132.877148, 47.979102 ], [ 133.020117, 48.064404 ], [ 133.144043, 48.105664 ], [ 133.301172, 48.101514 ], [ 133.468359, 48.097168 ], [ 133.573242, 48.133008 ], [ 133.671777, 48.207715 ], [ 133.842188, 48.27373 ], [ 134.205859, 48.359912 ], [ 134.293359, 48.373437 ], [ 134.334961, 48.368848 ], [ 134.456152, 48.355322 ], [ 134.563574, 48.321729 ], [ 134.665234, 48.253906 ], [ 134.680859, 48.210449 ], [ 134.669336, 48.15332 ], [ 134.647266, 48.120166 ], [ 134.605371, 48.08291 ], [ 134.566016, 48.02251 ], [ 134.591309, 47.975195 ], [ 134.650293, 47.874268 ], [ 134.698633, 47.801416 ], [ 134.752344, 47.71543 ], [ 134.728125, 47.684473 ], [ 134.695801, 47.624854 ], [ 134.596191, 47.523877 ], [ 134.541895, 47.485156 ], [ 134.483496, 47.447363 ], [ 134.38252, 47.438232 ], [ 134.339453, 47.429492 ], [ 134.29082, 47.413574 ], [ 134.260059, 47.377734 ], [ 134.225195, 47.352637 ], [ 134.167676, 47.302197 ], [ 134.162988, 47.25874 ], [ 134.189258, 47.194238 ], [ 134.202148, 47.128076 ], [ 134.136914, 47.068994 ], [ 134.086426, 46.978125 ], [ 134.071387, 46.950781 ], [ 134.045996, 46.881982 ], [ 134.038574, 46.858154 ], [ 134.022656, 46.713184 ], [ 133.95752, 46.614258 ], [ 133.866602, 46.499121 ], [ 133.886719, 46.430566 ], [ 133.902734, 46.366943 ], [ 133.880273, 46.336035 ], [ 133.874805, 46.309082 ], [ 133.861328, 46.247754 ], [ 133.832813, 46.224268 ], [ 133.750195, 46.185937 ], [ 133.700684, 46.139746 ], [ 133.711133, 46.069629 ], [ 133.685742, 46.008936 ], [ 133.647852, 45.955225 ], [ 133.608008, 45.920312 ], [ 133.551172, 45.897803 ], [ 133.513086, 45.878809 ], [ 133.484668, 45.810449 ], [ 133.475781, 45.757666 ], [ 133.449121, 45.705078 ], [ 133.465625, 45.651221 ], [ 133.436426, 45.604687 ], [ 133.355469, 45.572217 ], [ 133.30957, 45.553076 ], [ 133.266992, 45.545264 ], [ 133.186035, 45.494824 ], [ 133.113379, 45.321436 ], [ 133.096875, 45.220459 ], [ 133.113477, 45.130713 ], [ 133.011719, 45.074561 ], [ 132.936035, 45.029932 ], [ 132.88877, 45.046045 ], [ 132.838672, 45.061133 ], [ 132.723145, 45.080566 ], [ 132.665625, 45.093701 ], [ 132.549023, 45.122803 ], [ 132.362988, 45.159961 ], [ 132.181348, 45.203271 ], [ 132.067383, 45.225977 ], [ 131.977539, 45.243994 ], [ 131.909277, 45.27373 ], [ 131.851855, 45.326855 ], [ 131.794922, 45.305273 ], [ 131.74209, 45.242627 ], [ 131.654004, 45.205371 ], [ 131.613965, 45.136572 ], [ 131.578711, 45.083643 ], [ 131.4875, 45.013135 ], [ 131.446875, 44.984033 ], [ 131.268262, 44.936133 ], [ 131.22793, 44.920166 ], [ 131.082324, 44.91001 ], [ 131.033008, 44.888867 ], [ 130.981641, 44.844336 ], [ 130.967773, 44.799951 ], [ 131.003906, 44.753223 ], [ 131.060645, 44.659668 ], [ 131.086914, 44.595654 ], [ 131.125781, 44.469189 ], [ 131.255273, 44.071582 ], [ 131.213281, 44.00293 ], [ 131.174219, 43.704736 ], [ 131.183594, 43.650879 ], [ 131.180078, 43.56709 ], [ 131.182422, 43.505566 ], [ 131.20918, 43.49043 ], [ 131.243945, 43.469043 ], [ 131.261816, 43.433057 ], [ 131.257324, 43.378076 ], [ 131.239355, 43.337646 ], [ 131.211914, 43.257764 ], [ 131.175586, 43.142187 ], [ 131.135547, 43.097607 ], [ 131.108984, 43.062451 ], [ 131.086133, 43.038086 ], [ 131.083496, 42.956299 ], [ 131.068555, 42.902246 ], [ 131.005566, 42.883105 ], [ 130.942871, 42.851758 ], [ 130.868555, 42.86333 ], [ 130.80332, 42.856836 ], [ 130.722461, 42.83584 ], [ 130.577246, 42.811621 ], [ 130.492969, 42.779102 ], [ 130.452734, 42.75542 ], [ 130.424805, 42.727051 ], [ 130.419922, 42.699854 ], [ 130.439258, 42.685547 ], [ 130.520605, 42.674316 ], [ 130.576563, 42.623242 ], [ 130.584473, 42.567334 ], [ 130.526953, 42.5354 ], [ 130.554102, 42.474707 ], [ 130.617969, 42.415625 ], [ 130.651563, 42.37251 ], [ 130.658008, 42.327783 ], [ 130.687305, 42.302539 ], [ 130.729883, 42.325781 ] ] ], [ [ [ 47.352344, 80.85293 ], [ 47.020605, 80.814404 ], [ 46.799121, 80.755225 ], [ 46.327441, 80.735156 ], [ 45.124512, 80.652246 ], [ 44.90498, 80.611279 ], [ 45.149219, 80.59873 ], [ 45.389258, 80.560303 ], [ 45.64082, 80.536963 ], [ 45.969043, 80.569482 ], [ 46.023633, 80.540869 ], [ 46.059863, 80.483789 ], [ 46.141406, 80.446729 ], [ 46.378125, 80.456787 ], [ 46.513672, 80.475537 ], [ 46.623926, 80.540674 ], [ 46.677539, 80.561328 ], [ 47.011035, 80.562109 ], [ 47.144922, 80.609033 ], [ 47.198242, 80.614941 ], [ 47.303906, 80.606201 ], [ 47.41416, 80.674512 ], [ 47.512305, 80.687939 ], [ 47.600098, 80.741943 ], [ 47.705273, 80.765186 ], [ 47.777344, 80.75625 ], [ 48.044336, 80.668164 ], [ 48.625488, 80.629297 ], [ 48.683594, 80.633252 ], [ 48.686523, 80.717773 ], [ 48.547363, 80.779053 ], [ 48.445703, 80.806006 ], [ 48.345215, 80.818994 ], [ 48.243262, 80.823486 ], [ 47.899512, 80.812695 ], [ 47.441992, 80.853662 ], [ 47.352344, 80.85293 ] ] ], [ [ [ 50.124316, 80.923877 ], [ 49.507812, 80.865332 ], [ 49.244336, 80.821387 ], [ 49.147461, 80.712109 ], [ 49.192676, 80.656006 ], [ 49.185254, 80.558643 ], [ 49.087793, 80.515771 ], [ 48.625098, 80.508301 ], [ 48.464746, 80.558057 ], [ 48.402637, 80.568799 ], [ 48.306152, 80.561572 ], [ 48.208203, 80.543896 ], [ 47.895801, 80.529053 ], [ 47.656055, 80.500537 ], [ 47.40293, 80.444775 ], [ 46.644434, 80.300342 ], [ 46.738184, 80.257666 ], [ 46.845898, 80.237207 ], [ 46.991016, 80.182764 ], [ 47.248633, 80.180225 ], [ 47.343066, 80.188525 ], [ 47.444336, 80.230127 ], [ 47.642383, 80.245312 ], [ 47.892969, 80.239258 ], [ 47.977539, 80.212549 ], [ 47.723145, 80.151367 ], [ 47.632422, 80.111963 ], [ 47.737305, 80.081689 ], [ 47.939941, 80.088623 ], [ 48.025781, 80.099463 ], [ 48.095898, 80.122314 ], [ 48.167188, 80.132764 ], [ 48.38623, 80.095801 ], [ 48.466797, 80.110107 ], [ 48.532617, 80.158252 ], [ 48.55459, 80.183301 ], [ 48.581738, 80.195361 ], [ 48.797363, 80.161133 ], [ 48.891895, 80.155322 ], [ 48.977539, 80.162598 ], [ 49.010742, 80.207422 ], [ 48.99082, 80.242383 ], [ 48.95957, 80.265674 ], [ 48.921973, 80.276807 ], [ 48.688965, 80.290283 ], [ 48.677051, 80.300049 ], [ 48.811035, 80.353711 ], [ 48.896094, 80.369189 ], [ 49.585938, 80.376563 ], [ 49.794141, 80.425342 ], [ 49.749805, 80.47207 ], [ 49.845996, 80.497656 ], [ 50.279688, 80.527344 ], [ 50.96084, 80.540479 ], [ 51.146191, 80.603955 ], [ 51.703613, 80.687646 ], [ 51.591016, 80.740771 ], [ 51.454785, 80.744678 ], [ 50.917676, 80.89043 ], [ 50.801074, 80.91416 ], [ 50.431445, 80.910889 ], [ 50.278125, 80.927246 ], [ 50.124316, 80.923877 ] ] ], [ [ [ 68.16543, 76.284863 ], [ 68.222363, 76.313477 ], [ 68.558594, 76.449414 ], [ 68.899805, 76.572949 ], [ 68.858008, 76.610498 ], [ 68.890527, 76.659717 ], [ 68.941699, 76.707666 ], [ 68.911719, 76.760547 ], [ 68.87334, 76.7896 ], [ 68.699121, 76.870654 ], [ 68.485742, 76.933691 ], [ 68.017285, 76.990625 ], [ 67.651855, 77.011572 ], [ 67.534961, 77.007764 ], [ 67.263672, 76.96377 ], [ 66.828809, 76.923828 ], [ 66.345215, 76.821045 ], [ 66.062988, 76.746094 ], [ 65.958887, 76.687939 ], [ 65.862891, 76.61333 ], [ 65.755176, 76.579297 ], [ 65.636914, 76.578662 ], [ 65.528418, 76.567822 ], [ 65.309766, 76.51792 ], [ 65.197168, 76.499658 ], [ 65.072852, 76.496729 ], [ 64.95, 76.484326 ], [ 64.707617, 76.426025 ], [ 64.463477, 76.378174 ], [ 63.526172, 76.309521 ], [ 62.971484, 76.23667 ], [ 62.782031, 76.245215 ], [ 62.471094, 76.230469 ], [ 62.237305, 76.241602 ], [ 61.787109, 76.291016 ], [ 61.569434, 76.298486 ], [ 61.20166, 76.282031 ], [ 61.156934, 76.273535 ], [ 61.034375, 76.232959 ], [ 61.036914, 76.169043 ], [ 61.053906, 76.119873 ], [ 60.997754, 76.089258 ], [ 60.942188, 76.071289 ], [ 60.801172, 76.068799 ], [ 60.730566, 76.104053 ], [ 60.606152, 76.108643 ], [ 60.279297, 76.09624 ], [ 60.118164, 76.066553 ], [ 60.036133, 75.983838 ], [ 59.781934, 75.94585 ], [ 59.346582, 75.907031 ], [ 59.110449, 75.87373 ], [ 58.994727, 75.871729 ], [ 58.88125, 75.854785 ], [ 58.652734, 75.776807 ], [ 58.418359, 75.719775 ], [ 58.058301, 75.663086 ], [ 58.072559, 75.618994 ], [ 58.093652, 75.592529 ], [ 57.783398, 75.506689 ], [ 57.708203, 75.454492 ], [ 57.631543, 75.356445 ], [ 57.606836, 75.34126 ], [ 57.301758, 75.373242 ], [ 57.0875, 75.383838 ], [ 56.989453, 75.375098 ], [ 56.844434, 75.351416 ], [ 56.809473, 75.328418 ], [ 56.829297, 75.277734 ], [ 56.87627, 75.244385 ], [ 56.570312, 75.097754 ], [ 56.485254, 75.096094 ], [ 56.389063, 75.138184 ], [ 56.288672, 75.164307 ], [ 56.162207, 75.186572 ], [ 56.035547, 75.194238 ], [ 55.920703, 75.168359 ], [ 55.810059, 75.124902 ], [ 55.821191, 75.090625 ], [ 55.863184, 75.05874 ], [ 55.998047, 75.003369 ], [ 56.340039, 75.013477 ], [ 56.428516, 74.972949 ], [ 56.49873, 74.95708 ], [ 56.217871, 74.89751 ], [ 55.913672, 74.796094 ], [ 55.659668, 74.656299 ], [ 55.582227, 74.627686 ], [ 55.610352, 74.590527 ], [ 55.661523, 74.556104 ], [ 55.751758, 74.541211 ], [ 55.947461, 74.542187 ], [ 56.137109, 74.496094 ], [ 56.07832, 74.481299 ], [ 55.416406, 74.436133 ], [ 55.340918, 74.419629 ], [ 55.022852, 74.186621 ], [ 54.920313, 74.129102 ], [ 54.83125, 74.095752 ], [ 54.733398, 74.033984 ], [ 54.642676, 73.95957 ], [ 54.605664, 73.951318 ], [ 54.386328, 73.935645 ], [ 54.174023, 73.885742 ], [ 53.963477, 73.822314 ], [ 53.851367, 73.800537 ], [ 53.762891, 73.766162 ], [ 53.838672, 73.697119 ], [ 54.20459, 73.542041 ], [ 54.131543, 73.481006 ], [ 54.299902, 73.350977 ], [ 54.56582, 73.418506 ], [ 54.768652, 73.449414 ], [ 55.006836, 73.453857 ], [ 55.280176, 73.392041 ], [ 55.549219, 73.356836 ], [ 56.03457, 73.345898 ], [ 56.22832, 73.314111 ], [ 56.430371, 73.297217 ], [ 56.63418, 73.304297 ], [ 56.963867, 73.366553 ], [ 57.134375, 73.504395 ], [ 57.459766, 73.610303 ], [ 57.542578, 73.658203 ], [ 57.464258, 73.746045 ], [ 57.290918, 73.814551 ], [ 57.313086, 73.838037 ], [ 57.448535, 73.825635 ], [ 57.603711, 73.775488 ], [ 57.657422, 73.768164 ], [ 57.755957, 73.769189 ], [ 57.844922, 73.805078 ], [ 57.872266, 73.850439 ], [ 57.853418, 73.897852 ], [ 57.778418, 73.973926 ], [ 57.767383, 74.013818 ], [ 58.441406, 74.128857 ], [ 58.617871, 74.227393 ], [ 58.665039, 74.289258 ], [ 58.645703, 74.328027 ], [ 58.562012, 74.421826 ], [ 58.502148, 74.464209 ], [ 58.534668, 74.498926 ], [ 58.928223, 74.462695 ], [ 59.04043, 74.485547 ], [ 59.100977, 74.50752 ], [ 59.146094, 74.551904 ], [ 59.157031, 74.61084 ], [ 59.182031, 74.665771 ], [ 59.240137, 74.692969 ], [ 59.595996, 74.613721 ], [ 59.674023, 74.610156 ], [ 59.752734, 74.637012 ], [ 59.771484, 74.664453 ], [ 59.734668, 74.695459 ], [ 59.747266, 74.745898 ], [ 59.982324, 74.744629 ], [ 60.080078, 74.755859 ], [ 60.222461, 74.796582 ], [ 60.300781, 74.837012 ], [ 60.43916, 74.875342 ], [ 60.501367, 74.904639 ], [ 60.454883, 74.946143 ], [ 60.241113, 74.970752 ], [ 60.276855, 75.007568 ], [ 60.475586, 75.054736 ], [ 60.533789, 75.059277 ], [ 60.655371, 75.055029 ], [ 60.719238, 75.068604 ], [ 60.829199, 75.11084 ], [ 60.935645, 75.163672 ], [ 61.147266, 75.222559 ], [ 61.248828, 75.281006 ], [ 61.355957, 75.314844 ], [ 61.486523, 75.31084 ], [ 61.616211, 75.319629 ], [ 62.066113, 75.427734 ], [ 63.045996, 75.575732 ], [ 63.316699, 75.603076 ], [ 63.659473, 75.66875 ], [ 63.779297, 75.672607 ], [ 64.262598, 75.719678 ], [ 64.744531, 75.788232 ], [ 65.201563, 75.839453 ], [ 65.619141, 75.904639 ], [ 66.282422, 75.983691 ], [ 66.657422, 76.047021 ], [ 66.893164, 76.072266 ], [ 67.126953, 76.108154 ], [ 67.365234, 76.161279 ], [ 67.765332, 76.237598 ], [ 68.16543, 76.284863 ] ] ], [ [ [ 55.121387, 73.356836 ], [ 54.940625, 73.383252 ], [ 54.803906, 73.387646 ], [ 54.676074, 73.37002 ], [ 54.327637, 73.299463 ], [ 54.202344, 73.281348 ], [ 54.091016, 73.276465 ], [ 53.865625, 73.298975 ], [ 53.753223, 73.293262 ], [ 53.633691, 73.260254 ], [ 53.512207, 73.238379 ], [ 53.357617, 73.224561 ], [ 53.251172, 73.182959 ], [ 53.197949, 73.147559 ], [ 53.188965, 73.104004 ], [ 53.237109, 73.011182 ], [ 53.247266, 72.973145 ], [ 53.369824, 72.916748 ], [ 53.253516, 72.90376 ], [ 53.134961, 72.913232 ], [ 53.024219, 72.913574 ], [ 52.913184, 72.899951 ], [ 52.812207, 72.875244 ], [ 52.579297, 72.791357 ], [ 52.550586, 72.768555 ], [ 52.528516, 72.737354 ], [ 52.60498, 72.704053 ], [ 52.683105, 72.682324 ], [ 52.916602, 72.668896 ], [ 52.839063, 72.619287 ], [ 52.823242, 72.59126 ], [ 52.863672, 72.549854 ], [ 52.74873, 72.482959 ], [ 52.713867, 72.436963 ], [ 52.705762, 72.390967 ], [ 52.661914, 72.336865 ], [ 52.62207, 72.300977 ], [ 52.586133, 72.284033 ], [ 52.461914, 72.252344 ], [ 52.406738, 72.196729 ], [ 52.332324, 72.153955 ], [ 52.252051, 72.129736 ], [ 52.068652, 72.131152 ], [ 51.885449, 72.153223 ], [ 51.805469, 72.142139 ], [ 51.653125, 72.099365 ], [ 51.58252, 72.071191 ], [ 51.482227, 71.979785 ], [ 51.443555, 71.934375 ], [ 51.428613, 71.825537 ], [ 51.438672, 71.776807 ], [ 51.511328, 71.648096 ], [ 51.59043, 71.571143 ], [ 51.691602, 71.525146 ], [ 51.812598, 71.491309 ], [ 51.937891, 71.474707 ], [ 52.17998, 71.490234 ], [ 52.418848, 71.536865 ], [ 52.678711, 71.505664 ], [ 52.908984, 71.49502 ], [ 53.363867, 71.54165 ], [ 53.411621, 71.530127 ], [ 53.33252, 71.477246 ], [ 53.319043, 71.39917 ], [ 53.409961, 71.340137 ], [ 53.515234, 71.342529 ], [ 53.622168, 71.332764 ], [ 53.59082, 71.29668 ], [ 53.886133, 71.196289 ], [ 54.155664, 71.125488 ], [ 54.093945, 71.105225 ], [ 53.922266, 71.137598 ], [ 53.834277, 71.126709 ], [ 53.857031, 71.07041 ], [ 53.670508, 71.086914 ], [ 53.587793, 71.052295 ], [ 53.592578, 71.000684 ], [ 53.615625, 70.95083 ], [ 53.613574, 70.914648 ], [ 53.467773, 70.900586 ], [ 53.383594, 70.873535 ], [ 53.722363, 70.814453 ], [ 54.199414, 70.764893 ], [ 54.332617, 70.744678 ], [ 54.517383, 70.693311 ], [ 54.601172, 70.680078 ], [ 54.608203, 70.713232 ], [ 54.645117, 70.741846 ], [ 54.86709, 70.678125 ], [ 55.05166, 70.666748 ], [ 55.236914, 70.666016 ], [ 55.687305, 70.692188 ], [ 55.706445, 70.675244 ], [ 55.706738, 70.641895 ], [ 55.796875, 70.615576 ], [ 55.907227, 70.626318 ], [ 55.941602, 70.649268 ], [ 56.087109, 70.618359 ], [ 56.114746, 70.646143 ], [ 56.14248, 70.657861 ], [ 56.43457, 70.562988 ], [ 56.499707, 70.566406 ], [ 56.561328, 70.593555 ], [ 56.417188, 70.664941 ], [ 56.334766, 70.676709 ], [ 56.260059, 70.714746 ], [ 56.385742, 70.734131 ], [ 56.510059, 70.728809 ], [ 56.568652, 70.697461 ], [ 56.62168, 70.655371 ], [ 56.648828, 70.646533 ], [ 57.145898, 70.589111 ], [ 57.246973, 70.605127 ], [ 57.263672, 70.636035 ], [ 57.447168, 70.661035 ], [ 57.625391, 70.728809 ], [ 57.556445, 70.76582 ], [ 57.483594, 70.792285 ], [ 57.065625, 70.876025 ], [ 56.894824, 70.927002 ], [ 56.454395, 71.107373 ], [ 56.043164, 71.345605 ], [ 55.819336, 71.507568 ], [ 55.613672, 71.689893 ], [ 55.54668, 71.78335 ], [ 55.471094, 71.869238 ], [ 55.297852, 71.935352 ], [ 55.375, 72.014893 ], [ 55.40332, 72.106885 ], [ 55.494922, 72.182324 ], [ 55.518066, 72.220654 ], [ 55.399121, 72.313623 ], [ 55.39043, 72.377832 ], [ 55.35957, 72.408691 ], [ 55.355957, 72.465088 ], [ 55.416895, 72.501318 ], [ 55.40332, 72.549072 ], [ 55.441309, 72.575391 ], [ 55.616406, 72.599072 ], [ 55.700977, 72.671729 ], [ 55.718457, 72.721533 ], [ 55.723438, 72.766406 ], [ 55.819727, 72.789502 ], [ 56.083789, 72.789404 ], [ 56.12168, 72.806592 ], [ 56.170508, 72.848096 ], [ 56.192871, 72.90498 ], [ 56.166992, 72.983203 ], [ 56.188965, 73.033008 ], [ 56.334668, 73.113672 ], [ 56.397461, 73.13916 ], [ 56.42959, 73.201172 ], [ 56.350488, 73.225537 ], [ 56.137695, 73.256152 ], [ 55.787305, 73.268604 ], [ 55.319824, 73.308301 ], [ 55.121387, 73.356836 ] ] ], [ [ [ 96.471094, 81.099268 ], [ 96.186914, 81.183936 ], [ 96.075195, 81.192773 ], [ 95.983984, 81.211426 ], [ 95.901953, 81.260596 ], [ 95.800684, 81.280469 ], [ 95.15957, 81.270996 ], [ 95.060938, 81.188086 ], [ 94.837891, 81.139404 ], [ 94.611621, 81.114648 ], [ 94.375488, 81.107373 ], [ 94.140137, 81.089453 ], [ 93.888867, 81.058398 ], [ 93.636719, 81.038135 ], [ 93.497363, 81.039209 ], [ 93.358691, 81.031689 ], [ 93.065137, 80.988477 ], [ 92.938672, 80.92583 ], [ 92.764648, 80.893066 ], [ 92.710352, 80.872168 ], [ 92.610156, 80.81001 ], [ 92.592578, 80.780859 ], [ 92.772949, 80.768652 ], [ 93.2625, 80.79126 ], [ 92.981055, 80.702979 ], [ 92.826758, 80.618555 ], [ 92.57793, 80.533252 ], [ 92.24668, 80.499121 ], [ 91.89668, 80.477539 ], [ 91.687793, 80.418506 ], [ 91.523828, 80.358545 ], [ 91.637402, 80.269922 ], [ 91.891602, 80.249268 ], [ 92.092188, 80.22334 ], [ 92.201563, 80.179297 ], [ 93.002344, 80.1021 ], [ 93.654688, 80.009619 ], [ 93.872363, 80.010107 ], [ 94.328418, 80.076025 ], [ 94.565039, 80.126074 ], [ 94.66123, 80.122803 ], [ 94.961328, 80.150391 ], [ 95.855762, 80.176953 ], [ 97.175195, 80.241016 ], [ 97.298438, 80.272754 ], [ 97.416992, 80.323145 ], [ 97.286816, 80.342529 ], [ 97.250195, 80.362988 ], [ 97.115039, 80.496582 ], [ 97.072559, 80.519873 ], [ 97.025391, 80.535547 ], [ 97.113086, 80.614063 ], [ 97.221387, 80.652441 ], [ 97.66543, 80.678076 ], [ 97.747168, 80.698682 ], [ 97.856445, 80.698096 ], [ 97.869922, 80.763281 ], [ 97.831836, 80.798291 ], [ 97.703027, 80.826709 ], [ 97.413672, 80.841846 ], [ 96.75498, 80.957861 ], [ 96.693262, 80.994189 ], [ 96.563086, 81.030078 ], [ 96.526563, 81.075586 ], [ 96.471094, 81.099268 ] ] ], [ [ [ 97.586816, 80.168262 ], [ 97.120508, 80.153027 ], [ 96.416602, 80.104346 ], [ 96.277344, 80.110059 ], [ 96.1625, 80.096826 ], [ 95.857813, 80.11001 ], [ 95.497559, 80.105615 ], [ 95.390723, 80.072803 ], [ 95.337988, 80.042139 ], [ 95.281348, 80.030518 ], [ 94.987305, 80.096826 ], [ 94.946777, 80.089258 ], [ 94.815039, 80.034814 ], [ 94.719434, 80.01123 ], [ 94.347266, 79.941943 ], [ 94.257129, 79.829736 ], [ 94.038184, 79.756006 ], [ 93.847266, 79.70166 ], [ 93.404688, 79.631592 ], [ 93.070801, 79.495312 ], [ 93.272266, 79.458398 ], [ 93.478711, 79.462744 ], [ 93.758594, 79.451416 ], [ 94.21875, 79.402344 ], [ 94.31377, 79.30752 ], [ 94.482129, 79.218604 ], [ 94.619727, 79.192383 ], [ 94.631641, 79.140869 ], [ 94.652344, 79.12749 ], [ 94.791016, 79.086621 ], [ 95.02041, 79.052686 ], [ 95.133203, 79.049609 ], [ 95.436914, 79.099316 ], [ 95.531055, 79.098096 ], [ 95.702832, 79.012012 ], [ 95.796484, 79.001416 ], [ 96.347363, 79.015869 ], [ 96.42998, 79.003027 ], [ 96.807813, 78.984961 ], [ 96.871191, 78.963818 ], [ 96.93291, 78.933936 ], [ 97.248145, 78.868018 ], [ 97.555469, 78.826562 ], [ 97.688574, 78.827344 ], [ 97.905176, 78.810205 ], [ 98.054199, 78.820996 ], [ 98.28252, 78.79502 ], [ 98.411133, 78.787793 ], [ 98.819531, 78.818262 ], [ 99.439551, 78.834229 ], [ 99.54082, 78.852734 ], [ 99.929297, 78.961426 ], [ 99.899609, 79.006396 ], [ 99.814648, 79.09585 ], [ 99.750781, 79.107666 ], [ 99.517285, 79.130176 ], [ 99.317383, 79.227197 ], [ 99.041797, 79.293018 ], [ 99.104395, 79.305371 ], [ 99.16709, 79.306299 ], [ 99.387793, 79.274756 ], [ 99.537305, 79.276562 ], [ 99.680664, 79.32334 ], [ 99.721582, 79.385107 ], [ 99.70625, 79.463477 ], [ 99.721191, 79.491846 ], [ 99.748828, 79.515186 ], [ 99.771094, 79.567725 ], [ 99.781641, 79.628271 ], [ 99.805469, 79.653076 ], [ 99.839258, 79.668945 ], [ 99.91582, 79.73833 ], [ 100.06123, 79.7771 ], [ 99.946582, 79.848975 ], [ 99.818359, 79.898193 ], [ 99.726562, 79.919922 ], [ 99.536133, 79.941309 ], [ 99.473047, 79.970166 ], [ 99.370703, 79.986377 ], [ 99.294922, 80.016357 ], [ 98.865918, 80.04541 ], [ 98.596484, 80.052197 ], [ 98.531836, 80.043604 ], [ 98.471875, 80.009131 ], [ 98.499023, 79.953125 ], [ 98.353125, 79.884326 ], [ 98.273242, 79.874121 ], [ 98.064551, 79.901074 ], [ 97.870703, 79.852637 ], [ 97.724512, 79.781396 ], [ 97.65166, 79.760645 ], [ 97.591309, 79.774951 ], [ 97.626953, 79.850439 ], [ 97.759961, 79.89585 ], [ 97.80791, 79.956299 ], [ 97.906738, 80.00376 ], [ 98.017773, 80.022852 ], [ 97.903613, 80.09502 ], [ 97.674512, 80.158252 ], [ 97.586816, 80.168262 ] ] ], [ [ [ 102.939648, 79.271191 ], [ 103.052441, 79.28252 ], [ 103.097949, 79.299121 ], [ 103.041602, 79.331543 ], [ 102.789844, 79.392139 ], [ 102.404883, 79.433203 ], [ 102.282422, 79.430078 ], [ 102.225098, 79.412939 ], [ 102.180664, 79.373389 ], [ 102.177246, 79.312598 ], [ 102.25127, 79.256055 ], [ 102.128516, 79.25249 ], [ 102.005273, 79.263672 ], [ 101.912109, 79.311621 ], [ 101.824219, 79.370215 ], [ 101.761328, 79.371973 ], [ 101.643359, 79.361377 ], [ 101.590625, 79.350439 ], [ 101.555273, 79.312646 ], [ 101.543066, 79.254443 ], [ 101.310449, 79.232617 ], [ 101.196094, 79.204443 ], [ 101.148828, 79.156885 ], [ 101.052246, 79.123242 ], [ 101.068164, 79.09624 ], [ 101.030859, 79.023291 ], [ 100.96543, 79.006543 ], [ 100.901367, 78.980078 ], [ 100.864551, 78.92583 ], [ 100.85625, 78.897754 ], [ 100.897949, 78.812451 ], [ 100.955762, 78.788477 ], [ 100.875586, 78.783594 ], [ 100.619629, 78.797412 ], [ 100.515625, 78.787793 ], [ 100.416406, 78.753174 ], [ 100.283984, 78.679199 ], [ 100.262695, 78.631494 ], [ 100.257227, 78.573828 ], [ 100.215039, 78.535791 ], [ 100.162988, 78.503955 ], [ 100.123535, 78.470459 ], [ 100.05752, 78.380371 ], [ 100.018945, 78.338916 ], [ 99.67793, 78.233496 ], [ 99.545605, 78.178564 ], [ 99.438672, 78.083936 ], [ 99.287109, 78.038086 ], [ 99.391699, 78.000684 ], [ 99.500293, 77.976074 ], [ 99.84502, 77.956836 ], [ 100.082227, 77.975 ], [ 100.541211, 78.04751 ], [ 101.039941, 78.142969 ], [ 101.204102, 78.191943 ], [ 101.692383, 78.194336 ], [ 102.180469, 78.205322 ], [ 102.617188, 78.224609 ], [ 102.673145, 78.201709 ], [ 102.734375, 78.189893 ], [ 102.79668, 78.187891 ], [ 103.003125, 78.255859 ], [ 103.719336, 78.258252 ], [ 104.297461, 78.335059 ], [ 104.519434, 78.349219 ], [ 104.741797, 78.339746 ], [ 104.832617, 78.352734 ], [ 105.312598, 78.499902 ], [ 105.342676, 78.593945 ], [ 105.310156, 78.666162 ], [ 105.256055, 78.733008 ], [ 105.20459, 78.779932 ], [ 105.145996, 78.818848 ], [ 105.014648, 78.843311 ], [ 104.881055, 78.854883 ], [ 104.633203, 78.835156 ], [ 104.452051, 78.880029 ], [ 104.476953, 78.92334 ], [ 104.449219, 78.963916 ], [ 104.404199, 78.9771 ], [ 104.091113, 79.013184 ], [ 104.004004, 79.062549 ], [ 103.925684, 79.123242 ], [ 103.800781, 79.149268 ], [ 103.672852, 79.15 ], [ 103.433398, 79.126123 ], [ 103.199121, 79.071289 ], [ 103.075684, 79.056494 ], [ 102.950391, 79.055762 ], [ 102.844824, 79.014355 ], [ 102.747656, 78.949561 ], [ 102.587305, 78.871289 ], [ 102.412305, 78.835449 ], [ 102.447852, 78.87666 ], [ 102.745801, 79.106055 ], [ 102.787305, 79.176416 ], [ 102.884766, 79.253955 ], [ 102.939648, 79.271191 ] ] ], [ [ [ 139.743359, 75.953076 ], [ 139.528516, 76.013428 ], [ 139.211328, 76.080713 ], [ 139.10918, 76.10835 ], [ 139.017578, 76.160107 ], [ 138.919531, 76.196729 ], [ 138.813965, 76.199707 ], [ 138.430664, 76.130078 ], [ 138.207617, 76.114941 ], [ 138.095996, 76.080518 ], [ 138.038672, 76.047266 ], [ 137.977051, 76.027783 ], [ 137.774414, 76.015674 ], [ 137.625391, 75.988184 ], [ 137.560547, 75.955225 ], [ 137.501172, 75.909668 ], [ 137.593555, 75.823389 ], [ 137.706543, 75.75957 ], [ 137.358496, 75.781641 ], [ 137.268848, 75.749414 ], [ 137.215234, 75.554395 ], [ 137.289746, 75.348633 ], [ 137.166016, 75.346582 ], [ 136.982422, 75.365332 ], [ 136.947656, 75.325537 ], [ 136.962305, 75.270361 ], [ 137.00625, 75.23501 ], [ 137.217969, 75.12373 ], [ 137.446973, 75.054199 ], [ 137.568066, 75.040576 ], [ 137.683008, 75.008545 ], [ 137.915039, 74.87085 ], [ 138.001367, 74.827002 ], [ 138.092285, 74.797461 ], [ 138.865625, 74.700928 ], [ 138.981738, 74.673682 ], [ 139.099121, 74.656543 ], [ 139.215332, 74.659668 ], [ 139.325586, 74.686816 ], [ 139.430078, 74.749219 ], [ 139.512305, 74.837793 ], [ 139.548047, 74.904053 ], [ 139.605859, 74.945605 ], [ 139.68125, 74.964062 ], [ 139.758203, 74.96377 ], [ 140.011035, 74.894775 ], [ 140.267871, 74.846924 ], [ 140.463867, 74.856055 ], [ 140.660742, 74.881836 ], [ 141.310449, 74.923193 ], [ 141.52998, 74.947168 ], [ 141.748438, 74.982568 ], [ 141.987305, 74.99126 ], [ 142.1, 74.950977 ], [ 142.18418, 74.899609 ], [ 142.287402, 74.849902 ], [ 142.378418, 74.828564 ], [ 142.472754, 74.82041 ], [ 142.626074, 74.837402 ], [ 142.778223, 74.867773 ], [ 143.12793, 74.970313 ], [ 142.929688, 75.062402 ], [ 142.696973, 75.103076 ], [ 142.616797, 75.133252 ], [ 142.264746, 75.346143 ], [ 142.198828, 75.392676 ], [ 142.151074, 75.457568 ], [ 142.08623, 75.660645 ], [ 142.30791, 75.691699 ], [ 142.551563, 75.720898 ], [ 142.941797, 75.713281 ], [ 143.002441, 75.659863 ], [ 142.986035, 75.633252 ], [ 142.867578, 75.571777 ], [ 142.734473, 75.54458 ], [ 142.699609, 75.448877 ], [ 142.729492, 75.337646 ], [ 142.820117, 75.267822 ], [ 142.92207, 75.217432 ], [ 143.170313, 75.116895 ], [ 143.396094, 75.082861 ], [ 143.625879, 75.083984 ], [ 144.019727, 75.044678 ], [ 144.216016, 75.05918 ], [ 144.407813, 75.102295 ], [ 144.883496, 75.268945 ], [ 144.814258, 75.324512 ], [ 144.726758, 75.365576 ], [ 144.803125, 75.416064 ], [ 145.023438, 75.489746 ], [ 145.359961, 75.530469 ], [ 145.309766, 75.564063 ], [ 145.255273, 75.585596 ], [ 143.68584, 75.863672 ], [ 143.559961, 75.8604 ], [ 143.311133, 75.822314 ], [ 143.185156, 75.813623 ], [ 142.926758, 75.826904 ], [ 142.669531, 75.863428 ], [ 142.460352, 75.903613 ], [ 142.001465, 76.043555 ], [ 141.742285, 76.108057 ], [ 141.485449, 76.137158 ], [ 141.299316, 76.06377 ], [ 141.032617, 75.988965 ], [ 140.985352, 75.964502 ], [ 140.950293, 75.927344 ], [ 140.925781, 75.866846 ], [ 140.926563, 75.798926 ], [ 140.94043, 75.749512 ], [ 140.944141, 75.700488 ], [ 140.889258, 75.652002 ], [ 140.815918, 75.630713 ], [ 140.656738, 75.634131 ], [ 140.602148, 75.643945 ], [ 140.54668, 75.663184 ], [ 140.496289, 75.689795 ], [ 140.389063, 75.79585 ], [ 140.274414, 75.822412 ], [ 140.152148, 75.809814 ], [ 140.04873, 75.828955 ], [ 139.743359, 75.953076 ] ] ], [ [ [ 146.748242, 75.428662 ], [ 146.750977, 75.510449 ], [ 146.5375, 75.581787 ], [ 146.438477, 75.558203 ], [ 146.342969, 75.480908 ], [ 146.257617, 75.39375 ], [ 146.186133, 75.295557 ], [ 146.148535, 75.198291 ], [ 146.70332, 75.114209 ], [ 146.924902, 75.0625 ], [ 147.144043, 74.998437 ], [ 147.257031, 74.984277 ], [ 147.626855, 74.958936 ], [ 147.740918, 74.931982 ], [ 147.971875, 74.857324 ], [ 148.092383, 74.825684 ], [ 148.296875, 74.800439 ], [ 149.050195, 74.772461 ], [ 149.596875, 74.772607 ], [ 149.838086, 74.795312 ], [ 150.33125, 74.866797 ], [ 150.580273, 74.918945 ], [ 150.646289, 74.94458 ], [ 150.822363, 75.156543 ], [ 150.756934, 75.162402 ], [ 150.690332, 75.155322 ], [ 150.612891, 75.120166 ], [ 150.530566, 75.099854 ], [ 150.417188, 75.134326 ], [ 150.280664, 75.164014 ], [ 150.103906, 75.219238 ], [ 149.645313, 75.24458 ], [ 149.083203, 75.262061 ], [ 148.892188, 75.228125 ], [ 148.590137, 75.236377 ], [ 148.475, 75.272412 ], [ 148.48916, 75.309375 ], [ 148.518848, 75.336475 ], [ 148.508887, 75.387451 ], [ 148.432422, 75.413525 ], [ 147.496973, 75.440527 ], [ 147.443555, 75.437988 ], [ 147.060352, 75.364307 ], [ 146.795215, 75.370752 ], [ 146.748242, 75.428662 ] ] ], [ [ [ 179.152539, 70.880273 ], [ 179.647656, 70.898926 ], [ 179.881348, 70.975684 ], [ 180.0, 70.993018 ], [ 180.0, 71.537744 ], [ 179.886426, 71.52334 ], [ 179.715918, 71.466211 ], [ 179.547656, 71.447656 ], [ 179.235059, 71.324512 ], [ 178.891113, 71.231104 ], [ 178.829004, 71.177881 ], [ 178.683887, 71.105664 ], [ 178.62832, 71.047363 ], [ 178.648242, 71.000586 ], [ 178.792578, 70.82207 ], [ 178.861523, 70.826416 ], [ 179.152539, 70.880273 ] ] ], [ [ [ 142.692773, 54.416113 ], [ 142.666211, 54.358203 ], [ 142.615625, 54.303613 ], [ 142.55166, 54.278955 ], [ 142.334961, 54.280713 ], [ 142.466602, 54.148535 ], [ 142.670215, 53.968408 ], [ 142.705957, 53.895703 ], [ 142.683008, 53.816016 ], [ 142.642871, 53.736768 ], [ 142.688867, 53.730176 ], [ 142.67959, 53.674365 ], [ 142.552539, 53.652637 ], [ 142.50918, 53.587598 ], [ 142.583496, 53.536768 ], [ 142.526172, 53.447461 ], [ 142.424023, 53.410742 ], [ 142.370508, 53.402539 ], [ 142.318945, 53.405469 ], [ 142.179883, 53.484033 ], [ 142.141992, 53.495605 ], [ 141.964453, 53.456396 ], [ 141.852441, 53.389453 ], [ 141.823535, 53.339502 ], [ 141.838867, 53.138477 ], [ 141.873633, 53.038916 ], [ 141.855566, 52.793506 ], [ 141.80332, 52.555615 ], [ 141.747559, 52.454834 ], [ 141.682422, 52.359131 ], [ 141.66084, 52.272949 ], [ 141.668457, 51.93335 ], [ 141.720996, 51.846777 ], [ 141.808105, 51.789209 ], [ 141.771875, 51.751807 ], [ 141.722363, 51.736328 ], [ 141.771875, 51.690186 ], [ 141.872949, 51.630029 ], [ 142.005957, 51.520508 ], [ 142.090723, 51.429395 ], [ 142.206738, 51.222559 ], [ 142.20791, 50.998486 ], [ 142.147266, 50.890186 ], [ 142.100488, 50.776465 ], [ 142.066016, 50.630469 ], [ 142.071094, 50.51499 ], [ 142.143066, 50.312109 ], [ 142.153125, 50.216748 ], [ 142.142285, 49.569141 ], [ 142.108691, 49.439648 ], [ 142.066504, 49.312061 ], [ 142.020117, 49.078467 ], [ 141.97959, 48.972168 ], [ 141.866309, 48.750098 ], [ 141.873047, 48.701953 ], [ 141.897266, 48.654687 ], [ 142.028711, 48.4771 ], [ 142.135352, 48.290088 ], [ 142.181738, 48.013379 ], [ 142.149219, 47.902148 ], [ 142.075977, 47.80835 ], [ 142.015625, 47.700635 ], [ 141.964063, 47.587451 ], [ 141.9625, 47.543799 ], [ 141.98418, 47.347705 ], [ 142.016895, 47.244678 ], [ 142.038672, 47.140283 ], [ 142.011035, 47.030322 ], [ 141.866504, 46.694189 ], [ 141.830371, 46.451074 ], [ 141.916309, 46.170752 ], [ 141.92998, 46.088281 ], [ 141.961621, 46.013477 ], [ 142.015625, 45.961621 ], [ 142.077148, 45.917041 ], [ 142.149707, 45.999268 ], [ 142.208594, 46.088867 ], [ 142.304004, 46.357568 ], [ 142.35, 46.458691 ], [ 142.406445, 46.554688 ], [ 142.478809, 46.644238 ], [ 142.578027, 46.700781 ], [ 142.635742, 46.716211 ], [ 142.691895, 46.71084 ], [ 142.747363, 46.670654 ], [ 142.795508, 46.620215 ], [ 142.829297, 46.605273 ], [ 143.047852, 46.592627 ], [ 143.282324, 46.558984 ], [ 143.352148, 46.476221 ], [ 143.370313, 46.358496 ], [ 143.418652, 46.222021 ], [ 143.431641, 46.028662 ], [ 143.463477, 46.069482 ], [ 143.482324, 46.11582 ], [ 143.490625, 46.174609 ], [ 143.508594, 46.230176 ], [ 143.580664, 46.360693 ], [ 143.578711, 46.406055 ], [ 143.540332, 46.575098 ], [ 143.485645, 46.752051 ], [ 143.447266, 46.791992 ], [ 143.384375, 46.805664 ], [ 143.318652, 46.807373 ], [ 143.217676, 46.794873 ], [ 143.17793, 46.844043 ], [ 143.089258, 47.000781 ], [ 143.005566, 47.222705 ], [ 142.940332, 47.322754 ], [ 142.905469, 47.361865 ], [ 142.863965, 47.391797 ], [ 142.800781, 47.416162 ], [ 142.74541, 47.452393 ], [ 142.670117, 47.536914 ], [ 142.579004, 47.683984 ], [ 142.556934, 47.737891 ], [ 142.545898, 47.884912 ], [ 142.574219, 48.072168 ], [ 142.650977, 48.246875 ], [ 142.97168, 48.917773 ], [ 143.026855, 49.10542 ], [ 143.10498, 49.198828 ], [ 143.236328, 49.262842 ], [ 143.382227, 49.290674 ], [ 143.732324, 49.312012 ], [ 143.819141, 49.308594 ], [ 143.967773, 49.276318 ], [ 144.04873, 49.24917 ], [ 144.125488, 49.208545 ], [ 144.283789, 49.069775 ], [ 144.411816, 48.986377 ], [ 144.536328, 48.893555 ], [ 144.620996, 48.814844 ], [ 144.672656, 48.678564 ], [ 144.71377, 48.640283 ], [ 144.706641, 48.819531 ], [ 144.685547, 48.87124 ], [ 144.606836, 48.93584 ], [ 144.431738, 49.051074 ], [ 144.341211, 49.180518 ], [ 144.27207, 49.311328 ], [ 144.239941, 49.432031 ], [ 144.199609, 49.549756 ], [ 144.141309, 49.661475 ], [ 144.047949, 49.895752 ], [ 143.816016, 50.282617 ], [ 143.736035, 50.506738 ], [ 143.53418, 51.246289 ], [ 143.48877, 51.277051 ], [ 143.472949, 51.299219 ], [ 143.467383, 51.401904 ], [ 143.455469, 51.471484 ], [ 143.417773, 51.520605 ], [ 143.320508, 51.583252 ], [ 143.299512, 51.632373 ], [ 143.294727, 51.744336 ], [ 143.250586, 51.8479 ], [ 143.190625, 51.944482 ], [ 143.155566, 52.08374 ], [ 143.172266, 52.349365 ], [ 143.200977, 52.44292 ], [ 143.264258, 52.478662 ], [ 143.295117, 52.52915 ], [ 143.323633, 52.613574 ], [ 143.332617, 52.700049 ], [ 143.324707, 52.963086 ], [ 143.287891, 53.134375 ], [ 143.259961, 53.217285 ], [ 143.223633, 53.296045 ], [ 143.095508, 53.488672 ], [ 142.917969, 53.794238 ], [ 142.936426, 53.810938 ], [ 142.911426, 53.878369 ], [ 142.926563, 53.955615 ], [ 142.96709, 54.028809 ], [ 142.985938, 54.085693 ], [ 142.976172, 54.140967 ], [ 142.761035, 54.393945 ], [ 142.692773, 54.416113 ] ] ], [ [ [ -178.994043, 71.593213 ], [ -179.111572, 71.596191 ], [ -179.256494, 71.57168 ], [ -179.402051, 71.56665 ], [ -179.546387, 71.582422 ], [ -179.691016, 71.577979 ], [ -179.844873, 71.550977 ], [ -179.999951, 71.537744 ], [ -179.999951, 71.399707 ], [ -179.999951, 71.184229 ], [ -179.999951, 70.993018 ], [ -179.734033, 70.97168 ], [ -179.506689, 70.923438 ], [ -179.415674, 70.918994 ], [ -179.156885, 70.939844 ], [ -178.527979, 71.014795 ], [ -178.062695, 71.041943 ], [ -177.821777, 71.067578 ], [ -177.523584, 71.166895 ], [ -177.498486, 71.219141 ], [ -177.532178, 71.263086 ], [ -177.584131, 71.281689 ], [ -177.816992, 71.33999 ], [ -177.974805, 71.390527 ], [ -178.056641, 71.437598 ], [ -178.133887, 71.465479 ], [ -178.214697, 71.481641 ], [ -178.353564, 71.529199 ], [ -178.438965, 71.541162 ], [ -178.876465, 71.577051 ], [ -178.994043, 71.593213 ] ] ], [ [ [ 35.729102, 65.197559 ], [ 35.608691, 65.157129 ], [ 35.585742, 65.16709 ], [ 35.528906, 65.151074 ], [ 35.558594, 65.093604 ], [ 35.621387, 65.058789 ], [ 35.680078, 65.057617 ], [ 35.778711, 64.97666 ], [ 35.842285, 65.001465 ], [ 35.827344, 65.036475 ], [ 35.858398, 65.07793 ], [ 35.848438, 65.142676 ], [ 35.816113, 65.18208 ], [ 35.729102, 65.197559 ] ] ], [ [ [ 42.690723, 66.735303 ], [ 42.631445, 66.782227 ], [ 42.547461, 66.795508 ], [ 42.468555, 66.785547 ], [ 42.460059, 66.770361 ], [ 42.477344, 66.735059 ], [ 42.675586, 66.688086 ], [ 42.713672, 66.701709 ], [ 42.690723, 66.735303 ] ] ], [ [ [ 52.776758, 71.399805 ], [ 52.732227, 71.403711 ], [ 52.720313, 71.389795 ], [ 52.729688, 71.355127 ], [ 52.617383, 71.38335 ], [ 52.512598, 71.385059 ], [ 52.296582, 71.356836 ], [ 52.239844, 71.325049 ], [ 52.249609, 71.284912 ], [ 52.289453, 71.270361 ], [ 52.425488, 71.239258 ], [ 52.546582, 71.250439 ], [ 52.738379, 71.180664 ], [ 52.788965, 71.114941 ], [ 52.835352, 71.08584 ], [ 52.949609, 71.053613 ], [ 53.004492, 71.011621 ], [ 53.022656, 70.968701 ], [ 53.120996, 70.982031 ], [ 53.105762, 70.999268 ], [ 53.048145, 71.030957 ], [ 53.071484, 71.065039 ], [ 53.205176, 71.159717 ], [ 53.192578, 71.215283 ], [ 53.141406, 71.241895 ], [ 53.074023, 71.237939 ], [ 52.994141, 71.29126 ], [ 52.90332, 71.36499 ], [ 52.776758, 71.399805 ] ] ], [ [ [ 167.882617, 54.690479 ], [ 167.710645, 54.770166 ], [ 167.59248, 54.797754 ], [ 167.511719, 54.856934 ], [ 167.441504, 54.855859 ], [ 167.488086, 54.794971 ], [ 167.677344, 54.697656 ], [ 168.081348, 54.512744 ], [ 168.039062, 54.56499 ], [ 167.882617, 54.690479 ] ] ], [ [ [ 160.644922, 70.883545 ], [ 160.56582, 70.923779 ], [ 160.448535, 70.934033 ], [ 160.44043, 70.922656 ], [ 160.436914, 70.851025 ], [ 160.504785, 70.819727 ], [ 160.651367, 70.805859 ], [ 160.718945, 70.822705 ], [ 160.644922, 70.883545 ] ] ], [ [ [ 161.506738, 68.927588 ], [ 161.516992, 68.96958 ], [ 161.494727, 69.016016 ], [ 161.394238, 69.106445 ], [ 161.377539, 69.194434 ], [ 161.372656, 69.292822 ], [ 161.350879, 69.369336 ], [ 161.374414, 69.413672 ], [ 161.540332, 69.436523 ], [ 161.609277, 69.500928 ], [ 161.617773, 69.592432 ], [ 161.520703, 69.634033 ], [ 161.505176, 69.639453 ], [ 161.409766, 69.595703 ], [ 161.32334, 69.540918 ], [ 161.110742, 69.469824 ], [ 161.082813, 69.405664 ], [ 161.164551, 69.333594 ], [ 161.125488, 69.197021 ], [ 161.136523, 69.110254 ], [ 161.18252, 69.081592 ], [ 161.364063, 69.044434 ], [ 161.461133, 68.995605 ], [ 161.45625, 68.966016 ], [ 161.422461, 68.899658 ], [ 161.46709, 68.900977 ], [ 161.506738, 68.927588 ] ] ], [ [ [ 152.86377, 76.163428 ], [ 152.835059, 76.185156 ], [ 152.799414, 76.194824 ], [ 152.642773, 76.174805 ], [ 152.558594, 76.143604 ], [ 152.786328, 76.085791 ], [ 152.885938, 76.121729 ], [ 152.86377, 76.163428 ] ] ], [ [ [ 149.204785, 76.677002 ], [ 149.268359, 76.747217 ], [ 149.406445, 76.78208 ], [ 148.719629, 76.746582 ], [ 148.448145, 76.676953 ], [ 148.398633, 76.648242 ], [ 149.150195, 76.659912 ], [ 149.204785, 76.677002 ] ] ], [ [ [ 137.933789, 71.542773 ], [ 137.857617, 71.583057 ], [ 137.816797, 71.587891 ], [ 137.281836, 71.579932 ], [ 137.168164, 71.557129 ], [ 137.129492, 71.556152 ], [ 137.081836, 71.542725 ], [ 137.064063, 71.529883 ], [ 137.078711, 71.502197 ], [ 137.265527, 71.455908 ], [ 137.344238, 71.460547 ], [ 137.403223, 71.477295 ], [ 137.457813, 71.483496 ], [ 137.511816, 71.474609 ], [ 137.612891, 71.433936 ], [ 137.711816, 71.423242 ], [ 137.959863, 71.507666 ], [ 137.933789, 71.542773 ] ] ], [ [ [ 107.573242, 78.185547 ], [ 107.508301, 78.189404 ], [ 106.583301, 78.167578 ], [ 106.415527, 78.139844 ], [ 107.00166, 78.095654 ], [ 107.343848, 78.098584 ], [ 107.481641, 78.057764 ], [ 107.60625, 78.082568 ], [ 107.695508, 78.130908 ], [ 107.573242, 78.185547 ] ] ], [ [ [ 112.394141, 76.643799 ], [ 112.281445, 76.618359 ], [ 112.011133, 76.632861 ], [ 111.968945, 76.626172 ], [ 112.002734, 76.602979 ], [ 112.153809, 76.549316 ], [ 112.296875, 76.537988 ], [ 112.394824, 76.483789 ], [ 112.531641, 76.450049 ], [ 112.574805, 76.452393 ], [ 112.586523, 76.482959 ], [ 112.61416, 76.499268 ], [ 112.66084, 76.50957 ], [ 112.63252, 76.552979 ], [ 112.478027, 76.620898 ], [ 112.394141, 76.643799 ] ] ], [ [ [ 96.270703, 76.305371 ], [ 96.150977, 76.271875 ], [ 95.78623, 76.293896 ], [ 95.594434, 76.249609 ], [ 95.379883, 76.289062 ], [ 95.32207, 76.261621 ], [ 95.311133, 76.214746 ], [ 95.678613, 76.193652 ], [ 95.844531, 76.160254 ], [ 96.108789, 76.155469 ], [ 96.300586, 76.121729 ], [ 96.353418, 76.17749 ], [ 96.350781, 76.212158 ], [ 96.486719, 76.23374 ], [ 96.589648, 76.22124 ], [ 96.613965, 76.263818 ], [ 96.532422, 76.278125 ], [ 96.270703, 76.305371 ] ] ], [ [ [ 96.424316, 77.071191 ], [ 96.561328, 77.12959 ], [ 96.561914, 77.154053 ], [ 96.528418, 77.205518 ], [ 95.854102, 77.097559 ], [ 95.420703, 77.056494 ], [ 95.270312, 77.018848 ], [ 95.364062, 77.011523 ], [ 95.680859, 77.021338 ], [ 95.76582, 76.990625 ], [ 95.854688, 76.974951 ], [ 96.091406, 77.002539 ], [ 96.209863, 76.992139 ], [ 96.253516, 77.007275 ], [ 96.285449, 77.02666 ], [ 96.424316, 77.071191 ] ] ], [ [ [ 89.66582, 77.254492 ], [ 89.67959, 77.280322 ], [ 89.616211, 77.311035 ], [ 89.281543, 77.301465 ], [ 89.200488, 77.271973 ], [ 89.141699, 77.226807 ], [ 89.179297, 77.209912 ], [ 89.299512, 77.183984 ], [ 89.514258, 77.188818 ], [ 89.66582, 77.254492 ] ] ], [ [ [ 74.697168, 72.907715 ], [ 74.660156, 72.929297 ], [ 74.647266, 72.969043 ], [ 74.742578, 73.032715 ], [ 74.961523, 73.0625 ], [ 74.725293, 73.108154 ], [ 74.599902, 73.121777 ], [ 74.408789, 73.130469 ], [ 74.198535, 73.109082 ], [ 74.142383, 73.074365 ], [ 74.100195, 73.021533 ], [ 74.180664, 72.975342 ], [ 74.434766, 72.907666 ], [ 74.588086, 72.881152 ], [ 74.638379, 72.86377 ], [ 74.660547, 72.873437 ], [ 74.697168, 72.907715 ] ] ], [ [ [ 75.827148, 73.459131 ], [ 75.900977, 73.481494 ], [ 76.051562, 73.549268 ], [ 76.039453, 73.559912 ], [ 75.930176, 73.573633 ], [ 75.569727, 73.540625 ], [ 75.375, 73.477393 ], [ 75.344336, 73.432275 ], [ 75.503711, 73.456641 ], [ 75.827148, 73.459131 ] ] ], [ [ [ 83.618359, 74.089453 ], [ 83.513477, 74.122363 ], [ 83.149805, 74.151611 ], [ 82.90293, 74.128906 ], [ 82.817773, 74.091602 ], [ 83.158984, 74.075342 ], [ 83.410645, 74.039551 ], [ 83.45, 74.05166 ], [ 83.495801, 74.048438 ], [ 83.549023, 74.071777 ], [ 83.618359, 74.089453 ] ] ], [ [ [ 67.328906, 69.572119 ], [ 67.216113, 69.575391 ], [ 67.025879, 69.483203 ], [ 67.047266, 69.467041 ], [ 67.097852, 69.447168 ], [ 67.263965, 69.442529 ], [ 67.344922, 69.529834 ], [ 67.328906, 69.572119 ] ] ], [ [ [ 66.457715, 70.698779 ], [ 66.462891, 70.769336 ], [ 66.440234, 70.772656 ], [ 66.418164, 70.757129 ], [ 66.394824, 70.727295 ], [ 66.407617, 70.615771 ], [ 66.448633, 70.561035 ], [ 66.51582, 70.514893 ], [ 66.568555, 70.501465 ], [ 66.560938, 70.541748 ], [ 66.457715, 70.698779 ] ] ], [ [ [ 70.05918, 66.517578 ], [ 70.110059, 66.569092 ], [ 70.057227, 66.599463 ], [ 70.057617, 66.627197 ], [ 70.07666, 66.695898 ], [ 69.917578, 66.71167 ], [ 69.800391, 66.736475 ], [ 69.616406, 66.739014 ], [ 69.502734, 66.751074 ], [ 69.469336, 66.715967 ], [ 69.651367, 66.565332 ], [ 69.844727, 66.489746 ], [ 70.020703, 66.502197 ], [ 70.05918, 66.517578 ] ] ], [ [ [ 50.072266, 80.109473 ], [ 50.319141, 80.172363 ], [ 50.309961, 80.185645 ], [ 50.250977, 80.219482 ], [ 49.883691, 80.230225 ], [ 49.556055, 80.158936 ], [ 49.588281, 80.136133 ], [ 49.970898, 80.060742 ], [ 50.051758, 80.074316 ], [ 50.072266, 80.109473 ] ] ], [ [ [ 51.326953, 79.972314 ], [ 51.242773, 79.99126 ], [ 51.237891, 80.010352 ], [ 51.254395, 80.048633 ], [ 50.936328, 80.094238 ], [ 50.675781, 80.048535 ], [ 50.472656, 80.035449 ], [ 50.091406, 79.980566 ], [ 50.454102, 79.924414 ], [ 51.07627, 79.931982 ], [ 51.43125, 79.920508 ], [ 51.435156, 79.931934 ], [ 51.409277, 79.944238 ], [ 51.326953, 79.972314 ] ] ], [ [ [ 50.78877, 81.071826 ], [ 50.946191, 81.108154 ], [ 50.878613, 81.150879 ], [ 50.715918, 81.170654 ], [ 50.591797, 81.169434 ], [ 50.521582, 81.158203 ], [ 50.505957, 81.144238 ], [ 50.464941, 81.126221 ], [ 50.368457, 81.12251 ], [ 50.377441, 81.102734 ], [ 50.411914, 81.084375 ], [ 50.518164, 81.045557 ], [ 50.616016, 81.04126 ], [ 50.753711, 81.047412 ], [ 50.78877, 81.071826 ] ] ], [ [ [ 55.434766, 80.302246 ], [ 55.353223, 80.317676 ], [ 55.240039, 80.325391 ], [ 55.091602, 80.295557 ], [ 54.979688, 80.256445 ], [ 55.048438, 80.228369 ], [ 55.195117, 80.226807 ], [ 55.479688, 80.273828 ], [ 55.434766, 80.302246 ] ] ], [ [ [ 54.437305, 80.498682 ], [ 54.407129, 80.540137 ], [ 54.205371, 80.561768 ], [ 54.176758, 80.574365 ], [ 53.877246, 80.605273 ], [ 53.858887, 80.563037 ], [ 53.901563, 80.54248 ], [ 53.900195, 80.51543 ], [ 53.85, 80.503857 ], [ 53.811914, 80.476221 ], [ 54.275879, 80.421338 ], [ 54.415332, 80.472803 ], [ 54.437305, 80.498682 ] ] ], [ [ [ 59.911035, 79.994287 ], [ 59.80166, 80.082666 ], [ 59.544531, 80.118848 ], [ 59.001465, 80.053906 ], [ 58.946094, 80.042334 ], [ 58.919238, 79.984619 ], [ 59.100391, 79.96416 ], [ 59.169238, 79.948291 ], [ 59.202637, 79.932959 ], [ 59.330664, 79.923047 ], [ 59.688867, 79.955811 ], [ 59.911035, 79.994287 ] ] ], [ [ [ 58.507617, 81.061768 ], [ 58.189941, 81.09458 ], [ 58.102344, 81.114258 ], [ 58.049512, 81.118457 ], [ 57.65625, 81.031543 ], [ 57.410254, 81.046777 ], [ 57.210938, 81.01709 ], [ 57.405176, 80.915137 ], [ 57.749805, 80.889062 ], [ 57.937891, 80.793359 ], [ 58.285645, 80.764893 ], [ 58.641895, 80.767969 ], [ 58.859961, 80.779395 ], [ 58.930566, 80.831689 ], [ 58.902539, 80.897656 ], [ 58.815332, 80.933594 ], [ 58.761523, 80.990967 ], [ 58.622363, 81.04165 ], [ 58.507617, 81.061768 ] ] ], [ [ [ 47.987109, 45.554053 ], [ 47.947168, 45.64707 ], [ 47.917578, 45.618164 ], [ 47.920313, 45.562061 ], [ 47.967676, 45.469971 ], [ 47.983008, 45.488232 ], [ 47.987109, 45.554053 ] ] ], [ [ [ 50.167285, 69.25708 ], [ 49.996289, 69.309424 ], [ 49.225195, 69.51123 ], [ 48.95332, 69.509277 ], [ 48.844922, 69.494727 ], [ 48.631348, 69.436035 ], [ 48.413867, 69.345654 ], [ 48.319922, 69.269238 ], [ 48.296289, 69.183887 ], [ 48.280273, 69.096631 ], [ 48.278809, 69.040332 ], [ 48.294434, 68.984229 ], [ 48.315918, 68.942383 ], [ 48.439063, 68.804883 ], [ 48.666992, 68.733154 ], [ 48.910352, 68.743066 ], [ 49.180469, 68.778418 ], [ 49.62627, 68.859717 ], [ 49.839844, 68.973779 ], [ 49.920801, 69.053271 ], [ 50.093945, 69.125537 ], [ 50.140918, 69.098145 ], [ 50.164453, 69.037549 ], [ 50.220605, 69.048779 ], [ 50.283008, 69.088867 ], [ 50.265234, 69.185596 ], [ 50.167285, 69.25708 ] ] ], [ [ [ 64.54834, 80.75542 ], [ 64.997461, 80.818896 ], [ 65.437402, 80.930713 ], [ 65.37207, 80.968018 ], [ 65.360059, 81.008203 ], [ 65.382031, 81.056738 ], [ 65.309766, 81.096436 ], [ 65.171973, 81.144043 ], [ 65.027734, 81.169482 ], [ 64.802051, 81.197266 ], [ 64.575391, 81.198486 ], [ 64.310156, 81.175195 ], [ 64.255859, 81.144434 ], [ 64.210449, 81.106348 ], [ 64.165918, 81.035742 ], [ 64.095703, 80.99834 ], [ 63.855957, 80.981152 ], [ 63.614746, 80.980908 ], [ 63.11582, 80.966797 ], [ 62.819336, 80.893799 ], [ 62.592578, 80.853027 ], [ 62.520313, 80.821875 ], [ 62.760449, 80.762695 ], [ 63.002148, 80.712842 ], [ 63.187598, 80.697607 ], [ 63.373828, 80.700098 ], [ 64.54834, 80.75542 ] ] ], [ [ [ 58.163184, 80.196533 ], [ 58.255469, 80.201807 ], [ 58.285742, 80.248145 ], [ 58.283887, 80.297803 ], [ 58.397949, 80.31875 ], [ 59.255469, 80.343213 ], [ 59.115918, 80.388428 ], [ 58.97168, 80.415869 ], [ 58.480469, 80.464746 ], [ 57.521973, 80.475391 ], [ 57.075, 80.493945 ], [ 57.011133, 80.468311 ], [ 57.083398, 80.445215 ], [ 57.18623, 80.39624 ], [ 57.211719, 80.368457 ], [ 57.214063, 80.328271 ], [ 57.281445, 80.193896 ], [ 57.332324, 80.158105 ], [ 57.392285, 80.13916 ], [ 57.800098, 80.104053 ], [ 57.95625, 80.123242 ], [ 58.163184, 80.196533 ] ] ], [ [ [ 62.10293, 80.866602 ], [ 61.850586, 80.885937 ], [ 61.597461, 80.89292 ], [ 61.313184, 80.862646 ], [ 60.820215, 80.826562 ], [ 60.481543, 80.804248 ], [ 60.278027, 80.801465 ], [ 60.234961, 80.837744 ], [ 60.094531, 80.848584 ], [ 59.71582, 80.836377 ], [ 59.592285, 80.816504 ], [ 59.549414, 80.783594 ], [ 59.495117, 80.766504 ], [ 59.386523, 80.712549 ], [ 59.30625, 80.617773 ], [ 59.288184, 80.572656 ], [ 59.304395, 80.521533 ], [ 59.346387, 80.505029 ], [ 59.649805, 80.43125 ], [ 59.900195, 80.446094 ], [ 60.27832, 80.494434 ], [ 60.722266, 80.434668 ], [ 61.05127, 80.418604 ], [ 61.285156, 80.504736 ], [ 61.597461, 80.534961 ], [ 61.68125, 80.586328 ], [ 61.769141, 80.601025 ], [ 62.075781, 80.616943 ], [ 62.114551, 80.683691 ], [ 62.191797, 80.730225 ], [ 62.227734, 80.794385 ], [ 62.167773, 80.834766 ], [ 62.10293, 80.866602 ] ] ], [ [ [ 61.471973, 81.011035 ], [ 61.567383, 81.050293 ], [ 61.457422, 81.103955 ], [ 60.586621, 81.087695 ], [ 60.147559, 81.01665 ], [ 60.07832, 80.99917 ], [ 60.058203, 80.984619 ], [ 60.321094, 80.955518 ], [ 60.826758, 80.929688 ], [ 61.14082, 80.950342 ], [ 61.471973, 81.011035 ] ] ], [ [ [ 53.65293, 80.222559 ], [ 53.77793, 80.22832 ], [ 53.85166, 80.268359 ], [ 53.486133, 80.323389 ], [ 53.345898, 80.366309 ], [ 53.329199, 80.402393 ], [ 53.185645, 80.412646 ], [ 52.853906, 80.402393 ], [ 52.716016, 80.347559 ], [ 52.680566, 80.318506 ], [ 52.57666, 80.296924 ], [ 52.270215, 80.276318 ], [ 52.213379, 80.263721 ], [ 52.343555, 80.213232 ], [ 52.550488, 80.201855 ], [ 52.607031, 80.191162 ], [ 52.635938, 80.178857 ], [ 52.856348, 80.173242 ], [ 53.521387, 80.185205 ], [ 53.65293, 80.222559 ] ] ], [ [ [ 56.944531, 80.366162 ], [ 56.707227, 80.363281 ], [ 56.655078, 80.330322 ], [ 56.024414, 80.341309 ], [ 55.989844, 80.320068 ], [ 56.012207, 80.203906 ], [ 55.942285, 80.163281 ], [ 55.724023, 80.104736 ], [ 55.811621, 80.087158 ], [ 56.200586, 80.076465 ], [ 56.986914, 80.071484 ], [ 57.080176, 80.094678 ], [ 57.072754, 80.139404 ], [ 57.118945, 80.193945 ], [ 57.122656, 80.316992 ], [ 57.078711, 80.350928 ], [ 56.944531, 80.366162 ] ] ], [ [ [ 57.716602, 81.564648 ], [ 57.456445, 81.542871 ], [ 57.365039, 81.535254 ], [ 57.091504, 81.541211 ], [ 56.973047, 81.510547 ], [ 56.71875, 81.423389 ], [ 56.404688, 81.387012 ], [ 56.156836, 81.303076 ], [ 55.781934, 81.329443 ], [ 55.466016, 81.311182 ], [ 55.572656, 81.228076 ], [ 55.716699, 81.188477 ], [ 56.191992, 81.223975 ], [ 56.363965, 81.178613 ], [ 56.5125, 81.175244 ], [ 56.669238, 81.198291 ], [ 56.821875, 81.237939 ], [ 57.159473, 81.178467 ], [ 57.450977, 81.135547 ], [ 57.769727, 81.169727 ], [ 57.912891, 81.19751 ], [ 58.015332, 81.254834 ], [ 57.911914, 81.303271 ], [ 57.858691, 81.368066 ], [ 58.371875, 81.386963 ], [ 58.563867, 81.418408 ], [ 58.436035, 81.46416 ], [ 58.016602, 81.483789 ], [ 57.862695, 81.506445 ], [ 57.810254, 81.546045 ], [ 57.716602, 81.564648 ] ] ], [ [ [ 54.633984, 81.113184 ], [ 54.416797, 80.986523 ], [ 54.367285, 80.903809 ], [ 54.240527, 80.901855 ], [ 54.04541, 80.871973 ], [ 54.066602, 80.813623 ], [ 54.376074, 80.786963 ], [ 54.532813, 80.783008 ], [ 54.62334, 80.765234 ], [ 54.668164, 80.738672 ], [ 55.117188, 80.751904 ], [ 55.540625, 80.70332 ], [ 55.7125, 80.637305 ], [ 55.883398, 80.628418 ], [ 56.315527, 80.632861 ], [ 56.814746, 80.663623 ], [ 57.580371, 80.755469 ], [ 57.694141, 80.792285 ], [ 57.567773, 80.819727 ], [ 56.909668, 80.912891 ], [ 56.472266, 80.998242 ], [ 56.170117, 81.02915 ], [ 55.470703, 81.019873 ], [ 54.718945, 81.115967 ], [ 54.633984, 81.113184 ] ] ], [ [ [ 63.782422, 81.649805 ], [ 63.767383, 81.66416 ], [ 63.70957, 81.687305 ], [ 62.794922, 81.718945 ], [ 62.283984, 81.706543 ], [ 62.106445, 81.679346 ], [ 62.515234, 81.659131 ], [ 62.53125, 81.647021 ], [ 62.573047, 81.633057 ], [ 62.884961, 81.608887 ], [ 63.528516, 81.596582 ], [ 63.650977, 81.609326 ], [ 63.782422, 81.649805 ] ] ], [ [ [ 59.356445, 81.758984 ], [ 59.356836, 81.780957 ], [ 59.408496, 81.825439 ], [ 59.261816, 81.854199 ], [ 58.13457, 81.827979 ], [ 57.984961, 81.797021 ], [ 57.945117, 81.747852 ], [ 57.909277, 81.721924 ], [ 57.920605, 81.710498 ], [ 57.964844, 81.695654 ], [ 58.29541, 81.715186 ], [ 59.356445, 81.758984 ] ] ], [ [ [ 92.92627, 79.704492 ], [ 93.155078, 79.737598 ], [ 93.382031, 79.783887 ], [ 93.603516, 79.816748 ], [ 93.803125, 79.904541 ], [ 93.481543, 79.941113 ], [ 92.592773, 79.996533 ], [ 92.173438, 80.045459 ], [ 91.751953, 80.052295 ], [ 91.425977, 80.049219 ], [ 91.229297, 80.030713 ], [ 91.070312, 79.981494 ], [ 91.126074, 79.904932 ], [ 91.37627, 79.835498 ], [ 91.683594, 79.790576 ], [ 92.153711, 79.684668 ], [ 92.440625, 79.675488 ], [ 92.683496, 79.685205 ], [ 92.92627, 79.704492 ] ] ], [ [ [ 91.477832, 81.183936 ], [ 91.108984, 81.199121 ], [ 90.069922, 81.213721 ], [ 89.901172, 81.170703 ], [ 89.919434, 81.14873 ], [ 89.975781, 81.113135 ], [ 91.222852, 81.063818 ], [ 91.567187, 81.141211 ], [ 91.477832, 81.183936 ] ] ], [ [ [ 141.046875, 74.050391 ], [ 141.097461, 74.167822 ], [ 141.079492, 74.209326 ], [ 141.038574, 74.242725 ], [ 140.944336, 74.264648 ], [ 140.849219, 74.273779 ], [ 140.407422, 74.266455 ], [ 140.300293, 74.257227 ], [ 140.193555, 74.236719 ], [ 140.101562, 74.184277 ], [ 140.183203, 74.00459 ], [ 140.409473, 73.92168 ], [ 140.507227, 73.918652 ], [ 141.010254, 73.999463 ], [ 141.046875, 74.050391 ] ] ], [ [ [ 141.931836, 73.914941 ], [ 141.681934, 73.904199 ], [ 141.311914, 73.871875 ], [ 141.189941, 73.876465 ], [ 141.084766, 73.865869 ], [ 140.983594, 73.831543 ], [ 140.883789, 73.777539 ], [ 140.697461, 73.62915 ], [ 140.593555, 73.564551 ], [ 140.380664, 73.483008 ], [ 140.155176, 73.45752 ], [ 139.920117, 73.448584 ], [ 139.685547, 73.425732 ], [ 139.785547, 73.355225 ], [ 139.925098, 73.355225 ], [ 140.026953, 73.361426 ], [ 140.39248, 73.435352 ], [ 140.662793, 73.452002 ], [ 140.754004, 73.446045 ], [ 141.182715, 73.389209 ], [ 141.59668, 73.31084 ], [ 142.126367, 73.281689 ], [ 142.342188, 73.252881 ], [ 142.586914, 73.25332 ], [ 142.841602, 73.244824 ], [ 143.193262, 73.220752 ], [ 143.451465, 73.231299 ], [ 143.491309, 73.246436 ], [ 143.463965, 73.458887 ], [ 143.410742, 73.52085 ], [ 143.34375, 73.56875 ], [ 142.63916, 73.803076 ], [ 142.435059, 73.851562 ], [ 142.184863, 73.895898 ], [ 141.931836, 73.914941 ] ] ], [ [ [ 136.020508, 75.438379 ], [ 135.965137, 75.486133 ], [ 135.983398, 75.521924 ], [ 136.168945, 75.605566 ], [ 136.127344, 75.625586 ], [ 135.904785, 75.694385 ], [ 135.849219, 75.729248 ], [ 135.788281, 75.798486 ], [ 135.698633, 75.845264 ], [ 135.613867, 75.766309 ], [ 135.578418, 75.709961 ], [ 135.56123, 75.636475 ], [ 135.592676, 75.576465 ], [ 135.523438, 75.49585 ], [ 135.473047, 75.463232 ], [ 135.451953, 75.389551 ], [ 135.745898, 75.381982 ], [ 135.948633, 75.40957 ], [ 136.020508, 75.438379 ] ] ], [ [ [ 136.25918, 73.984961 ], [ 136.036816, 74.090332 ], [ 135.62832, 74.219922 ], [ 135.387012, 74.253369 ], [ 135.402441, 74.201709 ], [ 135.448633, 74.179688 ], [ 135.633398, 74.121436 ], [ 135.714551, 74.059521 ], [ 136.051465, 73.929102 ], [ 136.12168, 73.88501 ], [ 136.197461, 73.913623 ], [ 136.25918, 73.984961 ] ] ], [ [ [ 137.910449, 55.110059 ], [ 137.577344, 55.197021 ], [ 137.543652, 55.163086 ], [ 137.435547, 55.016016 ], [ 137.384375, 55.000684 ], [ 137.275195, 54.891016 ], [ 137.23291, 54.790576 ], [ 137.276074, 54.792383 ], [ 137.462695, 54.873389 ], [ 137.525586, 54.82583 ], [ 137.661133, 54.653271 ], [ 137.721484, 54.663232 ], [ 137.790234, 54.696924 ], [ 137.870117, 54.749561 ], [ 137.959473, 54.789014 ], [ 137.991211, 54.820703 ], [ 138.016602, 54.900879 ], [ 138.096484, 54.990918 ], [ 138.206152, 55.033545 ], [ 138.17207, 55.060059 ], [ 138.03125, 55.05332 ], [ 137.940527, 55.092627 ], [ 137.910449, 55.110059 ] ] ], [ [ [ 169.245801, 69.601123 ], [ 169.263379, 69.628711 ], [ 169.299121, 69.734766 ], [ 169.332422, 69.76958 ], [ 169.418164, 69.779199 ], [ 169.433594, 69.832178 ], [ 169.420703, 69.856055 ], [ 169.374805, 69.882617 ], [ 168.35791, 70.015674 ], [ 168.196289, 70.008398 ], [ 168.05957, 69.974902 ], [ 167.864746, 69.901074 ], [ 167.813965, 69.873047 ], [ 167.788867, 69.836865 ], [ 167.821289, 69.819629 ], [ 167.992676, 69.77583 ], [ 168.144336, 69.71333 ], [ 168.348047, 69.664355 ], [ 168.915723, 69.571436 ], [ 169.200781, 69.580469 ], [ 169.245801, 69.601123 ] ] ], [ [ [ 163.960059, 58.74375 ], [ 164.278809, 58.838086 ], [ 164.615723, 58.885596 ], [ 164.661621, 58.970752 ], [ 164.629297, 59.112207 ], [ 164.572656, 59.221143 ], [ 164.517383, 59.226758 ], [ 164.202148, 59.096191 ], [ 163.760938, 59.015039 ], [ 163.766602, 58.972363 ], [ 163.784473, 58.929736 ], [ 163.726562, 58.798535 ], [ 163.576758, 58.640869 ], [ 163.427246, 58.578955 ], [ 163.431836, 58.546143 ], [ 163.447266, 58.524658 ], [ 163.471387, 58.509375 ], [ 163.635156, 58.603369 ], [ 163.960059, 58.74375 ] ] ], [ [ [ 166.577344, 54.907715 ], [ 166.479492, 54.949902 ], [ 166.404297, 55.005615 ], [ 166.248047, 55.16543 ], [ 166.22998, 55.242334 ], [ 166.275781, 55.311963 ], [ 166.211914, 55.323975 ], [ 165.93125, 55.351465 ], [ 165.830469, 55.306934 ], [ 165.751074, 55.294531 ], [ 165.991895, 55.190479 ], [ 166.066309, 55.135693 ], [ 166.082324, 55.076563 ], [ 166.119727, 55.030371 ], [ 166.229883, 54.936523 ], [ 166.324805, 54.864551 ], [ 166.381738, 54.838086 ], [ 166.463672, 54.826855 ], [ 166.521289, 54.767627 ], [ 166.645117, 54.694092 ], [ 166.650293, 54.839062 ], [ 166.577344, 54.907715 ] ] ], [ [ [ 154.829883, 49.3479 ], [ 154.802344, 49.468262 ], [ 154.883301, 49.566406 ], [ 154.899609, 49.630371 ], [ 154.824902, 49.646924 ], [ 154.612988, 49.380615 ], [ 154.610938, 49.294043 ], [ 154.714844, 49.267676 ], [ 154.810449, 49.312012 ], [ 154.829883, 49.3479 ] ] ], [ [ [ 156.483105, 50.751221 ], [ 156.4875, 50.842969 ], [ 156.455859, 50.85957 ], [ 156.376465, 50.862109 ], [ 156.213086, 50.784717 ], [ 156.167969, 50.731885 ], [ 156.196289, 50.702148 ], [ 156.325781, 50.639062 ], [ 156.36543, 50.633789 ], [ 156.405078, 50.657617 ], [ 156.483105, 50.751221 ] ] ], [ [ [ 156.044434, 50.451758 ], [ 156.100586, 50.559277 ], [ 156.122852, 50.671289 ], [ 156.096875, 50.771875 ], [ 156.00166, 50.756934 ], [ 155.884766, 50.684131 ], [ 155.772754, 50.482422 ], [ 155.680176, 50.400732 ], [ 155.433887, 50.368945 ], [ 155.326758, 50.293262 ], [ 155.218359, 50.297852 ], [ 155.195117, 50.264551 ], [ 155.243066, 50.212793 ], [ 155.243066, 50.094629 ], [ 155.288672, 50.061182 ], [ 155.397168, 50.04126 ], [ 155.448926, 50.077783 ], [ 155.516406, 50.145605 ], [ 155.60752, 50.177246 ], [ 155.792383, 50.202051 ], [ 155.921094, 50.302197 ], [ 156.044434, 50.451758 ] ] ], [ [ [ 154.204688, 48.857178 ], [ 154.228418, 48.89209 ], [ 154.199023, 48.904932 ], [ 154.126367, 48.904443 ], [ 154.091699, 48.832129 ], [ 153.992285, 48.77251 ], [ 154.000684, 48.755713 ], [ 154.042969, 48.73877 ], [ 154.08125, 48.790283 ], [ 154.204688, 48.857178 ] ] ], [ [ [ 155.653613, 50.845361 ], [ 155.639648, 50.910498 ], [ 155.568555, 50.934473 ], [ 155.467383, 50.913574 ], [ 155.483496, 50.869629 ], [ 155.512793, 50.837305 ], [ 155.553516, 50.810596 ], [ 155.644824, 50.821924 ], [ 155.653613, 50.845361 ] ] ], [ [ [ 153.079199, 47.80874 ], [ 153.049121, 47.797021 ], [ 152.984277, 47.72793 ], [ 153.004102, 47.713477 ], [ 153.053809, 47.706104 ], [ 153.101074, 47.762939 ], [ 153.079199, 47.80874 ] ] ], [ [ [ 152.288867, 47.142187 ], [ 152.234668, 47.143408 ], [ 152.16582, 47.110449 ], [ 152.039844, 47.01499 ], [ 151.864355, 46.868994 ], [ 151.715332, 46.852686 ], [ 151.723438, 46.828809 ], [ 151.754102, 46.78833 ], [ 151.815625, 46.787109 ], [ 152.002051, 46.897168 ], [ 152.288867, 47.142187 ] ] ], [ [ [ 149.883398, 45.783154 ], [ 149.954102, 45.822461 ], [ 150.056641, 45.849365 ], [ 150.19502, 45.933203 ], [ 150.23457, 46.012305 ], [ 150.553125, 46.208545 ], [ 150.348633, 46.213428 ], [ 150.308789, 46.200342 ], [ 149.962305, 46.021924 ], [ 149.796289, 45.876074 ], [ 149.665918, 45.839795 ], [ 149.44707, 45.593359 ], [ 149.538867, 45.591357 ], [ 149.687695, 45.642041 ], [ 149.883398, 45.783154 ] ] ], [ [ [ 148.790723, 45.323975 ], [ 148.837109, 45.362695 ], [ 148.803027, 45.413525 ], [ 148.825391, 45.455908 ], [ 148.826172, 45.486084 ], [ 148.812207, 45.51001 ], [ 148.772656, 45.526465 ], [ 148.706641, 45.520654 ], [ 148.612305, 45.484668 ], [ 148.324219, 45.282422 ], [ 148.130078, 45.258203 ], [ 148.056055, 45.262109 ], [ 147.964551, 45.377734 ], [ 147.924023, 45.383301 ], [ 147.872656, 45.300293 ], [ 147.885547, 45.225635 ], [ 147.769434, 45.190723 ], [ 147.65791, 45.093018 ], [ 147.557813, 45.062451 ], [ 147.430469, 44.945215 ], [ 147.246582, 44.856055 ], [ 147.154785, 44.766211 ], [ 147.140918, 44.66333 ], [ 146.974219, 44.565723 ], [ 146.933496, 44.513086 ], [ 146.897461, 44.404297 ], [ 147.098438, 44.53125 ], [ 147.207422, 44.553564 ], [ 147.310156, 44.677637 ], [ 147.563086, 44.835547 ], [ 147.60957, 44.886572 ], [ 147.621875, 44.944727 ], [ 147.657813, 44.977148 ], [ 147.784082, 44.958594 ], [ 147.91377, 44.990381 ], [ 148.005273, 45.070166 ], [ 148.262305, 45.216846 ], [ 148.414648, 45.247168 ], [ 148.599512, 45.317627 ], [ 148.790723, 45.323975 ] ] ], [ [ [ 146.899023, 43.80415 ], [ 146.884082, 43.82915 ], [ 146.824609, 43.860498 ], [ 146.621973, 43.812988 ], [ 146.613477, 43.797021 ], [ 146.608594, 43.740479 ], [ 146.683008, 43.716357 ], [ 146.713965, 43.743799 ], [ 146.899023, 43.80415 ] ] ], [ [ [ 146.112109, 44.500146 ], [ 145.94043, 44.272656 ], [ 145.890234, 44.248584 ], [ 145.851953, 44.193018 ], [ 145.77334, 44.129004 ], [ 145.74834, 44.071533 ], [ 145.666309, 43.999072 ], [ 145.461719, 43.870898 ], [ 145.426172, 43.810352 ], [ 145.439258, 43.737061 ], [ 145.555859, 43.6646 ], [ 145.586816, 43.845117 ], [ 145.766992, 43.940723 ], [ 145.887305, 44.047754 ], [ 145.914062, 44.103711 ], [ 146.112305, 44.245947 ], [ 146.172949, 44.268652 ], [ 146.296191, 44.280957 ], [ 146.436523, 44.375684 ], [ 146.516211, 44.374658 ], [ 146.567773, 44.44043 ], [ 146.355957, 44.424609 ], [ 146.207617, 44.497656 ], [ 146.112109, 44.500146 ] ] ], [ [ [ 113.28623, 74.441016 ], [ 112.951758, 74.47959 ], [ 112.084473, 74.548975 ], [ 112.007617, 74.526758 ], [ 111.989355, 74.49624 ], [ 111.982813, 74.456299 ], [ 111.949219, 74.38877 ], [ 111.879785, 74.363818 ], [ 111.6375, 74.374316 ], [ 111.570117, 74.368311 ], [ 111.503418, 74.353076 ], [ 111.642969, 74.272949 ], [ 111.912109, 74.219238 ], [ 112.105078, 74.163232 ], [ 112.195801, 74.14624 ], [ 112.782422, 74.095068 ], [ 112.811328, 74.10293 ], [ 112.977637, 74.196826 ], [ 113.190234, 74.239307 ], [ 113.258887, 74.272705 ], [ 113.299219, 74.317139 ], [ 113.353125, 74.352979 ], [ 113.387207, 74.400439 ], [ 113.28623, 74.441016 ] ] ], [ [ [ 76.148438, 79.664453 ], [ 76.051562, 79.644727 ], [ 76.071875, 79.625635 ], [ 76.153711, 79.57876 ], [ 76.457617, 79.545459 ], [ 76.636523, 79.544434 ], [ 76.649512, 79.493408 ], [ 76.810156, 79.489502 ], [ 77.588965, 79.501904 ], [ 77.549316, 79.524414 ], [ 77.360156, 79.556836 ], [ 76.467383, 79.643164 ], [ 76.372559, 79.615234 ], [ 76.248926, 79.651074 ], [ 76.148438, 79.664453 ] ] ], [ [ [ 80.344824, 80.86792 ], [ 80.37334, 80.882617 ], [ 80.42793, 80.927686 ], [ 80.27959, 80.949805 ], [ 79.806641, 80.975391 ], [ 79.217383, 80.960352 ], [ 79.109863, 80.923584 ], [ 78.977637, 80.848242 ], [ 79.006836, 80.834814 ], [ 79.098535, 80.812061 ], [ 80.02666, 80.848145 ], [ 80.344824, 80.86792 ] ] ], [ [ [ 70.886719, 73.119629 ], [ 71.355664, 73.162451 ], [ 71.626172, 73.173975 ], [ 71.630469, 73.224805 ], [ 71.589551, 73.283154 ], [ 71.444922, 73.34209 ], [ 71.351172, 73.372217 ], [ 71.231641, 73.447754 ], [ 71.141211, 73.477979 ], [ 71.023242, 73.504199 ], [ 70.940234, 73.514404 ], [ 70.35, 73.477637 ], [ 70.149609, 73.444727 ], [ 69.995898, 73.359375 ], [ 70.01875, 73.224316 ], [ 69.985645, 73.169238 ], [ 69.930371, 73.126611 ], [ 69.920117, 73.084521 ], [ 70.040723, 73.037158 ], [ 70.118652, 73.056299 ], [ 70.29834, 73.044482 ], [ 70.380371, 73.048096 ], [ 70.673926, 73.09502 ], [ 70.886719, 73.119629 ] ] ], [ [ [ 77.780859, 72.308545 ], [ 78.007227, 72.39248 ], [ 78.154492, 72.416992 ], [ 78.365137, 72.482422 ], [ 78.35293, 72.504297 ], [ 78.279102, 72.553223 ], [ 77.748535, 72.631201 ], [ 77.578711, 72.630859 ], [ 77.377832, 72.565283 ], [ 77.260449, 72.486133 ], [ 77.149512, 72.439209 ], [ 76.903125, 72.365576 ], [ 76.871094, 72.317041 ], [ 76.905957, 72.297656 ], [ 77.145605, 72.281885 ], [ 77.63252, 72.29126 ], [ 77.780859, 72.308545 ] ] ], [ [ [ 79.537891, 72.769336 ], [ 79.541309, 72.918652 ], [ 79.4125, 72.983105 ], [ 79.356543, 73.038623 ], [ 79.164258, 73.094336 ], [ 78.656836, 72.892285 ], [ 78.633203, 72.850732 ], [ 78.690234, 72.803418 ], [ 78.880566, 72.751611 ], [ 79.430664, 72.710693 ], [ 79.501465, 72.721924 ], [ 79.537891, 72.769336 ] ] ], [ [ [ 82.165625, 75.515625 ], [ 82.021875, 75.513477 ], [ 81.912793, 75.497705 ], [ 81.909766, 75.46001 ], [ 81.926562, 75.409961 ], [ 81.842188, 75.407031 ], [ 81.712109, 75.451416 ], [ 81.500586, 75.36792 ], [ 81.532129, 75.339551 ], [ 81.579297, 75.330957 ], [ 81.654785, 75.288916 ], [ 81.697656, 75.280518 ], [ 81.860547, 75.316504 ], [ 81.905078, 75.262793 ], [ 81.978516, 75.247119 ], [ 82.050098, 75.340967 ], [ 82.179297, 75.338965 ], [ 82.221582, 75.350537 ], [ 82.208789, 75.386963 ], [ 82.172363, 75.419385 ], [ 82.165625, 75.515625 ] ] ], [ [ [ 60.392578, 69.962402 ], [ 60.172266, 70.022852 ], [ 59.955859, 70.10835 ], [ 59.636328, 70.197021 ], [ 59.529102, 70.248975 ], [ 59.425977, 70.310937 ], [ 59.309863, 70.36167 ], [ 59.088281, 70.437109 ], [ 59.048047, 70.460498 ], [ 59.005273, 70.465186 ], [ 58.794238, 70.432959 ], [ 58.678027, 70.35957 ], [ 58.615332, 70.35083 ], [ 58.519922, 70.318311 ], [ 58.473047, 70.266846 ], [ 58.568066, 70.155664 ], [ 58.605566, 70.129199 ], [ 58.63418, 70.088037 ], [ 58.680078, 70.051025 ], [ 58.952734, 69.892773 ], [ 59.004004, 69.883301 ], [ 59.08252, 69.910791 ], [ 59.144238, 69.921924 ], [ 59.268359, 69.898438 ], [ 59.381543, 69.89043 ], [ 59.502637, 69.866211 ], [ 59.58125, 69.790869 ], [ 59.578223, 69.738623 ], [ 59.637012, 69.721045 ], [ 59.724609, 69.706201 ], [ 59.812793, 69.695654 ], [ 59.919531, 69.696973 ], [ 60.026172, 69.717041 ], [ 60.215918, 69.687695 ], [ 60.327148, 69.715283 ], [ 60.440234, 69.725928 ], [ 60.477246, 69.793701 ], [ 60.480664, 69.885498 ], [ 60.450488, 69.934863 ], [ 60.392578, 69.962402 ] ] ], [ [ [ 20.899805, 55.28667 ], [ 20.845703, 55.232031 ], [ 20.678906, 55.102637 ], [ 20.520313, 54.994873 ], [ 20.39668, 54.95127 ], [ 20.107617, 54.956494 ], [ 19.974512, 54.921191 ], [ 19.953223, 54.830469 ], [ 19.944141, 54.75 ], [ 19.858887, 54.633838 ], [ 19.758496, 54.544824 ], [ 19.604395, 54.45918 ], [ 19.644238, 54.44707 ], [ 19.924316, 54.433984 ], [ 20.208203, 54.420752 ], [ 20.664746, 54.406641 ], [ 21.140527, 54.391797 ], [ 21.63418, 54.376465 ], [ 22.168457, 54.359863 ], [ 22.731836, 54.350098 ], [ 22.766211, 54.356787 ], [ 22.724316, 54.405615 ], [ 22.679883, 54.493018 ], [ 22.684473, 54.562939 ], [ 22.709668, 54.632617 ], [ 22.83125, 54.838477 ], [ 22.824707, 54.871289 ], [ 22.736523, 54.928857 ], [ 22.627441, 54.970703 ], [ 22.567285, 55.059131 ], [ 22.346387, 55.064258 ], [ 22.137891, 55.059375 ], [ 22.072363, 55.063672 ], [ 21.873926, 55.100732 ], [ 21.682715, 55.160352 ], [ 21.554688, 55.195312 ], [ 21.44707, 55.234424 ], [ 21.389258, 55.275537 ], [ 21.297559, 55.264453 ], [ 21.235742, 55.264111 ], [ 21.222852, 55.107764 ], [ 21.188867, 54.935205 ], [ 20.995898, 54.902686 ], [ 20.8875, 54.909473 ], [ 20.774023, 54.947021 ], [ 20.677734, 54.955664 ], [ 20.594824, 54.982373 ], [ 20.859375, 55.183643 ], [ 20.957813, 55.278906 ], [ 20.899805, 55.28667 ] ] ], [ [ [ 33.636719, 46.032861 ], [ 33.664844, 45.94707 ], [ 33.466211, 45.837939 ], [ 33.280078, 45.765234 ], [ 33.142285, 45.749219 ], [ 32.828027, 45.593018 ], [ 32.508008, 45.403809 ], [ 32.551855, 45.350391 ], [ 32.611328, 45.328076 ], [ 32.772656, 45.358984 ], [ 32.918652, 45.348145 ], [ 33.186914, 45.194775 ], [ 33.261523, 45.170752 ], [ 33.39248, 45.187842 ], [ 33.555176, 45.097656 ], [ 33.601172, 44.981494 ], [ 33.612207, 44.907812 ], [ 33.530078, 44.680518 ], [ 33.491309, 44.618604 ], [ 33.462695, 44.596826 ], [ 33.450684, 44.553662 ], [ 33.655859, 44.433203 ], [ 33.755664, 44.398926 ], [ 33.909961, 44.387598 ], [ 34.074414, 44.423828 ], [ 34.281738, 44.538428 ], [ 34.469922, 44.72168 ], [ 34.716895, 44.807129 ], [ 34.887793, 44.823584 ], [ 35.087695, 44.802637 ], [ 35.154785, 44.896338 ], [ 35.357813, 44.978418 ], [ 35.472559, 45.098486 ], [ 35.569531, 45.119336 ], [ 35.677539, 45.102002 ], [ 35.759473, 45.07085 ], [ 35.803613, 45.0396 ], [ 35.870117, 45.005322 ], [ 36.054785, 45.030811 ], [ 36.229883, 45.025977 ], [ 36.393359, 45.065381 ], [ 36.428418, 45.153271 ], [ 36.450781, 45.232324 ], [ 36.514258, 45.30376 ], [ 36.575, 45.393555 ], [ 36.427051, 45.433252 ], [ 36.290332, 45.456738 ], [ 36.170508, 45.453076 ], [ 36.077148, 45.424121 ], [ 36.012891, 45.37168 ], [ 35.833496, 45.401611 ], [ 35.750977, 45.389355 ], [ 35.558008, 45.310889 ], [ 35.45752, 45.316309 ], [ 35.373926, 45.353613 ], [ 35.260156, 45.446924 ], [ 35.022852, 45.700977 ], [ 35.001674, 45.733383 ], [ 34.946428, 45.728686 ], [ 34.799726, 45.790752 ], [ 34.794084, 45.892315 ], [ 34.686878, 45.97695 ], [ 34.523249, 45.97695 ], [ 34.449898, 45.965666 ], [ 34.353978, 46.061586 ], [ 34.224203, 46.101083 ], [ 34.128283, 46.089798 ], [ 34.02672, 46.106725 ], [ 33.806667, 46.208288 ], [ 33.659965, 46.219573 ], [ 33.654323, 46.146222 ], [ 33.594141, 46.09624 ], [ 33.636719, 46.032861 ] ] ] ] } },
{ "type": "Feature", "properties": { "NAME": "Vietnam", "ADMIN": "Vietnam" }, "geometry": { "type": "MultiPolygon", "coordinates": [ [ [ [ 104.027734, 10.428369 ], [ 103.98584, 10.426953 ], [ 103.898438, 10.368506 ], [ 103.849512, 10.371094 ], [ 103.867969, 10.3354 ], [ 103.952148, 10.24292 ], [ 104.018457, 10.029199 ], [ 104.04834, 10.061035 ], [ 104.036816, 10.110742 ], [ 104.075781, 10.224854 ], [ 104.083008, 10.341113 ], [ 104.063965, 10.39082 ], [ 104.027734, 10.428369 ] ] ], [ [ [ 107.908398, 21.5604 ], [ 107.802051, 21.645166 ], [ 107.759277, 21.655029 ], [ 107.641016, 21.613916 ], [ 107.471387, 21.59834 ], [ 107.433496, 21.642285 ], [ 107.351172, 21.608887 ], [ 107.27207, 21.710645 ], [ 107.178516, 21.71709 ], [ 107.061621, 21.794189 ], [ 107.019824, 21.834863 ], [ 107.006445, 21.893408 ], [ 106.970996, 21.923926 ], [ 106.925195, 21.920117 ], [ 106.874512, 21.95127 ], [ 106.794141, 21.981982 ], [ 106.729492, 22.000342 ], [ 106.697656, 21.986182 ], [ 106.663574, 21.978906 ], [ 106.657715, 22.018213 ], [ 106.660059, 22.136475 ], [ 106.654199, 22.241455 ], [ 106.636523, 22.288623 ], [ 106.593164, 22.324512 ], [ 106.553613, 22.341699 ], [ 106.536328, 22.39541 ], [ 106.550391, 22.501367 ], [ 106.582422, 22.573242 ], [ 106.633105, 22.586035 ], [ 106.701563, 22.637744 ], [ 106.736328, 22.710938 ], [ 106.780273, 22.778906 ], [ 106.624023, 22.874268 ], [ 106.541797, 22.90835 ], [ 106.450879, 22.893896 ], [ 106.338086, 22.863477 ], [ 106.279004, 22.857471 ], [ 106.249414, 22.869434 ], [ 106.183984, 22.955127 ], [ 106.148438, 22.970068 ], [ 106.068457, 22.975537 ], [ 106.000977, 22.974756 ], [ 105.962305, 22.937451 ], [ 105.902637, 22.924951 ], [ 105.842969, 22.922803 ], [ 105.782324, 22.969336 ], [ 105.691211, 23.029932 ], [ 105.548145, 23.072656 ], [ 105.530859, 23.121973 ], [ 105.494531, 23.180859 ], [ 105.440137, 23.235352 ], [ 105.350488, 23.307666 ], [ 105.275391, 23.345215 ], [ 105.23877, 23.322119 ], [ 105.189063, 23.281055 ], [ 104.995703, 23.194336 ], [ 104.910156, 23.160547 ], [ 104.864746, 23.136377 ], [ 104.826563, 23.100195 ], [ 104.814746, 23.010791 ], [ 104.795703, 22.911133 ], [ 104.740039, 22.860498 ], [ 104.687305, 22.822217 ], [ 104.631738, 22.818213 ], [ 104.577539, 22.82002 ], [ 104.526855, 22.804102 ], [ 104.371777, 22.704053 ], [ 104.29834, 22.712012 ], [ 104.238281, 22.768506 ], [ 104.2125, 22.809424 ], [ 104.143066, 22.800146 ], [ 104.053906, 22.752295 ], [ 104.012695, 22.666357 ], [ 103.99082, 22.586133 ], [ 103.971387, 22.550488 ], [ 103.941504, 22.540088 ], [ 103.915039, 22.538232 ], [ 103.637305, 22.77002 ], [ 103.620215, 22.782031 ], [ 103.570703, 22.734424 ], [ 103.525391, 22.611572 ], [ 103.492969, 22.587988 ], [ 103.470996, 22.597412 ], [ 103.356055, 22.754688 ], [ 103.32666, 22.769775 ], [ 103.300586, 22.764404 ], [ 103.266309, 22.713525 ], [ 103.193359, 22.638525 ], [ 103.137598, 22.592969 ], [ 103.136328, 22.542236 ], [ 103.075879, 22.49751 ], [ 103.005371, 22.452979 ], [ 102.981934, 22.448242 ], [ 102.935156, 22.466162 ], [ 102.874219, 22.525391 ], [ 102.830078, 22.587158 ], [ 102.720996, 22.648486 ], [ 102.598535, 22.700391 ], [ 102.517188, 22.741016 ], [ 102.470898, 22.750928 ], [ 102.42793, 22.732812 ], [ 102.406445, 22.708008 ], [ 102.375781, 22.646631 ], [ 102.302246, 22.545996 ], [ 102.237012, 22.466016 ], [ 102.175977, 22.414648 ], [ 102.127441, 22.379199 ], [ 102.183008, 22.284033 ], [ 102.301367, 22.178174 ], [ 102.442676, 22.027148 ], [ 102.4875, 21.957764 ], [ 102.58252, 21.904297 ], [ 102.609668, 21.851758 ], [ 102.63125, 21.771338 ], [ 102.64082, 21.711426 ], [ 102.662012, 21.676025 ], [ 102.695312, 21.662109 ], [ 102.738574, 21.67793 ], [ 102.771094, 21.709668 ], [ 102.798242, 21.797949 ], [ 102.815918, 21.807373 ], [ 102.845215, 21.734766 ], [ 102.876172, 21.722266 ], [ 102.917676, 21.712939 ], [ 102.949609, 21.681348 ], [ 102.95918, 21.626221 ], [ 102.948633, 21.569775 ], [ 102.90957, 21.506348 ], [ 102.8875, 21.439941 ], [ 102.872266, 21.3375 ], [ 102.851172, 21.265918 ], [ 102.883789, 21.202588 ], [ 103.104492, 20.89165 ], [ 103.210742, 20.840625 ], [ 103.463574, 20.779834 ], [ 103.554688, 20.737842 ], [ 103.635059, 20.69707 ], [ 103.714453, 20.716943 ], [ 103.790527, 20.809521 ], [ 103.882031, 20.861426 ], [ 104.052051, 20.941211 ], [ 104.101367, 20.945508 ], [ 104.195312, 20.913965 ], [ 104.349609, 20.821094 ], [ 104.461426, 20.73374 ], [ 104.530371, 20.687988 ], [ 104.583203, 20.64668 ], [ 104.575195, 20.600244 ], [ 104.532715, 20.554883 ], [ 104.478613, 20.52959 ], [ 104.407813, 20.485742 ], [ 104.367773, 20.441406 ], [ 104.392188, 20.424756 ], [ 104.496191, 20.413672 ], [ 104.618848, 20.374512 ], [ 104.656445, 20.328516 ], [ 104.661914, 20.289014 ], [ 104.676953, 20.224707 ], [ 104.69873, 20.205322 ], [ 104.812695, 20.216846 ], [ 104.847852, 20.202441 ], [ 104.888672, 20.169092 ], [ 104.929199, 20.082813 ], [ 104.92793, 20.018115 ], [ 104.845801, 19.947168 ], [ 104.815137, 19.904004 ], [ 104.801758, 19.836133 ], [ 104.743164, 19.754736 ], [ 104.587891, 19.61875 ], [ 104.546289, 19.610547 ], [ 104.259863, 19.685498 ], [ 104.127148, 19.680859 ], [ 104.062793, 19.678418 ], [ 104.032031, 19.675146 ], [ 104.013477, 19.646484 ], [ 104.051562, 19.56416 ], [ 104.062891, 19.482568 ], [ 104.027539, 19.420459 ], [ 103.932031, 19.366064 ], [ 103.896387, 19.33999 ], [ 103.891602, 19.30498 ], [ 103.918359, 19.268506 ], [ 104.006348, 19.230908 ], [ 104.108594, 19.195557 ], [ 104.445801, 18.983838 ], [ 104.517969, 18.934082 ], [ 104.613281, 18.860645 ], [ 104.716504, 18.803418 ], [ 104.993164, 18.72832 ], [ 105.115137, 18.678857 ], [ 105.146484, 18.650977 ], [ 105.14541, 18.616797 ], [ 105.113477, 18.573047 ], [ 105.087012, 18.49624 ], [ 105.08584, 18.450098 ], [ 105.114551, 18.405273 ], [ 105.163281, 18.338721 ], [ 105.273242, 18.235352 ], [ 105.333496, 18.189648 ], [ 105.4, 18.179248 ], [ 105.458203, 18.154297 ], [ 105.518555, 18.077441 ], [ 105.588477, 17.983691 ], [ 105.597656, 17.918262 ], [ 105.627246, 17.834424 ], [ 105.691406, 17.737842 ], [ 105.779492, 17.644434 ], [ 105.902734, 17.528662 ], [ 105.973535, 17.446973 ], [ 106.00625, 17.415283 ], [ 106.269531, 17.216797 ], [ 106.333398, 17.143701 ], [ 106.425977, 17.002539 ], [ 106.465332, 16.981836 ], [ 106.502246, 16.954102 ], [ 106.525977, 16.876611 ], [ 106.533691, 16.821045 ], [ 106.546191, 16.650732 ], [ 106.593652, 16.600098 ], [ 106.6375, 16.537939 ], [ 106.656445, 16.492627 ], [ 106.696094, 16.458984 ], [ 106.739551, 16.452539 ], [ 106.791602, 16.490332 ], [ 106.832422, 16.52627 ], [ 106.851074, 16.515625 ], [ 106.892773, 16.396533 ], [ 106.930664, 16.353125 ], [ 107.001953, 16.311816 ], [ 107.069727, 16.279834 ], [ 107.217383, 16.136328 ], [ 107.296484, 16.084033 ], [ 107.350098, 16.067383 ], [ 107.396387, 16.043018 ], [ 107.410156, 15.997852 ], [ 107.391992, 15.95166 ], [ 107.360645, 15.921729 ], [ 107.188867, 15.838623 ], [ 107.165918, 15.80249 ], [ 107.189551, 15.747266 ], [ 107.232617, 15.678076 ], [ 107.279395, 15.618701 ], [ 107.33877, 15.560498 ], [ 107.45957, 15.46582 ], [ 107.564258, 15.391602 ], [ 107.62168, 15.309863 ], [ 107.653125, 15.255225 ], [ 107.633691, 15.189844 ], [ 107.589648, 15.118457 ], [ 107.555273, 15.057031 ], [ 107.496289, 15.021436 ], [ 107.480371, 14.979883 ], [ 107.504687, 14.915918 ], [ 107.524512, 14.871826 ], [ 107.51377, 14.817383 ], [ 107.519434, 14.705078 ], [ 107.535254, 14.649951 ], [ 107.493164, 14.545752 ], [ 107.448438, 14.451221 ], [ 107.364453, 14.368701 ], [ 107.360352, 14.307861 ], [ 107.331445, 14.126611 ], [ 107.342578, 14.068896 ], [ 107.362109, 14.019482 ], [ 107.389453, 13.993018 ], [ 107.462305, 13.815625 ], [ 107.528613, 13.654199 ], [ 107.593945, 13.52168 ], [ 107.605469, 13.437793 ], [ 107.545508, 13.225439 ], [ 107.475391, 13.030371 ], [ 107.481543, 12.933105 ], [ 107.511523, 12.835742 ], [ 107.543555, 12.705908 ], [ 107.555469, 12.53999 ], [ 107.538086, 12.431787 ], [ 107.506445, 12.364551 ], [ 107.445996, 12.295703 ], [ 107.393359, 12.260498 ], [ 107.330078, 12.319043 ], [ 107.279688, 12.321582 ], [ 107.212109, 12.304004 ], [ 107.158984, 12.277051 ], [ 107.050684, 12.175879 ], [ 106.930664, 12.07749 ], [ 106.764648, 12.052344 ], [ 106.700098, 11.979297 ], [ 106.630957, 11.969189 ], [ 106.499609, 11.965527 ], [ 106.413867, 11.948437 ], [ 106.417773, 11.911719 ], [ 106.410742, 11.738379 ], [ 106.4125, 11.697803 ], [ 106.399219, 11.687012 ], [ 106.339844, 11.681836 ], [ 106.23916, 11.70835 ], [ 106.10293, 11.75127 ], [ 106.006055, 11.758008 ], [ 105.95625, 11.682471 ], [ 105.926562, 11.65293 ], [ 105.889844, 11.648389 ], [ 105.851465, 11.63501 ], [ 105.838477, 11.601318 ], [ 105.835352, 11.559131 ], [ 105.854004, 11.487061 ], [ 105.860938, 11.372412 ], [ 105.856055, 11.294287 ], [ 105.891602, 11.244824 ], [ 106.099512, 11.078662 ], [ 106.160937, 11.037109 ], [ 106.167969, 11.012305 ], [ 106.131543, 10.921973 ], [ 106.163965, 10.794922 ], [ 106.098828, 10.797266 ], [ 105.990137, 10.851807 ], [ 105.938184, 10.885156 ], [ 105.875195, 10.858496 ], [ 105.85332, 10.863574 ], [ 105.810742, 10.926074 ], [ 105.755078, 10.98999 ], [ 105.697754, 10.994043 ], [ 105.576563, 10.968896 ], [ 105.452734, 10.951416 ], [ 105.405762, 10.951611 ], [ 105.386523, 10.940088 ], [ 105.314648, 10.845166 ], [ 105.284277, 10.861475 ], [ 105.159473, 10.897559 ], [ 105.045703, 10.911377 ], [ 105.022266, 10.886865 ], [ 105.036133, 10.809375 ], [ 105.061133, 10.733789 ], [ 105.046387, 10.70166 ], [ 104.983887, 10.661914 ], [ 104.90127, 10.590234 ], [ 104.850586, 10.534473 ], [ 104.81543, 10.520801 ], [ 104.689648, 10.523242 ], [ 104.564258, 10.515967 ], [ 104.514063, 10.46333 ], [ 104.466992, 10.422363 ], [ 104.426367, 10.41123 ], [ 104.516113, 10.33999 ], [ 104.594043, 10.266895 ], [ 104.612695, 10.207666 ], [ 104.663477, 10.169922 ], [ 104.747656, 10.199121 ], [ 104.801953, 10.202734 ], [ 104.873242, 10.114795 ], [ 104.96582, 10.100586 ], [ 105.027832, 10.067432 ], [ 105.084473, 9.995703 ], [ 105.094922, 9.945264 ], [ 105.092578, 9.900977 ], [ 104.987109, 9.868652 ], [ 104.903223, 9.81626 ], [ 104.845215, 9.606152 ], [ 104.814648, 9.185498 ], [ 104.818555, 8.801855 ], [ 104.896289, 8.746631 ], [ 104.77041, 8.597656 ], [ 104.891895, 8.583252 ], [ 105.114355, 8.629199 ], [ 105.191211, 8.711328 ], [ 105.322266, 8.801123 ], [ 105.401367, 8.962402 ], [ 105.500977, 9.093213 ], [ 106.168359, 9.396729 ], [ 106.192578, 9.447803 ], [ 106.206152, 9.502344 ], [ 106.158594, 9.594141 ], [ 106.1125, 9.673584 ], [ 105.830957, 10.000732 ], [ 105.925684, 9.961719 ], [ 106.204004, 9.675439 ], [ 106.378027, 9.556104 ], [ 106.484082, 9.559424 ], [ 106.53916, 9.603564 ], [ 106.572461, 9.641113 ], [ 106.564355, 9.715625 ], [ 106.507422, 9.82124 ], [ 106.183594, 10.14209 ], [ 106.136426, 10.22168 ], [ 106.449121, 9.939648 ], [ 106.557324, 9.868066 ], [ 106.595605, 9.859863 ], [ 106.656836, 9.901074 ], [ 106.658105, 9.94873 ], [ 106.65918, 9.991406 ], [ 106.71416, 10.060205 ], [ 106.785254, 10.116455 ], [ 106.785254, 10.151172 ], [ 106.729004, 10.193311 ], [ 106.602441, 10.231738 ], [ 106.464063, 10.298291 ], [ 106.491699, 10.304102 ], [ 106.643555, 10.288916 ], [ 106.757422, 10.295801 ], [ 106.77627, 10.338965 ], [ 106.777539, 10.376123 ], [ 106.741211, 10.444385 ], [ 106.698438, 10.462061 ], [ 106.643066, 10.45625 ], [ 106.605859, 10.464941 ], [ 106.727344, 10.535645 ], [ 106.812695, 10.433301 ], [ 106.902051, 10.382812 ], [ 106.947461, 10.400342 ], [ 106.966113, 10.440723 ], [ 106.983691, 10.618311 ], [ 107.006641, 10.660547 ], [ 107.020703, 10.630957 ], [ 107.035742, 10.556299 ], [ 107.087793, 10.49834 ], [ 107.194141, 10.471582 ], [ 107.235059, 10.419873 ], [ 107.261523, 10.398389 ], [ 107.384473, 10.458643 ], [ 107.470313, 10.48584 ], [ 107.564453, 10.555469 ], [ 107.845117, 10.700098 ], [ 108.001367, 10.720361 ], [ 108.094922, 10.897266 ], [ 108.176172, 10.920166 ], [ 108.27168, 10.934277 ], [ 108.418555, 11.040723 ], [ 108.55127, 11.155957 ], [ 108.700293, 11.199268 ], [ 108.820801, 11.31543 ], [ 108.986719, 11.336377 ], [ 109.018457, 11.468359 ], [ 109.039648, 11.592676 ], [ 109.13252, 11.601074 ], [ 109.173242, 11.664746 ], [ 109.198633, 11.724854 ], [ 109.192676, 11.773438 ], [ 109.15752, 11.837109 ], [ 109.167285, 11.912012 ], [ 109.199902, 11.972461 ], [ 109.199121, 11.999023 ], [ 109.214551, 12.010449 ], [ 109.220215, 11.958838 ], [ 109.247266, 11.908691 ], [ 109.25918, 11.954541 ], [ 109.25625, 11.992871 ], [ 109.215723, 12.0729 ], [ 109.206836, 12.415381 ], [ 109.304688, 12.391162 ], [ 109.218945, 12.645801 ], [ 109.274023, 12.709033 ], [ 109.335547, 12.751904 ], [ 109.381445, 12.670752 ], [ 109.444922, 12.599609 ], [ 109.42002, 12.719043 ], [ 109.423926, 12.955957 ], [ 109.376758, 13.025488 ], [ 109.30957, 13.219189 ], [ 109.271875, 13.279346 ], [ 109.288086, 13.450781 ], [ 109.252051, 13.590527 ], [ 109.24707, 13.854736 ], [ 109.288086, 13.765039 ], [ 109.30332, 13.856445 ], [ 109.244629, 14.053418 ], [ 109.223926, 14.09668 ], [ 109.207324, 14.154297 ], [ 109.191406, 14.270459 ], [ 109.137305, 14.384131 ], [ 109.087012, 14.552588 ], [ 109.084863, 14.716162 ], [ 109.022461, 14.802832 ], [ 108.939941, 15.001465 ], [ 108.898242, 15.180518 ], [ 108.821289, 15.37793 ], [ 108.742773, 15.426611 ], [ 108.674219, 15.483594 ], [ 108.577832, 15.584717 ], [ 108.447461, 15.762695 ], [ 108.395312, 15.872461 ], [ 108.286035, 15.989063 ], [ 108.274023, 16.029053 ], [ 108.267383, 16.089795 ], [ 108.24082, 16.100781 ], [ 108.208984, 16.091064 ], [ 108.169727, 16.163672 ], [ 108.087988, 16.242725 ], [ 108.029395, 16.331104 ], [ 107.990723, 16.337109 ], [ 107.936328, 16.329395 ], [ 107.882031, 16.309619 ], [ 107.833789, 16.322461 ], [ 107.803125, 16.403076 ], [ 107.724121, 16.487842 ], [ 107.593457, 16.568066 ], [ 107.54082, 16.608643 ], [ 107.549316, 16.642578 ], [ 107.355078, 16.79375 ], [ 107.180371, 16.897949 ], [ 107.119922, 17.055518 ], [ 106.926172, 17.221387 ], [ 106.735742, 17.367188 ], [ 106.516797, 17.662793 ], [ 106.370508, 17.746875 ], [ 106.355859, 17.765039 ], [ 106.478906, 17.71958 ], [ 106.459375, 17.873682 ], [ 106.499023, 17.946436 ], [ 106.411914, 18.053174 ], [ 106.239551, 18.220703 ], [ 106.144531, 18.259424 ], [ 106.065625, 18.316357 ], [ 105.888281, 18.50249 ], [ 105.839258, 18.57417 ], [ 105.808203, 18.64585 ], [ 105.744238, 18.746289 ], [ 105.732031, 18.779297 ], [ 105.621777, 18.966309 ], [ 105.639063, 19.057178 ], [ 105.716406, 19.127783 ], [ 105.791113, 19.294189 ], [ 105.785352, 19.378857 ], [ 105.812109, 19.466992 ], [ 105.813965, 19.587451 ], [ 105.984082, 19.939062 ], [ 106.062207, 19.987354 ], [ 106.165723, 19.992041 ], [ 106.395508, 20.205908 ], [ 106.517969, 20.288867 ], [ 106.572852, 20.392187 ], [ 106.550781, 20.526562 ], [ 106.753418, 20.735059 ], [ 106.737305, 20.806152 ], [ 106.675488, 20.960498 ], [ 106.683398, 21.000293 ], [ 106.725195, 20.999902 ], [ 106.760254, 20.991113 ], [ 106.820605, 20.95752 ], [ 106.88623, 20.95 ], [ 106.936426, 20.974072 ], [ 106.981445, 20.971387 ], [ 107.019238, 20.991211 ], [ 107.075195, 20.999268 ], [ 107.111719, 20.95957 ], [ 107.164746, 20.94873 ], [ 107.354297, 21.055176 ], [ 107.37334, 21.128467 ], [ 107.376172, 21.194141 ], [ 107.409961, 21.284814 ], [ 107.526953, 21.33623 ], [ 107.636719, 21.368066 ], [ 107.707227, 21.405859 ], [ 107.809082, 21.497119 ], [ 107.925781, 21.498926 ], [ 107.972656, 21.507959 ], [ 107.908398, 21.5604 ] ] ], [ [ [ 106.652539, 8.701123 ], [ 106.649512, 8.722998 ], [ 106.658594, 8.766357 ], [ 106.567969, 8.700928 ], [ 106.589258, 8.680518 ], [ 106.61748, 8.682812 ], [ 106.652539, 8.701123 ] ] ], [ [ [ 107.194922, 10.445703 ], [ 107.176562, 10.446191 ], [ 107.150879, 10.420312 ], [ 107.07793, 10.3875 ], [ 107.083789, 10.336572 ], [ 107.167676, 10.397168 ], [ 107.194922, 10.445703 ] ] ], [ [ [ 106.855078, 20.858252 ], [ 106.795313, 20.92793 ], [ 106.769434, 20.864209 ], [ 106.803125, 20.84375 ], [ 106.854102, 20.796387 ], [ 106.865625, 20.815723 ], [ 106.855078, 20.858252 ] ] ], [ [ [ 107.562695, 21.22041 ], [ 107.47627, 21.268945 ], [ 107.452539, 21.235303 ], [ 107.403516, 21.093652 ], [ 107.458691, 21.09165 ], [ 107.602734, 21.216797 ], [ 107.562695, 21.22041 ] ] ], [ [ [ 107.551074, 20.981201 ], [ 107.55127, 21.034033 ], [ 107.518945, 21.012842 ], [ 107.478613, 20.952344 ], [ 107.399219, 20.903467 ], [ 107.465527, 20.900537 ], [ 107.521289, 20.926611 ], [ 107.551074, 20.981201 ] ] ], [ [ [ 107.042285, 20.761035 ], [ 107.063965, 20.799756 ], [ 107.064453, 20.817285 ], [ 107.04375, 20.836816 ], [ 106.953418, 20.867041 ], [ 106.910645, 20.824219 ], [ 106.990039, 20.743066 ], [ 107.031348, 20.747021 ], [ 107.042285, 20.761035 ] ] ] ] } },
{ "type": "Feature", "properties": { "NAME": "Cambodia", "ADMIN": "Cambodia" }, "geometry": { "type": "MultiPolygon", "coordinates": [ [ [ [ 103.036816, 11.389941 ], [ 103.00752, 11.383301 ], [ 102.99502, 11.348096 ], [ 102.993359, 11.29043 ], [ 103.010547, 11.275781 ], [ 103.027344, 11.275488 ], [ 103.045117, 11.285059 ], [ 103.036816, 11.389941 ] ] ], [ [ [ 103.223437, 10.781982 ], [ 103.222949, 10.75957 ], [ 103.28125, 10.679688 ], [ 103.317773, 10.718506 ], [ 103.223437, 10.781982 ] ] ], [ [ [ 107.465137, 14.66499 ], [ 107.414746, 14.562891 ], [ 107.379883, 14.555322 ], [ 107.292676, 14.592383 ], [ 107.262305, 14.572119 ], [ 107.206641, 14.4979 ], [ 107.109375, 14.416699 ], [ 107.062402, 14.415771 ], [ 107.030176, 14.425684 ], [ 106.992187, 14.391016 ], [ 106.938086, 14.327344 ], [ 106.913184, 14.329395 ], [ 106.819922, 14.314697 ], [ 106.783496, 14.335107 ], [ 106.738184, 14.387744 ], [ 106.66543, 14.441309 ], [ 106.599219, 14.479395 ], [ 106.563672, 14.505078 ], [ 106.531152, 14.549414 ], [ 106.501465, 14.578223 ], [ 106.446973, 14.515039 ], [ 106.35498, 14.454785 ], [ 106.267969, 14.466211 ], [ 106.225391, 14.476221 ], [ 106.190723, 14.388135 ], [ 106.165234, 14.372363 ], [ 106.008398, 14.357178 ], [ 105.978906, 14.343018 ], [ 106.004102, 14.262891 ], [ 106.09668, 14.1271 ], [ 106.124707, 14.049121 ], [ 106.066797, 13.921191 ], [ 105.904492, 13.924512 ], [ 105.831445, 13.976611 ], [ 105.764063, 14.049072 ], [ 105.739746, 14.084961 ], [ 105.531543, 14.156152 ], [ 105.392676, 14.10708 ], [ 105.350195, 14.10957 ], [ 105.284863, 14.161475 ], [ 105.245703, 14.200537 ], [ 105.207031, 14.259375 ], [ 105.185547, 14.319092 ], [ 105.183301, 14.34624 ], [ 105.169141, 14.336084 ], [ 105.125977, 14.280957 ], [ 105.074121, 14.227441 ], [ 105.033691, 14.227393 ], [ 105.003418, 14.254443 ], [ 104.982422, 14.289453 ], [ 104.969727, 14.366113 ], [ 104.878809, 14.404004 ], [ 104.779004, 14.427832 ], [ 104.575781, 14.390039 ], [ 104.411621, 14.36958 ], [ 104.227734, 14.395508 ], [ 104.054297, 14.362744 ], [ 103.981836, 14.35791 ], [ 103.898633, 14.362793 ], [ 103.818359, 14.362158 ], [ 103.741895, 14.37417 ], [ 103.600391, 14.421094 ], [ 103.546387, 14.417432 ], [ 103.432422, 14.378613 ], [ 103.313477, 14.351318 ], [ 103.199414, 14.332617 ], [ 103.031055, 14.252539 ], [ 102.909277, 14.136719 ], [ 102.873242, 14.054883 ], [ 102.812793, 13.972461 ], [ 102.728906, 13.841895 ], [ 102.62041, 13.716943 ], [ 102.544727, 13.659961 ], [ 102.565527, 13.626367 ], [ 102.546875, 13.585693 ], [ 102.428516, 13.567578 ], [ 102.336328, 13.560303 ], [ 102.319727, 13.53999 ], [ 102.330762, 13.288232 ], [ 102.362988, 13.192969 ], [ 102.422656, 13.077979 ], [ 102.461719, 13.015039 ], [ 102.490723, 12.82832 ], [ 102.499609, 12.669971 ], [ 102.629687, 12.569922 ], [ 102.70332, 12.493506 ], [ 102.755664, 12.42627 ], [ 102.737402, 12.383398 ], [ 102.70625, 12.255664 ], [ 102.736621, 12.089795 ], [ 102.918066, 11.73208 ], [ 102.933887, 11.706689 ], [ 102.932324, 11.741699 ], [ 102.948633, 11.773486 ], [ 103.004199, 11.710596 ], [ 103.010547, 11.588672 ], [ 103.125488, 11.460645 ], [ 103.107422, 11.367773 ], [ 103.091113, 11.211084 ], [ 103.106445, 11.073779 ], [ 103.152832, 10.913721 ], [ 103.272168, 10.909277 ], [ 103.353613, 10.921582 ], [ 103.411328, 10.976758 ], [ 103.466699, 11.083984 ], [ 103.532422, 11.14668 ], [ 103.59502, 11.107764 ], [ 103.654297, 11.058691 ], [ 103.721875, 10.890137 ], [ 103.680859, 10.758594 ], [ 103.59209, 10.721045 ], [ 103.54043, 10.668701 ], [ 103.532227, 10.604639 ], [ 103.587109, 10.552197 ], [ 103.661914, 10.508936 ], [ 103.840527, 10.580566 ], [ 103.870508, 10.655127 ], [ 103.901758, 10.643945 ], [ 103.937109, 10.586621 ], [ 104.262402, 10.54126 ], [ 104.426367, 10.41123 ], [ 104.466992, 10.422363 ], [ 104.514063, 10.46333 ], [ 104.564258, 10.515967 ], [ 104.689648, 10.523242 ], [ 104.81543, 10.520801 ], [ 104.850586, 10.534473 ], [ 104.90127, 10.590234 ], [ 104.983887, 10.661914 ], [ 105.046387, 10.70166 ], [ 105.061133, 10.733789 ], [ 105.036133, 10.809375 ], [ 105.022266, 10.886865 ], [ 105.045703, 10.911377 ], [ 105.159473, 10.897559 ], [ 105.284277, 10.861475 ], [ 105.314648, 10.845166 ], [ 105.386523, 10.940088 ], [ 105.405762, 10.951611 ], [ 105.452734, 10.951416 ], [ 105.576563, 10.968896 ], [ 105.697754, 10.994043 ], [ 105.755078, 10.98999 ], [ 105.810742, 10.926074 ], [ 105.85332, 10.863574 ], [ 105.875195, 10.858496 ], [ 105.938184, 10.885156 ], [ 105.990137, 10.851807 ], [ 106.098828, 10.797266 ], [ 106.163965, 10.794922 ], [ 106.131543, 10.921973 ], [ 106.167969, 11.012305 ], [ 106.160937, 11.037109 ], [ 106.099512, 11.078662 ], [ 105.891602, 11.244824 ], [ 105.856055, 11.294287 ], [ 105.860938, 11.372412 ], [ 105.854004, 11.487061 ], [ 105.835352, 11.559131 ], [ 105.838477, 11.601318 ], [ 105.851465, 11.63501 ], [ 105.889844, 11.648389 ], [ 105.926562, 11.65293 ], [ 105.95625, 11.682471 ], [ 106.006055, 11.758008 ], [ 106.10293, 11.75127 ], [ 106.23916, 11.70835 ], [ 106.339844, 11.681836 ], [ 106.399219, 11.687012 ], [ 106.4125, 11.697803 ], [ 106.410742, 11.738379 ], [ 106.417773, 11.911719 ], [ 106.413867, 11.948437 ], [ 106.499609, 11.965527 ], [ 106.630957, 11.969189 ], [ 106.700098, 11.979297 ], [ 106.764648, 12.052344 ], [ 106.930664, 12.07749 ], [ 107.050684, 12.175879 ], [ 107.158984, 12.277051 ], [ 107.212109, 12.304004 ], [ 107.279688, 12.321582 ], [ 107.330078, 12.319043 ], [ 107.393359, 12.260498 ], [ 107.445996, 12.295703 ], [ 107.506445, 12.364551 ], [ 107.538086, 12.431787 ], [ 107.555469, 12.53999 ], [ 107.543555, 12.705908 ], [ 107.511523, 12.835742 ], [ 107.481543, 12.933105 ], [ 107.475391, 13.030371 ], [ 107.545508, 13.225439 ], [ 107.605469, 13.437793 ], [ 107.593945, 13.52168 ], [ 107.528613, 13.654199 ], [ 107.462305, 13.815625 ], [ 107.389453, 13.993018 ], [ 107.362109, 14.019482 ], [ 107.342578, 14.068896 ], [ 107.331445, 14.126611 ], [ 107.360352, 14.307861 ], [ 107.364453, 14.368701 ], [ 107.448438, 14.451221 ], [ 107.493164, 14.545752 ], [ 107.535254, 14.649951 ], [ 107.519434, 14.705078 ], [ 107.465137, 14.66499 ] ] ] ] } },
{ "type": "Feature", "properties": { "NAME": "Laos", "ADMIN": "Laos" }, "geometry": { "type": "MultiPolygon", "coordinates": [ [ [ [ 102.091504, 22.412256 ], [ 102.024414, 22.439209 ], [ 101.94541, 22.439404 ], [ 101.841797, 22.388477 ], [ 101.759961, 22.490332 ], [ 101.73877, 22.495264 ], [ 101.70752, 22.486572 ], [ 101.671484, 22.462305 ], [ 101.646191, 22.40542 ], [ 101.619922, 22.327441 ], [ 101.567871, 22.276367 ], [ 101.524512, 22.253662 ], [ 101.537305, 22.209863 ], [ 101.561816, 22.162402 ], [ 101.560254, 22.120898 ], [ 101.575781, 22.055273 ], [ 101.60293, 21.989697 ], [ 101.699609, 21.882471 ], [ 101.736523, 21.826514 ], [ 101.743945, 21.777979 ], [ 101.747266, 21.605762 ], [ 101.743457, 21.533838 ], [ 101.724219, 21.39502 ], [ 101.722949, 21.314941 ], [ 101.763086, 21.278906 ], [ 101.802051, 21.235986 ], [ 101.800586, 21.212598 ], [ 101.783496, 21.20415 ], [ 101.728125, 21.156396 ], [ 101.704785, 21.150146 ], [ 101.668555, 21.169629 ], [ 101.62168, 21.184424 ], [ 101.583887, 21.203564 ], [ 101.542383, 21.234277 ], [ 101.443555, 21.230811 ], [ 101.281445, 21.184131 ], [ 101.247852, 21.197314 ], [ 101.224414, 21.22373 ], [ 101.211816, 21.278223 ], [ 101.219922, 21.342432 ], [ 101.205566, 21.383301 ], [ 101.175391, 21.40752 ], [ 101.19668, 21.52207 ], [ 101.138867, 21.56748 ], [ 101.080371, 21.468652 ], [ 100.927539, 21.366211 ], [ 100.819531, 21.314209 ], [ 100.756641, 21.312646 ], [ 100.703125, 21.251367 ], [ 100.65918, 21.130371 ], [ 100.613672, 21.059326 ], [ 100.566602, 21.038184 ], [ 100.536133, 20.992383 ], [ 100.522266, 20.921924 ], [ 100.549316, 20.884229 ], [ 100.617676, 20.879248 ], [ 100.622949, 20.85957 ], [ 100.565137, 20.825098 ], [ 100.493359, 20.812988 ], [ 100.407422, 20.823242 ], [ 100.326074, 20.795703 ], [ 100.249316, 20.730273 ], [ 100.183887, 20.589111 ], [ 100.129687, 20.372217 ], [ 100.122461, 20.31665 ], [ 100.114941, 20.257666 ], [ 100.139746, 20.24541 ], [ 100.174121, 20.272754 ], [ 100.218066, 20.3396 ], [ 100.266016, 20.377295 ], [ 100.317969, 20.385889 ], [ 100.373145, 20.340381 ], [ 100.431543, 20.240723 ], [ 100.491602, 20.184082 ], [ 100.519531, 20.17793 ], [ 100.539941, 20.132373 ], [ 100.543066, 20.088672 ], [ 100.514551, 19.996338 ], [ 100.466211, 19.888916 ], [ 100.397656, 19.756104 ], [ 100.420117, 19.644482 ], [ 100.513574, 19.553467 ], [ 100.625488, 19.499854 ], [ 100.743945, 19.514746 ], [ 100.806836, 19.541943 ], [ 100.858203, 19.585059 ], [ 100.906055, 19.605371 ], [ 100.966504, 19.610791 ], [ 101.154688, 19.579199 ], [ 101.211914, 19.54834 ], [ 101.220801, 19.486621 ], [ 101.197559, 19.32793 ], [ 101.226562, 19.211523 ], [ 101.279883, 19.088916 ], [ 101.286328, 18.977148 ], [ 101.220508, 18.792773 ], [ 101.165527, 18.618311 ], [ 101.106348, 18.533545 ], [ 101.060449, 18.479004 ], [ 101.046973, 18.441992 ], [ 101.050586, 18.407031 ], [ 101.092773, 18.354541 ], [ 101.1375, 18.286865 ], [ 101.14873, 18.222168 ], [ 101.143945, 18.142627 ], [ 101.113281, 18.033545 ], [ 100.999023, 17.797168 ], [ 100.908496, 17.583887 ], [ 100.955859, 17.541113 ], [ 101.045703, 17.509961 ], [ 101.105176, 17.479541 ], [ 101.16748, 17.499023 ], [ 101.299707, 17.625 ], [ 101.413672, 17.71875 ], [ 101.555078, 17.812354 ], [ 101.563672, 17.820508 ], [ 101.6875, 17.889404 ], [ 101.744141, 17.952686 ], [ 101.774805, 18.033398 ], [ 101.818652, 18.064648 ], [ 101.875488, 18.046436 ], [ 101.947461, 18.081494 ], [ 102.03457, 18.169824 ], [ 102.101465, 18.210645 ], [ 102.148242, 18.203857 ], [ 102.231641, 18.148975 ], [ 102.351855, 18.045947 ], [ 102.458789, 17.984619 ], [ 102.552539, 17.965088 ], [ 102.598242, 17.926758 ], [ 102.596094, 17.869629 ], [ 102.616797, 17.83335 ], [ 102.660645, 17.817969 ], [ 102.680078, 17.824121 ], [ 102.675195, 17.851758 ], [ 102.717578, 17.892236 ], [ 102.807422, 17.945557 ], [ 102.898633, 17.976904 ], [ 102.991406, 17.98623 ], [ 103.051367, 18.028516 ], [ 103.091211, 18.138232 ], [ 103.148535, 18.221729 ], [ 103.199707, 18.259473 ], [ 103.263184, 18.278467 ], [ 103.27959, 18.30498 ], [ 103.248926, 18.338965 ], [ 103.251758, 18.373486 ], [ 103.288281, 18.408398 ], [ 103.366992, 18.42334 ], [ 103.487988, 18.418164 ], [ 103.629687, 18.382568 ], [ 103.792285, 18.316504 ], [ 103.898828, 18.295313 ], [ 103.949609, 18.318994 ], [ 104.04873, 18.216699 ], [ 104.196191, 17.988379 ], [ 104.322656, 17.81582 ], [ 104.428125, 17.698975 ], [ 104.539258, 17.609277 ], [ 104.655859, 17.546729 ], [ 104.739648, 17.46167 ], [ 104.816016, 17.300293 ], [ 104.758984, 17.077148 ], [ 104.743555, 16.884375 ], [ 104.750586, 16.647559 ], [ 104.819336, 16.466064 ], [ 104.949902, 16.339941 ], [ 105.025781, 16.237988 ], [ 105.047168, 16.160254 ], [ 105.14873, 16.093555 ], [ 105.330664, 16.037891 ], [ 105.40625, 15.987451 ], [ 105.375586, 15.942188 ], [ 105.373242, 15.889697 ], [ 105.398926, 15.829883 ], [ 105.462012, 15.78042 ], [ 105.562402, 15.74126 ], [ 105.62207, 15.699951 ], [ 105.641016, 15.656543 ], [ 105.638867, 15.585938 ], [ 105.615625, 15.488281 ], [ 105.57373, 15.413232 ], [ 105.513184, 15.360889 ], [ 105.505859, 15.319629 ], [ 105.49043, 15.256592 ], [ 105.49043, 15.127588 ], [ 105.533398, 15.041602 ], [ 105.54668, 14.932471 ], [ 105.523047, 14.843311 ], [ 105.500195, 14.66123 ], [ 105.497363, 14.590674 ], [ 105.475586, 14.530127 ], [ 105.422656, 14.471631 ], [ 105.342188, 14.416699 ], [ 105.243652, 14.367871 ], [ 105.183301, 14.34624 ], [ 105.185547, 14.319092 ], [ 105.207031, 14.259375 ], [ 105.245703, 14.200537 ], [ 105.284863, 14.161475 ], [ 105.350195, 14.10957 ], [ 105.392676, 14.10708 ], [ 105.531543, 14.156152 ], [ 105.739746, 14.084961 ], [ 105.764063, 14.049072 ], [ 105.831445, 13.976611 ], [ 105.904492, 13.924512 ], [ 106.066797, 13.921191 ], [ 106.124707, 14.049121 ], [ 106.09668, 14.1271 ], [ 106.004102, 14.262891 ], [ 105.978906, 14.343018 ], [ 106.008398, 14.357178 ], [ 106.165234, 14.372363 ], [ 106.190723, 14.388135 ], [ 106.225391, 14.476221 ], [ 106.267969, 14.466211 ], [ 106.35498, 14.454785 ], [ 106.446973, 14.515039 ], [ 106.501465, 14.578223 ], [ 106.531152, 14.549414 ], [ 106.563672, 14.505078 ], [ 106.599219, 14.479395 ], [ 106.66543, 14.441309 ], [ 106.738184, 14.387744 ], [ 106.783496, 14.335107 ], [ 106.819922, 14.314697 ], [ 106.913184, 14.329395 ], [ 106.938086, 14.327344 ], [ 106.992187, 14.391016 ], [ 107.030176, 14.425684 ], [ 107.062402, 14.415771 ], [ 107.109375, 14.416699 ], [ 107.206641, 14.4979 ], [ 107.262305, 14.572119 ], [ 107.292676, 14.592383 ], [ 107.379883, 14.555322 ], [ 107.414746, 14.562891 ], [ 107.465137, 14.66499 ], [ 107.519434, 14.705078 ], [ 107.51377, 14.817383 ], [ 107.524512, 14.871826 ], [ 107.504687, 14.915918 ], [ 107.480371, 14.979883 ], [ 107.496289, 15.021436 ], [ 107.555273, 15.057031 ], [ 107.589648, 15.118457 ], [ 107.633691, 15.189844 ], [ 107.653125, 15.255225 ], [ 107.62168, 15.309863 ], [ 107.564258, 15.391602 ], [ 107.45957, 15.46582 ], [ 107.33877, 15.560498 ], [ 107.279395, 15.618701 ], [ 107.232617, 15.678076 ], [ 107.189551, 15.747266 ], [ 107.165918, 15.80249 ], [ 107.188867, 15.838623 ], [ 107.360645, 15.921729 ], [ 107.391992, 15.95166 ], [ 107.410156, 15.997852 ], [ 107.396387, 16.043018 ], [ 107.350098, 16.067383 ], [ 107.296484, 16.084033 ], [ 107.217383, 16.136328 ], [ 107.069727, 16.279834 ], [ 107.001953, 16.311816 ], [ 106.930664, 16.353125 ], [ 106.892773, 16.396533 ], [ 106.851074, 16.515625 ], [ 106.832422, 16.52627 ], [ 106.791602, 16.490332 ], [ 106.739551, 16.452539 ], [ 106.696094, 16.458984 ], [ 106.656445, 16.492627 ], [ 106.6375, 16.537939 ], [ 106.593652, 16.600098 ], [ 106.546191, 16.650732 ], [ 106.533691, 16.821045 ], [ 106.525977, 16.876611 ], [ 106.502246, 16.954102 ], [ 106.465332, 16.981836 ], [ 106.425977, 17.002539 ], [ 106.333398, 17.143701 ], [ 106.269531, 17.216797 ], [ 106.00625, 17.415283 ], [ 105.973535, 17.446973 ], [ 105.902734, 17.528662 ], [ 105.779492, 17.644434 ], [ 105.691406, 17.737842 ], [ 105.627246, 17.834424 ], [ 105.597656, 17.918262 ], [ 105.588477, 17.983691 ], [ 105.518555, 18.077441 ], [ 105.458203, 18.154297 ], [ 105.4, 18.179248 ], [ 105.333496, 18.189648 ], [ 105.273242, 18.235352 ], [ 105.163281, 18.338721 ], [ 105.114551, 18.405273 ], [ 105.08584, 18.450098 ], [ 105.087012, 18.49624 ], [ 105.113477, 18.573047 ], [ 105.14541, 18.616797 ], [ 105.146484, 18.650977 ], [ 105.115137, 18.678857 ], [ 104.993164, 18.72832 ], [ 104.716504, 18.803418 ], [ 104.613281, 18.860645 ], [ 104.517969, 18.934082 ], [ 104.445801, 18.983838 ], [ 104.108594, 19.195557 ], [ 104.006348, 19.230908 ], [ 103.918359, 19.268506 ], [ 103.891602, 19.30498 ], [ 103.896387, 19.33999 ], [ 103.932031, 19.366064 ], [ 104.027539, 19.420459 ], [ 104.062891, 19.482568 ], [ 104.051562, 19.56416 ], [ 104.013477, 19.646484 ], [ 104.032031, 19.675146 ], [ 104.062793, 19.678418 ], [ 104.127148, 19.680859 ], [ 104.259863, 19.685498 ], [ 104.546289, 19.610547 ], [ 104.587891, 19.61875 ], [ 104.743164, 19.754736 ], [ 104.801758, 19.836133 ], [ 104.815137, 19.904004 ], [ 104.845801, 19.947168 ], [ 104.92793, 20.018115 ], [ 104.929199, 20.082813 ], [ 104.888672, 20.169092 ], [ 104.847852, 20.202441 ], [ 104.812695, 20.216846 ], [ 104.69873, 20.205322 ], [ 104.676953, 20.224707 ], [ 104.661914, 20.289014 ], [ 104.656445, 20.328516 ], [ 104.618848, 20.374512 ], [ 104.496191, 20.413672 ], [ 104.392188, 20.424756 ], [ 104.367773, 20.441406 ], [ 104.407813, 20.485742 ], [ 104.478613, 20.52959 ], [ 104.532715, 20.554883 ], [ 104.575195, 20.600244 ], [ 104.583203, 20.64668 ], [ 104.530371, 20.687988 ], [ 104.461426, 20.73374 ], [ 104.349609, 20.821094 ], [ 104.195312, 20.913965 ], [ 104.101367, 20.945508 ], [ 104.052051, 20.941211 ], [ 103.882031, 20.861426 ], [ 103.790527, 20.809521 ], [ 103.714453, 20.716943 ], [ 103.635059, 20.69707 ], [ 103.554688, 20.737842 ], [ 103.463574, 20.779834 ], [ 103.210742, 20.840625 ], [ 103.104492, 20.89165 ], [ 102.883789, 21.202588 ], [ 102.851172, 21.265918 ], [ 102.872266, 21.3375 ], [ 102.8875, 21.439941 ], [ 102.90957, 21.506348 ], [ 102.948633, 21.569775 ], [ 102.95918, 21.626221 ], [ 102.949609, 21.681348 ], [ 102.917676, 21.712939 ], [ 102.876172, 21.722266 ], [ 102.845215, 21.734766 ], [ 102.815918, 21.807373 ], [ 102.798242, 21.797949 ], [ 102.771094, 21.709668 ], [ 102.738574, 21.67793 ], [ 102.695312, 21.662109 ], [ 102.662012, 21.676025 ], [ 102.64082, 21.711426 ], [ 102.63125, 21.771338 ], [ 102.609668, 21.851758 ], [ 102.58252, 21.904297 ], [ 102.4875, 21.957764 ], [ 102.442676, 22.027148 ], [ 102.301367, 22.178174 ], [ 102.183008, 22.284033 ], [ 102.127441, 22.379199 ], [ 102.091504, 22.412256 ] ] ] ] } },
{ "type": "Feature", "properties": { "NAME": "Kyrgyzstan", "ADMIN": "Kyrgyzstan" }, "geometry": { "type": "MultiPolygon", "coordinates": [ [ [ [ 70.960938, 40.220654 ], [ 70.946387, 40.187598 ], [ 70.738574, 40.131152 ], [ 70.644336, 40.083447 ], [ 70.624121, 39.998975 ], [ 70.599219, 39.974512 ], [ 70.556836, 39.954492 ], [ 70.515137, 39.949902 ], [ 70.451367, 40.049219 ], [ 70.378906, 40.069873 ], [ 70.274414, 40.104834 ], [ 70.071484, 40.172754 ], [ 69.966797, 40.202246 ], [ 69.765234, 40.158008 ], [ 69.530273, 40.097314 ], [ 69.493652, 40.060352 ], [ 69.46875, 40.020752 ], [ 69.470996, 39.990625 ], [ 69.487891, 39.950439 ], [ 69.47627, 39.919727 ], [ 69.431934, 39.909766 ], [ 69.36543, 39.94707 ], [ 69.307227, 39.968555 ], [ 69.278809, 39.917773 ], [ 69.244727, 39.8271 ], [ 69.229102, 39.761084 ], [ 69.280273, 39.665869 ], [ 69.297656, 39.524805 ], [ 69.391504, 39.532471 ], [ 69.463281, 39.53208 ], [ 69.598828, 39.573779 ], [ 69.666992, 39.574902 ], [ 69.77207, 39.556738 ], [ 69.955957, 39.553076 ], [ 70.10166, 39.560596 ], [ 70.136816, 39.557568 ], [ 70.171094, 39.58418 ], [ 70.209277, 39.575 ], [ 70.244824, 39.542627 ], [ 70.39209, 39.581885 ], [ 70.501172, 39.587354 ], [ 70.567969, 39.575879 ], [ 70.607813, 39.564404 ], [ 70.678613, 39.471289 ], [ 70.733105, 39.413281 ], [ 70.799316, 39.394727 ], [ 71.004883, 39.411865 ], [ 71.065039, 39.493408 ], [ 71.118066, 39.513574 ], [ 71.202734, 39.519824 ], [ 71.272852, 39.535303 ], [ 71.328516, 39.568701 ], [ 71.404297, 39.597852 ], [ 71.470313, 39.603662 ], [ 71.503027, 39.582178 ], [ 71.517383, 39.553857 ], [ 71.505859, 39.51709 ], [ 71.50332, 39.478809 ], [ 71.546289, 39.453076 ], [ 71.672656, 39.44707 ], [ 71.732227, 39.422998 ], [ 71.735352, 39.377734 ], [ 71.725684, 39.306592 ], [ 71.778613, 39.277979 ], [ 71.805957, 39.275586 ], [ 71.991016, 39.350928 ], [ 72.042773, 39.352148 ], [ 72.08418, 39.310645 ], [ 72.147363, 39.260742 ], [ 72.22998, 39.20752 ], [ 72.249805, 39.215674 ], [ 72.287207, 39.27373 ], [ 72.357715, 39.336865 ], [ 72.490234, 39.357373 ], [ 72.563379, 39.377197 ], [ 72.639941, 39.385986 ], [ 72.872461, 39.3604 ], [ 72.949414, 39.35708 ], [ 73.109277, 39.361914 ], [ 73.234961, 39.374561 ], [ 73.336133, 39.412354 ], [ 73.387402, 39.442725 ], [ 73.47041, 39.460596 ], [ 73.575586, 39.457617 ], [ 73.631641, 39.448877 ], [ 73.715723, 39.462256 ], [ 73.822949, 39.488965 ], [ 73.872754, 39.533301 ], [ 73.907129, 39.578516 ], [ 73.914648, 39.606494 ], [ 73.88252, 39.714551 ], [ 73.839746, 39.762842 ], [ 73.835352, 39.800146 ], [ 73.85625, 39.828662 ], [ 73.88457, 39.87793 ], [ 73.93877, 39.978809 ], [ 73.991602, 40.043115 ], [ 74.020508, 40.059375 ], [ 74.085156, 40.074316 ], [ 74.242676, 40.092041 ], [ 74.411914, 40.137207 ], [ 74.613086, 40.272168 ], [ 74.679883, 40.310596 ], [ 74.767773, 40.329883 ], [ 74.830469, 40.328516 ], [ 74.841797, 40.344971 ], [ 74.80127, 40.428516 ], [ 74.811133, 40.458789 ], [ 74.835156, 40.482617 ], [ 74.865625, 40.493506 ], [ 75.004492, 40.449512 ], [ 75.111328, 40.454102 ], [ 75.241016, 40.480273 ], [ 75.520801, 40.627539 ], [ 75.555566, 40.625195 ], [ 75.583496, 40.605322 ], [ 75.617383, 40.516602 ], [ 75.655957, 40.329248 ], [ 75.677148, 40.305811 ], [ 75.871973, 40.303223 ], [ 76.004297, 40.371436 ], [ 76.062305, 40.387549 ], [ 76.156641, 40.376465 ], [ 76.206055, 40.408398 ], [ 76.258301, 40.430762 ], [ 76.318555, 40.352246 ], [ 76.396387, 40.389795 ], [ 76.480176, 40.449512 ], [ 76.520898, 40.51123 ], [ 76.57793, 40.577881 ], [ 76.622168, 40.662354 ], [ 76.639844, 40.742236 ], [ 76.661133, 40.779639 ], [ 76.708398, 40.818115 ], [ 76.824023, 40.982324 ], [ 76.907715, 41.02417 ], [ 76.986621, 41.03916 ], [ 77.182031, 41.010742 ], [ 77.283984, 41.014355 ], [ 77.581738, 40.992773 ], [ 77.719336, 41.024316 ], [ 77.815234, 41.055615 ], [ 77.956445, 41.050684 ], [ 78.123438, 41.075635 ], [ 78.346289, 41.281445 ], [ 78.348828, 41.325195 ], [ 78.362402, 41.371631 ], [ 78.442871, 41.417529 ], [ 78.543164, 41.45957 ], [ 78.742578, 41.560059 ], [ 79.148438, 41.719141 ], [ 79.293555, 41.782812 ], [ 79.354395, 41.781055 ], [ 79.503906, 41.820996 ], [ 79.766113, 41.898877 ], [ 79.84043, 41.995752 ], [ 79.909668, 42.01499 ], [ 80.216211, 42.032422 ], [ 80.235156, 42.043457 ], [ 80.246191, 42.059814 ], [ 80.229199, 42.129834 ], [ 80.209375, 42.190039 ], [ 80.071289, 42.302979 ], [ 79.921094, 42.413135 ], [ 79.803418, 42.438477 ], [ 79.598437, 42.456641 ], [ 79.490137, 42.457568 ], [ 79.428223, 42.483496 ], [ 79.367773, 42.547217 ], [ 79.295508, 42.604834 ], [ 79.203027, 42.666016 ], [ 79.164844, 42.759033 ], [ 79.12666, 42.775732 ], [ 79.059863, 42.763818 ], [ 78.947949, 42.766699 ], [ 78.885156, 42.774902 ], [ 78.791504, 42.79082 ], [ 78.642285, 42.828711 ], [ 78.524219, 42.864648 ], [ 78.375977, 42.871484 ], [ 78.290039, 42.864355 ], [ 78.023145, 42.85752 ], [ 77.80166, 42.895215 ], [ 77.622461, 42.902246 ], [ 77.512207, 42.900049 ], [ 77.459277, 42.904736 ], [ 77.368555, 42.904443 ], [ 77.235547, 42.912646 ], [ 77.057324, 42.970654 ], [ 76.988086, 42.973584 ], [ 76.944043, 42.971484 ], [ 76.646484, 42.928809 ], [ 76.50918, 42.918896 ], [ 76.218164, 42.92373 ], [ 75.932227, 42.928516 ], [ 75.840332, 42.9375 ], [ 75.789551, 42.93291 ], [ 75.681738, 42.830469 ], [ 75.635645, 42.8146 ], [ 75.366211, 42.836963 ], [ 75.047656, 42.904395 ], [ 74.817578, 42.978174 ], [ 74.622266, 43.056201 ], [ 74.363867, 43.179443 ], [ 74.209082, 43.240381 ], [ 74.186816, 43.205273 ], [ 74.145898, 43.194092 ], [ 74.08623, 43.188623 ], [ 73.949219, 43.19502 ], [ 73.886035, 43.132568 ], [ 73.718555, 43.087891 ], [ 73.612012, 43.0479 ], [ 73.55625, 43.002783 ], [ 73.450195, 42.703027 ], [ 73.421875, 42.593506 ], [ 73.492969, 42.409033 ], [ 73.411621, 42.419775 ], [ 73.316016, 42.466992 ], [ 73.28291, 42.504102 ], [ 73.19082, 42.526855 ], [ 72.855078, 42.561133 ], [ 72.792383, 42.603467 ], [ 72.75293, 42.637891 ], [ 72.666113, 42.6604 ], [ 72.543164, 42.677734 ], [ 72.275781, 42.757666 ], [ 72.161816, 42.760693 ], [ 71.816797, 42.822168 ], [ 71.760547, 42.821484 ], [ 71.734766, 42.818896 ], [ 71.600781, 42.778662 ], [ 71.514258, 42.766943 ], [ 71.42207, 42.783154 ], [ 71.256641, 42.733545 ], [ 71.167383, 42.667432 ], [ 71.093555, 42.586523 ], [ 71.022754, 42.535449 ], [ 71.001953, 42.459082 ], [ 70.952344, 42.419385 ], [ 70.892871, 42.33999 ], [ 70.892871, 42.293701 ], [ 70.946777, 42.248682 ], [ 70.979004, 42.266553 ], [ 71.036035, 42.284668 ], [ 71.12998, 42.25 ], [ 71.212695, 42.206445 ], [ 71.232324, 42.186279 ], [ 71.228516, 42.162891 ], [ 71.032227, 42.077783 ], [ 70.910352, 42.037988 ], [ 70.856641, 42.030811 ], [ 70.841895, 42.019629 ], [ 70.80332, 41.922656 ], [ 70.727734, 41.905225 ], [ 70.630859, 41.875488 ], [ 70.562891, 41.830811 ], [ 70.45498, 41.725049 ], [ 70.180957, 41.571436 ], [ 70.176953, 41.53999 ], [ 70.200879, 41.514453 ], [ 70.290039, 41.496826 ], [ 70.407813, 41.449561 ], [ 70.471387, 41.412646 ], [ 70.645898, 41.460352 ], [ 70.688867, 41.449805 ], [ 70.734375, 41.400537 ], [ 70.782422, 41.2625 ], [ 70.860449, 41.224902 ], [ 70.962598, 41.195996 ], [ 71.025977, 41.186572 ], [ 71.110742, 41.152637 ], [ 71.223438, 41.139941 ], [ 71.298828, 41.15249 ], [ 71.393066, 41.123389 ], [ 71.408398, 41.136035 ], [ 71.420898, 41.341895 ], [ 71.5, 41.307471 ], [ 71.545605, 41.308057 ], [ 71.585547, 41.333252 ], [ 71.60625, 41.367432 ], [ 71.619629, 41.435449 ], [ 71.602246, 41.503271 ], [ 71.6375, 41.53418 ], [ 71.664941, 41.541211 ], [ 71.685156, 41.533008 ], [ 71.697266, 41.515576 ], [ 71.700684, 41.454004 ], [ 71.757715, 41.428027 ], [ 71.79248, 41.413135 ], [ 71.825781, 41.361035 ], [ 71.858008, 41.311377 ], [ 71.878613, 41.19502 ], [ 71.958496, 41.187061 ], [ 72.052441, 41.164746 ], [ 72.11543, 41.186572 ], [ 72.164258, 41.17373 ], [ 72.180957, 41.118457 ], [ 72.180664, 41.066846 ], [ 72.187305, 41.025928 ], [ 72.213086, 41.014258 ], [ 72.294922, 41.039941 ], [ 72.364063, 41.043457 ], [ 72.427344, 41.018945 ], [ 72.505957, 40.981689 ], [ 72.62041, 40.883789 ], [ 72.658301, 40.869922 ], [ 72.830957, 40.862158 ], [ 72.866602, 40.842334 ], [ 72.925977, 40.842432 ], [ 72.990039, 40.860107 ], [ 73.132129, 40.828516 ], [ 73.136914, 40.810645 ], [ 73.112891, 40.786035 ], [ 72.773828, 40.650391 ], [ 72.748828, 40.608691 ], [ 72.67959, 40.555615 ], [ 72.604102, 40.525439 ], [ 72.56748, 40.524365 ], [ 72.402051, 40.578076 ], [ 72.382617, 40.565137 ], [ 72.369043, 40.543457 ], [ 72.369727, 40.519727 ], [ 72.405957, 40.463086 ], [ 72.389258, 40.427393 ], [ 72.357715, 40.40166 ], [ 72.254004, 40.424219 ], [ 72.234668, 40.438623 ], [ 72.232813, 40.454395 ], [ 72.192871, 40.454443 ], [ 72.13125, 40.438623 ], [ 72.012598, 40.340723 ], [ 71.971094, 40.289502 ], [ 71.955664, 40.258594 ], [ 71.902734, 40.240967 ], [ 71.84541, 40.234326 ], [ 71.772656, 40.188037 ], [ 71.69248, 40.152344 ], [ 71.666797, 40.178613 ], [ 71.650879, 40.208008 ], [ 71.629883, 40.217139 ], [ 71.580469, 40.210254 ], [ 71.52041, 40.208984 ], [ 71.457422, 40.241992 ], [ 71.376172, 40.275195 ], [ 71.304688, 40.286914 ], [ 71.094531, 40.27124 ], [ 70.990625, 40.254883 ], [ 70.958008, 40.238867 ], [ 70.960938, 40.220654 ] ], [ [ 71.15625, 39.883447 ], [ 71.064258, 39.884912 ], [ 71.011719, 39.895117 ], [ 71.043652, 39.976318 ], [ 71.044824, 39.992529 ], [ 71.041016, 39.994922 ], [ 71.014453, 40.005762 ], [ 70.974414, 40.038867 ], [ 70.960645, 40.087988 ], [ 70.97627, 40.133252 ], [ 71.005469, 40.152295 ], [ 71.024121, 40.14917 ], [ 71.080371, 40.079883 ], [ 71.130273, 40.059668 ], [ 71.228711, 40.048145 ], [ 71.179297, 39.979834 ], [ 71.215625, 39.906787 ], [ 71.206152, 39.892578 ], [ 71.15625, 39.883447 ] ], [ [ 71.75293, 39.907129 ], [ 71.705859, 39.917432 ], [ 71.668945, 39.946094 ], [ 71.68125, 39.968652 ], [ 71.736523, 39.980957 ], [ 71.765332, 39.993262 ], [ 71.789941, 39.995312 ], [ 71.779688, 39.950244 ], [ 71.75293, 39.907129 ] ], [ [ 70.612109, 39.786768 ], [ 70.55957, 39.790918 ], [ 70.518652, 39.828174 ], [ 70.489258, 39.863037 ], [ 70.482813, 39.882715 ], [ 70.497754, 39.882422 ], [ 70.56709, 39.866602 ], [ 70.66416, 39.855469 ], [ 70.698242, 39.84585 ], [ 70.70166, 39.825293 ], [ 70.612109, 39.786768 ] ] ] ] } },
{ "type": "Feature", "properties": { "NAME": "Pakistan", "ADMIN": "Pakistan" }, "geometry": { "type": "MultiPolygon", "coordinates": [ [ [ [ 76.727539, 35.678662 ], [ 76.631836, 35.729395 ], [ 76.563477, 35.772998 ], [ 76.55127, 35.887061 ], [ 76.502051, 35.878223 ], [ 76.385742, 35.837158 ], [ 76.25166, 35.810937 ], [ 76.177832, 35.810547 ], [ 76.147852, 35.829004 ], [ 76.10332, 35.949219 ], [ 76.070898, 35.983008 ], [ 76.010449, 35.996338 ], [ 75.945117, 36.017578 ], [ 75.912305, 36.048975 ], [ 75.904883, 36.088477 ], [ 75.934082, 36.133936 ], [ 75.968652, 36.168848 ], [ 75.974414, 36.382422 ], [ 75.951855, 36.458105 ], [ 75.933008, 36.521582 ], [ 75.884961, 36.600732 ], [ 75.840234, 36.649707 ], [ 75.772168, 36.694922 ], [ 75.667188, 36.741992 ], [ 75.57373, 36.759326 ], [ 75.460254, 36.725049 ], [ 75.424219, 36.738232 ], [ 75.376855, 36.883691 ], [ 75.34668, 36.913477 ], [ 75.145215, 36.973242 ], [ 75.053906, 36.987158 ], [ 74.949121, 36.968359 ], [ 74.889258, 36.952441 ], [ 74.841211, 36.979102 ], [ 74.766016, 37.012744 ], [ 74.692188, 37.035742 ], [ 74.600586, 37.03667 ], [ 74.541406, 37.022168 ], [ 74.431055, 36.983691 ], [ 74.194727, 36.896875 ], [ 74.038867, 36.825732 ], [ 74.001855, 36.823096 ], [ 73.907813, 36.85293 ], [ 73.769141, 36.888477 ], [ 73.731836, 36.887793 ], [ 73.411133, 36.881689 ], [ 73.116797, 36.868555 ], [ 72.99375, 36.851611 ], [ 72.766211, 36.83501 ], [ 72.622852, 36.82959 ], [ 72.531348, 36.802002 ], [ 72.431152, 36.76582 ], [ 72.326953, 36.742383 ], [ 72.249805, 36.734717 ], [ 72.156738, 36.700879 ], [ 72.095605, 36.63374 ], [ 71.920703, 36.53418 ], [ 71.822266, 36.486084 ], [ 71.772656, 36.431836 ], [ 71.716406, 36.426562 ], [ 71.620508, 36.436475 ], [ 71.545898, 36.377686 ], [ 71.463281, 36.293262 ], [ 71.312598, 36.171191 ], [ 71.23291, 36.121777 ], [ 71.185059, 36.04209 ], [ 71.220215, 36.000684 ], [ 71.342871, 35.938525 ], [ 71.397559, 35.880176 ], [ 71.427539, 35.83374 ], [ 71.483594, 35.7146 ], [ 71.519043, 35.59751 ], [ 71.571973, 35.546826 ], [ 71.587402, 35.46084 ], [ 71.600586, 35.40791 ], [ 71.571973, 35.37041 ], [ 71.545508, 35.328516 ], [ 71.545508, 35.288867 ], [ 71.577246, 35.247998 ], [ 71.605273, 35.211768 ], [ 71.620508, 35.183008 ], [ 71.60166, 35.150684 ], [ 71.545508, 35.101416 ], [ 71.51709, 35.051123 ], [ 71.455078, 34.966943 ], [ 71.358105, 34.909619 ], [ 71.294141, 34.867725 ], [ 71.225781, 34.779541 ], [ 71.113281, 34.681592 ], [ 71.065625, 34.599609 ], [ 71.016309, 34.554639 ], [ 70.965625, 34.530371 ], [ 70.978906, 34.486279 ], [ 71.022949, 34.431152 ], [ 71.095703, 34.369434 ], [ 71.092383, 34.273242 ], [ 71.089063, 34.204053 ], [ 71.091309, 34.120264 ], [ 71.051563, 34.049707 ], [ 70.848438, 33.981885 ], [ 70.654004, 33.952295 ], [ 70.415723, 33.950439 ], [ 70.325684, 33.961133 ], [ 70.253613, 33.975977 ], [ 69.994727, 34.051807 ], [ 69.889648, 34.007275 ], [ 69.868066, 33.897656 ], [ 70.056641, 33.719873 ], [ 70.13418, 33.620752 ], [ 70.219727, 33.454687 ], [ 70.28418, 33.369043 ], [ 70.261133, 33.289014 ], [ 70.090234, 33.198096 ], [ 69.920117, 33.1125 ], [ 69.703711, 33.094727 ], [ 69.567773, 33.06416 ], [ 69.501563, 33.020068 ], [ 69.453125, 32.832812 ], [ 69.40459, 32.764258 ], [ 69.405371, 32.682715 ], [ 69.359473, 32.590332 ], [ 69.289941, 32.530566 ], [ 69.241406, 32.433545 ], [ 69.256543, 32.249463 ], [ 69.279297, 31.936816 ], [ 69.186914, 31.838086 ], [ 69.083105, 31.738477 ], [ 68.973438, 31.667383 ], [ 68.868945, 31.634229 ], [ 68.782324, 31.646436 ], [ 68.713672, 31.708057 ], [ 68.673242, 31.759717 ], [ 68.597656, 31.802979 ], [ 68.520703, 31.794141 ], [ 68.443262, 31.754492 ], [ 68.319824, 31.767676 ], [ 68.213965, 31.807373 ], [ 68.161035, 31.802979 ], [ 68.130176, 31.763281 ], [ 68.017188, 31.677979 ], [ 67.739844, 31.548193 ], [ 67.626758, 31.53877 ], [ 67.578223, 31.506494 ], [ 67.597559, 31.45332 ], [ 67.64707, 31.409961 ], [ 67.733496, 31.379248 ], [ 67.737891, 31.343945 ], [ 67.661523, 31.312988 ], [ 67.596387, 31.277686 ], [ 67.452832, 31.234619 ], [ 67.287305, 31.217822 ], [ 67.115918, 31.24292 ], [ 67.027734, 31.300244 ], [ 66.924316, 31.305615 ], [ 66.829297, 31.263672 ], [ 66.731348, 31.194531 ], [ 66.624219, 31.046045 ], [ 66.595801, 31.019971 ], [ 66.566797, 30.996582 ], [ 66.497363, 30.964551 ], [ 66.397168, 30.912207 ], [ 66.346875, 30.802783 ], [ 66.286914, 30.60791 ], [ 66.300977, 30.502979 ], [ 66.305469, 30.321143 ], [ 66.281836, 30.193457 ], [ 66.238477, 30.109619 ], [ 66.247168, 30.043506 ], [ 66.313379, 29.968555 ], [ 66.286914, 29.92002 ], [ 66.23125, 29.865723 ], [ 66.177051, 29.835596 ], [ 65.961621, 29.778906 ], [ 65.666211, 29.701318 ], [ 65.470996, 29.651562 ], [ 65.180469, 29.577637 ], [ 65.095508, 29.559473 ], [ 64.918945, 29.552783 ], [ 64.827344, 29.56416 ], [ 64.703516, 29.567139 ], [ 64.521094, 29.564502 ], [ 64.39375, 29.544336 ], [ 64.266113, 29.506934 ], [ 64.172168, 29.460352 ], [ 64.117969, 29.414258 ], [ 64.09873, 29.391943 ], [ 63.970996, 29.430078 ], [ 63.567578, 29.497998 ], [ 62.476562, 29.40835 ], [ 62.373438, 29.425391 ], [ 62.000977, 29.53042 ], [ 61.521484, 29.665674 ], [ 61.224414, 29.749414 ], [ 60.843359, 29.858691 ], [ 61.03418, 29.663428 ], [ 61.152148, 29.542725 ], [ 61.318359, 29.372607 ], [ 61.339453, 29.331787 ], [ 61.337891, 29.26499 ], [ 61.508594, 29.006055 ], [ 61.56875, 28.870898 ], [ 61.623047, 28.791602 ], [ 61.758008, 28.667676 ], [ 61.889844, 28.546533 ], [ 62.033008, 28.491016 ], [ 62.130566, 28.478809 ], [ 62.353027, 28.414746 ], [ 62.433887, 28.363867 ], [ 62.564551, 28.235156 ], [ 62.717578, 28.252783 ], [ 62.749414, 28.252881 ], [ 62.758008, 28.243555 ], [ 62.7625, 28.202051 ], [ 62.739746, 28.002051 ], [ 62.782324, 27.800537 ], [ 62.812012, 27.497021 ], [ 62.800879, 27.444531 ], [ 62.764258, 27.356738 ], [ 62.7625, 27.300195 ], [ 62.752734, 27.265625 ], [ 62.762988, 27.250195 ], [ 62.811621, 27.229443 ], [ 62.91543, 27.218408 ], [ 63.166797, 27.25249 ], [ 63.196094, 27.243945 ], [ 63.25625, 27.20791 ], [ 63.301563, 27.151465 ], [ 63.305176, 27.124561 ], [ 63.24209, 27.077686 ], [ 63.231445, 26.998145 ], [ 63.250391, 26.879248 ], [ 63.241602, 26.864746 ], [ 63.186133, 26.837598 ], [ 63.168066, 26.665576 ], [ 63.157813, 26.649756 ], [ 63.092969, 26.632324 ], [ 62.786621, 26.643896 ], [ 62.751563, 26.63916 ], [ 62.636426, 26.593652 ], [ 62.439258, 26.561035 ], [ 62.385059, 26.542627 ], [ 62.312305, 26.490869 ], [ 62.259668, 26.42749 ], [ 62.249609, 26.369238 ], [ 62.239355, 26.357031 ], [ 62.125977, 26.368994 ], [ 62.089063, 26.318262 ], [ 61.869824, 26.242432 ], [ 61.842383, 26.225928 ], [ 61.809961, 26.165283 ], [ 61.780762, 25.99585 ], [ 61.754395, 25.843359 ], [ 61.737695, 25.821094 ], [ 61.668652, 25.768994 ], [ 61.661816, 25.75127 ], [ 61.671387, 25.692383 ], [ 61.640137, 25.584619 ], [ 61.61543, 25.286133 ], [ 61.587891, 25.202344 ], [ 61.566895, 25.186328 ], [ 61.743652, 25.138184 ], [ 61.90791, 25.131299 ], [ 62.089453, 25.155322 ], [ 62.152148, 25.206641 ], [ 62.198633, 25.224854 ], [ 62.24873, 25.197363 ], [ 62.315332, 25.134912 ], [ 62.391211, 25.152539 ], [ 62.444727, 25.197266 ], [ 62.572461, 25.254736 ], [ 62.664746, 25.264795 ], [ 63.015039, 25.224658 ], [ 63.17002, 25.254883 ], [ 63.285742, 25.227588 ], [ 63.491406, 25.21084 ], [ 63.495703, 25.29751 ], [ 63.556641, 25.353174 ], [ 63.720898, 25.385889 ], [ 63.935547, 25.342529 ], [ 63.987305, 25.351172 ], [ 64.059375, 25.40293 ], [ 64.124902, 25.373926 ], [ 64.152051, 25.333447 ], [ 64.54375, 25.23667 ], [ 64.594043, 25.206299 ], [ 64.658984, 25.184082 ], [ 64.77666, 25.307324 ], [ 65.061328, 25.311084 ], [ 65.40625, 25.374316 ], [ 65.679688, 25.355273 ], [ 65.883594, 25.419629 ], [ 66.234668, 25.464355 ], [ 66.32832, 25.465771 ], [ 66.40293, 25.446826 ], [ 66.467676, 25.445312 ], [ 66.407129, 25.485059 ], [ 66.356445, 25.507373 ], [ 66.131152, 25.493262 ], [ 66.162305, 25.553906 ], [ 66.219043, 25.589893 ], [ 66.324219, 25.601807 ], [ 66.428613, 25.575342 ], [ 66.533887, 25.484375 ], [ 66.569922, 25.378516 ], [ 66.698633, 25.226318 ], [ 66.709863, 25.111328 ], [ 66.682227, 24.928857 ], [ 66.703027, 24.860937 ], [ 67.100586, 24.791943 ], [ 67.171484, 24.756104 ], [ 67.288672, 24.367773 ], [ 67.304297, 24.262891 ], [ 67.309375, 24.174805 ], [ 67.365234, 24.091602 ], [ 67.427637, 24.064844 ], [ 67.453906, 24.039893 ], [ 67.476855, 24.018262 ], [ 67.503613, 23.940039 ], [ 67.563086, 23.881836 ], [ 67.645801, 23.919873 ], [ 67.649512, 23.867285 ], [ 67.668457, 23.810986 ], [ 67.819043, 23.828076 ], [ 67.859961, 23.902686 ], [ 67.950977, 23.828613 ], [ 68.001465, 23.826074 ], [ 68.037012, 23.848242 ], [ 68.067773, 23.818359 ], [ 68.115527, 23.753369 ], [ 68.148828, 23.797217 ], [ 68.165039, 23.857324 ], [ 68.23418, 23.900537 ], [ 68.28252, 23.927979 ], [ 68.38125, 23.950879 ], [ 68.488672, 23.967236 ], [ 68.586621, 23.966602 ], [ 68.724121, 23.964697 ], [ 68.728125, 24.265625 ], [ 68.739648, 24.291992 ], [ 68.758984, 24.307227 ], [ 68.781152, 24.313721 ], [ 68.8, 24.309082 ], [ 68.82832, 24.264014 ], [ 68.863477, 24.266504 ], [ 68.900781, 24.292432 ], [ 68.98457, 24.273096 ], [ 69.051563, 24.286328 ], [ 69.119531, 24.268652 ], [ 69.235059, 24.268262 ], [ 69.443457, 24.275391 ], [ 69.55918, 24.273096 ], [ 69.63418, 24.225195 ], [ 69.716211, 24.172607 ], [ 69.805176, 24.165234 ], [ 69.933789, 24.171387 ], [ 70.021094, 24.191553 ], [ 70.065137, 24.240576 ], [ 70.098242, 24.2875 ], [ 70.289062, 24.356299 ], [ 70.489258, 24.412158 ], [ 70.546777, 24.418311 ], [ 70.565039, 24.385791 ], [ 70.555859, 24.331104 ], [ 70.579297, 24.279053 ], [ 70.659473, 24.246094 ], [ 70.716309, 24.237988 ], [ 70.767285, 24.24541 ], [ 70.805078, 24.261963 ], [ 70.88623, 24.34375 ], [ 70.928125, 24.362354 ], [ 70.982813, 24.361035 ], [ 71.044043, 24.400098 ], [ 71.045313, 24.42998 ], [ 71.00625, 24.444336 ], [ 70.973242, 24.487402 ], [ 70.979297, 24.522461 ], [ 70.969824, 24.571875 ], [ 70.976367, 24.61875 ], [ 71.002344, 24.653906 ], [ 71.047852, 24.687744 ], [ 71.020703, 24.757666 ], [ 70.950879, 24.891602 ], [ 70.877734, 25.062988 ], [ 70.800488, 25.205859 ], [ 70.702539, 25.331055 ], [ 70.652051, 25.4229 ], [ 70.657227, 25.625781 ], [ 70.648438, 25.666943 ], [ 70.614844, 25.691895 ], [ 70.569531, 25.705957 ], [ 70.505859, 25.685303 ], [ 70.448535, 25.681348 ], [ 70.325195, 25.685742 ], [ 70.264648, 25.706543 ], [ 70.100195, 25.910059 ], [ 70.078613, 25.990039 ], [ 70.077734, 26.071973 ], [ 70.132617, 26.214795 ], [ 70.149219, 26.347559 ], [ 70.156836, 26.471436 ], [ 70.147656, 26.506445 ], [ 70.114648, 26.548047 ], [ 70.059375, 26.57876 ], [ 69.911426, 26.586133 ], [ 69.735938, 26.627051 ], [ 69.600586, 26.699121 ], [ 69.506934, 26.742676 ], [ 69.48125, 26.770996 ], [ 69.47002, 26.804443 ], [ 69.494531, 26.95415 ], [ 69.537012, 27.122949 ], [ 69.567969, 27.174609 ], [ 69.621582, 27.228076 ], [ 69.661328, 27.264502 ], [ 69.724805, 27.312695 ], [ 69.896289, 27.473633 ], [ 70.049805, 27.694727 ], [ 70.144531, 27.849023 ], [ 70.193945, 27.894873 ], [ 70.244336, 27.934131 ], [ 70.318457, 27.981641 ], [ 70.403711, 28.025049 ], [ 70.488574, 28.023145 ], [ 70.569238, 27.983789 ], [ 70.629102, 27.937451 ], [ 70.649121, 27.835352 ], [ 70.691602, 27.768994 ], [ 70.737402, 27.729004 ], [ 70.797949, 27.709619 ], [ 70.874902, 27.714453 ], [ 71.184766, 27.831641 ], [ 71.290137, 27.855273 ], [ 71.542969, 27.869873 ], [ 71.716699, 27.915088 ], [ 71.870313, 27.9625 ], [ 71.888867, 28.047461 ], [ 71.948047, 28.177295 ], [ 72.128516, 28.346338 ], [ 72.179199, 28.421777 ], [ 72.233887, 28.56582 ], [ 72.291992, 28.697266 ], [ 72.341895, 28.751904 ], [ 72.625586, 28.896143 ], [ 72.90332, 29.02876 ], [ 72.94873, 29.088818 ], [ 73.12832, 29.363916 ], [ 73.231152, 29.550635 ], [ 73.257812, 29.610693 ], [ 73.317285, 29.772998 ], [ 73.381641, 29.934375 ], [ 73.46748, 29.97168 ], [ 73.658008, 30.033203 ], [ 73.80918, 30.093359 ], [ 73.886523, 30.162012 ], [ 73.933398, 30.22207 ], [ 73.924609, 30.281641 ], [ 73.882715, 30.352148 ], [ 73.891602, 30.394043 ], [ 73.899316, 30.435352 ], [ 74.008984, 30.519678 ], [ 74.215625, 30.768994 ], [ 74.339355, 30.893555 ], [ 74.380371, 30.893408 ], [ 74.509766, 30.959668 ], [ 74.632812, 31.034668 ], [ 74.625781, 31.06875 ], [ 74.610352, 31.112842 ], [ 74.539746, 31.132666 ], [ 74.517676, 31.185596 ], [ 74.534961, 31.261377 ], [ 74.593945, 31.465381 ], [ 74.581836, 31.523926 ], [ 74.509961, 31.712939 ], [ 74.525977, 31.765137 ], [ 74.555566, 31.818555 ], [ 74.635742, 31.889746 ], [ 74.739453, 31.948828 ], [ 75.071484, 32.089355 ], [ 75.13877, 32.104785 ], [ 75.254102, 32.140332 ], [ 75.324707, 32.215283 ], [ 75.333496, 32.279199 ], [ 75.302637, 32.318896 ], [ 75.233691, 32.372119 ], [ 75.104102, 32.420361 ], [ 74.987305, 32.462207 ], [ 74.788867, 32.457812 ], [ 74.685742, 32.493799 ], [ 74.657813, 32.518945 ], [ 74.643359, 32.607715 ], [ 74.663281, 32.757666 ], [ 74.632422, 32.770898 ], [ 74.588281, 32.753223 ], [ 74.483398, 32.770996 ], [ 74.35459, 32.768701 ], [ 74.305469, 32.810449 ], [ 74.32998, 32.86084 ], [ 74.322754, 32.927979 ], [ 74.303613, 32.991797 ], [ 74.283594, 33.005127 ], [ 74.22207, 33.020312 ], [ 74.12627, 33.075439 ], [ 74.049121, 33.143408 ], [ 74.003809, 33.189453 ], [ 73.989844, 33.221191 ], [ 73.994238, 33.242188 ], [ 74.050391, 33.30127 ], [ 74.117773, 33.384131 ], [ 74.142578, 33.455371 ], [ 74.15, 33.506982 ], [ 74.13125, 33.545068 ], [ 74.069727, 33.591699 ], [ 74.004004, 33.632422 ], [ 73.977539, 33.667822 ], [ 73.976465, 33.721289 ], [ 74.000977, 33.788184 ], [ 74.078418, 33.838672 ], [ 74.215625, 33.886572 ], [ 74.250879, 33.946094 ], [ 74.246484, 33.990186 ], [ 74.208984, 34.003418 ], [ 74.112598, 34.003711 ], [ 73.949902, 34.018799 ], [ 73.922363, 34.043066 ], [ 73.904102, 34.075684 ], [ 73.903906, 34.108008 ], [ 73.938281, 34.144775 ], [ 73.979492, 34.191309 ], [ 73.972363, 34.236621 ], [ 73.924609, 34.287842 ], [ 73.809961, 34.325342 ], [ 73.794531, 34.378223 ], [ 73.812109, 34.422363 ], [ 73.850098, 34.485303 ], [ 73.883105, 34.529053 ], [ 73.96123, 34.653467 ], [ 74.055859, 34.680664 ], [ 74.171973, 34.720898 ], [ 74.300391, 34.765381 ], [ 74.497949, 34.732031 ], [ 74.594141, 34.715771 ], [ 74.78877, 34.677734 ], [ 74.951855, 34.64585 ], [ 75.118457, 34.636816 ], [ 75.1875, 34.639014 ], [ 75.264063, 34.601367 ], [ 75.452539, 34.536719 ], [ 75.605566, 34.502734 ], [ 75.70918, 34.503076 ], [ 75.862109, 34.560254 ], [ 75.938281, 34.612549 ], [ 76.041016, 34.669922 ], [ 76.172461, 34.667725 ], [ 76.456738, 34.756104 ], [ 76.509961, 34.740869 ], [ 76.594434, 34.73584 ], [ 76.696289, 34.786914 ], [ 76.749023, 34.847559 ], [ 76.75752, 34.877832 ], [ 76.78291, 34.900195 ], [ 76.891699, 34.938721 ], [ 77.000879, 34.991992 ], [ 77.030664, 35.062354 ], [ 77.048633, 35.109912 ], [ 77.004492, 35.196338 ], [ 76.978906, 35.246436 ], [ 76.927734, 35.346631 ], [ 76.882227, 35.435742 ], [ 76.812793, 35.571826 ], [ 76.766895, 35.661719 ], [ 76.727539, 35.678662 ] ] ] ] } },
{ "type": "Feature", "properties": { "NAME": "Thailand", "ADMIN": "Thailand" }, "geometry": { "type": "MultiPolygon", "coordinates": [ [ [ [ 102.568945, 11.691699 ], [ 102.546484, 11.667773 ], [ 102.532813, 11.614941 ], [ 102.589941, 11.572168 ], [ 102.606445, 11.676514 ], [ 102.568945, 11.691699 ] ] ], [ [ [ 102.408398, 12.025098 ], [ 102.378125, 12.072852 ], [ 102.318848, 12.14165 ], [ 102.277441, 12.151855 ], [ 102.27334, 12.119336 ], [ 102.301953, 11.980811 ], [ 102.359961, 11.974414 ], [ 102.378125, 11.982959 ], [ 102.42998, 11.964746 ], [ 102.426758, 11.988721 ], [ 102.408398, 12.025098 ] ] ], [ [ [ 98.398828, 7.964551 ], [ 98.434961, 8.085645 ], [ 98.350977, 8.110645 ], [ 98.32207, 8.166309 ], [ 98.301367, 8.13623 ], [ 98.262305, 7.926074 ], [ 98.296289, 7.776074 ], [ 98.315625, 7.782324 ], [ 98.357422, 7.829443 ], [ 98.398438, 7.828418 ], [ 98.409082, 7.902051 ], [ 98.398828, 7.964551 ] ] ], [ [ [ 100.003613, 20.37959 ], [ 99.954297, 20.41543 ], [ 99.890332, 20.424414 ], [ 99.825195, 20.384473 ], [ 99.77334, 20.341309 ], [ 99.720117, 20.325439 ], [ 99.638672, 20.320459 ], [ 99.531641, 20.342822 ], [ 99.458887, 20.363037 ], [ 99.447949, 20.352051 ], [ 99.4875, 20.260645 ], [ 99.50166, 20.187744 ], [ 99.485938, 20.149854 ], [ 99.451563, 20.118311 ], [ 99.399219, 20.093457 ], [ 99.337891, 20.078906 ], [ 99.283691, 20.08042 ], [ 99.196875, 20.115137 ], [ 99.130762, 20.116602 ], [ 99.074219, 20.099365 ], [ 99.039746, 20.073633 ], [ 99.020703, 20.041797 ], [ 98.987402, 19.861377 ], [ 98.958008, 19.804932 ], [ 98.916699, 19.7729 ], [ 98.875781, 19.76958 ], [ 98.819531, 19.778467 ], [ 98.760645, 19.771094 ], [ 98.493848, 19.701318 ], [ 98.45498, 19.694434 ], [ 98.371289, 19.68916 ], [ 98.293652, 19.687256 ], [ 98.239062, 19.690674 ], [ 98.111035, 19.762158 ], [ 98.049023, 19.769727 ], [ 98.015039, 19.749512 ], [ 97.991211, 19.653711 ], [ 97.916406, 19.592871 ], [ 97.816797, 19.459961 ], [ 97.793555, 19.265869 ], [ 97.803906, 19.130469 ], [ 97.71416, 18.996484 ], [ 97.706055, 18.931787 ], [ 97.754004, 18.620801 ], [ 97.745898, 18.588184 ], [ 97.727734, 18.572021 ], [ 97.671582, 18.56123 ], [ 97.577344, 18.528711 ], [ 97.515137, 18.497754 ], [ 97.484961, 18.494238 ], [ 97.39707, 18.517529 ], [ 97.373926, 18.517969 ], [ 97.380664, 18.494287 ], [ 97.450781, 18.359668 ], [ 97.523828, 18.295898 ], [ 97.599316, 18.302979 ], [ 97.632227, 18.290332 ], [ 97.622461, 18.258008 ], [ 97.651563, 18.17373 ], [ 97.719727, 18.037402 ], [ 97.739941, 17.935303 ], [ 97.698535, 17.833545 ], [ 97.706445, 17.797119 ], [ 97.729102, 17.77583 ], [ 97.792969, 17.68125 ], [ 97.929297, 17.533301 ], [ 98.063086, 17.373291 ], [ 98.174609, 17.239893 ], [ 98.256543, 17.147656 ], [ 98.438867, 16.975684 ], [ 98.471191, 16.89502 ], [ 98.478125, 16.732227 ], [ 98.523145, 16.638184 ], [ 98.564746, 16.570947 ], [ 98.593652, 16.514795 ], [ 98.660742, 16.33042 ], [ 98.689258, 16.30542 ], [ 98.835449, 16.417578 ], [ 98.869336, 16.394189 ], [ 98.888281, 16.351904 ], [ 98.888477, 16.298096 ], [ 98.865527, 16.237061 ], [ 98.817969, 16.180811 ], [ 98.592383, 16.050684 ], [ 98.574023, 15.938623 ], [ 98.558203, 15.768604 ], [ 98.554492, 15.559766 ], [ 98.565234, 15.403564 ], [ 98.556934, 15.367676 ], [ 98.537305, 15.350684 ], [ 98.452148, 15.357373 ], [ 98.329395, 15.278564 ], [ 98.286133, 15.271582 ], [ 98.232227, 15.241357 ], [ 98.191016, 15.204102 ], [ 98.17793, 15.147412 ], [ 98.202148, 14.975928 ], [ 98.245996, 14.814746 ], [ 98.332129, 14.696484 ], [ 98.400195, 14.602979 ], [ 98.49502, 14.4729 ], [ 98.57002, 14.359912 ], [ 98.721191, 14.235742 ], [ 98.933594, 14.049854 ], [ 99.014648, 13.947168 ], [ 99.08623, 13.822754 ], [ 99.136816, 13.716699 ], [ 99.156055, 13.575781 ], [ 99.17168, 13.496924 ], [ 99.176172, 13.233057 ], [ 99.137109, 13.172998 ], [ 99.107422, 13.103516 ], [ 99.123926, 13.030762 ], [ 99.173535, 12.961328 ], [ 99.173535, 12.881934 ], [ 99.219824, 12.739746 ], [ 99.297363, 12.652881 ], [ 99.371973, 12.594238 ], [ 99.405078, 12.5479 ], [ 99.394238, 12.473633 ], [ 99.416309, 12.394824 ], [ 99.432422, 12.309033 ], [ 99.462891, 12.190234 ], [ 99.522949, 12.089648 ], [ 99.614746, 11.781201 ], [ 99.6125, 11.749658 ], [ 99.572852, 11.687158 ], [ 99.515234, 11.630664 ], [ 99.47793, 11.6125 ], [ 99.442676, 11.554395 ], [ 99.358789, 11.389453 ], [ 99.190137, 11.105273 ], [ 99.025391, 10.919971 ], [ 98.887109, 10.78833 ], [ 98.786914, 10.708447 ], [ 98.757227, 10.660937 ], [ 98.757227, 10.623584 ], [ 98.775391, 10.557031 ], [ 98.768359, 10.430859 ], [ 98.746875, 10.35083 ], [ 98.718457, 10.266016 ], [ 98.702539, 10.190381 ], [ 98.561914, 9.8375 ], [ 98.492969, 9.561426 ], [ 98.443164, 9.492822 ], [ 98.371387, 9.290527 ], [ 98.325977, 8.968945 ], [ 98.241797, 8.767871 ], [ 98.226953, 8.543652 ], [ 98.238184, 8.423096 ], [ 98.305469, 8.226221 ], [ 98.360742, 8.186963 ], [ 98.420996, 8.178223 ], [ 98.474023, 8.246924 ], [ 98.499805, 8.317822 ], [ 98.579199, 8.344287 ], [ 98.636328, 8.305029 ], [ 98.703516, 8.256738 ], [ 98.788672, 8.059814 ], [ 98.872461, 8.023926 ], [ 98.973926, 7.962793 ], [ 99.051074, 7.887842 ], [ 99.042676, 7.765625 ], [ 99.077637, 7.718066 ], [ 99.183398, 7.718066 ], [ 99.263672, 7.619043 ], [ 99.300391, 7.561328 ], [ 99.358594, 7.372217 ], [ 99.435156, 7.334375 ], [ 99.529102, 7.329492 ], [ 99.596973, 7.355615 ], [ 99.553027, 7.218799 ], [ 99.602441, 7.155322 ], [ 99.667773, 7.150879 ], [ 99.720313, 7.106201 ], [ 99.695996, 6.87666 ], [ 99.868652, 6.749902 ], [ 100.119141, 6.441992 ], [ 100.137988, 6.488672 ], [ 100.16123, 6.641602 ], [ 100.176758, 6.671826 ], [ 100.216602, 6.686621 ], [ 100.261426, 6.682715 ], [ 100.34541, 6.549902 ], [ 100.563867, 6.467529 ], [ 100.629492, 6.447998 ], [ 100.715625, 6.480664 ], [ 100.754492, 6.460059 ], [ 100.79375, 6.426172 ], [ 100.816504, 6.331641 ], [ 100.873926, 6.24541 ], [ 100.98877, 6.257666 ], [ 101.029395, 6.245312 ], [ 101.053516, 6.242578 ], [ 101.075977, 6.166064 ], [ 101.086523, 6.033691 ], [ 101.075586, 5.956494 ], [ 100.992773, 5.846191 ], [ 100.981641, 5.771045 ], [ 101.025195, 5.724512 ], [ 101.081738, 5.674902 ], [ 101.113965, 5.636768 ], [ 101.147656, 5.643066 ], [ 101.190625, 5.66875 ], [ 101.229785, 5.733691 ], [ 101.257031, 5.789355 ], [ 101.404199, 5.85166 ], [ 101.556055, 5.907764 ], [ 101.576758, 5.902002 ], [ 101.601367, 5.877148 ], [ 101.65, 5.795996 ], [ 101.678418, 5.778809 ], [ 101.719531, 5.770605 ], [ 101.790723, 5.779346 ], [ 101.873633, 5.825293 ], [ 101.917188, 5.911377 ], [ 101.936133, 5.979346 ], [ 102.055176, 6.09668 ], [ 102.068359, 6.184668 ], [ 102.101074, 6.242236 ], [ 101.799219, 6.474609 ], [ 101.614258, 6.753955 ], [ 101.497949, 6.865283 ], [ 101.400879, 6.899561 ], [ 101.301953, 6.908301 ], [ 101.154395, 6.875146 ], [ 101.017871, 6.860937 ], [ 100.792578, 6.994678 ], [ 100.70166, 7.081982 ], [ 100.58623, 7.175977 ], [ 100.489746, 7.161377 ], [ 100.423535, 7.187842 ], [ 100.371387, 7.280127 ], [ 100.204883, 7.500537 ], [ 100.160742, 7.599268 ], [ 100.158203, 7.728125 ], [ 100.256641, 7.774902 ], [ 100.317383, 7.715967 ], [ 100.324316, 7.644189 ], [ 100.27998, 7.584326 ], [ 100.283789, 7.551514 ], [ 100.342969, 7.552881 ], [ 100.380371, 7.541504 ], [ 100.410742, 7.464307 ], [ 100.439355, 7.280762 ], [ 100.545215, 7.226904 ], [ 100.503711, 7.337305 ], [ 100.453516, 7.442285 ], [ 100.279395, 8.268506 ], [ 100.228711, 8.424707 ], [ 100.163477, 8.508398 ], [ 100.158887, 8.473779 ], [ 100.154102, 8.442969 ], [ 100.129297, 8.428076 ], [ 100.05625, 8.511133 ], [ 99.989551, 8.589209 ], [ 99.960645, 8.67124 ], [ 99.904688, 9.112891 ], [ 99.877539, 9.194629 ], [ 99.835547, 9.288379 ], [ 99.723828, 9.314209 ], [ 99.393848, 9.213721 ], [ 99.335449, 9.225439 ], [ 99.253906, 9.265234 ], [ 99.265039, 9.352979 ], [ 99.288281, 9.4146 ], [ 99.191309, 9.627148 ], [ 99.160742, 9.734033 ], [ 99.169336, 9.93418 ], [ 99.194629, 10.175439 ], [ 99.190332, 10.265869 ], [ 99.165039, 10.319824 ], [ 99.237305, 10.388135 ], [ 99.284766, 10.569141 ], [ 99.486914, 10.889551 ], [ 99.514355, 11.100586 ], [ 99.561328, 11.215186 ], [ 99.627344, 11.462891 ], [ 99.725488, 11.661768 ], [ 99.79873, 11.748779 ], [ 99.837109, 11.936621 ], [ 99.930273, 12.047461 ], [ 99.989062, 12.170801 ], [ 100.005664, 12.354736 ], [ 99.963965, 12.690039 ], [ 99.982031, 12.771484 ], [ 100.089941, 13.045654 ], [ 100.051074, 13.17124 ], [ 99.990527, 13.243457 ], [ 100.01748, 13.353174 ], [ 100.122363, 13.439551 ], [ 100.235645, 13.484473 ], [ 100.536426, 13.514453 ], [ 100.60293, 13.568164 ], [ 100.656055, 13.521289 ], [ 100.906543, 13.462402 ], [ 100.962695, 13.431982 ], [ 100.946973, 13.357568 ], [ 100.92627, 13.303027 ], [ 100.946094, 13.187256 ], [ 100.903906, 13.034912 ], [ 100.896387, 12.818164 ], [ 100.863281, 12.714502 ], [ 100.897754, 12.653809 ], [ 100.953711, 12.62124 ], [ 101.090234, 12.673633 ], [ 101.444922, 12.618945 ], [ 101.723633, 12.689355 ], [ 101.835742, 12.640381 ], [ 101.889063, 12.593262 ], [ 101.944531, 12.563672 ], [ 102.034375, 12.531885 ], [ 102.13418, 12.443018 ], [ 102.22959, 12.331641 ], [ 102.248438, 12.361426 ], [ 102.259082, 12.394336 ], [ 102.343164, 12.252588 ], [ 102.434082, 12.179248 ], [ 102.540234, 12.109229 ], [ 102.574805, 12.157812 ], [ 102.594141, 12.203027 ], [ 102.654883, 12.148828 ], [ 102.762988, 12.012451 ], [ 102.791602, 11.888623 ], [ 102.883691, 11.772754 ], [ 102.912305, 11.703857 ], [ 102.933887, 11.706689 ], [ 102.918066, 11.73208 ], [ 102.736621, 12.089795 ], [ 102.70625, 12.255664 ], [ 102.737402, 12.383398 ], [ 102.755664, 12.42627 ], [ 102.70332, 12.493506 ], [ 102.629687, 12.569922 ], [ 102.499609, 12.669971 ], [ 102.490723, 12.82832 ], [ 102.461719, 13.015039 ], [ 102.422656, 13.077979 ], [ 102.362988, 13.192969 ], [ 102.330762, 13.288232 ], [ 102.319727, 13.53999 ], [ 102.336328, 13.560303 ], [ 102.428516, 13.567578 ], [ 102.546875, 13.585693 ], [ 102.565527, 13.626367 ], [ 102.544727, 13.659961 ], [ 102.62041, 13.716943 ], [ 102.728906, 13.841895 ], [ 102.812793, 13.972461 ], [ 102.873242, 14.054883 ], [ 102.909277, 14.136719 ], [ 103.031055, 14.252539 ], [ 103.199414, 14.332617 ], [ 103.313477, 14.351318 ], [ 103.432422, 14.378613 ], [ 103.546387, 14.417432 ], [ 103.600391, 14.421094 ], [ 103.741895, 14.37417 ], [ 103.818359, 14.362158 ], [ 103.898633, 14.362793 ], [ 103.981836, 14.35791 ], [ 104.054297, 14.362744 ], [ 104.227734, 14.395508 ], [ 104.411621, 14.36958 ], [ 104.575781, 14.390039 ], [ 104.779004, 14.427832 ], [ 104.878809, 14.404004 ], [ 104.969727, 14.366113 ], [ 104.982422, 14.289453 ], [ 105.003418, 14.254443 ], [ 105.033691, 14.227393 ], [ 105.074121, 14.227441 ], [ 105.125977, 14.280957 ], [ 105.169141, 14.336084 ], [ 105.183301, 14.34624 ], [ 105.243652, 14.367871 ], [ 105.342188, 14.416699 ], [ 105.422656, 14.471631 ], [ 105.475586, 14.530127 ], [ 105.497363, 14.590674 ], [ 105.500195, 14.66123 ], [ 105.523047, 14.843311 ], [ 105.54668, 14.932471 ], [ 105.533398, 15.041602 ], [ 105.49043, 15.127588 ], [ 105.49043, 15.256592 ], [ 105.505859, 15.319629 ], [ 105.513184, 15.360889 ], [ 105.57373, 15.413232 ], [ 105.615625, 15.488281 ], [ 105.638867, 15.585938 ], [ 105.641016, 15.656543 ], [ 105.62207, 15.699951 ], [ 105.562402, 15.74126 ], [ 105.462012, 15.78042 ], [ 105.398926, 15.829883 ], [ 105.373242, 15.889697 ], [ 105.375586, 15.942188 ], [ 105.40625, 15.987451 ], [ 105.330664, 16.037891 ], [ 105.14873, 16.093555 ], [ 105.047168, 16.160254 ], [ 105.025781, 16.237988 ], [ 104.949902, 16.339941 ], [ 104.819336, 16.466064 ], [ 104.750586, 16.647559 ], [ 104.743555, 16.884375 ], [ 104.758984, 17.077148 ], [ 104.816016, 17.300293 ], [ 104.739648, 17.46167 ], [ 104.655859, 17.546729 ], [ 104.539258, 17.609277 ], [ 104.428125, 17.698975 ], [ 104.322656, 17.81582 ], [ 104.196191, 17.988379 ], [ 104.04873, 18.216699 ], [ 103.949609, 18.318994 ], [ 103.898828, 18.295313 ], [ 103.792285, 18.316504 ], [ 103.629687, 18.382568 ], [ 103.487988, 18.418164 ], [ 103.366992, 18.42334 ], [ 103.288281, 18.408398 ], [ 103.251758, 18.373486 ], [ 103.248926, 18.338965 ], [ 103.27959, 18.30498 ], [ 103.263184, 18.278467 ], [ 103.199707, 18.259473 ], [ 103.148535, 18.221729 ], [ 103.091211, 18.138232 ], [ 103.051367, 18.028516 ], [ 102.991406, 17.98623 ], [ 102.898633, 17.976904 ], [ 102.807422, 17.945557 ], [ 102.717578, 17.892236 ], [ 102.675195, 17.851758 ], [ 102.680078, 17.824121 ], [ 102.660645, 17.817969 ], [ 102.616797, 17.83335 ], [ 102.596094, 17.869629 ], [ 102.598242, 17.926758 ], [ 102.552539, 17.965088 ], [ 102.458789, 17.984619 ], [ 102.351855, 18.045947 ], [ 102.231641, 18.148975 ], [ 102.148242, 18.203857 ], [ 102.101465, 18.210645 ], [ 102.03457, 18.169824 ], [ 101.947461, 18.081494 ], [ 101.875488, 18.046436 ], [ 101.818652, 18.064648 ], [ 101.774805, 18.033398 ], [ 101.744141, 17.952686 ], [ 101.6875, 17.889404 ], [ 101.563672, 17.820508 ], [ 101.555078, 17.812354 ], [ 101.413672, 17.71875 ], [ 101.299707, 17.625 ], [ 101.16748, 17.499023 ], [ 101.105176, 17.479541 ], [ 101.045703, 17.509961 ], [ 100.955859, 17.541113 ], [ 100.908496, 17.583887 ], [ 100.999023, 17.797168 ], [ 101.113281, 18.033545 ], [ 101.143945, 18.142627 ], [ 101.14873, 18.222168 ], [ 101.1375, 18.286865 ], [ 101.092773, 18.354541 ], [ 101.050586, 18.407031 ], [ 101.046973, 18.441992 ], [ 101.060449, 18.479004 ], [ 101.106348, 18.533545 ], [ 101.165527, 18.618311 ], [ 101.220508, 18.792773 ], [ 101.286328, 18.977148 ], [ 101.279883, 19.088916 ], [ 101.226562, 19.211523 ], [ 101.197559, 19.32793 ], [ 101.220801, 19.486621 ], [ 101.211914, 19.54834 ], [ 101.154688, 19.579199 ], [ 100.966504, 19.610791 ], [ 100.906055, 19.605371 ], [ 100.858203, 19.585059 ], [ 100.806836, 19.541943 ], [ 100.743945, 19.514746 ], [ 100.625488, 19.499854 ], [ 100.513574, 19.553467 ], [ 100.420117, 19.644482 ], [ 100.397656, 19.756104 ], [ 100.466211, 19.888916 ], [ 100.514551, 19.996338 ], [ 100.543066, 20.088672 ], [ 100.539941, 20.132373 ], [ 100.519531, 20.17793 ], [ 100.491602, 20.184082 ], [ 100.431543, 20.240723 ], [ 100.373145, 20.340381 ], [ 100.317969, 20.385889 ], [ 100.266016, 20.377295 ], [ 100.218066, 20.3396 ], [ 100.174121, 20.272754 ], [ 100.139746, 20.24541 ], [ 100.114941, 20.257666 ], [ 100.122461, 20.31665 ], [ 100.003613, 20.37959 ] ] ], [ [ [ 100.073047, 9.749121 ], [ 100.043457, 9.79165 ], [ 99.983398, 9.793555 ], [ 99.998047, 9.747607 ], [ 100.025684, 9.711719 ], [ 100.064453, 9.67998 ], [ 100.074121, 9.69668 ], [ 100.073047, 9.749121 ] ] ], [ [ [ 100.042969, 9.576855 ], [ 99.953613, 9.581006 ], [ 99.939551, 9.559961 ], [ 99.93125, 9.476074 ], [ 99.962402, 9.421631 ], [ 100.053711, 9.461426 ], [ 100.075293, 9.529443 ], [ 100.070703, 9.586035 ], [ 100.042969, 9.576855 ] ] ], [ [ [ 99.701367, 6.570557 ], [ 99.654004, 6.714111 ], [ 99.606641, 6.596826 ], [ 99.644043, 6.516113 ], [ 99.663086, 6.521924 ], [ 99.701367, 6.570557 ] ] ], [ [ [ 98.604297, 8.057324 ], [ 98.529395, 8.108545 ], [ 98.57998, 7.917041 ], [ 98.591992, 7.933936 ], [ 98.604297, 8.057324 ] ] ], [ [ [ 98.3125, 9.080371 ], [ 98.301172, 9.139111 ], [ 98.273633, 9.129883 ], [ 98.258398, 9.09541 ], [ 98.250781, 9.04082 ], [ 98.30752, 9.051465 ], [ 98.3125, 9.080371 ] ] ], [ [ [ 99.045117, 7.636523 ], [ 99.038086, 7.625732 ], [ 99.037695, 7.548486 ], [ 99.067871, 7.495898 ], [ 99.104395, 7.471289 ], [ 99.078418, 7.591846 ], [ 99.045117, 7.636523 ] ] ] ] } },
{ "type": "Feature", "properties": { "NAME": "Brunei", "ADMIN": "Brunei" }, "geometry": { "type": "MultiPolygon", "coordinates": [ [ [ [ 115.026758, 4.899707 ], [ 115.028809, 4.821143 ], [ 115.026758, 4.691357 ], [ 115.051562, 4.582666 ], [ 115.107031, 4.39043 ], [ 115.170605, 4.364209 ], [ 115.24668, 4.347217 ], [ 115.290625, 4.352588 ], [ 115.319238, 4.365283 ], [ 115.326758, 4.380762 ], [ 115.279297, 4.456348 ], [ 115.266699, 4.633984 ], [ 115.22793, 4.750586 ], [ 115.168457, 4.866699 ], [ 115.140039, 4.899756 ], [ 115.026758, 4.899707 ] ] ], [ [ [ 115.04707, 4.962451 ], [ 115.047656, 5.016357 ], [ 114.99541, 5.022363 ], [ 114.840625, 4.946387 ], [ 114.74082, 4.881006 ], [ 114.645898, 4.798145 ], [ 114.544727, 4.724561 ], [ 114.424414, 4.6604 ], [ 114.299414, 4.607178 ], [ 114.17793, 4.590967 ], [ 114.063867, 4.592676 ], [ 114.095117, 4.565234 ], [ 114.168848, 4.526953 ], [ 114.224121, 4.477881 ], [ 114.261035, 4.414258 ], [ 114.287598, 4.354736 ], [ 114.289648, 4.304199 ], [ 114.322949, 4.262793 ], [ 114.416602, 4.255859 ], [ 114.44707, 4.203564 ], [ 114.512207, 4.113574 ], [ 114.571777, 4.049072 ], [ 114.608301, 4.023975 ], [ 114.654102, 4.037646 ], [ 114.725, 4.096533 ], [ 114.776172, 4.168799 ], [ 114.810449, 4.266504 ], [ 114.783496, 4.280762 ], [ 114.831055, 4.354492 ], [ 114.840234, 4.393213 ], [ 114.818262, 4.42876 ], [ 114.790137, 4.463916 ], [ 114.779297, 4.553027 ], [ 114.759961, 4.666504 ], [ 114.74668, 4.718066 ], [ 114.78418, 4.754834 ], [ 114.864551, 4.801758 ], [ 114.944727, 4.85625 ], [ 115.026758, 4.899707 ], [ 115.04707, 4.962451 ] ] ] ] } },
{ "type": "Feature", "properties": { "NAME": "Myanmar", "ADMIN": "Myanmar" }, "geometry": { "type": "MultiPolygon", "coordinates": [ [ [ [ 100.129687, 20.372217 ], [ 100.183887, 20.589111 ], [ 100.249316, 20.730273 ], [ 100.326074, 20.795703 ], [ 100.407422, 20.823242 ], [ 100.493359, 20.812988 ], [ 100.565137, 20.825098 ], [ 100.622949, 20.85957 ], [ 100.617676, 20.879248 ], [ 100.549316, 20.884229 ], [ 100.522266, 20.921924 ], [ 100.536133, 20.992383 ], [ 100.566602, 21.038184 ], [ 100.613672, 21.059326 ], [ 100.65918, 21.130371 ], [ 100.703125, 21.251367 ], [ 100.756641, 21.312646 ], [ 100.819531, 21.314209 ], [ 100.927539, 21.366211 ], [ 101.080371, 21.468652 ], [ 101.138867, 21.56748 ], [ 101.147266, 21.581641 ], [ 101.128125, 21.705127 ], [ 101.130859, 21.735547 ], [ 101.120703, 21.746094 ], [ 101.079785, 21.755859 ], [ 101.019336, 21.736377 ], [ 100.835156, 21.655176 ], [ 100.677148, 21.504932 ], [ 100.60459, 21.471777 ], [ 100.531348, 21.458105 ], [ 100.445703, 21.484082 ], [ 100.350586, 21.501025 ], [ 100.214746, 21.462988 ], [ 100.147656, 21.480518 ], [ 100.116797, 21.511182 ], [ 100.089258, 21.55791 ], [ 100.105762, 21.617041 ], [ 100.095508, 21.660645 ], [ 100.041211, 21.682764 ], [ 99.978223, 21.701611 ], [ 99.940723, 21.75874 ], [ 99.925586, 21.820801 ], [ 99.94043, 21.901611 ], [ 99.947852, 21.98833 ], [ 99.917676, 22.028027 ], [ 99.825391, 22.049707 ], [ 99.592676, 22.08916 ], [ 99.388672, 22.110791 ], [ 99.303125, 22.100635 ], [ 99.233398, 22.110156 ], [ 99.192969, 22.125977 ], [ 99.173438, 22.15332 ], [ 99.172363, 22.19248 ], [ 99.205371, 22.282568 ], [ 99.243066, 22.370361 ], [ 99.337695, 22.498047 ], [ 99.343164, 22.586523 ], [ 99.338281, 22.688672 ], [ 99.385156, 22.825098 ], [ 99.466797, 22.927295 ], [ 99.507129, 22.959131 ], [ 99.497266, 23.00459 ], [ 99.464551, 23.04624 ], [ 99.418066, 23.069238 ], [ 99.34082, 23.095898 ], [ 99.220313, 23.10332 ], [ 99.055078, 23.130566 ], [ 98.86377, 23.19126 ], [ 98.885547, 23.307471 ], [ 98.882617, 23.380322 ], [ 98.858887, 23.440088 ], [ 98.819727, 23.48252 ], [ 98.797852, 23.52041 ], [ 98.832227, 23.624365 ], [ 98.787695, 23.737842 ], [ 98.735059, 23.783105 ], [ 98.680859, 23.841797 ], [ 98.676758, 23.905078 ], [ 98.701563, 23.964062 ], [ 98.833984, 24.090576 ], [ 98.835059, 24.121191 ], [ 98.802344, 24.118701 ], [ 98.764355, 24.116064 ], [ 98.583398, 24.069824 ], [ 98.56416, 24.098828 ], [ 98.499414, 24.115674 ], [ 98.367285, 24.119043 ], [ 98.2125, 24.110645 ], [ 98.016895, 24.06543 ], [ 97.837695, 23.986279 ], [ 97.755664, 23.931885 ], [ 97.686035, 23.898096 ], [ 97.629687, 23.887158 ], [ 97.564551, 23.911035 ], [ 97.568262, 23.988477 ], [ 97.690625, 24.130811 ], [ 97.708203, 24.22876 ], [ 97.670703, 24.312744 ], [ 97.666602, 24.37998 ], [ 97.623633, 24.422949 ], [ 97.563281, 24.443848 ], [ 97.531445, 24.491699 ], [ 97.529395, 24.631201 ], [ 97.583301, 24.774805 ], [ 97.670703, 24.820117 ], [ 97.723828, 24.841992 ], [ 97.737891, 24.869873 ], [ 97.710742, 24.970361 ], [ 97.714941, 25.034326 ], [ 97.767383, 25.158057 ], [ 97.819531, 25.251855 ], [ 97.917969, 25.236133 ], [ 97.962012, 25.259326 ], [ 98.010742, 25.292529 ], [ 98.064063, 25.348975 ], [ 98.099609, 25.415723 ], [ 98.142871, 25.571094 ], [ 98.172559, 25.594531 ], [ 98.296582, 25.568848 ], [ 98.333789, 25.586768 ], [ 98.40166, 25.677979 ], [ 98.465527, 25.788867 ], [ 98.558398, 25.823242 ], [ 98.625391, 25.826709 ], [ 98.65625, 25.863574 ], [ 98.654688, 25.917773 ], [ 98.591016, 26.003711 ], [ 98.564063, 26.072412 ], [ 98.571973, 26.114062 ], [ 98.663184, 26.139453 ], [ 98.685547, 26.189355 ], [ 98.671875, 26.298535 ], [ 98.709473, 26.429688 ], [ 98.731836, 26.583398 ], [ 98.739355, 26.698145 ], [ 98.738477, 26.785742 ], [ 98.729492, 26.877393 ], [ 98.716504, 27.044922 ], [ 98.674805, 27.190625 ], [ 98.682422, 27.245312 ], [ 98.676758, 27.421924 ], [ 98.651172, 27.572461 ], [ 98.599805, 27.598828 ], [ 98.504492, 27.647656 ], [ 98.452539, 27.657227 ], [ 98.408887, 27.639453 ], [ 98.392383, 27.587061 ], [ 98.350488, 27.538086 ], [ 98.298828, 27.550098 ], [ 98.274219, 27.599072 ], [ 98.241016, 27.663184 ], [ 98.130469, 27.967578 ], [ 98.118359, 28.055225 ], [ 98.098926, 28.142285 ], [ 98.061621, 28.185889 ], [ 98.022266, 28.211523 ], [ 97.934082, 28.313818 ], [ 97.887598, 28.356494 ], [ 97.864941, 28.363574 ], [ 97.816504, 28.356348 ], [ 97.769043, 28.356152 ], [ 97.730078, 28.407129 ], [ 97.694629, 28.469336 ], [ 97.658887, 28.5 ], [ 97.599219, 28.517041 ], [ 97.537891, 28.510205 ], [ 97.502148, 28.456348 ], [ 97.477734, 28.425635 ], [ 97.431445, 28.353906 ], [ 97.356445, 28.254492 ], [ 97.322461, 28.217969 ], [ 97.310254, 28.155225 ], [ 97.302734, 28.085986 ], [ 97.33916, 28.030859 ], [ 97.343555, 27.982324 ], [ 97.335156, 27.937744 ], [ 97.306152, 27.90708 ], [ 97.226074, 27.890039 ], [ 97.157813, 27.836865 ], [ 97.049707, 27.76001 ], [ 96.962793, 27.698291 ], [ 96.899707, 27.643848 ], [ 96.876855, 27.586719 ], [ 96.883594, 27.514844 ], [ 96.901953, 27.4396 ], [ 97.103711, 27.16333 ], [ 97.102051, 27.11543 ], [ 97.038086, 27.102051 ], [ 96.953418, 27.133301 ], [ 96.880273, 27.177832 ], [ 96.797852, 27.296191 ], [ 96.731641, 27.331494 ], [ 96.665723, 27.339258 ], [ 96.274219, 27.278369 ], [ 96.19082, 27.261279 ], [ 96.061426, 27.21709 ], [ 95.970898, 27.128076 ], [ 95.905273, 27.046631 ], [ 95.837305, 27.013818 ], [ 95.738379, 26.950439 ], [ 95.463867, 26.756055 ], [ 95.305078, 26.672266 ], [ 95.201465, 26.641406 ], [ 95.128711, 26.597266 ], [ 95.089453, 26.525488 ], [ 95.059766, 26.473975 ], [ 95.050879, 26.347266 ], [ 95.068945, 26.191113 ], [ 95.108398, 26.091406 ], [ 95.129297, 26.07041 ], [ 95.132422, 26.04126 ], [ 95.092969, 25.987305 ], [ 95.040723, 25.941309 ], [ 95.015234, 25.912939 ], [ 94.991992, 25.770459 ], [ 94.945703, 25.700244 ], [ 94.861133, 25.597217 ], [ 94.78584, 25.519336 ], [ 94.667773, 25.458887 ], [ 94.622852, 25.41001 ], [ 94.579883, 25.319824 ], [ 94.554395, 25.243457 ], [ 94.553027, 25.215723 ], [ 94.566504, 25.191504 ], [ 94.615625, 25.1646 ], [ 94.675293, 25.138574 ], [ 94.703711, 25.097852 ], [ 94.707617, 25.04873 ], [ 94.663281, 24.931006 ], [ 94.584082, 24.767236 ], [ 94.493164, 24.637646 ], [ 94.399414, 24.514062 ], [ 94.377246, 24.47373 ], [ 94.293066, 24.321875 ], [ 94.219727, 24.113184 ], [ 94.170313, 23.972656 ], [ 94.127637, 23.876465 ], [ 94.074805, 23.87207 ], [ 94.01084, 23.90293 ], [ 93.855469, 23.943896 ], [ 93.755859, 23.976904 ], [ 93.683398, 24.006543 ], [ 93.633301, 24.005371 ], [ 93.564063, 23.986084 ], [ 93.49375, 23.972852 ], [ 93.452148, 23.987402 ], [ 93.355566, 24.074121 ], [ 93.32627, 24.064209 ], [ 93.307324, 24.021875 ], [ 93.372559, 23.77417 ], [ 93.414941, 23.68208 ], [ 93.408105, 23.528027 ], [ 93.391309, 23.33916 ], [ 93.366016, 23.13252 ], [ 93.349414, 23.084961 ], [ 93.308008, 23.030371 ], [ 93.253516, 23.015479 ], [ 93.203906, 23.037012 ], [ 93.16416, 23.032031 ], [ 93.150977, 22.997314 ], [ 93.1625, 22.907959 ], [ 93.114258, 22.805713 ], [ 93.078711, 22.718213 ], [ 93.088184, 22.633252 ], [ 93.105078, 22.547119 ], [ 93.162012, 22.360205 ], [ 93.162402, 22.291895 ], [ 93.151172, 22.230615 ], [ 93.121484, 22.205176 ], [ 93.070605, 22.209424 ], [ 93.042969, 22.183984 ], [ 93.021973, 22.145703 ], [ 92.964551, 22.00376 ], [ 92.909473, 21.988916 ], [ 92.854297, 22.010156 ], [ 92.771387, 22.104785 ], [ 92.720996, 22.132422 ], [ 92.688965, 22.130957 ], [ 92.674707, 22.106006 ], [ 92.652637, 22.049316 ], [ 92.630371, 22.011328 ], [ 92.574902, 21.978076 ], [ 92.582812, 21.940332 ], [ 92.584277, 21.609033 ], [ 92.593457, 21.467334 ], [ 92.625293, 21.350732 ], [ 92.631641, 21.306201 ], [ 92.599805, 21.270166 ], [ 92.568555, 21.26333 ], [ 92.53916, 21.319824 ], [ 92.471875, 21.362988 ], [ 92.372656, 21.409033 ], [ 92.330566, 21.439795 ], [ 92.279688, 21.427588 ], [ 92.208203, 21.357861 ], [ 92.17959, 21.293115 ], [ 92.191992, 21.202246 ], [ 92.214746, 21.112695 ], [ 92.264453, 21.061475 ], [ 92.268457, 21.004688 ], [ 92.28623, 20.931592 ], [ 92.311914, 20.864453 ], [ 92.324121, 20.791846 ], [ 92.37832, 20.717578 ], [ 92.608008, 20.469873 ], [ 92.722852, 20.295605 ], [ 92.732617, 20.453369 ], [ 92.708984, 20.563965 ], [ 92.735645, 20.562695 ], [ 92.786914, 20.469043 ], [ 92.850684, 20.414844 ], [ 92.891113, 20.340332 ], [ 92.87168, 20.301758 ], [ 92.843555, 20.282617 ], [ 92.791211, 20.211426 ], [ 92.82832, 20.177588 ], [ 92.882129, 20.152148 ], [ 92.990723, 20.287988 ], [ 93.01875, 20.346045 ], [ 93.035352, 20.406152 ], [ 93.066797, 20.377637 ], [ 93.015137, 20.185254 ], [ 93.068359, 20.188672 ], [ 93.095508, 20.181348 ], [ 93.040332, 20.129785 ], [ 93.001953, 20.074854 ], [ 93.129492, 19.858008 ], [ 93.190625, 19.851221 ], [ 93.199023, 19.89834 ], [ 93.156641, 20.040771 ], [ 93.25, 20.070117 ], [ 93.362305, 20.058301 ], [ 93.40957, 20.03833 ], [ 93.439063, 20.009424 ], [ 93.581836, 19.90957 ], [ 93.707031, 19.912158 ], [ 93.659863, 19.85415 ], [ 93.611719, 19.776074 ], [ 93.66875, 19.731982 ], [ 93.739551, 19.697266 ], [ 93.761035, 19.648047 ], [ 93.769922, 19.60957 ], [ 93.839551, 19.534131 ], [ 93.887891, 19.503906 ], [ 93.960742, 19.481689 ], [ 93.998145, 19.440869 ], [ 93.962012, 19.329346 ], [ 93.886133, 19.271924 ], [ 93.824902, 19.238477 ], [ 93.728027, 19.266504 ], [ 93.578613, 19.401172 ], [ 93.530566, 19.397559 ], [ 93.493066, 19.369482 ], [ 93.598145, 19.188477 ], [ 93.705469, 19.026904 ], [ 93.800098, 18.960596 ], [ 93.929199, 18.899658 ], [ 93.961328, 18.958398 ], [ 93.968066, 18.995068 ], [ 93.941016, 19.146094 ], [ 94.001563, 19.181787 ], [ 94.022461, 19.268799 ], [ 94.044922, 19.287402 ], [ 94.038965, 19.146191 ], [ 94.07002, 18.893408 ], [ 94.091309, 18.849219 ], [ 94.245703, 18.741162 ], [ 94.170703, 18.732422 ], [ 94.252148, 18.60918 ], [ 94.26582, 18.507227 ], [ 94.430762, 18.20166 ], [ 94.494336, 17.824609 ], [ 94.560059, 17.698975 ], [ 94.588965, 17.569336 ], [ 94.564453, 17.308545 ], [ 94.494336, 17.166553 ], [ 94.473145, 17.135449 ], [ 94.452441, 16.954492 ], [ 94.4, 16.868164 ], [ 94.353418, 16.639941 ], [ 94.327344, 16.572168 ], [ 94.271289, 16.517285 ], [ 94.214258, 16.126611 ], [ 94.223828, 16.016455 ], [ 94.299023, 16.007617 ], [ 94.441602, 16.094385 ], [ 94.495703, 16.186133 ], [ 94.5875, 16.288818 ], [ 94.637695, 16.309082 ], [ 94.665234, 16.336133 ], [ 94.679004, 16.425586 ], [ 94.70332, 16.511914 ], [ 94.716602, 16.45249 ], [ 94.719922, 16.39873 ], [ 94.676562, 16.242041 ], [ 94.680762, 16.133301 ], [ 94.651367, 16.064844 ], [ 94.65625, 15.98877 ], [ 94.661523, 15.904395 ], [ 94.798145, 15.971094 ], [ 94.847754, 16.032861 ], [ 94.860156, 16.102441 ], [ 94.893164, 16.182812 ], [ 94.897852, 16.14082 ], [ 94.882227, 16.087939 ], [ 94.892188, 16.038184 ], [ 94.891211, 15.979102 ], [ 94.942578, 15.818262 ], [ 95.07832, 15.83916 ], [ 95.176953, 15.825684 ], [ 95.225879, 15.876807 ], [ 95.333008, 16.033252 ], [ 95.346777, 16.097607 ], [ 95.364746, 15.985449 ], [ 95.307813, 15.88042 ], [ 95.301465, 15.756152 ], [ 95.348437, 15.729297 ], [ 95.389551, 15.722754 ], [ 95.555664, 15.837842 ], [ 95.679492, 15.976758 ], [ 95.711426, 16.073389 ], [ 95.763281, 16.169043 ], [ 96.012305, 16.253711 ], [ 96.032129, 16.284619 ], [ 96.042871, 16.339941 ], [ 96.080957, 16.353369 ], [ 96.135059, 16.342529 ], [ 96.293066, 16.410059 ], [ 96.324316, 16.444434 ], [ 96.236719, 16.567432 ], [ 96.237695, 16.63125 ], [ 96.189063, 16.768311 ], [ 96.220313, 16.780566 ], [ 96.248926, 16.765332 ], [ 96.262109, 16.659131 ], [ 96.282227, 16.595996 ], [ 96.364355, 16.520508 ], [ 96.431152, 16.504932 ], [ 96.506641, 16.514355 ], [ 96.622461, 16.563916 ], [ 96.76543, 16.710352 ], [ 96.810645, 16.778369 ], [ 96.858008, 16.921191 ], [ 96.908594, 17.030957 ], [ 96.850879, 17.20293 ], [ 96.909766, 17.304834 ], [ 96.877734, 17.342187 ], [ 96.851465, 17.401025 ], [ 96.970117, 17.317334 ], [ 97.074512, 17.206934 ], [ 97.100195, 17.164551 ], [ 97.200195, 17.09541 ], [ 97.17832, 17.062012 ], [ 97.211719, 16.892578 ], [ 97.26748, 16.743115 ], [ 97.331055, 16.671777 ], [ 97.375879, 16.522949 ], [ 97.505078, 16.525293 ], [ 97.619629, 16.537207 ], [ 97.668457, 16.551611 ], [ 97.725977, 16.568555 ], [ 97.664648, 16.520459 ], [ 97.633691, 16.457666 ], [ 97.640625, 16.253857 ], [ 97.609277, 16.143848 ], [ 97.584277, 16.01958 ], [ 97.710352, 15.875537 ], [ 97.774219, 15.430957 ], [ 97.74375, 15.306787 ], [ 97.799805, 15.184912 ], [ 97.812305, 14.858936 ], [ 97.869141, 14.738721 ], [ 97.936523, 14.763916 ], [ 98.01875, 14.652588 ], [ 97.929297, 14.695557 ], [ 97.909766, 14.652686 ], [ 97.976562, 14.461475 ], [ 97.998438, 14.335303 ], [ 98.100195, 14.161523 ], [ 98.072656, 13.986475 ], [ 98.098242, 13.89834 ], [ 98.110645, 13.712891 ], [ 98.149512, 13.647607 ], [ 98.200391, 13.980176 ], [ 98.238965, 13.934473 ], [ 98.248438, 13.840381 ], [ 98.24541, 13.733496 ], [ 98.421289, 13.483789 ], [ 98.487109, 13.293066 ], [ 98.575977, 13.161914 ], [ 98.595117, 12.986035 ], [ 98.637109, 12.848242 ], [ 98.635645, 12.770508 ], [ 98.663184, 12.662402 ], [ 98.664648, 12.539941 ], [ 98.624414, 12.440723 ], [ 98.678711, 12.348486 ], [ 98.619141, 12.3 ], [ 98.600293, 12.245312 ], [ 98.630566, 12.225488 ], [ 98.696289, 12.225244 ], [ 98.663867, 12.126709 ], [ 98.686328, 12.047119 ], [ 98.689453, 11.956738 ], [ 98.644922, 11.910303 ], [ 98.639063, 11.869141 ], [ 98.624902, 11.801465 ], [ 98.636328, 11.738379 ], [ 98.693652, 11.718359 ], [ 98.804785, 11.779248 ], [ 98.840234, 11.739258 ], [ 98.875977, 11.719727 ], [ 98.790723, 11.665088 ], [ 98.741406, 11.591699 ], [ 98.746387, 11.521289 ], [ 98.733301, 11.435254 ], [ 98.730078, 11.32998 ], [ 98.744727, 11.240381 ], [ 98.682617, 11.133105 ], [ 98.675586, 10.986914 ], [ 98.598828, 10.864404 ], [ 98.535645, 10.740674 ], [ 98.500977, 10.718945 ], [ 98.464941, 10.67583 ], [ 98.523047, 10.353125 ], [ 98.496875, 10.18252 ], [ 98.521289, 10.107227 ], [ 98.562598, 10.034961 ], [ 98.658008, 10.179053 ], [ 98.702539, 10.190381 ], [ 98.718457, 10.266016 ], [ 98.746875, 10.35083 ], [ 98.768359, 10.430859 ], [ 98.775391, 10.557031 ], [ 98.757227, 10.623584 ], [ 98.757227, 10.660937 ], [ 98.786914, 10.708447 ], [ 98.887109, 10.78833 ], [ 99.025391, 10.919971 ], [ 99.190137, 11.105273 ], [ 99.358789, 11.389453 ], [ 99.442676, 11.554395 ], [ 99.47793, 11.6125 ], [ 99.515234, 11.630664 ], [ 99.572852, 11.687158 ], [ 99.6125, 11.749658 ], [ 99.614746, 11.781201 ], [ 99.522949, 12.089648 ], [ 99.462891, 12.190234 ], [ 99.432422, 12.309033 ], [ 99.416309, 12.394824 ], [ 99.394238, 12.473633 ], [ 99.405078, 12.5479 ], [ 99.371973, 12.594238 ], [ 99.297363, 12.652881 ], [ 99.219824, 12.739746 ], [ 99.173535, 12.881934 ], [ 99.173535, 12.961328 ], [ 99.123926, 13.030762 ], [ 99.107422, 13.103516 ], [ 99.137109, 13.172998 ], [ 99.176172, 13.233057 ], [ 99.17168, 13.496924 ], [ 99.156055, 13.575781 ], [ 99.136816, 13.716699 ], [ 99.08623, 13.822754 ], [ 99.014648, 13.947168 ], [ 98.933594, 14.049854 ], [ 98.721191, 14.235742 ], [ 98.57002, 14.359912 ], [ 98.49502, 14.4729 ], [ 98.400195, 14.602979 ], [ 98.332129, 14.696484 ], [ 98.245996, 14.814746 ], [ 98.202148, 14.975928 ], [ 98.17793, 15.147412 ], [ 98.191016, 15.204102 ], [ 98.232227, 15.241357 ], [ 98.286133, 15.271582 ], [ 98.329395, 15.278564 ], [ 98.452148, 15.357373 ], [ 98.537305, 15.350684 ], [ 98.556934, 15.367676 ], [ 98.565234, 15.403564 ], [ 98.554492, 15.559766 ], [ 98.558203, 15.768604 ], [ 98.574023, 15.938623 ], [ 98.592383, 16.050684 ], [ 98.817969, 16.180811 ], [ 98.865527, 16.237061 ], [ 98.888477, 16.298096 ], [ 98.888281, 16.351904 ], [ 98.869336, 16.394189 ], [ 98.835449, 16.417578 ], [ 98.689258, 16.30542 ], [ 98.660742, 16.33042 ], [ 98.593652, 16.514795 ], [ 98.564746, 16.570947 ], [ 98.523145, 16.638184 ], [ 98.478125, 16.732227 ], [ 98.471191, 16.89502 ], [ 98.438867, 16.975684 ], [ 98.256543, 17.147656 ], [ 98.174609, 17.239893 ], [ 98.063086, 17.373291 ], [ 97.929297, 17.533301 ], [ 97.792969, 17.68125 ], [ 97.729102, 17.77583 ], [ 97.706445, 17.797119 ], [ 97.698535, 17.833545 ], [ 97.739941, 17.935303 ], [ 97.719727, 18.037402 ], [ 97.651563, 18.17373 ], [ 97.622461, 18.258008 ], [ 97.632227, 18.290332 ], [ 97.599316, 18.302979 ], [ 97.523828, 18.295898 ], [ 97.450781, 18.359668 ], [ 97.380664, 18.494287 ], [ 97.373926, 18.517969 ], [ 97.39707, 18.517529 ], [ 97.484961, 18.494238 ], [ 97.515137, 18.497754 ], [ 97.577344, 18.528711 ], [ 97.671582, 18.56123 ], [ 97.727734, 18.572021 ], [ 97.745898, 18.588184 ], [ 97.754004, 18.620801 ], [ 97.706055, 18.931787 ], [ 97.71416, 18.996484 ], [ 97.803906, 19.130469 ], [ 97.793555, 19.265869 ], [ 97.816797, 19.459961 ], [ 97.916406, 19.592871 ], [ 97.991211, 19.653711 ], [ 98.015039, 19.749512 ], [ 98.049023, 19.769727 ], [ 98.111035, 19.762158 ], [ 98.239062, 19.690674 ], [ 98.293652, 19.687256 ], [ 98.371289, 19.68916 ], [ 98.45498, 19.694434 ], [ 98.493848, 19.701318 ], [ 98.760645, 19.771094 ], [ 98.819531, 19.778467 ], [ 98.875781, 19.76958 ], [ 98.916699, 19.7729 ], [ 98.958008, 19.804932 ], [ 98.987402, 19.861377 ], [ 99.020703, 20.041797 ], [ 99.039746, 20.073633 ], [ 99.074219, 20.099365 ], [ 99.130762, 20.116602 ], [ 99.196875, 20.115137 ], [ 99.283691, 20.08042 ], [ 99.337891, 20.078906 ], [ 99.399219, 20.093457 ], [ 99.451563, 20.118311 ], [ 99.485938, 20.149854 ], [ 99.50166, 20.187744 ], [ 99.4875, 20.260645 ], [ 99.447949, 20.352051 ], [ 99.458887, 20.363037 ], [ 99.531641, 20.342822 ], [ 99.638672, 20.320459 ], [ 99.720117, 20.325439 ], [ 99.77334, 20.341309 ], [ 99.825195, 20.384473 ], [ 99.890332, 20.424414 ], [ 99.954297, 20.41543 ], [ 100.003613, 20.37959 ], [ 100.122461, 20.31665 ], [ 100.129687, 20.372217 ] ] ], [ [ [ 98.167285, 10.980322 ], [ 98.142578, 10.963135 ], [ 98.080469, 10.886621 ], [ 98.155371, 10.897949 ], [ 98.218164, 10.837744 ], [ 98.251758, 10.744434 ], [ 98.271484, 10.739893 ], [ 98.284375, 10.753125 ], [ 98.293457, 10.779687 ], [ 98.209766, 10.952734 ], [ 98.167285, 10.980322 ] ] ], [ [ [ 98.23125, 9.953955 ], [ 98.283398, 10.007617 ], [ 98.291699, 10.051318 ], [ 98.220703, 10.045215 ], [ 98.140234, 9.974658 ], [ 98.118066, 9.877881 ], [ 98.134375, 9.875391 ], [ 98.182617, 9.933447 ], [ 98.23125, 9.953955 ] ] ], [ [ [ 98.263281, 11.523633 ], [ 98.283789, 11.594092 ], [ 98.30752, 11.7229 ], [ 98.299609, 11.783008 ], [ 98.278125, 11.758398 ], [ 98.239062, 11.644727 ], [ 98.201074, 11.567187 ], [ 98.187305, 11.472412 ], [ 98.209375, 11.456543 ], [ 98.216211, 11.455762 ], [ 98.22168, 11.478223 ], [ 98.263281, 11.523633 ] ] ], [ [ [ 98.576465, 11.925098 ], [ 98.60957, 11.956641 ], [ 98.525293, 12.005176 ], [ 98.466211, 12.084277 ], [ 98.454492, 12.061279 ], [ 98.474316, 11.899414 ], [ 98.516016, 11.905029 ], [ 98.576465, 11.925098 ] ] ], [ [ [ 98.523535, 11.804932 ], [ 98.376465, 11.791504 ], [ 98.399512, 11.714844 ], [ 98.396875, 11.683545 ], [ 98.434766, 11.56709 ], [ 98.464844, 11.567187 ], [ 98.528418, 11.538672 ], [ 98.553809, 11.744873 ], [ 98.523535, 11.804932 ] ] ], [ [ [ 98.396484, 12.647119 ], [ 98.312109, 12.678174 ], [ 98.302539, 12.611572 ], [ 98.331445, 12.511426 ], [ 98.313867, 12.335986 ], [ 98.334473, 12.336182 ], [ 98.380859, 12.353662 ], [ 98.459473, 12.47373 ], [ 98.468262, 12.571338 ], [ 98.436426, 12.570508 ], [ 98.413965, 12.597949 ], [ 98.396484, 12.647119 ] ] ], [ [ [ 98.120117, 12.191309 ], [ 98.118457, 12.223389 ], [ 98.128418, 12.26123 ], [ 98.122461, 12.278711 ], [ 98.104883, 12.287793 ], [ 98.071387, 12.291797 ], [ 98.057324, 12.280078 ], [ 98.037305, 12.232471 ], [ 98.075391, 12.164453 ], [ 98.108496, 12.148096 ], [ 98.125098, 12.144873 ], [ 98.136719, 12.150439 ], [ 98.120117, 12.191309 ] ] ], [ [ [ 94.566113, 16.019287 ], [ 94.618652, 16.141309 ], [ 94.60127, 16.205518 ], [ 94.545996, 16.152832 ], [ 94.49375, 16.075342 ], [ 94.387891, 15.994141 ], [ 94.411914, 15.848389 ], [ 94.476758, 15.945947 ], [ 94.566113, 16.019287 ] ] ], [ [ [ 97.589355, 16.397363 ], [ 97.599609, 16.429541 ], [ 97.593262, 16.460791 ], [ 97.579004, 16.486035 ], [ 97.541992, 16.505078 ], [ 97.516406, 16.496875 ], [ 97.469141, 16.461035 ], [ 97.480371, 16.305713 ], [ 97.537207, 16.240137 ], [ 97.575, 16.253223 ], [ 97.589355, 16.397363 ] ] ], [ [ [ 93.718359, 18.715723 ], [ 93.745508, 18.808057 ], [ 93.744727, 18.865527 ], [ 93.618262, 18.888818 ], [ 93.4875, 18.867529 ], [ 93.569922, 18.75957 ], [ 93.674023, 18.675684 ], [ 93.69082, 18.684277 ], [ 93.718359, 18.715723 ] ] ], [ [ [ 93.412891, 19.950342 ], [ 93.419531, 19.877588 ], [ 93.444629, 19.806445 ], [ 93.513281, 19.754785 ], [ 93.491797, 19.892578 ], [ 93.412891, 19.950342 ] ] ], [ [ [ 93.688379, 19.544434 ], [ 93.644043, 19.495068 ], [ 93.662207, 19.458936 ], [ 93.732324, 19.416309 ], [ 93.755859, 19.325684 ], [ 93.815234, 19.298682 ], [ 93.901953, 19.332031 ], [ 93.933984, 19.36543 ], [ 93.947461, 19.408154 ], [ 93.945703, 19.428613 ], [ 93.874707, 19.481055 ], [ 93.829492, 19.475293 ], [ 93.714844, 19.558252 ], [ 93.688379, 19.544434 ] ] ], [ [ [ 98.526563, 11.086963 ], [ 98.477441, 10.979736 ], [ 98.498047, 10.964258 ], [ 98.518945, 10.959375 ], [ 98.541699, 10.961523 ], [ 98.526563, 11.086963 ] ] ], [ [ [ 98.080762, 11.733203 ], [ 98.05957, 11.756689 ], [ 98.010352, 11.860254 ], [ 98.021094, 11.695898 ], [ 98.083594, 11.636816 ], [ 98.075488, 11.692383 ], [ 98.080762, 11.733203 ] ] ], [ [ [ 98.059863, 12.397852 ], [ 98.045117, 12.387012 ], [ 97.990234, 12.393799 ], [ 97.938672, 12.346094 ], [ 97.951758, 12.322314 ], [ 98.002344, 12.279004 ], [ 98.060352, 12.353516 ], [ 98.066113, 12.389795 ], [ 98.059863, 12.397852 ] ] ], [ [ [ 98.298633, 13.15166 ], [ 98.268555, 13.189355 ], [ 98.265332, 13.202246 ], [ 98.25459, 13.188574 ], [ 98.250781, 13.104395 ], [ 98.259277, 13.014014 ], [ 98.30918, 12.934717 ], [ 98.31543, 13.099072 ], [ 98.298633, 13.15166 ] ] ], [ [ [ 94.838184, 15.89209 ], [ 94.828027, 15.933008 ], [ 94.733496, 15.823047 ], [ 94.743359, 15.812109 ], [ 94.784375, 15.793848 ], [ 94.804883, 15.819336 ], [ 94.838184, 15.89209 ] ] ], [ [ [ 92.95957, 20.046191 ], [ 92.914648, 20.086475 ], [ 92.912695, 19.999805 ], [ 92.975195, 19.868018 ], [ 93.023242, 19.828857 ], [ 93.010156, 19.923926 ], [ 92.95957, 20.046191 ] ] ] ] } },
{ "type": "Feature", "properties": { "NAME": "Bangladesh", "ADMIN": "Bangladesh" }, "geometry": { "type": "MultiPolygon", "coordinates": [ [ [ [ 89.081641, 22.014941 ], [ 89.093945, 21.872754 ], [ 89.16709, 21.784277 ], [ 89.234277, 21.722363 ], [ 89.278613, 21.706982 ], [ 89.353711, 21.721094 ], [ 89.451953, 21.821094 ], [ 89.500586, 21.914355 ], [ 89.502539, 22.031885 ], [ 89.469336, 22.212939 ], [ 89.483203, 22.275537 ], [ 89.547461, 21.983691 ], [ 89.566602, 21.860596 ], [ 89.568555, 21.767432 ], [ 89.628125, 21.81416 ], [ 89.667773, 21.877686 ], [ 89.756836, 21.919043 ], [ 89.811914, 21.983496 ], [ 89.852539, 22.090918 ], [ 89.86582, 22.173047 ], [ 89.853223, 22.288965 ], [ 89.881836, 22.387598 ], [ 89.985156, 22.466406 ], [ 89.893848, 22.308398 ], [ 89.894043, 22.202588 ], [ 89.918066, 22.116162 ], [ 89.954199, 22.022852 ], [ 90.068555, 22.098193 ], [ 90.143457, 22.137891 ], [ 90.20957, 22.156592 ], [ 90.087891, 22.01748 ], [ 90.07002, 21.959912 ], [ 90.071191, 21.887256 ], [ 90.130762, 21.847412 ], [ 90.158789, 21.816846 ], [ 90.230566, 21.829785 ], [ 90.288184, 21.899414 ], [ 90.355762, 22.048242 ], [ 90.494141, 22.178906 ], [ 90.552832, 22.218164 ], [ 90.589453, 22.258447 ], [ 90.616113, 22.362158 ], [ 90.595508, 22.43584 ], [ 90.531738, 22.539307 ], [ 90.487402, 22.588721 ], [ 90.498438, 22.634814 ], [ 90.480664, 22.684668 ], [ 90.435059, 22.751904 ], [ 90.436914, 22.828174 ], [ 90.461621, 22.881787 ], [ 90.552246, 22.904883 ], [ 90.477539, 22.986768 ], [ 90.466016, 23.053906 ], [ 90.527734, 23.084961 ], [ 90.595117, 23.133936 ], [ 90.599219, 23.20415 ], [ 90.590918, 23.266406 ], [ 90.522754, 23.346143 ], [ 90.391504, 23.366943 ], [ 90.269141, 23.455859 ], [ 90.408008, 23.431885 ], [ 90.555664, 23.421533 ], [ 90.568066, 23.474268 ], [ 90.561621, 23.537109 ], [ 90.573438, 23.578125 ], [ 90.604004, 23.591357 ], [ 90.616113, 23.531641 ], [ 90.615625, 23.442334 ], [ 90.656055, 23.273047 ], [ 90.633594, 23.094238 ], [ 90.65625, 23.025488 ], [ 90.826758, 22.721387 ], [ 90.945605, 22.597021 ], [ 91.151367, 22.614063 ], [ 91.216211, 22.642236 ], [ 91.31377, 22.735156 ], [ 91.40957, 22.797021 ], [ 91.480078, 22.884814 ], [ 91.482129, 22.797412 ], [ 91.529688, 22.707666 ], [ 91.692969, 22.504785 ], [ 91.734082, 22.406689 ], [ 91.79707, 22.297461 ], [ 91.84541, 22.343115 ], [ 91.863379, 22.350488 ], [ 91.857813, 22.317334 ], [ 91.824805, 22.228662 ], [ 91.85, 22.157373 ], [ 91.913184, 21.883057 ], [ 92.008008, 21.684766 ], [ 92.010938, 21.51626 ], [ 92.056055, 21.174805 ], [ 92.194629, 20.984277 ], [ 92.248145, 20.883594 ], [ 92.307813, 20.79043 ], [ 92.324121, 20.791846 ], [ 92.311914, 20.864453 ], [ 92.28623, 20.931592 ], [ 92.268457, 21.004688 ], [ 92.264453, 21.061475 ], [ 92.214746, 21.112695 ], [ 92.191992, 21.202246 ], [ 92.17959, 21.293115 ], [ 92.208203, 21.357861 ], [ 92.279688, 21.427588 ], [ 92.330566, 21.439795 ], [ 92.372656, 21.409033 ], [ 92.471875, 21.362988 ], [ 92.53916, 21.319824 ], [ 92.568555, 21.26333 ], [ 92.599805, 21.270166 ], [ 92.631641, 21.306201 ], [ 92.625293, 21.350732 ], [ 92.593457, 21.467334 ], [ 92.584277, 21.609033 ], [ 92.582812, 21.940332 ], [ 92.574902, 21.978076 ], [ 92.56123, 22.048047 ], [ 92.531836, 22.410303 ], [ 92.50957, 22.525684 ], [ 92.491406, 22.6854 ], [ 92.464453, 22.734424 ], [ 92.430469, 22.821826 ], [ 92.393164, 22.897021 ], [ 92.361621, 22.929004 ], [ 92.341211, 23.069824 ], [ 92.333789, 23.242383 ], [ 92.33418, 23.323828 ], [ 92.289355, 23.49248 ], [ 92.246094, 23.683594 ], [ 92.187109, 23.675537 ], [ 92.152344, 23.721875 ], [ 92.127051, 23.720996 ], [ 92.044043, 23.677783 ], [ 91.978516, 23.691992 ], [ 91.92959, 23.685986 ], [ 91.929492, 23.598242 ], [ 91.937891, 23.504688 ], [ 91.919141, 23.471045 ], [ 91.790039, 23.361035 ], [ 91.754199, 23.287305 ], [ 91.75791, 23.209814 ], [ 91.773828, 23.106104 ], [ 91.750977, 23.053516 ], [ 91.694922, 23.004834 ], [ 91.619531, 22.979688 ], [ 91.553516, 22.991553 ], [ 91.51123, 23.033691 ], [ 91.471387, 23.14126 ], [ 91.43623, 23.199902 ], [ 91.399414, 23.213867 ], [ 91.370605, 23.197998 ], [ 91.366797, 23.130469 ], [ 91.368652, 23.074561 ], [ 91.359375, 23.068359 ], [ 91.338867, 23.077002 ], [ 91.315234, 23.104395 ], [ 91.253809, 23.373633 ], [ 91.165527, 23.581055 ], [ 91.160449, 23.660645 ], [ 91.19248, 23.762891 ], [ 91.232031, 23.920459 ], [ 91.336426, 24.018799 ], [ 91.350195, 24.060498 ], [ 91.36709, 24.093506 ], [ 91.392676, 24.100098 ], [ 91.526367, 24.090771 ], [ 91.571387, 24.106592 ], [ 91.611133, 24.152832 ], [ 91.66875, 24.190088 ], [ 91.726562, 24.205078 ], [ 91.772461, 24.210645 ], [ 91.846191, 24.175293 ], [ 91.876953, 24.195312 ], [ 91.899023, 24.260693 ], [ 91.931055, 24.325537 ], [ 91.95166, 24.356738 ], [ 92.001074, 24.370898 ], [ 92.06416, 24.374365 ], [ 92.085059, 24.386182 ], [ 92.101953, 24.408057 ], [ 92.11748, 24.493945 ], [ 92.198047, 24.685742 ], [ 92.22666, 24.770996 ], [ 92.230566, 24.78623 ], [ 92.22832, 24.881348 ], [ 92.25127, 24.895068 ], [ 92.384961, 24.848779 ], [ 92.443164, 24.849414 ], [ 92.475, 24.868506 ], [ 92.485449, 24.90332 ], [ 92.468359, 24.944141 ], [ 92.373438, 25.015137 ], [ 92.204688, 25.110937 ], [ 92.049707, 25.169482 ], [ 91.763477, 25.160645 ], [ 91.479688, 25.142139 ], [ 91.39668, 25.151611 ], [ 91.293164, 25.177979 ], [ 91.038281, 25.174072 ], [ 90.730176, 25.159473 ], [ 90.613086, 25.167725 ], [ 90.555273, 25.166602 ], [ 90.439355, 25.157715 ], [ 90.250391, 25.184961 ], [ 90.119629, 25.219971 ], [ 90.003809, 25.25835 ], [ 89.866309, 25.293164 ], [ 89.833301, 25.292773 ], [ 89.814063, 25.305371 ], [ 89.800879, 25.336133 ], [ 89.796289, 25.37583 ], [ 89.824902, 25.560156 ], [ 89.799609, 25.8396 ], [ 89.822949, 25.941406 ], [ 89.709863, 26.17124 ], [ 89.670898, 26.213818 ], [ 89.619043, 26.215674 ], [ 89.585742, 26.186035 ], [ 89.572754, 26.132324 ], [ 89.591406, 26.072412 ], [ 89.549902, 26.005273 ], [ 89.466895, 25.983545 ], [ 89.369727, 26.006104 ], [ 89.289258, 26.037598 ], [ 89.186426, 26.105957 ], [ 89.108301, 26.202246 ], [ 89.101953, 26.30835 ], [ 89.066797, 26.376904 ], [ 89.018652, 26.410254 ], [ 88.983398, 26.419531 ], [ 88.951953, 26.412109 ], [ 88.924121, 26.375098 ], [ 88.948242, 26.337988 ], [ 88.981543, 26.286133 ], [ 88.97041, 26.250879 ], [ 88.940723, 26.245361 ], [ 88.896484, 26.260498 ], [ 88.828027, 26.252197 ], [ 88.761914, 26.279395 ], [ 88.722168, 26.281836 ], [ 88.682813, 26.291699 ], [ 88.680664, 26.352979 ], [ 88.620117, 26.430664 ], [ 88.518262, 26.517773 ], [ 88.418164, 26.571533 ], [ 88.369922, 26.564111 ], [ 88.345898, 26.504785 ], [ 88.351465, 26.482568 ], [ 88.38623, 26.471533 ], [ 88.436719, 26.437109 ], [ 88.447852, 26.401025 ], [ 88.44043, 26.369482 ], [ 88.378027, 26.312012 ], [ 88.333984, 26.25752 ], [ 88.235156, 26.178076 ], [ 88.150781, 26.087158 ], [ 88.129004, 26.018213 ], [ 88.097363, 25.956348 ], [ 88.08457, 25.888232 ], [ 88.106641, 25.841113 ], [ 88.147461, 25.811426 ], [ 88.25293, 25.789795 ], [ 88.363086, 25.698193 ], [ 88.452344, 25.574414 ], [ 88.502441, 25.537012 ], [ 88.593457, 25.495312 ], [ 88.769141, 25.490479 ], [ 88.79541, 25.45625 ], [ 88.820312, 25.365527 ], [ 88.854785, 25.333545 ], [ 88.944141, 25.290771 ], [ 88.95166, 25.259277 ], [ 88.929785, 25.222998 ], [ 88.890137, 25.194385 ], [ 88.817285, 25.176221 ], [ 88.747559, 25.168945 ], [ 88.677539, 25.180469 ], [ 88.573828, 25.187891 ], [ 88.45625, 25.188428 ], [ 88.372949, 24.961523 ], [ 88.313379, 24.881836 ], [ 88.279492, 24.881934 ], [ 88.188867, 24.920605 ], [ 88.149805, 24.914648 ], [ 88.045117, 24.713037 ], [ 88.030273, 24.664453 ], [ 88.023438, 24.627832 ], [ 88.079102, 24.549902 ], [ 88.145508, 24.485791 ], [ 88.225, 24.460645 ], [ 88.287109, 24.479736 ], [ 88.3375, 24.453857 ], [ 88.396973, 24.389258 ], [ 88.498535, 24.346631 ], [ 88.642285, 24.325977 ], [ 88.723535, 24.274902 ], [ 88.733594, 24.230908 ], [ 88.726562, 24.18623 ], [ 88.71377, 24.069629 ], [ 88.699805, 24.002539 ], [ 88.622559, 23.826367 ], [ 88.567383, 23.674414 ], [ 88.595996, 23.602197 ], [ 88.616406, 23.572754 ], [ 88.635742, 23.55 ], [ 88.697656, 23.493018 ], [ 88.74082, 23.436621 ], [ 88.704004, 23.292822 ], [ 88.724414, 23.25498 ], [ 88.807617, 23.229687 ], [ 88.89707, 23.2104 ], [ 88.928125, 23.186621 ], [ 88.850586, 23.040527 ], [ 88.866992, 22.938867 ], [ 88.899707, 22.843506 ], [ 88.923438, 22.687549 ], [ 88.926953, 22.671143 ], [ 88.920703, 22.632031 ], [ 88.971484, 22.510937 ], [ 89.05, 22.274609 ], [ 89.055859, 22.18623 ], [ 89.051465, 22.093164 ], [ 89.081641, 22.014941 ] ] ], [ [ [ 91.178223, 22.283008 ], [ 91.158301, 22.36543 ], [ 91.079492, 22.519727 ], [ 91.044727, 22.105176 ], [ 91.150781, 22.175195 ], [ 91.178223, 22.283008 ] ] ], [ [ [ 91.54834, 22.425391 ], [ 91.523047, 22.490723 ], [ 91.483984, 22.576562 ], [ 91.456055, 22.616504 ], [ 91.438867, 22.598828 ], [ 91.411328, 22.475684 ], [ 91.466895, 22.378418 ], [ 91.510449, 22.352783 ], [ 91.556738, 22.382227 ], [ 91.54834, 22.425391 ] ] ], [ [ [ 90.829883, 22.159961 ], [ 90.86582, 22.390576 ], [ 90.868164, 22.484863 ], [ 90.736914, 22.638721 ], [ 90.699219, 22.713525 ], [ 90.683008, 22.785303 ], [ 90.672266, 22.813184 ], [ 90.596484, 22.863525 ], [ 90.50293, 22.835352 ], [ 90.522559, 22.74751 ], [ 90.560352, 22.672559 ], [ 90.564941, 22.617627 ], [ 90.649219, 22.540674 ], [ 90.674902, 22.444971 ], [ 90.680469, 22.32749 ], [ 90.515039, 22.065137 ], [ 90.603613, 22.054199 ], [ 90.777637, 22.089307 ], [ 90.829883, 22.159961 ] ] ], [ [ [ 91.88252, 21.883643 ], [ 91.861328, 21.92666 ], [ 91.850684, 21.927051 ], [ 91.835156, 21.885352 ], [ 91.819727, 21.809814 ], [ 91.837598, 21.750244 ], [ 91.873828, 21.832129 ], [ 91.88252, 21.883643 ] ] ], [ [ [ 91.961914, 21.609766 ], [ 91.948633, 21.682568 ], [ 91.933984, 21.722168 ], [ 91.907715, 21.722949 ], [ 91.857031, 21.708789 ], [ 91.873242, 21.574414 ], [ 91.859473, 21.532959 ], [ 91.888867, 21.50332 ], [ 91.949219, 21.508057 ], [ 91.961914, 21.609766 ] ] ], [ [ [ 90.579883, 23.035449 ], [ 90.536328, 23.014893 ], [ 90.562305, 22.975439 ], [ 90.603906, 22.945557 ], [ 90.65957, 22.92002 ], [ 90.641797, 22.962988 ], [ 90.579883, 23.035449 ] ] ] ] } },
{ "type": "Feature", "properties": { "NAME": "Afghanistan", "ADMIN": "Afghanistan" }, "geometry": { "type": "MultiPolygon", "coordinates": [ [ [ [ 66.471875, 37.344727 ], [ 66.350293, 37.368164 ], [ 66.108398, 37.414746 ], [ 65.900684, 37.508105 ], [ 65.765039, 37.569141 ], [ 65.743848, 37.56084 ], [ 65.683008, 37.519141 ], [ 65.641211, 37.467822 ], [ 65.608008, 37.368408 ], [ 65.55498, 37.251172 ], [ 65.303613, 37.246777 ], [ 65.089648, 37.237939 ], [ 64.951563, 37.193555 ], [ 64.816309, 37.13208 ], [ 64.782422, 37.059277 ], [ 64.753125, 36.964795 ], [ 64.674316, 36.750195 ], [ 64.602539, 36.554541 ], [ 64.56582, 36.427588 ], [ 64.511035, 36.340674 ], [ 64.358008, 36.226074 ], [ 64.184375, 36.148926 ], [ 64.092188, 36.112695 ], [ 64.051367, 36.067627 ], [ 64.042383, 36.025098 ], [ 64.009668, 36.012109 ], [ 63.938086, 36.019727 ], [ 63.8625, 36.012354 ], [ 63.696582, 35.967822 ], [ 63.516992, 35.913135 ], [ 63.30166, 35.858398 ], [ 63.178906, 35.858447 ], [ 63.12998, 35.846191 ], [ 63.108594, 35.818701 ], [ 63.12998, 35.766748 ], [ 63.150781, 35.728271 ], [ 63.169727, 35.678125 ], [ 63.119336, 35.637549 ], [ 63.08418, 35.568066 ], [ 63.056641, 35.445801 ], [ 62.980273, 35.40918 ], [ 62.858008, 35.349658 ], [ 62.722656, 35.271338 ], [ 62.688086, 35.255322 ], [ 62.610547, 35.233154 ], [ 62.533105, 35.239893 ], [ 62.462891, 35.251367 ], [ 62.386621, 35.23125 ], [ 62.307813, 35.170801 ], [ 62.271191, 35.189111 ], [ 62.252832, 35.250244 ], [ 62.213086, 35.289941 ], [ 62.089648, 35.379687 ], [ 61.983887, 35.443701 ], [ 61.938086, 35.4479 ], [ 61.841016, 35.431494 ], [ 61.719727, 35.419434 ], [ 61.620996, 35.432324 ], [ 61.542773, 35.457861 ], [ 61.421777, 35.545801 ], [ 61.377734, 35.593115 ], [ 61.344727, 35.629492 ], [ 61.262012, 35.61958 ], [ 61.281836, 35.553418 ], [ 61.278516, 35.51377 ], [ 61.245508, 35.474072 ], [ 61.225684, 35.424463 ], [ 61.199219, 35.361621 ], [ 61.189258, 35.312012 ], [ 61.139648, 35.288867 ], [ 61.1, 35.272314 ], [ 61.106641, 35.209473 ], [ 61.126465, 35.156543 ], [ 61.149609, 35.09375 ], [ 61.123145, 35.050732 ], [ 61.106641, 35.001123 ], [ 61.070215, 34.921729 ], [ 61.080078, 34.855615 ], [ 61.04043, 34.799365 ], [ 60.99082, 34.749756 ], [ 60.957813, 34.710059 ], [ 60.951172, 34.653857 ], [ 60.914746, 34.633984 ], [ 60.845313, 34.587695 ], [ 60.802344, 34.554639 ], [ 60.739453, 34.544727 ], [ 60.72627, 34.518262 ], [ 60.736133, 34.491797 ], [ 60.762598, 34.475244 ], [ 60.803906, 34.418018 ], [ 60.889453, 34.319434 ], [ 60.642676, 34.307178 ], [ 60.570215, 34.219629 ], [ 60.485742, 34.094775 ], [ 60.527051, 33.841992 ], [ 60.485938, 33.711914 ], [ 60.51084, 33.638916 ], [ 60.573828, 33.58833 ], [ 60.65459, 33.5604 ], [ 60.806445, 33.558691 ], [ 60.906934, 33.538965 ], [ 60.916992, 33.505225 ], [ 60.859277, 33.45625 ], [ 60.766895, 33.363818 ], [ 60.718066, 33.323535 ], [ 60.560547, 33.137842 ], [ 60.561914, 33.058789 ], [ 60.576563, 32.994873 ], [ 60.644531, 32.794385 ], [ 60.710449, 32.6 ], [ 60.829297, 32.249414 ], [ 60.827246, 32.167969 ], [ 60.789941, 31.987109 ], [ 60.7875, 31.877197 ], [ 60.804297, 31.734473 ], [ 60.791602, 31.660596 ], [ 60.820703, 31.495166 ], [ 60.854102, 31.483252 ], [ 61.110742, 31.451123 ], [ 61.346484, 31.421631 ], [ 61.660156, 31.382422 ], [ 61.755078, 31.285303 ], [ 61.814258, 31.072559 ], [ 61.81084, 30.913281 ], [ 61.78418, 30.831934 ], [ 61.559473, 30.599365 ], [ 61.331641, 30.363721 ], [ 61.104102, 30.128418 ], [ 60.843359, 29.858691 ], [ 61.224414, 29.749414 ], [ 61.521484, 29.665674 ], [ 62.000977, 29.53042 ], [ 62.373438, 29.425391 ], [ 62.476562, 29.40835 ], [ 63.567578, 29.497998 ], [ 63.970996, 29.430078 ], [ 64.09873, 29.391943 ], [ 64.117969, 29.414258 ], [ 64.172168, 29.460352 ], [ 64.266113, 29.506934 ], [ 64.39375, 29.544336 ], [ 64.521094, 29.564502 ], [ 64.703516, 29.567139 ], [ 64.827344, 29.56416 ], [ 64.918945, 29.552783 ], [ 65.095508, 29.559473 ], [ 65.180469, 29.577637 ], [ 65.470996, 29.651562 ], [ 65.666211, 29.701318 ], [ 65.961621, 29.778906 ], [ 66.177051, 29.835596 ], [ 66.23125, 29.865723 ], [ 66.286914, 29.92002 ], [ 66.313379, 29.968555 ], [ 66.247168, 30.043506 ], [ 66.238477, 30.109619 ], [ 66.281836, 30.193457 ], [ 66.305469, 30.321143 ], [ 66.300977, 30.502979 ], [ 66.286914, 30.60791 ], [ 66.346875, 30.802783 ], [ 66.397168, 30.912207 ], [ 66.497363, 30.964551 ], [ 66.566797, 30.996582 ], [ 66.595801, 31.019971 ], [ 66.624219, 31.046045 ], [ 66.731348, 31.194531 ], [ 66.829297, 31.263672 ], [ 66.924316, 31.305615 ], [ 67.027734, 31.300244 ], [ 67.115918, 31.24292 ], [ 67.287305, 31.217822 ], [ 67.452832, 31.234619 ], [ 67.596387, 31.277686 ], [ 67.661523, 31.312988 ], [ 67.737891, 31.343945 ], [ 67.733496, 31.379248 ], [ 67.64707, 31.409961 ], [ 67.597559, 31.45332 ], [ 67.578223, 31.506494 ], [ 67.626758, 31.53877 ], [ 67.739844, 31.548193 ], [ 68.017188, 31.677979 ], [ 68.130176, 31.763281 ], [ 68.161035, 31.802979 ], [ 68.213965, 31.807373 ], [ 68.319824, 31.767676 ], [ 68.443262, 31.754492 ], [ 68.520703, 31.794141 ], [ 68.597656, 31.802979 ], [ 68.673242, 31.759717 ], [ 68.713672, 31.708057 ], [ 68.782324, 31.646436 ], [ 68.868945, 31.634229 ], [ 68.973438, 31.667383 ], [ 69.083105, 31.738477 ], [ 69.186914, 31.838086 ], [ 69.279297, 31.936816 ], [ 69.256543, 32.249463 ], [ 69.241406, 32.433545 ], [ 69.289941, 32.530566 ], [ 69.359473, 32.590332 ], [ 69.405371, 32.682715 ], [ 69.40459, 32.764258 ], [ 69.453125, 32.832812 ], [ 69.501563, 33.020068 ], [ 69.567773, 33.06416 ], [ 69.703711, 33.094727 ], [ 69.920117, 33.1125 ], [ 70.090234, 33.198096 ], [ 70.261133, 33.289014 ], [ 70.28418, 33.369043 ], [ 70.219727, 33.454687 ], [ 70.13418, 33.620752 ], [ 70.056641, 33.719873 ], [ 69.868066, 33.897656 ], [ 69.889648, 34.007275 ], [ 69.994727, 34.051807 ], [ 70.253613, 33.975977 ], [ 70.325684, 33.961133 ], [ 70.415723, 33.950439 ], [ 70.654004, 33.952295 ], [ 70.848438, 33.981885 ], [ 71.051563, 34.049707 ], [ 71.091309, 34.120264 ], [ 71.089063, 34.204053 ], [ 71.092383, 34.273242 ], [ 71.095703, 34.369434 ], [ 71.022949, 34.431152 ], [ 70.978906, 34.486279 ], [ 70.965625, 34.530371 ], [ 71.016309, 34.554639 ], [ 71.065625, 34.599609 ], [ 71.113281, 34.681592 ], [ 71.225781, 34.779541 ], [ 71.294141, 34.867725 ], [ 71.358105, 34.909619 ], [ 71.455078, 34.966943 ], [ 71.51709, 35.051123 ], [ 71.545508, 35.101416 ], [ 71.60166, 35.150684 ], [ 71.620508, 35.183008 ], [ 71.605273, 35.211768 ], [ 71.577246, 35.247998 ], [ 71.545508, 35.288867 ], [ 71.545508, 35.328516 ], [ 71.571973, 35.37041 ], [ 71.600586, 35.40791 ], [ 71.587402, 35.46084 ], [ 71.571973, 35.546826 ], [ 71.519043, 35.59751 ], [ 71.483594, 35.7146 ], [ 71.427539, 35.83374 ], [ 71.397559, 35.880176 ], [ 71.342871, 35.938525 ], [ 71.220215, 36.000684 ], [ 71.185059, 36.04209 ], [ 71.23291, 36.121777 ], [ 71.312598, 36.171191 ], [ 71.463281, 36.293262 ], [ 71.545898, 36.377686 ], [ 71.620508, 36.436475 ], [ 71.716406, 36.426562 ], [ 71.772656, 36.431836 ], [ 71.822266, 36.486084 ], [ 71.920703, 36.53418 ], [ 72.095605, 36.63374 ], [ 72.156738, 36.700879 ], [ 72.249805, 36.734717 ], [ 72.326953, 36.742383 ], [ 72.431152, 36.76582 ], [ 72.531348, 36.802002 ], [ 72.622852, 36.82959 ], [ 72.766211, 36.83501 ], [ 72.99375, 36.851611 ], [ 73.116797, 36.868555 ], [ 73.411133, 36.881689 ], [ 73.731836, 36.887793 ], [ 73.769141, 36.888477 ], [ 73.907813, 36.85293 ], [ 74.001855, 36.823096 ], [ 74.038867, 36.825732 ], [ 74.194727, 36.896875 ], [ 74.431055, 36.983691 ], [ 74.541406, 37.022168 ], [ 74.526465, 37.030664 ], [ 74.497949, 37.057227 ], [ 74.376172, 37.137354 ], [ 74.372168, 37.157715 ], [ 74.558984, 37.236621 ], [ 74.668945, 37.266699 ], [ 74.72666, 37.290723 ], [ 74.738965, 37.285645 ], [ 74.767383, 37.24917 ], [ 74.840234, 37.225049 ], [ 74.891309, 37.231641 ], [ 74.875391, 37.241992 ], [ 74.830469, 37.285937 ], [ 74.730566, 37.357031 ], [ 74.659375, 37.394482 ], [ 74.524219, 37.382373 ], [ 74.444922, 37.395605 ], [ 74.349023, 37.41875 ], [ 74.259668, 37.41543 ], [ 74.203516, 37.372461 ], [ 74.16709, 37.329443 ], [ 74.077734, 37.316211 ], [ 73.948828, 37.283154 ], [ 73.749609, 37.231787 ], [ 73.653516, 37.239355 ], [ 73.627539, 37.261572 ], [ 73.648828, 37.291211 ], [ 73.717285, 37.329443 ], [ 73.733789, 37.375781 ], [ 73.720605, 37.41875 ], [ 73.657129, 37.430469 ], [ 73.632617, 37.437207 ], [ 73.604688, 37.446045 ], [ 73.481348, 37.47168 ], [ 73.38291, 37.462256 ], [ 73.211133, 37.408496 ], [ 72.895508, 37.267529 ], [ 72.757031, 37.172705 ], [ 72.657422, 37.029053 ], [ 72.358789, 36.98291 ], [ 72.153516, 36.900537 ], [ 71.941992, 36.766455 ], [ 71.802051, 36.694287 ], [ 71.733789, 36.684033 ], [ 71.665625, 36.696924 ], [ 71.597461, 36.73291 ], [ 71.530859, 36.845117 ], [ 71.471875, 37.015088 ], [ 71.43291, 37.127539 ], [ 71.454785, 37.271826 ], [ 71.479688, 37.436035 ], [ 71.505078, 37.60293 ], [ 71.546191, 37.795654 ], [ 71.580371, 37.864258 ], [ 71.582227, 37.910107 ], [ 71.551953, 37.933154 ], [ 71.487793, 37.931885 ], [ 71.389648, 37.906299 ], [ 71.319922, 37.901855 ], [ 71.278516, 37.918408 ], [ 71.282813, 38.00791 ], [ 71.332715, 38.170264 ], [ 71.255859, 38.306982 ], [ 71.052148, 38.417871 ], [ 70.878906, 38.456396 ], [ 70.735938, 38.422559 ], [ 70.61582, 38.334424 ], [ 70.518555, 38.191992 ], [ 70.417773, 38.075439 ], [ 70.313281, 37.984814 ], [ 70.23877, 37.941211 ], [ 70.214648, 37.924414 ], [ 70.199414, 37.886035 ], [ 70.25498, 37.765381 ], [ 70.251465, 37.66416 ], [ 70.188672, 37.582471 ], [ 70.119824, 37.543506 ], [ 70.044727, 37.547217 ], [ 69.984961, 37.566162 ], [ 69.940625, 37.600293 ], [ 69.820898, 37.60957 ], [ 69.625781, 37.594043 ], [ 69.49209, 37.553076 ], [ 69.420117, 37.486719 ], [ 69.399219, 37.399316 ], [ 69.429688, 37.290869 ], [ 69.414453, 37.207764 ], [ 69.353809, 37.150049 ], [ 69.303906, 37.116943 ], [ 69.264844, 37.108398 ], [ 69.180176, 37.158301 ], [ 69.05, 37.266504 ], [ 68.960449, 37.325049 ], [ 68.911816, 37.333936 ], [ 68.885254, 37.328076 ], [ 68.855371, 37.316846 ], [ 68.838477, 37.302832 ], [ 68.82373, 37.270703 ], [ 68.782031, 37.258008 ], [ 68.723242, 37.268018 ], [ 68.669141, 37.258398 ], [ 68.637012, 37.224463 ], [ 68.546484, 37.183447 ], [ 68.386914, 37.1375 ], [ 68.299512, 37.088428 ], [ 68.284766, 37.036328 ], [ 68.260938, 37.013086 ], [ 68.212109, 37.021533 ], [ 68.067773, 36.949805 ], [ 67.958008, 36.972021 ], [ 67.834473, 37.064209 ], [ 67.766016, 37.140137 ], [ 67.758984, 37.172217 ], [ 67.75293, 37.199805 ], [ 67.7, 37.227246 ], [ 67.607422, 37.22251 ], [ 67.546484, 37.235645 ], [ 67.517285, 37.26665 ], [ 67.441699, 37.258008 ], [ 67.319727, 37.20957 ], [ 67.195508, 37.235205 ], [ 67.068848, 37.334814 ], [ 66.827734, 37.371289 ], [ 66.522266, 37.348486 ], [ 66.471875, 37.344727 ] ] ] ] } },
{ "type": "Feature", "properties": { "NAME": "Nepal", "ADMIN": "Nepal" }, "geometry": { "type": "MultiPolygon", "coordinates": [ [ [ [ 88.02334, 27.883398 ], [ 87.933398, 27.89082 ], [ 87.860742, 27.886084 ], [ 87.682715, 27.821387 ], [ 87.622559, 27.815186 ], [ 87.555273, 27.821826 ], [ 87.46416, 27.823828 ], [ 87.290723, 27.821924 ], [ 87.141406, 27.83833 ], [ 87.020117, 27.928662 ], [ 86.933789, 27.968457 ], [ 86.842383, 27.99917 ], [ 86.750391, 28.02207 ], [ 86.719629, 28.070654 ], [ 86.690527, 28.094922 ], [ 86.614453, 28.103027 ], [ 86.554492, 28.085205 ], [ 86.516895, 27.963525 ], [ 86.484961, 27.939551 ], [ 86.408691, 27.928662 ], [ 86.328613, 27.959521 ], [ 86.217969, 28.02207 ], [ 86.174219, 28.091699 ], [ 86.137012, 28.114355 ], [ 86.078711, 28.083594 ], [ 86.075488, 27.99458 ], [ 86.06416, 27.934717 ], [ 85.994531, 27.9104 ], [ 85.954102, 27.928223 ], [ 85.92168, 27.989697 ], [ 85.840234, 28.135352 ], [ 85.759473, 28.220654 ], [ 85.67832, 28.277441 ], [ 85.410645, 28.276025 ], [ 85.212109, 28.292627 ], [ 85.122461, 28.315967 ], [ 85.088574, 28.372266 ], [ 85.121484, 28.484277 ], [ 85.160156, 28.571875 ], [ 85.159082, 28.592236 ], [ 85.126367, 28.602637 ], [ 85.069141, 28.609668 ], [ 84.855078, 28.553613 ], [ 84.796875, 28.560205 ], [ 84.759375, 28.579248 ], [ 84.714258, 28.595557 ], [ 84.676758, 28.621533 ], [ 84.650586, 28.65957 ], [ 84.46543, 28.75293 ], [ 84.410742, 28.803906 ], [ 84.312109, 28.868115 ], [ 84.228711, 28.911768 ], [ 84.175586, 29.036377 ], [ 84.127832, 29.156299 ], [ 84.101367, 29.219971 ], [ 84.021973, 29.253857 ], [ 83.935938, 29.279492 ], [ 83.79043, 29.227441 ], [ 83.671094, 29.187598 ], [ 83.583496, 29.183594 ], [ 83.456641, 29.306348 ], [ 83.355176, 29.43916 ], [ 83.235156, 29.55459 ], [ 83.155469, 29.612646 ], [ 83.013965, 29.618066 ], [ 82.854297, 29.683398 ], [ 82.64082, 29.831201 ], [ 82.486523, 29.941504 ], [ 82.220703, 30.063867 ], [ 82.158984, 30.115186 ], [ 82.135352, 30.158984 ], [ 82.098926, 30.245068 ], [ 82.043359, 30.326758 ], [ 81.854883, 30.362402 ], [ 81.641895, 30.3875 ], [ 81.417188, 30.337598 ], [ 81.255078, 30.093311 ], [ 81.177148, 30.039893 ], [ 81.110352, 30.036816 ], [ 81.055566, 30.098975 ], [ 81.010254, 30.164502 ], [ 80.966113, 30.180029 ], [ 80.907617, 30.171924 ], [ 80.848145, 30.139746 ], [ 80.819922, 30.119336 ], [ 80.684082, 29.994336 ], [ 80.612891, 29.955859 ], [ 80.549023, 29.899805 ], [ 80.401855, 29.730273 ], [ 80.316895, 29.57207 ], [ 80.254883, 29.42334 ], [ 80.255957, 29.318018 ], [ 80.233008, 29.194629 ], [ 80.169531, 29.124316 ], [ 80.130469, 29.100391 ], [ 80.08457, 28.994189 ], [ 80.05166, 28.870312 ], [ 80.070703, 28.830176 ], [ 80.149609, 28.776074 ], [ 80.226562, 28.72334 ], [ 80.324805, 28.666406 ], [ 80.418555, 28.612012 ], [ 80.479102, 28.604883 ], [ 80.495801, 28.635791 ], [ 80.517871, 28.665186 ], [ 80.587012, 28.649609 ], [ 80.671289, 28.59624 ], [ 80.726172, 28.553906 ], [ 80.750781, 28.539697 ], [ 80.896094, 28.468555 ], [ 81.016602, 28.40957 ], [ 81.168945, 28.33501 ], [ 81.20625, 28.289404 ], [ 81.238965, 28.240869 ], [ 81.31084, 28.176367 ], [ 81.486035, 28.062207 ], [ 81.635547, 27.980469 ], [ 81.757227, 27.913818 ], [ 81.852637, 27.86709 ], [ 81.896875, 27.874463 ], [ 81.945215, 27.899268 ], [ 81.987695, 27.91377 ], [ 82.037012, 27.900586 ], [ 82.111914, 27.864941 ], [ 82.287695, 27.756543 ], [ 82.451367, 27.671826 ], [ 82.629883, 27.687061 ], [ 82.677344, 27.673437 ], [ 82.71084, 27.59668 ], [ 82.733398, 27.518994 ], [ 82.932813, 27.467676 ], [ 83.064063, 27.444531 ], [ 83.213867, 27.402295 ], [ 83.289746, 27.370996 ], [ 83.369434, 27.410254 ], [ 83.383984, 27.444824 ], [ 83.447168, 27.465332 ], [ 83.55166, 27.456348 ], [ 83.746973, 27.395947 ], [ 83.828809, 27.377832 ], [ 83.897168, 27.435107 ], [ 84.024805, 27.46167 ], [ 84.091016, 27.491357 ], [ 84.229785, 27.427832 ], [ 84.480859, 27.348193 ], [ 84.610156, 27.298682 ], [ 84.640723, 27.249854 ], [ 84.654785, 27.203662 ], [ 84.653809, 27.091699 ], [ 84.685352, 27.041016 ], [ 84.937207, 26.926904 ], [ 85.020117, 26.878516 ], [ 85.087305, 26.862939 ], [ 85.125391, 26.860986 ], [ 85.151563, 26.846631 ], [ 85.174121, 26.781543 ], [ 85.191797, 26.766553 ], [ 85.240234, 26.750342 ], [ 85.292969, 26.741016 ], [ 85.456445, 26.797217 ], [ 85.568457, 26.839844 ], [ 85.648438, 26.829004 ], [ 85.699902, 26.781641 ], [ 85.707422, 26.712646 ], [ 85.737305, 26.639746 ], [ 85.794531, 26.60415 ], [ 85.855664, 26.600195 ], [ 86.007324, 26.649365 ], [ 86.129395, 26.611719 ], [ 86.241602, 26.597998 ], [ 86.366113, 26.574414 ], [ 86.414453, 26.556299 ], [ 86.543652, 26.495996 ], [ 86.701367, 26.435059 ], [ 86.7625, 26.441943 ], [ 87.016406, 26.55542 ], [ 87.037891, 26.541602 ], [ 87.089551, 26.433203 ], [ 87.166797, 26.394238 ], [ 87.287402, 26.360303 ], [ 87.413574, 26.422949 ], [ 87.513086, 26.40498 ], [ 87.633398, 26.399121 ], [ 87.748828, 26.429297 ], [ 87.849219, 26.436914 ], [ 87.995117, 26.382373 ], [ 88.026953, 26.39502 ], [ 88.054883, 26.430029 ], [ 88.111523, 26.586426 ], [ 88.161523, 26.724805 ], [ 88.157227, 26.807324 ], [ 88.111035, 26.928467 ], [ 87.993164, 27.086084 ], [ 87.984375, 27.133936 ], [ 88.024121, 27.408887 ], [ 88.067871, 27.567383 ], [ 88.105566, 27.642432 ], [ 88.146973, 27.749219 ], [ 88.154297, 27.798682 ], [ 88.150293, 27.843311 ], [ 88.109766, 27.870605 ], [ 88.02334, 27.883398 ] ] ] ] } },
{ "type": "Feature", "properties": { "NAME": "Philippines", "ADMIN": "Philippines" }, "geometry": { "type": "MultiPolygon", "coordinates": [ [ [ [ 121.051367, 18.613672 ], [ 120.925, 18.585107 ], [ 120.867773, 18.598926 ], [ 120.81377, 18.603418 ], [ 120.709375, 18.545947 ], [ 120.599707, 18.507861 ], [ 120.584473, 18.36875 ], [ 120.550977, 18.264062 ], [ 120.505078, 18.162646 ], [ 120.358398, 17.638184 ], [ 120.37207, 17.535107 ], [ 120.424512, 17.43833 ], [ 120.427148, 17.376904 ], [ 120.411719, 17.269922 ], [ 120.420117, 17.090088 ], [ 120.408887, 16.955615 ], [ 120.321191, 16.761865 ], [ 120.304395, 16.645459 ], [ 120.305273, 16.529248 ], [ 120.325, 16.400342 ], [ 120.389258, 16.221631 ], [ 120.38877, 16.160938 ], [ 120.36875, 16.10957 ], [ 120.337012, 16.066455 ], [ 120.271289, 16.051416 ], [ 120.159766, 16.047656 ], [ 120.124023, 16.066211 ], [ 120.033398, 16.18457 ], [ 119.985156, 16.21543 ], [ 119.930371, 16.23877 ], [ 119.886133, 16.287402 ], [ 119.830762, 16.326562 ], [ 119.790234, 16.30332 ], [ 119.772559, 16.255127 ], [ 119.761816, 16.05498 ], [ 119.768945, 16.008447 ], [ 119.808203, 15.951953 ], [ 119.859668, 15.905762 ], [ 119.881445, 15.875 ], [ 119.891602, 15.837695 ], [ 119.932813, 15.430908 ], [ 119.959375, 15.340234 ], [ 120.00498, 15.229248 ], [ 120.036621, 15.114551 ], [ 120.044531, 14.978125 ], [ 120.082129, 14.851074 ], [ 120.137988, 14.800391 ], [ 120.213867, 14.808789 ], [ 120.250781, 14.793311 ], [ 120.283887, 14.684375 ], [ 120.365234, 14.608301 ], [ 120.396094, 14.493311 ], [ 120.43877, 14.453369 ], [ 120.495703, 14.440186 ], [ 120.555664, 14.441357 ], [ 120.588672, 14.483105 ], [ 120.582715, 14.594629 ], [ 120.546777, 14.766113 ], [ 120.583691, 14.88125 ], [ 120.638281, 14.816162 ], [ 120.70791, 14.776611 ], [ 120.804492, 14.758789 ], [ 120.888086, 14.715771 ], [ 120.941309, 14.645068 ], [ 120.951563, 14.557959 ], [ 120.92207, 14.493115 ], [ 120.688281, 14.291211 ], [ 120.642676, 14.244336 ], [ 120.616797, 14.188037 ], [ 120.617383, 13.995312 ], [ 120.637109, 13.804492 ], [ 120.729102, 13.900537 ], [ 120.840723, 13.884717 ], [ 120.932324, 13.761865 ], [ 121.006152, 13.758105 ], [ 121.095508, 13.679492 ], [ 121.203516, 13.640283 ], [ 121.344141, 13.649121 ], [ 121.446289, 13.711865 ], [ 121.450781, 13.790771 ], [ 121.501074, 13.842187 ], [ 121.643457, 13.915967 ], [ 121.691699, 13.93457 ], [ 121.742871, 13.94585 ], [ 121.77793, 13.937646 ], [ 122.072754, 13.788379 ], [ 122.205273, 13.648242 ], [ 122.376563, 13.520605 ], [ 122.406934, 13.492773 ], [ 122.497949, 13.363525 ], [ 122.5125, 13.313623 ], [ 122.515234, 13.26001 ], [ 122.599902, 13.194141 ], [ 122.675098, 13.253174 ], [ 122.667871, 13.395361 ], [ 122.609375, 13.517139 ], [ 122.596191, 13.562012 ], [ 122.508008, 13.656836 ], [ 122.500195, 13.703174 ], [ 122.504199, 13.763086 ], [ 122.49375, 13.820215 ], [ 122.467969, 13.886719 ], [ 122.486328, 13.92998 ], [ 122.543066, 13.925049 ], [ 122.595215, 13.907617 ], [ 122.781348, 13.737061 ], [ 122.863477, 13.617236 ], [ 122.896191, 13.591943 ], [ 123.163281, 13.441748 ], [ 123.191602, 13.402881 ], [ 123.205957, 13.353516 ], [ 123.295508, 13.215576 ], [ 123.29043, 13.099023 ], [ 123.310938, 13.044092 ], [ 123.402344, 13.033105 ], [ 123.626758, 12.911768 ], [ 123.736035, 12.896924 ], [ 123.802344, 12.905566 ], [ 123.863867, 12.930664 ], [ 123.917969, 12.939941 ], [ 123.948535, 12.916406 ], [ 123.894922, 12.80498 ], [ 123.877832, 12.689697 ], [ 123.961719, 12.594971 ], [ 124.059766, 12.56709 ], [ 124.137305, 12.791162 ], [ 124.142773, 13.035791 ], [ 124.10459, 13.025 ], [ 124.069141, 13.031934 ], [ 123.955176, 13.099707 ], [ 123.872754, 13.116992 ], [ 123.785156, 13.110547 ], [ 123.816602, 13.191602 ], [ 123.819238, 13.269482 ], [ 123.764844, 13.353516 ], [ 123.703613, 13.431592 ], [ 123.608105, 13.528076 ], [ 123.549609, 13.645752 ], [ 123.607129, 13.704443 ], [ 123.80625, 13.721729 ], [ 123.857617, 13.799609 ], [ 123.815723, 13.837109 ], [ 123.725977, 13.884326 ], [ 123.684082, 13.897021 ], [ 123.632812, 13.898486 ], [ 123.432324, 13.96626 ], [ 123.377441, 14.028662 ], [ 123.320312, 14.06167 ], [ 123.280469, 14.024805 ], [ 123.259277, 13.975439 ], [ 123.305371, 13.936572 ], [ 123.296973, 13.836426 ], [ 123.231445, 13.747363 ], [ 123.101953, 13.750244 ], [ 123.059961, 13.78877 ], [ 123.056934, 13.845459 ], [ 123.070703, 13.902734 ], [ 123.070996, 13.959961 ], [ 123.014551, 14.079834 ], [ 122.93418, 14.188086 ], [ 122.856055, 14.250781 ], [ 122.761035, 14.284863 ], [ 122.627148, 14.317529 ], [ 122.49082, 14.322363 ], [ 122.383691, 14.263867 ], [ 122.282617, 14.19082 ], [ 122.2375, 14.175049 ], [ 122.199707, 14.148047 ], [ 122.202539, 14.11167 ], [ 122.274414, 14.044727 ], [ 122.2875, 13.996191 ], [ 122.228418, 13.979492 ], [ 122.211719, 13.930176 ], [ 122.144336, 13.932715 ], [ 122.07959, 13.947119 ], [ 121.911719, 14.02041 ], [ 121.85332, 14.063086 ], [ 121.800488, 14.113867 ], [ 121.766602, 14.168066 ], [ 121.751855, 14.23418 ], [ 121.648535, 14.481494 ], [ 121.62793, 14.581152 ], [ 121.626563, 14.681738 ], [ 121.69541, 14.737305 ], [ 121.685645, 14.76543 ], [ 121.660547, 14.789502 ], [ 121.543945, 14.99917 ], [ 121.434961, 15.216309 ], [ 121.398926, 15.266602 ], [ 121.392285, 15.324414 ], [ 121.411914, 15.375049 ], [ 121.452051, 15.41665 ], [ 121.489844, 15.509521 ], [ 121.579199, 15.623193 ], [ 121.607031, 15.669824 ], [ 121.60918, 15.726025 ], [ 121.59043, 15.778027 ], [ 121.560938, 15.826758 ], [ 121.595313, 15.933252 ], [ 121.685156, 16.014746 ], [ 121.788672, 16.077441 ], [ 121.974707, 16.15791 ], [ 122.135156, 16.184814 ], [ 122.21416, 16.351514 ], [ 122.225879, 16.435205 ], [ 122.425781, 16.822656 ], [ 122.467969, 16.990039 ], [ 122.5, 17.058008 ], [ 122.519141, 17.124854 ], [ 122.467871, 17.155127 ], [ 122.40752, 17.178125 ], [ 122.392871, 17.238379 ], [ 122.3875, 17.306787 ], [ 122.362305, 17.344873 ], [ 122.269043, 17.395264 ], [ 122.236816, 17.434863 ], [ 122.175195, 17.575684 ], [ 122.152344, 17.664404 ], [ 122.150977, 17.756494 ], [ 122.179492, 18.064258 ], [ 122.222852, 18.157129 ], [ 122.293848, 18.234277 ], [ 122.315039, 18.320312 ], [ 122.299805, 18.402783 ], [ 122.265527, 18.458838 ], [ 122.221191, 18.500635 ], [ 122.14668, 18.486572 ], [ 122.076953, 18.37168 ], [ 122.038477, 18.32793 ], [ 121.947559, 18.285156 ], [ 121.845605, 18.29541 ], [ 121.716797, 18.330078 ], [ 121.592969, 18.376465 ], [ 121.254492, 18.563428 ], [ 121.101562, 18.615283 ], [ 121.051367, 18.613672 ] ] ], [ [ [ 117.4125, 8.49585 ], [ 117.469141, 8.511377 ], [ 117.516602, 8.53833 ], [ 117.539648, 8.595605 ], [ 117.572168, 8.641992 ], [ 117.679883, 8.677832 ], [ 117.779785, 8.728613 ], [ 117.888574, 8.798242 ], [ 117.989551, 8.8771 ], [ 118.069434, 8.983545 ], [ 118.134082, 9.101367 ], [ 118.229297, 9.167969 ], [ 118.349609, 9.201465 ], [ 118.434961, 9.256006 ], [ 118.504492, 9.332666 ], [ 118.569629, 9.422754 ], [ 118.773828, 9.766797 ], [ 118.75498, 9.862109 ], [ 118.782129, 9.916113 ], [ 118.834668, 9.949316 ], [ 118.948633, 9.993457 ], [ 119.191504, 10.061084 ], [ 119.218555, 10.100684 ], [ 119.231934, 10.152148 ], [ 119.284766, 10.251709 ], [ 119.369336, 10.327295 ], [ 119.422461, 10.354395 ], [ 119.540527, 10.379346 ], [ 119.595215, 10.407422 ], [ 119.686914, 10.500342 ], [ 119.684375, 10.551709 ], [ 119.616113, 10.707373 ], [ 119.52666, 10.953174 ], [ 119.561914, 11.045508 ], [ 119.532617, 11.101611 ], [ 119.53457, 11.156836 ], [ 119.560254, 11.266797 ], [ 119.55332, 11.313525 ], [ 119.50127, 11.346436 ], [ 119.465332, 11.293799 ], [ 119.340723, 11.03291 ], [ 119.305664, 10.973633 ], [ 119.261133, 10.845166 ], [ 119.29668, 10.750977 ], [ 119.312695, 10.687109 ], [ 119.287012, 10.574023 ], [ 119.223828, 10.477295 ], [ 119.186035, 10.439453 ], [ 119.143066, 10.409277 ], [ 119.079883, 10.38584 ], [ 119.023828, 10.353564 ], [ 118.845117, 10.131299 ], [ 118.820117, 10.105322 ], [ 118.727539, 10.03501 ], [ 118.533398, 9.793652 ], [ 118.343945, 9.602783 ], [ 118.114844, 9.34668 ], [ 118.023828, 9.269775 ], [ 117.983008, 9.253418 ], [ 117.931543, 9.25127 ], [ 117.884766, 9.240674 ], [ 117.744922, 9.098242 ], [ 117.593262, 8.968311 ], [ 117.52998, 8.902588 ], [ 117.417773, 8.76665 ], [ 117.349902, 8.713574 ], [ 117.255859, 8.540967 ], [ 117.228516, 8.456689 ], [ 117.218555, 8.367285 ], [ 117.311133, 8.4396 ], [ 117.4125, 8.49585 ] ] ], [ [ [ 122.399219, 11.702197 ], [ 122.290723, 11.772021 ], [ 122.086816, 11.855078 ], [ 122.029199, 11.89541 ], [ 121.963672, 11.897363 ], [ 121.916016, 11.854346 ], [ 121.891211, 11.790869 ], [ 121.94082, 11.758301 ], [ 122.066992, 11.72373 ], [ 122.101367, 11.680859 ], [ 122.103516, 11.64292 ], [ 122.059668, 11.325684 ], [ 122.050879, 11.097363 ], [ 122.020703, 10.979102 ], [ 121.964355, 10.87168 ], [ 121.950293, 10.757373 ], [ 121.972363, 10.698877 ], [ 121.980078, 10.638574 ], [ 121.933789, 10.493652 ], [ 121.938281, 10.470898 ], [ 121.954004, 10.444385 ], [ 121.988379, 10.458301 ], [ 122.051758, 10.514062 ], [ 122.108594, 10.575537 ], [ 122.197656, 10.6229 ], [ 122.52207, 10.691895 ], [ 122.673145, 10.800928 ], [ 122.769922, 10.823828 ], [ 122.791113, 10.879736 ], [ 122.789453, 10.941211 ], [ 122.80293, 10.990039 ], [ 122.84668, 11.022461 ], [ 122.93877, 11.058154 ], [ 123.016504, 11.116504 ], [ 123.075488, 11.196875 ], [ 123.119531, 11.286816 ], [ 123.144141, 11.363574 ], [ 123.156445, 11.442529 ], [ 123.158301, 11.535547 ], [ 123.102734, 11.541455 ], [ 122.894531, 11.441309 ], [ 122.900781, 11.487354 ], [ 122.93125, 11.529297 ], [ 122.838086, 11.595654 ], [ 122.72627, 11.60791 ], [ 122.612695, 11.56416 ], [ 122.496191, 11.615088 ], [ 122.399219, 11.702197 ] ] ], [ [ [ 123.19248, 9.087891 ], [ 123.228711, 9.121387 ], [ 123.293359, 9.217285 ], [ 123.320508, 9.272949 ], [ 123.321875, 9.31748 ], [ 123.308398, 9.356982 ], [ 123.149805, 9.606152 ], [ 123.149414, 9.659326 ], [ 123.162695, 9.714648 ], [ 123.162012, 9.864258 ], [ 123.186621, 9.933301 ], [ 123.266211, 10.059033 ], [ 123.296094, 10.124512 ], [ 123.343555, 10.325391 ], [ 123.406934, 10.458984 ], [ 123.492871, 10.582324 ], [ 123.527734, 10.662012 ], [ 123.567578, 10.780762 ], [ 123.5625, 10.816064 ], [ 123.510645, 10.923047 ], [ 123.256641, 10.993945 ], [ 123.221777, 10.988672 ], [ 123.024414, 10.911816 ], [ 122.983301, 10.886621 ], [ 122.969727, 10.836182 ], [ 122.96875, 10.765723 ], [ 122.958398, 10.69834 ], [ 122.905859, 10.602539 ], [ 122.855566, 10.553418 ], [ 122.816992, 10.503809 ], [ 122.852344, 10.395264 ], [ 122.866504, 10.284033 ], [ 122.86582, 10.125 ], [ 122.855566, 10.086914 ], [ 122.712988, 9.990137 ], [ 122.648242, 9.981543 ], [ 122.523242, 9.979199 ], [ 122.471484, 9.961523 ], [ 122.425586, 9.896094 ], [ 122.399512, 9.823047 ], [ 122.410937, 9.693896 ], [ 122.5625, 9.482812 ], [ 122.610352, 9.443213 ], [ 122.664551, 9.410352 ], [ 122.772461, 9.371338 ], [ 122.866602, 9.319824 ], [ 122.947852, 9.107959 ], [ 122.994727, 9.058838 ], [ 123.064648, 9.053369 ], [ 123.130859, 9.064111 ], [ 123.19248, 9.087891 ] ] ], [ [ [ 124.548242, 11.39502 ], [ 124.510938, 11.423877 ], [ 124.435938, 11.457227 ], [ 124.374121, 11.51499 ], [ 124.330664, 11.535205 ], [ 124.308203, 11.486182 ], [ 124.330957, 11.4271 ], [ 124.366016, 11.370703 ], [ 124.411719, 11.150342 ], [ 124.445508, 10.923584 ], [ 124.502832, 10.904443 ], [ 124.616113, 10.962207 ], [ 124.662695, 10.961963 ], [ 124.738672, 10.879736 ], [ 124.786719, 10.781396 ], [ 124.797168, 10.731787 ], [ 124.798633, 10.682227 ], [ 124.737695, 10.439746 ], [ 124.789551, 10.327539 ], [ 124.791699, 10.274561 ], [ 124.780762, 10.168066 ], [ 124.812793, 10.134619 ], [ 124.929102, 10.095898 ], [ 125.026563, 10.033105 ], [ 125.023535, 10.115283 ], [ 125.004883, 10.19707 ], [ 124.9875, 10.367578 ], [ 125.043945, 10.323437 ], [ 125.105371, 10.218311 ], [ 125.142578, 10.189453 ], [ 125.140039, 10.235352 ], [ 125.148438, 10.272412 ], [ 125.25332, 10.263818 ], [ 125.268457, 10.307715 ], [ 125.260059, 10.349609 ], [ 125.197168, 10.457227 ], [ 125.187695, 10.584863 ], [ 125.16416, 10.637451 ], [ 125.127539, 10.684717 ], [ 125.083887, 10.721582 ], [ 125.033789, 10.751465 ], [ 125.013184, 10.785693 ], [ 125.039746, 10.951904 ], [ 125.044336, 11.135254 ], [ 125.026563, 11.211719 ], [ 124.993945, 11.255908 ], [ 124.92998, 11.372852 ], [ 124.821094, 11.401416 ], [ 124.724316, 11.32207 ], [ 124.644336, 11.308105 ], [ 124.574609, 11.343066 ], [ 124.548242, 11.39502 ] ] ], [ [ [ 125.150195, 12.572559 ], [ 124.840137, 12.53457 ], [ 124.56582, 12.526221 ], [ 124.294727, 12.569336 ], [ 124.325781, 12.403809 ], [ 124.384863, 12.243994 ], [ 124.445703, 12.152783 ], [ 124.529102, 12.079199 ], [ 124.571875, 12.055127 ], [ 124.676758, 12.020898 ], [ 124.749805, 11.93335 ], [ 124.795801, 11.896338 ], [ 124.821094, 11.8521 ], [ 124.884277, 11.775488 ], [ 124.935645, 11.754639 ], [ 124.99502, 11.764941 ], [ 124.998242, 11.702344 ], [ 124.978906, 11.638477 ], [ 124.916992, 11.558398 ], [ 124.945312, 11.47915 ], [ 125.034277, 11.34126 ], [ 125.087891, 11.287354 ], [ 125.155859, 11.267041 ], [ 125.233398, 11.145068 ], [ 125.311523, 11.142285 ], [ 125.431836, 11.112598 ], [ 125.628125, 11.132031 ], [ 125.674414, 11.120801 ], [ 125.735645, 11.049609 ], [ 125.749121, 11.073584 ], [ 125.704004, 11.164795 ], [ 125.627344, 11.233887 ], [ 125.573535, 11.238232 ], [ 125.582324, 11.279492 ], [ 125.608984, 11.323047 ], [ 125.592969, 11.378223 ], [ 125.505762, 11.544238 ], [ 125.491797, 11.594336 ], [ 125.5, 11.65542 ], [ 125.496875, 11.71377 ], [ 125.464258, 11.771582 ], [ 125.456543, 11.952539 ], [ 125.513379, 12.05459 ], [ 125.50332, 12.135791 ], [ 125.535645, 12.191406 ], [ 125.48125, 12.251953 ], [ 125.408789, 12.284863 ], [ 125.352246, 12.292773 ], [ 125.320215, 12.321826 ], [ 125.327539, 12.387207 ], [ 125.310352, 12.446289 ], [ 125.239551, 12.527881 ], [ 125.150195, 12.572559 ] ] ], [ [ [ 120.65332, 13.497607 ], [ 120.468359, 13.522412 ], [ 120.40127, 13.517041 ], [ 120.352734, 13.472949 ], [ 120.338477, 13.412354 ], [ 120.3875, 13.40166 ], [ 120.438086, 13.40542 ], [ 120.455469, 13.393506 ], [ 120.480664, 13.311035 ], [ 120.508301, 13.260059 ], [ 120.573145, 13.208887 ], [ 120.651367, 13.169141 ], [ 120.680273, 13.130615 ], [ 120.763672, 12.969824 ], [ 120.76875, 12.840918 ], [ 120.776367, 12.790576 ], [ 120.795996, 12.747998 ], [ 120.854785, 12.703662 ], [ 120.899414, 12.64585 ], [ 120.921484, 12.581104 ], [ 120.922168, 12.511621 ], [ 120.9625, 12.446533 ], [ 121.048535, 12.359961 ], [ 121.083398, 12.338965 ], [ 121.107617, 12.303613 ], [ 121.116992, 12.253418 ], [ 121.155469, 12.236328 ], [ 121.236719, 12.218799 ], [ 121.288867, 12.276709 ], [ 121.322363, 12.303613 ], [ 121.356836, 12.313086 ], [ 121.394336, 12.300586 ], [ 121.400098, 12.360742 ], [ 121.418164, 12.38877 ], [ 121.412305, 12.423047 ], [ 121.458008, 12.507959 ], [ 121.519238, 12.584229 ], [ 121.540625, 12.638184 ], [ 121.479688, 12.837109 ], [ 121.474805, 12.931592 ], [ 121.489746, 13.01958 ], [ 121.538672, 13.088867 ], [ 121.522754, 13.131201 ], [ 121.442187, 13.188428 ], [ 121.356836, 13.265479 ], [ 121.284375, 13.374121 ], [ 121.202734, 13.432324 ], [ 121.122461, 13.38125 ], [ 121.079297, 13.410742 ], [ 121.024707, 13.428711 ], [ 120.980762, 13.485986 ], [ 120.915332, 13.501074 ], [ 120.755371, 13.470996 ], [ 120.704395, 13.479492 ], [ 120.65332, 13.497607 ] ] ], [ [ [ 125.954688, 9.42666 ], [ 125.87666, 9.513135 ], [ 125.64248, 9.654492 ], [ 125.520898, 9.759131 ], [ 125.471289, 9.756787 ], [ 125.413965, 9.669189 ], [ 125.510156, 9.275879 ], [ 125.533398, 9.140918 ], [ 125.49873, 9.014746 ], [ 125.375586, 8.991797 ], [ 125.247852, 9.026562 ], [ 125.209668, 9.027148 ], [ 125.176172, 8.92207 ], [ 125.141016, 8.86875 ], [ 125.046387, 8.890527 ], [ 124.943848, 8.956689 ], [ 124.868945, 8.972266 ], [ 124.806152, 8.924023 ], [ 124.786816, 8.874121 ], [ 124.761719, 8.689795 ], [ 124.731152, 8.562988 ], [ 124.621777, 8.522656 ], [ 124.45127, 8.606348 ], [ 124.404883, 8.599854 ], [ 124.35791, 8.559424 ], [ 124.325195, 8.508447 ], [ 124.283203, 8.385986 ], [ 124.225781, 8.271387 ], [ 124.197656, 8.229541 ], [ 124.159375, 8.201465 ], [ 123.996875, 8.158984 ], [ 123.931152, 8.128418 ], [ 123.799414, 8.049121 ], [ 123.753125, 8.058252 ], [ 123.853418, 8.145117 ], [ 123.877441, 8.188818 ], [ 123.860547, 8.376074 ], [ 123.849219, 8.432715 ], [ 123.783398, 8.547705 ], [ 123.680078, 8.620605 ], [ 123.563672, 8.647461 ], [ 123.498926, 8.681543 ], [ 123.43457, 8.70332 ], [ 123.380176, 8.615625 ], [ 123.341211, 8.57041 ], [ 123.292871, 8.541455 ], [ 123.147168, 8.516016 ], [ 123.095898, 8.480811 ], [ 123.050586, 8.433936 ], [ 123.017578, 8.39834 ], [ 122.998828, 8.356055 ], [ 123.002734, 8.286914 ], [ 122.996289, 8.220508 ], [ 122.911133, 8.156445 ], [ 122.804395, 8.133691 ], [ 122.672949, 8.133105 ], [ 122.589453, 8.093311 ], [ 122.386719, 8.045898 ], [ 122.337109, 8.028418 ], [ 122.243359, 7.945117 ], [ 122.131836, 7.810498 ], [ 122.119922, 7.765381 ], [ 122.114844, 7.659912 ], [ 122.047168, 7.363574 ], [ 121.991113, 7.27876 ], [ 121.924609, 7.199512 ], [ 121.904199, 7.075195 ], [ 121.964258, 6.968213 ], [ 122.027637, 6.928613 ], [ 122.098145, 6.913721 ], [ 122.14248, 6.949658 ], [ 122.176172, 7.004199 ], [ 122.251465, 7.17002 ], [ 122.319727, 7.340234 ], [ 122.448633, 7.561133 ], [ 122.474414, 7.638965 ], [ 122.497949, 7.672754 ], [ 122.616211, 7.763135 ], [ 122.713965, 7.774121 ], [ 122.791797, 7.722461 ], [ 122.81875, 7.558496 ], [ 122.842969, 7.529297 ], [ 122.916895, 7.530518 ], [ 122.989551, 7.546289 ], [ 123.048926, 7.614355 ], [ 123.09668, 7.700439 ], [ 123.121191, 7.666895 ], [ 123.13877, 7.629932 ], [ 123.150684, 7.575195 ], [ 123.178223, 7.529443 ], [ 123.282031, 7.464111 ], [ 123.390918, 7.40752 ], [ 123.476367, 7.665381 ], [ 123.481641, 7.710254 ], [ 123.477441, 7.756348 ], [ 123.493066, 7.80791 ], [ 123.553223, 7.832129 ], [ 123.608887, 7.831641 ], [ 123.66582, 7.817773 ], [ 123.717383, 7.7854 ], [ 123.764746, 7.742627 ], [ 123.968457, 7.664648 ], [ 124.067969, 7.577881 ], [ 124.182422, 7.436719 ], [ 124.206641, 7.396436 ], [ 124.212891, 7.332129 ], [ 124.190723, 7.267334 ], [ 124.158203, 7.218799 ], [ 124.117578, 7.175098 ], [ 124.045117, 7.114111 ], [ 123.985254, 6.993701 ], [ 123.980859, 6.929688 ], [ 123.987891, 6.862988 ], [ 124.048145, 6.666553 ], [ 124.049707, 6.532568 ], [ 124.078125, 6.404443 ], [ 124.212793, 6.233252 ], [ 124.398828, 6.119727 ], [ 124.636328, 5.998193 ], [ 124.927344, 5.875342 ], [ 124.975195, 5.865723 ], [ 125.035352, 5.870654 ], [ 125.076172, 5.90625 ], [ 125.174023, 6.046973 ], [ 125.191016, 6.0625 ], [ 125.231543, 6.069531 ], [ 125.268457, 6.033154 ], [ 125.264941, 5.925586 ], [ 125.233203, 5.808301 ], [ 125.241016, 5.756934 ], [ 125.287891, 5.632275 ], [ 125.346484, 5.598975 ], [ 125.455859, 5.664258 ], [ 125.607813, 5.870166 ], [ 125.667969, 5.978662 ], [ 125.670703, 6.225 ], [ 125.588477, 6.465771 ], [ 125.564551, 6.499609 ], [ 125.486621, 6.57373 ], [ 125.43291, 6.607129 ], [ 125.380664, 6.689941 ], [ 125.400977, 6.795752 ], [ 125.464746, 6.911133 ], [ 125.542188, 7.016602 ], [ 125.640723, 7.105078 ], [ 125.660254, 7.160596 ], [ 125.670215, 7.222314 ], [ 125.689258, 7.263037 ], [ 125.773633, 7.322168 ], [ 125.824414, 7.333301 ], [ 125.901172, 7.116992 ], [ 125.961621, 7.033203 ], [ 125.984961, 6.943555 ], [ 126.043066, 6.843164 ], [ 126.080078, 6.73335 ], [ 126.109766, 6.489648 ], [ 126.14248, 6.397559 ], [ 126.189355, 6.309668 ], [ 126.221191, 6.483398 ], [ 126.240234, 6.733887 ], [ 126.19209, 6.852539 ], [ 126.216895, 6.891016 ], [ 126.294043, 6.882324 ], [ 126.439063, 7.012354 ], [ 126.54668, 7.17583 ], [ 126.581543, 7.247754 ], [ 126.589258, 7.325146 ], [ 126.593359, 7.546777 ], [ 126.570117, 7.677246 ], [ 126.544434, 7.724805 ], [ 126.494434, 7.756982 ], [ 126.435352, 7.832812 ], [ 126.425293, 7.927441 ], [ 126.456641, 8.148779 ], [ 126.458691, 8.202832 ], [ 126.379785, 8.326758 ], [ 126.365332, 8.483887 ], [ 126.282324, 8.539307 ], [ 126.173047, 8.560059 ], [ 126.139551, 8.595654 ], [ 126.141602, 8.627295 ], [ 126.220215, 8.696289 ], [ 126.262988, 8.743945 ], [ 126.319531, 8.844727 ], [ 126.30459, 8.952051 ], [ 126.209082, 9.080566 ], [ 126.191992, 9.124902 ], [ 126.193359, 9.276709 ], [ 126.087598, 9.260742 ], [ 126.005957, 9.320947 ], [ 125.954688, 9.42666 ] ] ], [ [ [ 123.493555, 9.589307 ], [ 123.633984, 9.921729 ], [ 123.643359, 10.020215 ], [ 123.700488, 10.12832 ], [ 123.788672, 10.220801 ], [ 123.873926, 10.257715 ], [ 123.952148, 10.316602 ], [ 124.00498, 10.400098 ], [ 124.05127, 10.585596 ], [ 124.027539, 10.767871 ], [ 124.05332, 10.925781 ], [ 124.052539, 11.02876 ], [ 124.039844, 11.053613 ], [ 124.036523, 11.106689 ], [ 124.05791, 11.217236 ], [ 124.038867, 11.273535 ], [ 123.967188, 11.186914 ], [ 123.964063, 11.137451 ], [ 123.950098, 11.07915 ], [ 123.924609, 11.040918 ], [ 123.929883, 10.963818 ], [ 123.831543, 10.731006 ], [ 123.726465, 10.562207 ], [ 123.711426, 10.473682 ], [ 123.592871, 10.30293 ], [ 123.514355, 10.140332 ], [ 123.38623, 9.96709 ], [ 123.403711, 9.889258 ], [ 123.327051, 9.578076 ], [ 123.316016, 9.488965 ], [ 123.331738, 9.422949 ], [ 123.370313, 9.449609 ], [ 123.493555, 9.589307 ] ] ], [ [ [ 121.987891, 18.956641 ], [ 121.943359, 19.010449 ], [ 121.888867, 18.991553 ], [ 121.859766, 18.936768 ], [ 121.860742, 18.912549 ], [ 121.825195, 18.842725 ], [ 121.858203, 18.8229 ], [ 121.92168, 18.894727 ], [ 121.987891, 18.956641 ] ] ], [ [ [ 121.391602, 19.399365 ], [ 121.375977, 19.379688 ], [ 121.374609, 19.356299 ], [ 121.38291, 19.328467 ], [ 121.47207, 19.27334 ], [ 121.53125, 19.271338 ], [ 121.520898, 19.361963 ], [ 121.391602, 19.399365 ] ] ], [ [ [ 122.031152, 20.469385 ], [ 121.991211, 20.47959 ], [ 121.941211, 20.453711 ], [ 121.914062, 20.359424 ], [ 121.941309, 20.353711 ], [ 121.960059, 20.365869 ], [ 122.031152, 20.469385 ] ] ], [ [ [ 121.866992, 20.839209 ], [ 121.847852, 20.84126 ], [ 121.796484, 20.746631 ], [ 121.790625, 20.701172 ], [ 121.82959, 20.700293 ], [ 121.878125, 20.781885 ], [ 121.866992, 20.839209 ] ] ], [ [ [ 121.037695, 6.095996 ], [ 120.898242, 6.006934 ], [ 120.876367, 5.952637 ], [ 120.930664, 5.896191 ], [ 121.018555, 5.922949 ], [ 121.083008, 5.893018 ], [ 121.218164, 5.942725 ], [ 121.294434, 5.869971 ], [ 121.411035, 5.939844 ], [ 121.414648, 5.964502 ], [ 121.391504, 6.0021 ], [ 121.28252, 6.022266 ], [ 121.213867, 6.003516 ], [ 121.159375, 6.075635 ], [ 121.037695, 6.095996 ] ] ], [ [ [ 117.077051, 8.069141 ], [ 116.993555, 8.050537 ], [ 116.975781, 8.01665 ], [ 116.969531, 7.894922 ], [ 117.02832, 7.80752 ], [ 117.079883, 7.883398 ], [ 117.077051, 8.069141 ] ] ], [ [ [ 119.981152, 10.538721 ], [ 120.008398, 10.570117 ], [ 119.950195, 10.604785 ], [ 119.852051, 10.640137 ], [ 119.764453, 10.551611 ], [ 119.793164, 10.455273 ], [ 119.916211, 10.485986 ], [ 119.981152, 10.538721 ] ] ], [ [ [ 120.077539, 12.197754 ], [ 119.963867, 12.27041 ], [ 119.916406, 12.319092 ], [ 119.89668, 12.313428 ], [ 119.885742, 12.299854 ], [ 119.880078, 12.279883 ], [ 119.891797, 12.27251 ], [ 119.869629, 12.243994 ], [ 119.865918, 12.199023 ], [ 119.896094, 12.17876 ], [ 119.957031, 12.069238 ], [ 120.010547, 12.008252 ], [ 120.100098, 11.99375 ], [ 120.173633, 12.019629 ], [ 120.243457, 12.004785 ], [ 120.314551, 12.012402 ], [ 120.341406, 12.077441 ], [ 120.260547, 12.141748 ], [ 120.228223, 12.219824 ], [ 120.19375, 12.167041 ], [ 120.154688, 12.152393 ], [ 120.1, 12.167676 ], [ 120.077539, 12.197754 ] ] ], [ [ [ 120.073145, 11.783496 ], [ 120.062402, 11.821338 ], [ 120.070703, 11.860547 ], [ 120.035937, 11.917236 ], [ 119.997852, 11.932129 ], [ 119.956543, 11.960254 ], [ 119.916016, 11.981348 ], [ 119.860938, 11.953955 ], [ 119.932813, 11.774463 ], [ 119.931738, 11.740332 ], [ 119.944922, 11.690723 ], [ 119.963867, 11.669385 ], [ 120.03877, 11.70332 ], [ 120.073145, 11.783496 ] ] ], [ [ [ 122.68125, 10.498242 ], [ 122.737207, 10.65459 ], [ 122.729199, 10.706396 ], [ 122.70127, 10.740625 ], [ 122.672559, 10.738818 ], [ 122.648438, 10.72251 ], [ 122.625781, 10.69502 ], [ 122.5375, 10.607568 ], [ 122.516699, 10.492529 ], [ 122.538379, 10.424951 ], [ 122.597168, 10.461035 ], [ 122.621875, 10.459033 ], [ 122.649512, 10.472705 ], [ 122.68125, 10.498242 ] ] ], [ [ [ 124.582227, 9.82959 ], [ 124.555078, 9.879199 ], [ 124.577148, 10.026709 ], [ 124.486328, 10.065479 ], [ 124.405859, 10.126416 ], [ 124.373242, 10.12959 ], [ 124.351562, 10.141357 ], [ 124.335742, 10.159912 ], [ 124.172852, 10.135205 ], [ 124.093848, 10.061328 ], [ 124.059766, 10.000195 ], [ 123.908887, 9.919629 ], [ 123.863867, 9.878809 ], [ 123.817187, 9.817383 ], [ 123.82998, 9.761133 ], [ 123.87168, 9.675732 ], [ 123.935645, 9.623975 ], [ 124.122461, 9.599316 ], [ 124.359863, 9.630225 ], [ 124.403418, 9.654102 ], [ 124.477539, 9.7479 ], [ 124.505664, 9.753516 ], [ 124.584277, 9.750488 ], [ 124.593848, 9.787207 ], [ 124.582227, 9.82959 ] ] ], [ [ [ 120.229395, 5.284082 ], [ 120.208008, 5.340088 ], [ 120.165234, 5.332422 ], [ 120.079688, 5.263623 ], [ 119.982715, 5.228418 ], [ 119.827344, 5.133154 ], [ 119.821484, 5.069531 ], [ 119.877539, 5.060205 ], [ 119.958105, 5.079541 ], [ 120.013281, 5.151123 ], [ 120.100586, 5.168994 ], [ 120.118359, 5.215381 ], [ 120.15, 5.184082 ], [ 120.191602, 5.168311 ], [ 120.223242, 5.19624 ], [ 120.250391, 5.256592 ], [ 120.229395, 5.284082 ] ] ], [ [ [ 122.200977, 6.48291 ], [ 122.251758, 6.579785 ], [ 122.323535, 6.602246 ], [ 122.288086, 6.638916 ], [ 122.058301, 6.740723 ], [ 121.914941, 6.676221 ], [ 121.832031, 6.664062 ], [ 121.808691, 6.613721 ], [ 121.872461, 6.562744 ], [ 121.879883, 6.517578 ], [ 121.95918, 6.41582 ], [ 121.991406, 6.414551 ], [ 122.092871, 6.42832 ], [ 122.200977, 6.48291 ] ] ], [ [ [ 126.136914, 9.767773 ], [ 126.172559, 9.799951 ], [ 126.120801, 9.865186 ], [ 126.128906, 9.891113 ], [ 126.129492, 9.943555 ], [ 126.073828, 10.059229 ], [ 125.998633, 9.927051 ], [ 125.991211, 9.838525 ], [ 126.046777, 9.760791 ], [ 126.059375, 9.766211 ], [ 126.136914, 9.767773 ] ] ], [ [ [ 125.69248, 9.939014 ], [ 125.684375, 9.963184 ], [ 125.70332, 10.071777 ], [ 125.64668, 10.24541 ], [ 125.68457, 10.392041 ], [ 125.666797, 10.440137 ], [ 125.647949, 10.436816 ], [ 125.605859, 10.37959 ], [ 125.580176, 10.363672 ], [ 125.524609, 10.309717 ], [ 125.521973, 10.191504 ], [ 125.494824, 10.118701 ], [ 125.534473, 10.090088 ], [ 125.590527, 9.998193 ], [ 125.648633, 9.944092 ], [ 125.672559, 9.886475 ], [ 125.690234, 9.914453 ], [ 125.69248, 9.939014 ] ] ], [ [ [ 120.211426, 13.820654 ], [ 120.120703, 13.858057 ], [ 120.103418, 13.842529 ], [ 120.099414, 13.816943 ], [ 120.104199, 13.782373 ], [ 120.272852, 13.682959 ], [ 120.271289, 13.750684 ], [ 120.211426, 13.820654 ] ] ], [ [ [ 121.866211, 13.566162 ], [ 121.815039, 13.424463 ], [ 121.829199, 13.328613 ], [ 121.875879, 13.281738 ], [ 122.004883, 13.20498 ], [ 122.042383, 13.236182 ], [ 122.054688, 13.268652 ], [ 122.122363, 13.365137 ], [ 122.107324, 13.42085 ], [ 122.114551, 13.463184 ], [ 121.995703, 13.546777 ], [ 121.976562, 13.537402 ], [ 121.914844, 13.540332 ], [ 121.866211, 13.566162 ] ] ], [ [ [ 122.131641, 12.537549 ], [ 122.130273, 12.612598 ], [ 122.14502, 12.652637 ], [ 122.103809, 12.650635 ], [ 122.001563, 12.598535 ], [ 121.989453, 12.435303 ], [ 121.941016, 12.3854 ], [ 121.923242, 12.331299 ], [ 121.935645, 12.290381 ], [ 121.981934, 12.245312 ], [ 121.960156, 12.191406 ], [ 122.013965, 12.105615 ], [ 122.094043, 12.354883 ], [ 122.131641, 12.537549 ] ] ], [ [ [ 122.683301, 12.382324 ], [ 122.673633, 12.424268 ], [ 122.603613, 12.491602 ], [ 122.471875, 12.491943 ], [ 122.422949, 12.455078 ], [ 122.438867, 12.429492 ], [ 122.499316, 12.383691 ], [ 122.60332, 12.285596 ], [ 122.654492, 12.309033 ], [ 122.683301, 12.382324 ] ] ], [ [ [ 123.20625, 12.90542 ], [ 123.043555, 13.113379 ], [ 123.01709, 13.116162 ], [ 122.95752, 13.107178 ], [ 122.949023, 13.058691 ], [ 122.973437, 13.034717 ], [ 123.054199, 12.993457 ], [ 123.166406, 12.875879 ], [ 123.274219, 12.805078 ], [ 123.367188, 12.70083 ], [ 123.281836, 12.853418 ], [ 123.20625, 12.90542 ] ] ], [ [ [ 123.708691, 12.610791 ], [ 123.621484, 12.674902 ], [ 123.587207, 12.633301 ], [ 123.620605, 12.570508 ], [ 123.741504, 12.398535 ], [ 123.779102, 12.36626 ], [ 123.775391, 12.453906 ], [ 123.708691, 12.610791 ] ] ], [ [ [ 123.574805, 12.406934 ], [ 123.558984, 12.444824 ], [ 123.462988, 12.501221 ], [ 123.337012, 12.542383 ], [ 123.236426, 12.583496 ], [ 123.239844, 12.494678 ], [ 123.267188, 12.395459 ], [ 123.245313, 12.328027 ], [ 123.210547, 12.106592 ], [ 123.155859, 11.967969 ], [ 123.157813, 11.925635 ], [ 123.292676, 12.036377 ], [ 123.418848, 12.194238 ], [ 123.47373, 12.21665 ], [ 123.531055, 12.196631 ], [ 123.612012, 12.090234 ], [ 123.667578, 12.069336 ], [ 123.674805, 12.05 ], [ 123.736035, 12.002637 ], [ 123.725195, 11.951562 ], [ 123.754004, 11.934473 ], [ 123.847754, 11.913574 ], [ 123.982715, 11.818896 ], [ 124.045508, 11.752441 ], [ 124.055664, 11.811572 ], [ 124.040332, 11.966797 ], [ 123.908301, 12.169092 ], [ 123.716602, 12.287354 ], [ 123.574805, 12.406934 ] ] ], [ [ [ 124.404004, 13.679443 ], [ 124.396289, 13.750098 ], [ 124.417188, 13.871045 ], [ 124.336719, 13.931104 ], [ 124.308301, 13.946973 ], [ 124.224902, 14.077588 ], [ 124.18623, 14.059521 ], [ 124.153711, 14.026172 ], [ 124.122852, 13.979687 ], [ 124.12373, 13.790479 ], [ 124.038867, 13.663135 ], [ 124.057031, 13.605566 ], [ 124.175391, 13.531543 ], [ 124.248242, 13.58667 ], [ 124.294531, 13.590332 ], [ 124.327051, 13.567383 ], [ 124.353613, 13.632227 ], [ 124.404004, 13.679443 ] ] ], [ [ [ 121.95918, 14.22876 ], [ 121.945996, 14.205127 ], [ 121.946387, 14.181494 ], [ 121.95625, 14.156055 ], [ 122.172266, 14.008008 ], [ 122.175391, 14.048828 ], [ 121.95918, 14.22876 ] ] ], [ [ [ 121.97168, 15.046387 ], [ 121.839844, 15.038135 ], [ 121.820312, 14.963574 ], [ 121.862305, 14.917187 ], [ 121.889258, 14.839844 ], [ 121.923047, 14.8 ], [ 121.93457, 14.736621 ], [ 121.922168, 14.714551 ], [ 121.910645, 14.666504 ], [ 121.933008, 14.656055 ], [ 121.989648, 14.662158 ], [ 122.02168, 14.759424 ], [ 121.970313, 14.892969 ], [ 122.017285, 14.965283 ], [ 122.031738, 14.971631 ], [ 122.051562, 14.969873 ], [ 122.033496, 15.005029 ], [ 121.97168, 15.046387 ] ] ], [ [ [ 124.381348, 10.632568 ], [ 124.382324, 10.679834 ], [ 124.371094, 10.691357 ], [ 124.334668, 10.706689 ], [ 124.288477, 10.601465 ], [ 124.316211, 10.606006 ], [ 124.381348, 10.632568 ] ] ], [ [ [ 125.230957, 10.115674 ], [ 125.175879, 10.151074 ], [ 125.133008, 10.155029 ], [ 125.158984, 10.062939 ], [ 125.287695, 9.932715 ], [ 125.280762, 9.982178 ], [ 125.230957, 10.115674 ] ] ], [ [ [ 122.914844, 7.433398 ], [ 122.871191, 7.397314 ], [ 122.822168, 7.428467 ], [ 122.796582, 7.393359 ], [ 122.804688, 7.315967 ], [ 122.839551, 7.3146 ], [ 122.943652, 7.361035 ], [ 122.948047, 7.385742 ], [ 122.937109, 7.409131 ], [ 122.914844, 7.433398 ] ] ], [ [ [ 125.783398, 7.130664 ], [ 125.714453, 7.185547 ], [ 125.683008, 7.073193 ], [ 125.70752, 7.03999 ], [ 125.768945, 6.905762 ], [ 125.78457, 6.962744 ], [ 125.783398, 7.130664 ] ] ], [ [ [ 124.622266, 11.549561 ], [ 124.564941, 11.639697 ], [ 124.510938, 11.687109 ], [ 124.437402, 11.69502 ], [ 124.360352, 11.665918 ], [ 124.428809, 11.531738 ], [ 124.483496, 11.48584 ], [ 124.608398, 11.492188 ], [ 124.622266, 11.549561 ] ] ], [ [ [ 124.790234, 9.190088 ], [ 124.736816, 9.243164 ], [ 124.708105, 9.243018 ], [ 124.65332, 9.22583 ], [ 124.639063, 9.175098 ], [ 124.66582, 9.132324 ], [ 124.77793, 9.083105 ], [ 124.806641, 9.142627 ], [ 124.790234, 9.190088 ] ] ], [ [ [ 121.244727, 19.143018 ], [ 121.213184, 19.183594 ], [ 121.189941, 19.138916 ], [ 121.184863, 19.101416 ], [ 121.196094, 19.050684 ], [ 121.24668, 19.015186 ], [ 121.252246, 19.082422 ], [ 121.244727, 19.143018 ] ] ], [ [ [ 119.826758, 11.51543 ], [ 119.761426, 11.473633 ], [ 119.725586, 11.474658 ], [ 119.72998, 11.431934 ], [ 119.798633, 11.40874 ], [ 119.830664, 11.375684 ], [ 119.854883, 11.393066 ], [ 119.88291, 11.472412 ], [ 119.861426, 11.525342 ], [ 119.826758, 11.51543 ] ] ], [ [ [ 123.741406, 11.27915 ], [ 123.707617, 11.247998 ], [ 123.736719, 11.151465 ], [ 123.815625, 11.150732 ], [ 123.757031, 11.283301 ], [ 123.741406, 11.27915 ] ] ], [ [ [ 122.2875, 12.589258 ], [ 122.278027, 12.59292 ], [ 122.247852, 12.556934 ], [ 122.260938, 12.503076 ], [ 122.279785, 12.498291 ], [ 122.31084, 12.528809 ], [ 122.2875, 12.589258 ] ] ], [ [ [ 125.992969, 9.68457 ], [ 125.967773, 9.759082 ], [ 125.948535, 9.739209 ], [ 125.92207, 9.621484 ], [ 125.952441, 9.567969 ], [ 125.970508, 9.593555 ], [ 125.992969, 9.68457 ] ] ], [ [ [ 124.821484, 11.626611 ], [ 124.788379, 11.683105 ], [ 124.730859, 11.715332 ], [ 124.743652, 11.658545 ], [ 124.781055, 11.580762 ], [ 124.806641, 11.557568 ], [ 124.835938, 11.543311 ], [ 124.854395, 11.594775 ], [ 124.821484, 11.626611 ] ] ], [ [ [ 117.353711, 8.289258 ], [ 117.32959, 8.308496 ], [ 117.280859, 8.31499 ], [ 117.272266, 8.253516 ], [ 117.287012, 8.191016 ], [ 117.355273, 8.214648 ], [ 117.353711, 8.289258 ] ] ], [ [ [ 123.654883, 9.27876 ], [ 123.626074, 9.268262 ], [ 123.535156, 9.213574 ], [ 123.493555, 9.215527 ], [ 123.493457, 9.19209 ], [ 123.540723, 9.129736 ], [ 123.614453, 9.10332 ], [ 123.70625, 9.133545 ], [ 123.697656, 9.237305 ], [ 123.654883, 9.27876 ] ] ] ] } },
{ "type": "Feature", "properties": { "NAME": "Sri Lanka", "ADMIN": "Sri Lanka" }, "geometry": { "type": "MultiPolygon", "coordinates": [ [ [ [ 79.911914, 9.67915 ], [ 79.888477, 9.741162 ], [ 79.872266, 9.744336 ], [ 79.858594, 9.734375 ], [ 79.845703, 9.714648 ], [ 79.857422, 9.686377 ], [ 79.906836, 9.619824 ], [ 79.969531, 9.630664 ], [ 79.911914, 9.67915 ] ] ], [ [ [ 79.859961, 9.065723 ], [ 79.747656, 9.10459 ], [ 79.766797, 9.069775 ], [ 79.821094, 9.026855 ], [ 79.903711, 8.975 ], [ 79.874805, 9.050732 ], [ 79.859961, 9.065723 ] ] ], [ [ [ 79.966992, 9.792627 ], [ 79.954004, 9.742334 ], [ 79.979492, 9.699365 ], [ 80.045801, 9.649902 ], [ 80.257617, 9.611279 ], [ 80.385352, 9.548779 ], [ 80.42832, 9.480957 ], [ 80.367969, 9.480469 ], [ 80.317969, 9.46543 ], [ 80.256445, 9.494775 ], [ 80.196094, 9.538135 ], [ 80.086328, 9.577832 ], [ 80.110938, 9.453271 ], [ 80.118359, 9.326855 ], [ 80.099609, 9.209961 ], [ 80.064844, 9.095654 ], [ 79.928906, 8.899219 ], [ 79.92793, 8.846436 ], [ 79.943652, 8.741162 ], [ 79.941797, 8.691504 ], [ 79.850879, 8.411572 ], [ 79.831934, 8.304053 ], [ 79.808887, 8.05 ], [ 79.783496, 8.018457 ], [ 79.749707, 8.048877 ], [ 79.749805, 8.294238 ], [ 79.712988, 8.182324 ], [ 79.707812, 8.065674 ], [ 79.759961, 7.796484 ], [ 79.79209, 7.585205 ], [ 79.859375, 6.829297 ], [ 79.946973, 6.584521 ], [ 80.007227, 6.364404 ], [ 80.095313, 6.153174 ], [ 80.267383, 6.009766 ], [ 80.495801, 5.949365 ], [ 80.724121, 5.979053 ], [ 80.971094, 6.088379 ], [ 81.30625, 6.203857 ], [ 81.37998, 6.240918 ], [ 81.637402, 6.425146 ], [ 81.712695, 6.511865 ], [ 81.767773, 6.614307 ], [ 81.818555, 6.756201 ], [ 81.861426, 6.90127 ], [ 81.876953, 7.020459 ], [ 81.874121, 7.28833 ], [ 81.832031, 7.428418 ], [ 81.79668, 7.464795 ], [ 81.727344, 7.625 ], [ 81.68291, 7.684473 ], [ 81.67627, 7.710938 ], [ 81.678711, 7.741553 ], [ 81.66543, 7.782471 ], [ 81.435938, 8.118896 ], [ 81.422168, 8.147852 ], [ 81.422168, 8.215234 ], [ 81.372852, 8.431445 ], [ 81.333984, 8.47207 ], [ 81.274609, 8.483594 ], [ 81.226953, 8.505518 ], [ 81.216211, 8.549414 ], [ 81.219238, 8.608398 ], [ 81.198242, 8.661963 ], [ 81.016016, 8.932617 ], [ 80.979199, 8.956934 ], [ 80.935449, 8.971484 ], [ 80.910059, 9.024512 ], [ 80.893457, 9.085889 ], [ 80.711133, 9.366357 ], [ 80.375977, 9.642334 ], [ 80.252832, 9.796338 ], [ 80.180957, 9.81001 ], [ 80.078418, 9.807471 ], [ 79.982324, 9.812695 ], [ 79.966992, 9.792627 ] ] ] ] } },
{ "type": "Feature", "properties": { "NAME": "Taiwan", "ADMIN": "Taiwan" }, "geometry": { "type": "MultiPolygon", "coordinates": [ [ [ [ 121.16123, 22.776367 ], [ 121.295898, 22.966602 ], [ 121.352246, 23.067285 ], [ 121.397461, 23.17251 ], [ 121.477148, 23.424072 ], [ 121.526074, 23.668262 ], [ 121.583398, 23.860889 ], [ 121.613086, 24.052734 ], [ 121.639355, 24.130078 ], [ 121.737012, 24.285254 ], [ 121.828027, 24.534375 ], [ 121.826367, 24.640527 ], [ 121.813379, 24.746338 ], [ 121.820117, 24.824512 ], [ 121.85625, 24.895264 ], [ 121.929004, 24.97373 ], [ 121.905176, 25.056445 ], [ 121.852832, 25.104443 ], [ 121.733301, 25.154102 ], [ 121.687109, 25.181592 ], [ 121.643066, 25.232422 ], [ 121.593652, 25.275342 ], [ 121.51709, 25.276904 ], [ 121.449609, 25.249023 ], [ 121.36543, 25.15918 ], [ 121.09541, 25.065088 ], [ 121.040625, 25.032812 ], [ 120.964063, 24.927979 ], [ 120.901563, 24.813281 ], [ 120.835938, 24.722656 ], [ 120.757422, 24.642285 ], [ 120.629687, 24.478516 ], [ 120.158984, 23.709033 ], [ 120.132129, 23.65293 ], [ 120.125391, 23.526611 ], [ 120.142969, 23.399072 ], [ 120.121191, 23.305176 ], [ 120.085547, 23.212061 ], [ 120.072461, 23.149756 ], [ 120.083398, 23.093701 ], [ 120.121582, 23.037012 ], [ 120.150098, 22.974902 ], [ 120.232813, 22.71792 ], [ 120.272852, 22.627441 ], [ 120.325586, 22.542432 ], [ 120.316211, 22.547607 ], [ 120.387598, 22.484521 ], [ 120.479785, 22.441895 ], [ 120.58125, 22.356396 ], [ 120.607617, 22.312549 ], [ 120.678027, 22.159668 ], [ 120.690137, 22.033105 ], [ 120.742773, 21.956006 ], [ 120.839844, 21.925 ], [ 120.864258, 22.032666 ], [ 120.878418, 22.141553 ], [ 120.877344, 22.262207 ], [ 120.897363, 22.37915 ], [ 120.946875, 22.503076 ], [ 121.008789, 22.620361 ], [ 121.16123, 22.776367 ] ] ], [ [ [ 118.339355, 24.469141 ], [ 118.287305, 24.476611 ], [ 118.295117, 24.436328 ], [ 118.432715, 24.414355 ], [ 118.451172, 24.455566 ], [ 118.407422, 24.522119 ], [ 118.339355, 24.469141 ] ] ] ] } },
{ "type": "Feature", "properties": { "NAME": "Japan", "ADMIN": "Japan" }, "geometry": { "type": "MultiPolygon", "coordinates": [ [ [ [ 133.38125, 36.246387 ], [ 133.295703, 36.340137 ], [ 133.206152, 36.293408 ], [ 133.189941, 36.232617 ], [ 133.239258, 36.17876 ], [ 133.324707, 36.166504 ], [ 133.370508, 36.203857 ], [ 133.38125, 36.246387 ] ] ], [ [ [ 138.496973, 37.903906 ], [ 138.575195, 38.065527 ], [ 138.453613, 38.075684 ], [ 138.462793, 38.124316 ], [ 138.510059, 38.258984 ], [ 138.503613, 38.315918 ], [ 138.461328, 38.291455 ], [ 138.306348, 38.161133 ], [ 138.25, 38.078467 ], [ 138.246191, 37.99458 ], [ 138.32168, 37.99082 ], [ 138.322266, 37.969531 ], [ 138.287891, 37.895801 ], [ 138.282813, 37.854199 ], [ 138.225195, 37.829395 ], [ 138.249023, 37.81958 ], [ 138.344043, 37.822119 ], [ 138.496973, 37.903906 ] ] ], [ [ [ 134.905469, 34.398291 ], [ 135.004688, 34.544043 ], [ 134.960742, 34.544922 ], [ 134.904102, 34.519092 ], [ 134.834277, 34.472656 ], [ 134.757227, 34.368164 ], [ 134.667871, 34.294141 ], [ 134.683496, 34.246973 ], [ 134.730664, 34.208887 ], [ 134.824414, 34.20293 ], [ 134.932813, 34.288135 ], [ 134.905469, 34.398291 ] ] ], [ [ [ 130.673242, 30.366895 ], [ 130.643555, 30.388965 ], [ 130.497168, 30.465527 ], [ 130.388086, 30.388184 ], [ 130.445605, 30.264697 ], [ 130.508203, 30.241406 ], [ 130.622754, 30.262988 ], [ 130.673242, 30.366895 ] ] ], [ [ [ 130.992578, 30.52998 ], [ 131.057422, 30.64248 ], [ 131.082617, 30.790869 ], [ 131.060352, 30.828467 ], [ 131.039844, 30.818896 ], [ 131.012207, 30.792285 ], [ 130.947363, 30.671191 ], [ 130.939941, 30.575098 ], [ 130.870313, 30.444238 ], [ 130.872168, 30.386328 ], [ 130.959766, 30.396924 ], [ 130.992578, 30.52998 ] ] ], [ [ [ 130.199512, 32.340576 ], [ 130.19668, 32.491602 ], [ 130.167773, 32.541211 ], [ 130.009766, 32.521631 ], [ 130.021289, 32.468848 ], [ 129.979297, 32.346191 ], [ 130.015332, 32.313672 ], [ 130.017285, 32.291846 ], [ 129.960156, 32.24375 ], [ 129.993359, 32.228174 ], [ 130.003516, 32.193994 ], [ 130.08252, 32.229687 ], [ 130.199512, 32.340576 ] ] ], [ [ [ 129.335059, 34.230811 ], [ 129.337109, 34.284766 ], [ 129.214844, 34.320654 ], [ 129.186426, 34.14502 ], [ 129.214453, 34.082812 ], [ 129.279492, 34.123389 ], [ 129.335059, 34.230811 ] ] ], [ [ [ 129.381445, 34.416455 ], [ 129.475391, 34.54043 ], [ 129.469141, 34.615527 ], [ 129.480176, 34.649463 ], [ 129.472461, 34.671338 ], [ 129.451074, 34.686572 ], [ 129.325879, 34.607275 ], [ 129.32207, 34.579297 ], [ 129.329395, 34.521875 ], [ 129.266699, 34.370459 ], [ 129.297461, 34.3396 ], [ 129.365332, 34.305518 ], [ 129.385645, 34.353662 ], [ 129.381445, 34.416455 ] ] ], [ [ [ 128.649121, 32.662012 ], [ 128.657324, 32.628418 ], [ 128.692969, 32.604736 ], [ 128.750488, 32.586133 ], [ 128.79043, 32.636719 ], [ 128.821289, 32.646338 ], [ 128.894531, 32.652148 ], [ 128.879395, 32.693311 ], [ 128.838574, 32.762891 ], [ 128.806055, 32.775977 ], [ 128.761035, 32.772363 ], [ 128.704102, 32.756885 ], [ 128.665332, 32.783887 ], [ 128.649121, 32.662012 ] ] ], [ [ [ 130.418555, 32.457715 ], [ 130.461426, 32.515723 ], [ 130.36543, 32.527197 ], [ 130.241699, 32.462793 ], [ 130.256055, 32.431006 ], [ 130.292578, 32.419336 ], [ 130.381055, 32.42373 ], [ 130.418555, 32.457715 ] ] ], [ [ [ 141.069922, 45.4 ], [ 141.056738, 45.449561 ], [ 141.00166, 45.464844 ], [ 140.97168, 45.465479 ], [ 140.982129, 45.36377 ], [ 141.033984, 45.269336 ], [ 141.072754, 45.332861 ], [ 141.069922, 45.4 ] ] ], [ [ [ 141.329199, 45.150488 ], [ 141.310059, 45.178564 ], [ 141.251855, 45.232471 ], [ 141.19375, 45.247852 ], [ 141.135352, 45.206201 ], [ 141.145313, 45.153906 ], [ 141.225977, 45.112207 ], [ 141.29541, 45.119336 ], [ 141.329199, 45.150488 ] ] ], [ [ [ 139.505078, 42.096387 ], [ 139.558398, 42.235205 ], [ 139.495801, 42.227441 ], [ 139.431348, 42.199561 ], [ 139.411523, 42.159668 ], [ 139.43457, 42.084082 ], [ 139.458398, 42.075635 ], [ 139.48125, 42.081006 ], [ 139.505078, 42.096387 ] ] ], [ [ [ 134.372266, 34.522363 ], [ 134.325977, 34.534375 ], [ 134.182129, 34.519238 ], [ 134.188281, 34.496338 ], [ 134.238086, 34.467041 ], [ 134.251855, 34.423047 ], [ 134.315332, 34.468945 ], [ 134.333203, 34.46377 ], [ 134.351855, 34.483643 ], [ 134.372266, 34.522363 ] ] ], [ [ [ 139.426172, 34.775879 ], [ 139.37002, 34.775439 ], [ 139.366895, 34.720508 ], [ 139.392383, 34.689893 ], [ 139.445703, 34.679541 ], [ 139.456445, 34.726514 ], [ 139.426172, 34.775879 ] ] ], [ [ [ 129.111621, 32.928857 ], [ 129.153516, 32.946191 ], [ 129.181934, 32.993115 ], [ 129.152734, 33.00332 ], [ 129.123633, 33.067676 ], [ 129.109766, 33.132568 ], [ 129.034961, 32.969092 ], [ 128.997266, 32.951855 ], [ 129.019629, 32.919629 ], [ 129.051953, 32.829492 ], [ 129.076953, 32.840283 ], [ 129.111621, 32.928857 ] ] ], [ [ [ 129.508105, 33.284326 ], [ 129.569922, 33.361035 ], [ 129.537988, 33.357764 ], [ 129.461914, 33.33125 ], [ 129.423145, 33.257373 ], [ 129.416992, 33.231104 ], [ 129.37041, 33.176025 ], [ 129.421387, 33.17583 ], [ 129.491797, 33.223047 ], [ 129.508105, 33.284326 ] ] ], [ [ [ 129.776367, 33.829199 ], [ 129.717285, 33.858398 ], [ 129.7, 33.828906 ], [ 129.674805, 33.739697 ], [ 129.726562, 33.707324 ], [ 129.795703, 33.748828 ], [ 129.776367, 33.829199 ] ] ], [ [ [ 132.560156, 34.126904 ], [ 132.543457, 34.172656 ], [ 132.523535, 34.164062 ], [ 132.496289, 34.121973 ], [ 132.460938, 34.087256 ], [ 132.549414, 34.075098 ], [ 132.578418, 34.115186 ], [ 132.560156, 34.126904 ] ] ], [ [ [ 132.208008, 33.947803 ], [ 132.200586, 33.927783 ], [ 132.208789, 33.872852 ], [ 132.267285, 33.871484 ], [ 132.359961, 33.847021 ], [ 132.411035, 33.879932 ], [ 132.444922, 33.913184 ], [ 132.430469, 33.923535 ], [ 132.314551, 33.908594 ], [ 132.266016, 33.945166 ], [ 132.208008, 33.947803 ] ] ], [ [ [ 129.793652, 31.74248 ], [ 129.787305, 31.787109 ], [ 129.706836, 31.718262 ], [ 129.686816, 31.639648 ], [ 129.717969, 31.657129 ], [ 129.793652, 31.74248 ] ] ], [ [ [ 142.202148, 26.648779 ], [ 142.161719, 26.709961 ], [ 142.125293, 26.726465 ], [ 142.107129, 26.721533 ], [ 142.169922, 26.615674 ], [ 142.188184, 26.616504 ], [ 142.202148, 26.648779 ] ] ], [ [ [ 143.759082, 44.131641 ], [ 143.65459, 44.221338 ], [ 143.511914, 44.277539 ], [ 143.288574, 44.396631 ], [ 143.075098, 44.534912 ], [ 142.884766, 44.670117 ], [ 142.704102, 44.819189 ], [ 142.416016, 45.125 ], [ 142.171582, 45.325635 ], [ 142.016406, 45.437939 ], [ 141.980859, 45.483496 ], [ 141.937695, 45.509521 ], [ 141.878711, 45.483301 ], [ 141.829492, 45.43877 ], [ 141.778125, 45.418896 ], [ 141.667969, 45.40127 ], [ 141.654004, 45.376562 ], [ 141.652539, 45.348633 ], [ 141.59375, 45.255957 ], [ 141.583008, 45.155957 ], [ 141.655762, 45.051221 ], [ 141.719043, 44.941064 ], [ 141.782227, 44.716357 ], [ 141.760938, 44.48252 ], [ 141.716309, 44.371191 ], [ 141.66084, 44.263623 ], [ 141.644727, 44.019434 ], [ 141.600684, 43.918994 ], [ 141.446777, 43.748633 ], [ 141.397656, 43.642627 ], [ 141.39834, 43.5125 ], [ 141.412305, 43.381494 ], [ 141.374121, 43.279639 ], [ 141.296289, 43.199658 ], [ 141.24502, 43.185059 ], [ 141.138184, 43.179932 ], [ 140.953809, 43.200977 ], [ 140.819141, 43.205469 ], [ 140.780664, 43.21499 ], [ 140.58457, 43.311719 ], [ 140.486914, 43.338184 ], [ 140.392383, 43.303125 ], [ 140.379297, 43.237109 ], [ 140.397461, 43.167334 ], [ 140.486426, 43.049902 ], [ 140.432227, 42.954102 ], [ 140.328613, 42.866846 ], [ 140.224121, 42.795508 ], [ 140.114648, 42.732959 ], [ 140.015039, 42.684766 ], [ 139.950586, 42.671436 ], [ 139.891113, 42.649219 ], [ 139.860156, 42.581738 ], [ 139.828516, 42.448145 ], [ 139.820898, 42.387598 ], [ 139.835449, 42.278076 ], [ 139.895117, 42.190039 ], [ 140.024121, 42.099561 ], [ 140.056836, 42.067334 ], [ 140.108398, 41.912939 ], [ 140.08418, 41.803223 ], [ 140.021289, 41.695752 ], [ 139.995313, 41.576416 ], [ 140.00918, 41.521338 ], [ 140.036621, 41.473779 ], [ 140.085156, 41.434082 ], [ 140.148633, 41.423242 ], [ 140.270117, 41.456006 ], [ 140.384961, 41.519287 ], [ 140.431641, 41.567383 ], [ 140.48916, 41.672168 ], [ 140.592969, 41.768555 ], [ 140.659863, 41.815576 ], [ 140.816406, 41.7604 ], [ 140.90752, 41.743262 ], [ 140.999512, 41.737402 ], [ 141.078711, 41.759814 ], [ 141.150977, 41.805078 ], [ 141.107715, 41.848047 ], [ 140.912305, 41.977783 ], [ 140.733789, 42.116357 ], [ 140.684277, 42.123486 ], [ 140.577734, 42.118652 ], [ 140.527539, 42.131787 ], [ 140.416602, 42.200732 ], [ 140.32666, 42.293359 ], [ 140.315234, 42.334277 ], [ 140.323535, 42.376074 ], [ 140.350586, 42.435107 ], [ 140.385449, 42.487158 ], [ 140.480469, 42.559375 ], [ 140.547656, 42.569531 ], [ 140.616797, 42.571338 ], [ 140.709766, 42.555615 ], [ 140.787598, 42.5 ], [ 140.948438, 42.35957 ], [ 140.986133, 42.342139 ], [ 141.406641, 42.546924 ], [ 141.851367, 42.579053 ], [ 142.087891, 42.471729 ], [ 142.508203, 42.257959 ], [ 142.906348, 42.118359 ], [ 143.111719, 42.022217 ], [ 143.236523, 42.000195 ], [ 143.278711, 42.037842 ], [ 143.313672, 42.084326 ], [ 143.327148, 42.151025 ], [ 143.332129, 42.220361 ], [ 143.368652, 42.325146 ], [ 143.429492, 42.418896 ], [ 143.580957, 42.59873 ], [ 143.762109, 42.748145 ], [ 143.969336, 42.881396 ], [ 144.197266, 42.973633 ], [ 144.301563, 42.984424 ], [ 144.516211, 42.943604 ], [ 144.630762, 42.946924 ], [ 144.807129, 42.993701 ], [ 144.921387, 43.000928 ], [ 145.028809, 43.031641 ], [ 145.127148, 43.088867 ], [ 145.230078, 43.135498 ], [ 145.347461, 43.176709 ], [ 145.404785, 43.180273 ], [ 145.505078, 43.174219 ], [ 145.537402, 43.192676 ], [ 145.624219, 43.291309 ], [ 145.725586, 43.343457 ], [ 145.833008, 43.385937 ], [ 145.75127, 43.396289 ], [ 145.673633, 43.388867 ], [ 145.583301, 43.327783 ], [ 145.487891, 43.279736 ], [ 145.436133, 43.282227 ], [ 145.34082, 43.302539 ], [ 145.272949, 43.462891 ], [ 145.214063, 43.578223 ], [ 145.139648, 43.6625 ], [ 145.101074, 43.764551 ], [ 145.126367, 43.869385 ], [ 145.245215, 44.076172 ], [ 145.351953, 44.229785 ], [ 145.369629, 44.281299 ], [ 145.369531, 44.327393 ], [ 145.342773, 44.333887 ], [ 145.101562, 44.166162 ], [ 144.871875, 43.981934 ], [ 144.798535, 43.940234 ], [ 144.715234, 43.927979 ], [ 144.59668, 43.930225 ], [ 144.481836, 43.949561 ], [ 144.101367, 44.101562 ], [ 144.005469, 44.11665 ], [ 143.949512, 44.111914 ], [ 143.824316, 44.116992 ], [ 143.759082, 44.131641 ] ] ], [ [ [ 131.058105, 33.672852 ], [ 131.009082, 33.77583 ], [ 130.953125, 33.872021 ], [ 130.839648, 33.917773 ], [ 130.715625, 33.927783 ], [ 130.669531, 33.915479 ], [ 130.483789, 33.834619 ], [ 130.457227, 33.788965 ], [ 130.439453, 33.734229 ], [ 130.365039, 33.634473 ], [ 130.275098, 33.597705 ], [ 130.167969, 33.598291 ], [ 130.130566, 33.578174 ], [ 130.103418, 33.539697 ], [ 130.07207, 33.521777 ], [ 129.919141, 33.483496 ], [ 129.825684, 33.437012 ], [ 129.836621, 33.403809 ], [ 129.85752, 33.375244 ], [ 129.844141, 33.321777 ], [ 129.702148, 33.359814 ], [ 129.659961, 33.36499 ], [ 129.610156, 33.343652 ], [ 129.580078, 33.236279 ], [ 129.665039, 33.186621 ], [ 129.79873, 33.083594 ], [ 129.896777, 33.022363 ], [ 129.921875, 32.987988 ], [ 129.991699, 32.851562 ], [ 129.900781, 32.851904 ], [ 129.82832, 32.892676 ], [ 129.777734, 32.985547 ], [ 129.679102, 33.059961 ], [ 129.662305, 32.994922 ], [ 129.667773, 32.929395 ], [ 129.690039, 32.875244 ], [ 129.785938, 32.781641 ], [ 129.826758, 32.725342 ], [ 129.808105, 32.645264 ], [ 129.768555, 32.570996 ], [ 129.852539, 32.621729 ], [ 129.950781, 32.721729 ], [ 130.054102, 32.770801 ], [ 130.152051, 32.747852 ], [ 130.192969, 32.706299 ], [ 130.245508, 32.677148 ], [ 130.297656, 32.675 ], [ 130.34043, 32.701855 ], [ 130.36084, 32.755859 ], [ 130.353516, 32.810352 ], [ 130.326465, 32.852637 ], [ 130.280078, 32.866846 ], [ 130.222168, 32.846826 ], [ 130.175, 32.851318 ], [ 130.167773, 32.931787 ], [ 130.173145, 33.012988 ], [ 130.126855, 33.104834 ], [ 130.176855, 33.144531 ], [ 130.2375, 33.177637 ], [ 130.287305, 33.154785 ], [ 130.381738, 33.092578 ], [ 130.44043, 32.951367 ], [ 130.547266, 32.831592 ], [ 130.569434, 32.734131 ], [ 130.497852, 32.656934 ], [ 130.563281, 32.626367 ], [ 130.640527, 32.619238 ], [ 130.560352, 32.456055 ], [ 130.462012, 32.304932 ], [ 130.394922, 32.218994 ], [ 130.319141, 32.143506 ], [ 130.214063, 32.115039 ], [ 130.194434, 32.090771 ], [ 130.195801, 31.949854 ], [ 130.210938, 31.848975 ], [ 130.187891, 31.768848 ], [ 130.224219, 31.730078 ], [ 130.268945, 31.696338 ], [ 130.321973, 31.601465 ], [ 130.306641, 31.487793 ], [ 130.294141, 31.450684 ], [ 130.260547, 31.436572 ], [ 130.147266, 31.408496 ], [ 130.200684, 31.291895 ], [ 130.250586, 31.273193 ], [ 130.310645, 31.266895 ], [ 130.58877, 31.178516 ], [ 130.621484, 31.217529 ], [ 130.644531, 31.26748 ], [ 130.565918, 31.352393 ], [ 130.54043, 31.403076 ], [ 130.528125, 31.459668 ], [ 130.556055, 31.563086 ], [ 130.613477, 31.66543 ], [ 130.655078, 31.718408 ], [ 130.714551, 31.717676 ], [ 130.77627, 31.706299 ], [ 130.796875, 31.671289 ], [ 130.796289, 31.624072 ], [ 130.779785, 31.604102 ], [ 130.749414, 31.598193 ], [ 130.704199, 31.577441 ], [ 130.708984, 31.526074 ], [ 130.774219, 31.383203 ], [ 130.789746, 31.269092 ], [ 130.758398, 31.155811 ], [ 130.735742, 31.12207 ], [ 130.704492, 31.094092 ], [ 130.68418, 31.059277 ], [ 130.685742, 31.015137 ], [ 130.902246, 31.112061 ], [ 131.098438, 31.256152 ], [ 131.035156, 31.377686 ], [ 131.070801, 31.436865 ], [ 131.139746, 31.441846 ], [ 131.249707, 31.409619 ], [ 131.337207, 31.404687 ], [ 131.459961, 31.670801 ], [ 131.475293, 31.778418 ], [ 131.460254, 31.883496 ], [ 131.505664, 32.001953 ], [ 131.531152, 32.116748 ], [ 131.564648, 32.223047 ], [ 131.610352, 32.325488 ], [ 131.660352, 32.465625 ], [ 131.732129, 32.592822 ], [ 131.97666, 32.843945 ], [ 132.002148, 32.882373 ], [ 132.008594, 32.919043 ], [ 131.910449, 32.973682 ], [ 131.937207, 33.010156 ], [ 131.949316, 33.04707 ], [ 131.902734, 33.087793 ], [ 131.847852, 33.118066 ], [ 131.854688, 33.181641 ], [ 131.896582, 33.25459 ], [ 131.71709, 33.2521 ], [ 131.537402, 33.274072 ], [ 131.615527, 33.391846 ], [ 131.710645, 33.502344 ], [ 131.724219, 33.553809 ], [ 131.696289, 33.602832 ], [ 131.643066, 33.637793 ], [ 131.583008, 33.652393 ], [ 131.498828, 33.623584 ], [ 131.41875, 33.584424 ], [ 131.366016, 33.570898 ], [ 131.30918, 33.572754 ], [ 131.174609, 33.602588 ], [ 131.058105, 33.672852 ] ] ], [ [ [ 134.219238, 34.319043 ], [ 134.075879, 34.358398 ], [ 133.94834, 34.348047 ], [ 133.825586, 34.306836 ], [ 133.70625, 34.237354 ], [ 133.655566, 34.232861 ], [ 133.602637, 34.243848 ], [ 133.643457, 34.134668 ], [ 133.626758, 34.069385 ], [ 133.582031, 34.017139 ], [ 133.47207, 33.972803 ], [ 133.349805, 33.977051 ], [ 133.298828, 33.968994 ], [ 133.193066, 33.933203 ], [ 133.133691, 33.927295 ], [ 133.05127, 33.997119 ], [ 132.990137, 34.088135 ], [ 132.935156, 34.095312 ], [ 132.839453, 34.02124 ], [ 132.784277, 33.992432 ], [ 132.752344, 33.906152 ], [ 132.716211, 33.852246 ], [ 132.698926, 33.790918 ], [ 132.643066, 33.689941 ], [ 132.536035, 33.63291 ], [ 132.365918, 33.512451 ], [ 132.287891, 33.469531 ], [ 132.114453, 33.39458 ], [ 132.032617, 33.33999 ], [ 132.08584, 33.340137 ], [ 132.281055, 33.416797 ], [ 132.374902, 33.434082 ], [ 132.412793, 33.430469 ], [ 132.405176, 33.33125 ], [ 132.44541, 33.30459 ], [ 132.511426, 33.293066 ], [ 132.515039, 33.255371 ], [ 132.505273, 33.211279 ], [ 132.477148, 33.181152 ], [ 132.475781, 33.126465 ], [ 132.427832, 33.059375 ], [ 132.492578, 33.007666 ], [ 132.495117, 32.916602 ], [ 132.601953, 32.919531 ], [ 132.708984, 32.90249 ], [ 132.641797, 32.762451 ], [ 132.692188, 32.775928 ], [ 132.804297, 32.752002 ], [ 132.869922, 32.75459 ], [ 132.977246, 32.841992 ], [ 133.016016, 32.983887 ], [ 133.051172, 33.012451 ], [ 133.100879, 33.028223 ], [ 133.145605, 33.083154 ], [ 133.239941, 33.249609 ], [ 133.285938, 33.359961 ], [ 133.632031, 33.510986 ], [ 133.685645, 33.516309 ], [ 133.854004, 33.492676 ], [ 133.958691, 33.44834 ], [ 134.124121, 33.286768 ], [ 134.181641, 33.247217 ], [ 134.205664, 33.346973 ], [ 134.242676, 33.439453 ], [ 134.306543, 33.526807 ], [ 134.377051, 33.608398 ], [ 134.54873, 33.729297 ], [ 134.738867, 33.820508 ], [ 134.674805, 33.847803 ], [ 134.695312, 33.927734 ], [ 134.655371, 33.982617 ], [ 134.635254, 34.043945 ], [ 134.6375, 34.226611 ], [ 134.495703, 34.214746 ], [ 134.357422, 34.256348 ], [ 134.219238, 34.319043 ] ] ], [ [ [ 141.105859, 41.455859 ], [ 141.050195, 41.475732 ], [ 140.936914, 41.505566 ], [ 140.891504, 41.479785 ], [ 140.85957, 41.425439 ], [ 140.801855, 41.253662 ], [ 140.800586, 41.138818 ], [ 141.07041, 41.193066 ], [ 141.115039, 41.208496 ], [ 141.155078, 41.236719 ], [ 141.200391, 41.243604 ], [ 141.244238, 41.205615 ], [ 141.262109, 41.102686 ], [ 141.225391, 40.988477 ], [ 141.183203, 40.924023 ], [ 141.118555, 40.882275 ], [ 140.936035, 40.940771 ], [ 140.876172, 40.929541 ], [ 140.845801, 40.875146 ], [ 140.800781, 40.834326 ], [ 140.748633, 40.830322 ], [ 140.702441, 40.857812 ], [ 140.679395, 40.893262 ], [ 140.639648, 41.155615 ], [ 140.627637, 41.19541 ], [ 140.56416, 41.211816 ], [ 140.498047, 41.205664 ], [ 140.441309, 41.209668 ], [ 140.385938, 41.229785 ], [ 140.344434, 41.20332 ], [ 140.315234, 41.160889 ], [ 140.343555, 41.005664 ], [ 140.32627, 40.947656 ], [ 140.28125, 40.846094 ], [ 140.252344, 40.808789 ], [ 140.20127, 40.774902 ], [ 140.146094, 40.751562 ], [ 140.085352, 40.747363 ], [ 140.029297, 40.733154 ], [ 139.966699, 40.672754 ], [ 139.922852, 40.598437 ], [ 139.923926, 40.533887 ], [ 139.964063, 40.414307 ], [ 140.014453, 40.314893 ], [ 140.011133, 40.260352 ], [ 139.972461, 40.136963 ], [ 139.908008, 40.021729 ], [ 139.873633, 39.985693 ], [ 139.825684, 39.966016 ], [ 139.755469, 39.958936 ], [ 139.741504, 39.92085 ], [ 139.810352, 39.877734 ], [ 139.891211, 39.886865 ], [ 139.945215, 39.885107 ], [ 139.994727, 39.855078 ], [ 140.054688, 39.749268 ], [ 140.064746, 39.624414 ], [ 140.048145, 39.463721 ], [ 140.036523, 39.411133 ], [ 140.01084, 39.358057 ], [ 139.977148, 39.310645 ], [ 139.938574, 39.273145 ], [ 139.912305, 39.228564 ], [ 139.878613, 39.104932 ], [ 139.801953, 38.881592 ], [ 139.749121, 38.788135 ], [ 139.659766, 38.697021 ], [ 139.580176, 38.598877 ], [ 139.520801, 38.502539 ], [ 139.476758, 38.399805 ], [ 139.445801, 38.26875 ], [ 139.400977, 38.142578 ], [ 139.363867, 38.099023 ], [ 139.247168, 38.009082 ], [ 138.885059, 37.843945 ], [ 138.818848, 37.774707 ], [ 138.770605, 37.663428 ], [ 138.709375, 37.560645 ], [ 138.632812, 37.472168 ], [ 138.54834, 37.392139 ], [ 138.319922, 37.218408 ], [ 138.218066, 37.173389 ], [ 138.10957, 37.151074 ], [ 137.913184, 37.0646 ], [ 137.514063, 36.951562 ], [ 137.482617, 36.924756 ], [ 137.342578, 36.770361 ], [ 137.297656, 36.75376 ], [ 137.246289, 36.753174 ], [ 137.12373, 36.774072 ], [ 137.016699, 36.837207 ], [ 137.012695, 36.895117 ], [ 137.018555, 36.959619 ], [ 136.994434, 37.026758 ], [ 136.899902, 37.117676 ], [ 136.924023, 37.171973 ], [ 136.982227, 37.200049 ], [ 137.045801, 37.219727 ], [ 137.152051, 37.283154 ], [ 137.3375, 37.437451 ], [ 137.341211, 37.485449 ], [ 137.322656, 37.52207 ], [ 137.198633, 37.497461 ], [ 136.962305, 37.413672 ], [ 136.843457, 37.382129 ], [ 136.719238, 37.198389 ], [ 136.749316, 36.951025 ], [ 136.698145, 36.742041 ], [ 136.555859, 36.571973 ], [ 136.358984, 36.361768 ], [ 136.261816, 36.287695 ], [ 136.15625, 36.22334 ], [ 136.06748, 36.116846 ], [ 136.00625, 35.990576 ], [ 136.022266, 35.874121 ], [ 136.095313, 35.767627 ], [ 136.016211, 35.68252 ], [ 135.903125, 35.606885 ], [ 135.79502, 35.549512 ], [ 135.680273, 35.503125 ], [ 135.601855, 35.517725 ], [ 135.326953, 35.525537 ], [ 135.267773, 35.550879 ], [ 135.232031, 35.591895 ], [ 135.26875, 35.659668 ], [ 135.26543, 35.721777 ], [ 135.220508, 35.741113 ], [ 135.174316, 35.74707 ], [ 134.882227, 35.663232 ], [ 134.456055, 35.62793 ], [ 134.336523, 35.57793 ], [ 134.214063, 35.539258 ], [ 133.98125, 35.507227 ], [ 133.860254, 35.494873 ], [ 133.739355, 35.495264 ], [ 133.61543, 35.511426 ], [ 133.494922, 35.497461 ], [ 133.435352, 35.472217 ], [ 133.376465, 35.458838 ], [ 133.267188, 35.556543 ], [ 133.156934, 35.558838 ], [ 132.922949, 35.511279 ], [ 132.746582, 35.449023 ], [ 132.697656, 35.418311 ], [ 132.619043, 35.306836 ], [ 132.414062, 35.156299 ], [ 132.25957, 35.022314 ], [ 132.158203, 34.966504 ], [ 132.064746, 34.9 ], [ 131.963086, 34.809375 ], [ 131.856055, 34.726318 ], [ 131.734082, 34.66709 ], [ 131.608008, 34.615479 ], [ 131.515039, 34.550146 ], [ 131.43252, 34.469824 ], [ 131.354395, 34.413184 ], [ 131.261816, 34.393457 ], [ 131.132227, 34.407373 ], [ 131.004199, 34.392578 ], [ 130.951855, 34.349707 ], [ 130.904297, 34.299561 ], [ 130.889258, 34.261816 ], [ 130.918848, 33.975732 ], [ 130.996387, 34.007275 ], [ 131.071875, 34.020654 ], [ 131.150391, 33.975635 ], [ 131.232617, 33.947998 ], [ 131.322754, 33.965186 ], [ 131.40791, 34.003613 ], [ 131.476172, 34.019385 ], [ 131.740527, 34.052051 ], [ 131.763184, 34.045264 ], [ 132.090234, 33.855469 ], [ 132.146484, 33.83877 ], [ 132.159375, 33.944238 ], [ 132.201953, 34.032031 ], [ 132.238086, 34.227002 ], [ 132.312598, 34.324951 ], [ 132.421289, 34.353369 ], [ 132.534473, 34.287061 ], [ 132.656543, 34.246094 ], [ 132.774609, 34.255225 ], [ 133.018945, 34.32959 ], [ 133.142383, 34.302441 ], [ 133.209766, 34.343994 ], [ 133.335645, 34.385352 ], [ 133.445312, 34.433154 ], [ 133.474414, 34.430127 ], [ 133.578613, 34.464697 ], [ 133.67793, 34.485889 ], [ 133.876367, 34.494629 ], [ 133.968262, 34.527295 ], [ 134.074512, 34.593115 ], [ 134.208301, 34.697656 ], [ 134.246875, 34.713867 ], [ 134.362695, 34.723682 ], [ 134.472266, 34.754785 ], [ 134.583789, 34.770605 ], [ 134.740039, 34.765234 ], [ 134.784961, 34.74707 ], [ 134.929883, 34.661816 ], [ 135.041699, 34.631006 ], [ 135.198242, 34.65293 ], [ 135.355176, 34.654297 ], [ 135.415918, 34.61748 ], [ 135.411816, 34.546973 ], [ 135.384766, 34.500439 ], [ 135.309277, 34.416797 ], [ 135.265625, 34.380811 ], [ 135.131934, 34.316553 ], [ 135.100098, 34.288379 ], [ 135.135352, 34.182617 ], [ 135.12793, 34.006982 ], [ 135.175391, 33.898047 ], [ 135.256641, 33.80625 ], [ 135.346777, 33.721973 ], [ 135.394238, 33.62876 ], [ 135.452832, 33.553369 ], [ 135.695312, 33.486963 ], [ 135.916211, 33.561719 ], [ 136.072559, 33.778223 ], [ 136.267871, 34.094873 ], [ 136.329883, 34.176855 ], [ 136.544434, 34.257715 ], [ 136.792188, 34.299268 ], [ 136.853711, 34.324072 ], [ 136.881152, 34.380469 ], [ 136.880273, 34.433594 ], [ 136.841602, 34.464209 ], [ 136.61582, 34.589062 ], [ 136.533008, 34.678369 ], [ 136.576953, 34.789551 ], [ 136.690039, 34.984131 ], [ 136.743555, 35.022998 ], [ 136.804199, 35.050293 ], [ 136.851855, 35.059521 ], [ 136.89707, 35.035547 ], [ 136.85293, 34.978711 ], [ 136.856152, 34.9125 ], [ 136.88457, 34.805859 ], [ 136.871289, 34.733105 ], [ 136.912891, 34.709033 ], [ 136.944141, 34.721533 ], [ 136.934766, 34.815186 ], [ 136.963281, 34.834912 ], [ 137.005957, 34.814111 ], [ 137.032227, 34.765918 ], [ 137.096582, 34.759033 ], [ 137.222656, 34.774707 ], [ 137.275195, 34.77251 ], [ 137.29541, 34.727588 ], [ 137.287793, 34.703516 ], [ 137.077051, 34.621436 ], [ 137.061719, 34.582812 ], [ 137.318066, 34.636377 ], [ 137.543359, 34.664209 ], [ 137.748535, 34.647412 ], [ 137.864258, 34.650879 ], [ 137.979004, 34.640918 ], [ 138.189063, 34.596338 ], [ 138.253223, 34.732666 ], [ 138.348633, 34.847705 ], [ 138.433105, 34.915186 ], [ 138.50957, 34.987158 ], [ 138.537012, 35.044141 ], [ 138.577148, 35.086475 ], [ 138.719629, 35.124072 ], [ 138.820898, 35.095703 ], [ 138.903613, 35.025244 ], [ 138.802734, 34.974805 ], [ 138.804492, 34.875732 ], [ 138.761035, 34.699219 ], [ 138.795117, 34.651025 ], [ 138.8375, 34.619238 ], [ 138.89668, 34.628418 ], [ 138.982617, 34.698389 ], [ 139.015625, 34.736035 ], [ 139.086035, 34.83916 ], [ 139.121973, 34.956494 ], [ 139.11582, 35.097119 ], [ 139.134082, 35.154883 ], [ 139.162695, 35.210742 ], [ 139.249414, 35.278027 ], [ 139.363477, 35.298096 ], [ 139.474414, 35.298535 ], [ 139.564063, 35.243262 ], [ 139.635938, 35.142139 ], [ 139.675, 35.149268 ], [ 139.730859, 35.221533 ], [ 139.744043, 35.252393 ], [ 139.7, 35.273975 ], [ 139.665527, 35.319482 ], [ 139.65, 35.409131 ], [ 139.767773, 35.494824 ], [ 139.773926, 35.520361 ], [ 139.770117, 35.549561 ], [ 139.786328, 35.612109 ], [ 139.834766, 35.658057 ], [ 139.909766, 35.668359 ], [ 139.9875, 35.668213 ], [ 140.043652, 35.63335 ], [ 140.096875, 35.585156 ], [ 140.086328, 35.54043 ], [ 140.027148, 35.485205 ], [ 139.944141, 35.422998 ], [ 139.906152, 35.345264 ], [ 139.826465, 35.29668 ], [ 139.851465, 35.232324 ], [ 139.829688, 35.072168 ], [ 139.843262, 35.009863 ], [ 139.799219, 34.956934 ], [ 139.843945, 34.914893 ], [ 139.92041, 34.899609 ], [ 139.959766, 34.947314 ], [ 140.05918, 35.038281 ], [ 140.158887, 35.096484 ], [ 140.314746, 35.155029 ], [ 140.354688, 35.181445 ], [ 140.392969, 35.221143 ], [ 140.416504, 35.266992 ], [ 140.412891, 35.394775 ], [ 140.457422, 35.510254 ], [ 140.596875, 35.632031 ], [ 140.639258, 35.661279 ], [ 140.874023, 35.724951 ], [ 140.813477, 35.78252 ], [ 140.75957, 35.845703 ], [ 140.621973, 36.059229 ], [ 140.59043, 36.142432 ], [ 140.573535, 36.231348 ], [ 140.591602, 36.307812 ], [ 140.619238, 36.385596 ], [ 140.618848, 36.445312 ], [ 140.627344, 36.502783 ], [ 140.729883, 36.731885 ], [ 140.791797, 36.846875 ], [ 140.839648, 36.890332 ], [ 140.895117, 36.925732 ], [ 140.968359, 37.002051 ], [ 141.00166, 37.114648 ], [ 141.036328, 37.467236 ], [ 141.003418, 37.698437 ], [ 140.959961, 37.822607 ], [ 140.92793, 37.949609 ], [ 140.929004, 38.052881 ], [ 140.962109, 38.148877 ], [ 141.077344, 38.312549 ], [ 141.108398, 38.337939 ], [ 141.254297, 38.381396 ], [ 141.368164, 38.379736 ], [ 141.46748, 38.40415 ], [ 141.508789, 38.497852 ], [ 141.51875, 38.632031 ], [ 141.546289, 38.762842 ], [ 141.579688, 38.816504 ], [ 141.622266, 38.865137 ], [ 141.644727, 38.91792 ], [ 141.658594, 38.974854 ], [ 141.693555, 38.995166 ], [ 141.74248, 38.999609 ], [ 141.776172, 39.017432 ], [ 141.806543, 39.04043 ], [ 141.84209, 39.090039 ], [ 141.900781, 39.111328 ], [ 141.909473, 39.218701 ], [ 141.976953, 39.428809 ], [ 141.993164, 39.610547 ], [ 141.979102, 39.668359 ], [ 141.991895, 39.739893 ], [ 141.99082, 39.792236 ], [ 141.977832, 39.844434 ], [ 141.935059, 39.958496 ], [ 141.87793, 40.067236 ], [ 141.79707, 40.291162 ], [ 141.646289, 40.473633 ], [ 141.542285, 40.530713 ], [ 141.462793, 40.611133 ], [ 141.430469, 40.72334 ], [ 141.413672, 40.839355 ], [ 141.4, 41.096338 ], [ 141.419922, 41.251172 ], [ 141.455469, 41.404736 ], [ 141.26875, 41.353809 ], [ 141.229297, 41.372656 ], [ 141.105859, 41.455859 ] ] ], [ [ [ 124.324023, 24.566357 ], [ 124.301953, 24.587109 ], [ 124.210547, 24.458643 ], [ 124.170215, 24.451855 ], [ 124.12041, 24.469629 ], [ 124.084766, 24.43584 ], [ 124.135742, 24.347607 ], [ 124.185645, 24.335059 ], [ 124.234277, 24.358057 ], [ 124.293164, 24.515918 ], [ 124.324023, 24.566357 ] ] ], [ [ [ 123.928125, 24.323633 ], [ 123.934863, 24.362012 ], [ 123.771484, 24.414453 ], [ 123.753711, 24.391309 ], [ 123.752344, 24.348486 ], [ 123.679785, 24.317773 ], [ 123.680664, 24.288037 ], [ 123.749805, 24.283301 ], [ 123.825586, 24.266064 ], [ 123.888672, 24.280127 ], [ 123.928125, 24.323633 ] ] ], [ [ [ 125.401855, 24.776855 ], [ 125.33457, 24.804688 ], [ 125.314941, 24.852393 ], [ 125.283594, 24.871924 ], [ 125.268945, 24.73252 ], [ 125.359375, 24.71709 ], [ 125.444141, 24.743164 ], [ 125.401855, 24.776855 ] ] ], [ [ [ 128.310938, 26.720703 ], [ 128.331641, 26.812109 ], [ 128.254883, 26.881885 ], [ 128.216504, 26.796875 ], [ 128.121582, 26.711426 ], [ 128.097656, 26.667773 ], [ 128.046777, 26.643311 ], [ 128.029688, 26.646875 ], [ 127.994336, 26.679443 ], [ 127.907227, 26.693604 ], [ 127.894824, 26.674951 ], [ 127.89082, 26.631055 ], [ 127.945508, 26.593945 ], [ 127.925977, 26.555713 ], [ 127.82041, 26.466064 ], [ 127.795898, 26.448535 ], [ 127.728906, 26.433936 ], [ 127.727051, 26.30791 ], [ 127.654883, 26.19917 ], [ 127.649707, 26.154492 ], [ 127.653125, 26.094727 ], [ 127.729395, 26.097168 ], [ 127.803613, 26.152539 ], [ 127.806445, 26.17124 ], [ 127.785547, 26.208691 ], [ 127.790137, 26.255078 ], [ 127.84873, 26.318945 ], [ 127.904785, 26.328125 ], [ 127.869238, 26.380566 ], [ 127.86709, 26.44248 ], [ 127.95127, 26.456494 ], [ 128.037891, 26.533594 ], [ 128.126953, 26.552246 ], [ 128.1625, 26.606934 ], [ 128.258789, 26.652783 ], [ 128.310938, 26.720703 ] ] ], [ [ [ 129.016406, 27.770215 ], [ 128.989746, 27.811133 ], [ 128.95166, 27.910254 ], [ 128.907617, 27.897998 ], [ 128.882812, 27.842432 ], [ 128.9, 27.727783 ], [ 128.95625, 27.70249 ], [ 128.998145, 27.720801 ], [ 129.016406, 27.770215 ] ] ], [ [ [ 129.439063, 28.254785 ], [ 129.456738, 28.272314 ], [ 129.512695, 28.29873 ], [ 129.574609, 28.361182 ], [ 129.641699, 28.411279 ], [ 129.710449, 28.432129 ], [ 129.714648, 28.469629 ], [ 129.689551, 28.51748 ], [ 129.598047, 28.475879 ], [ 129.577148, 28.461279 ], [ 129.560547, 28.431055 ], [ 129.509668, 28.39751 ], [ 129.464551, 28.395264 ], [ 129.322461, 28.359619 ], [ 129.250879, 28.313574 ], [ 129.247852, 28.28252 ], [ 129.21709, 28.262939 ], [ 129.164648, 28.249756 ], [ 129.274902, 28.200879 ], [ 129.366406, 28.127734 ], [ 129.452539, 28.208984 ], [ 129.439063, 28.254785 ] ] ], [ [ [ 129.277344, 28.144727 ], [ 129.257422, 28.176172 ], [ 129.19248, 28.19248 ], [ 129.232422, 28.101123 ], [ 129.330566, 28.081592 ], [ 129.324023, 28.104932 ], [ 129.277344, 28.144727 ] ] ], [ [ [ 139.873633, 33.093506 ], [ 139.808887, 33.129248 ], [ 139.777441, 33.125146 ], [ 139.768945, 33.107178 ], [ 139.775684, 33.078223 ], [ 139.823828, 33.045459 ], [ 139.841113, 33.056055 ], [ 139.873633, 33.093506 ] ] ] ] } },
{ "type": "Feature", "properties": { "NAME": "Singapore", "ADMIN": "Singapore" }, "geometry": { "type": "MultiPolygon", "coordinates": [ [ [ [ 103.996387, 1.365234 ], [ 103.96084, 1.392236 ], [ 103.908984, 1.415967 ], [ 103.817969, 1.44707 ], [ 103.705273, 1.423437 ], [ 103.650195, 1.325537 ], [ 103.819922, 1.265381 ], [ 103.969727, 1.331445 ], [ 103.996387, 1.365234 ] ] ] ] } },
{ "type": "Feature", "properties": { "NAME": "Micronesia", "ADMIN": "Federated States of Micronesia" }, "geometry": { "type": "MultiPolygon", "coordinates": [ [ [ [ 162.958203, 5.33501 ], [ 162.921094, 5.31792 ], [ 162.929883, 5.300781 ], [ 162.993457, 5.277246 ], [ 162.983203, 5.325732 ], [ 162.958203, 5.33501 ] ] ], [ [ [ 138.18252, 9.507373 ], [ 138.213574, 9.547217 ], [ 138.18584, 9.593311 ], [ 138.146973, 9.583594 ], [ 138.116895, 9.550195 ], [ 138.085059, 9.49458 ], [ 138.061914, 9.445752 ], [ 138.06709, 9.419043 ], [ 138.142676, 9.500684 ], [ 138.18252, 9.507373 ] ] ], [ [ [ 151.650488, 7.362842 ], [ 151.643262, 7.379248 ], [ 151.629492, 7.39043 ], [ 151.605664, 7.388721 ], [ 151.592871, 7.379248 ], [ 151.607813, 7.375391 ], [ 151.604297, 7.357227 ], [ 151.575098, 7.351318 ], [ 151.569727, 7.345508 ], [ 151.57832, 7.338086 ], [ 151.639453, 7.333008 ], [ 151.647754, 7.346191 ], [ 151.650488, 7.362842 ] ] ], [ [ [ 151.912598, 7.453857 ], [ 151.910547, 7.460156 ], [ 151.881836, 7.46709 ], [ 151.865332, 7.466162 ], [ 151.859961, 7.457373 ], [ 151.855957, 7.431787 ], [ 151.864258, 7.426758 ], [ 151.881445, 7.432031 ], [ 151.912598, 7.453857 ] ] ], [ [ [ 158.309375, 6.854639 ], [ 158.334961, 6.893164 ], [ 158.294629, 6.951074 ], [ 158.186133, 6.977734 ], [ 158.134766, 6.944824 ], [ 158.127637, 6.904639 ], [ 158.16084, 6.882812 ], [ 158.183398, 6.80127 ], [ 158.256543, 6.791016 ], [ 158.314844, 6.813672 ], [ 158.309375, 6.854639 ] ] ] ] } },
{ "type": "Feature", "properties": { "NAME": "Palau", "ADMIN": "Palau" }, "geometry": { "type": "MultiPolygon", "coordinates": [ [ [ [ 131.186328, 3.04209 ], [ 131.187891, 3.055615 ], [ 131.172363, 3.060596 ], [ 131.151563, 3.054102 ], [ 131.136719, 3.039453 ], [ 131.134961, 3.025244 ], [ 131.149609, 3.021875 ], [ 131.172363, 3.026221 ], [ 131.186328, 3.04209 ] ] ], [ [ [ 134.598242, 7.438281 ], [ 134.632715, 7.501318 ], [ 134.65957, 7.663281 ], [ 134.651172, 7.712109 ], [ 134.608691, 7.623584 ], [ 134.599707, 7.615771 ], [ 134.555957, 7.593945 ], [ 134.515723, 7.525781 ], [ 134.50625, 7.437109 ], [ 134.534668, 7.360645 ], [ 134.59541, 7.382031 ], [ 134.598242, 7.438281 ] ] ] ] } }
]
}
