{
"type": "FeatureCollection",
"name": "borders",
"crs": { "type": "name", "properties": { "name": "urn:ogc:def:crs:OGC:1.3:CRS84" } },
"xy_coordinate_resolution": 0.001,
"features": [
{ "type": "Feature", "properties": { }, "geometry": { "type": "MultiLineString", "coordinates": [ [ [ 47.978, 7.997 ], [ 48.617, 8.965 ], [ 48.938, 9.452 ], [ 48.938, 10.714 ], [ 48.939, 11.258 ] ], [ [ 47.978, 7.997 ], [ 46.971, 7.026 ], [ 46.423, 6.497 ], [ 45.935, 5.997 ], [ 45.438, 5.455 ], [ 44.941, 4.912 ], [ 44.912, 4.9 ], [ 44.028, 4.951 ], [ 43.538, 4.84 ], [ 43.126, 4.644 ], [ 43.016, 4.563 ], [ 42.895, 4.361 ], [ 42.792, 4.292 ], [ 42.228, 4.202 ], [ 42.024, 4.138 ], [ 41.884, 3.978 ] ], [ [ 34.245, 31.208 ], [ 34.35, 31.363 ], [ 34.526, 31.526 ], [ 34.477, 31.585 ] ], [ [ 35.551, 32.396 ], [ 35.362, 32.507 ], [ 35.193, 32.534 ], [ 35.065, 32.46 ], [ 34.956, 32.161 ], [ 34.99, 31.913 ], [ 35.198, 31.776 ], [ 34.951, 31.602 ], [ 34.873, 31.397 ], [ 35.101, 31.366 ], [ 35.451, 31.479 ] ], [ [ 35.109, 33.084 ], [ 35.411, 33.076 ], [ 35.603, 33.241 ] ], [ [ 35.787, 32.735 ], [ 35.888, 32.944 ], [ 35.785, 33.291 ], [ 35.841, 33.416 ] ], [ [ 34.004, 35.065 ], [ 33.866, 35.094 ], [ 33.675, 35.018 ], [ 33.526, 35.039 ], [ 33.384, 35.163 ], [ 33.191, 35.173 ], [ 32.92, 35.088 ], [ 32.713, 35.171 ] ], [ [ 77.799, 35.496 ], [ 78.047, 35.449 ], [ 78.012, 35.251 ], [ 78.282, 34.654 ], [ 78.327, 34.606 ], [ 78.671, 34.518 ], [ 78.936, 34.352 ], [ 78.971, 34.228 ], [ 78.753, 34.088 ], [ 78.727, 34.013 ], [ 78.784, 33.809 ], [ 78.802, 33.5 ], [ 78.917, 33.387 ] ], [ [ 77.049, 35.11 ], [ 77.001, 34.992 ], [ 76.783, 34.9 ], [ 76.594, 34.736 ], [ 76.457, 34.756 ], [ 76.172, 34.668 ], [ 76.041, 34.67 ], [ 75.862, 34.56 ], [ 75.606, 34.503 ], [ 75.319, 34.582 ] ], [ [ 91.632, 27.76 ], [ 91.978, 27.73 ], [ 92.101, 27.808 ], [ 92.415, 27.825 ], [ 92.664, 27.949 ], [ 92.702, 28.147 ], [ 93.035, 28.328 ], [ 93.189, 28.434 ], [ 93.361, 28.654 ], [ 93.897, 28.743 ], [ 93.974, 28.861 ], [ 94.266, 28.969 ], [ 94.293, 29.145 ], [ 94.623, 29.312 ], [ 94.769, 29.176 ], [ 94.999, 29.149 ], [ 95.279, 29.05 ], [ 95.42, 29.054 ], [ 95.516, 29.206 ], [ 95.714, 29.243 ], [ 95.768, 29.339 ], [ 96.128, 29.381 ], [ 96.235, 29.246 ], [ 96.181, 29.118 ], [ 96.201, 28.965 ], [ 96.436, 29.051 ], [ 96.581, 28.764 ], [ 96.485, 28.607 ], [ 96.33, 28.497 ], [ 96.428, 28.406 ], [ 96.603, 28.46 ], [ 96.776, 28.367 ], [ 96.981, 28.338 ], [ 97.075, 28.369 ], [ 97.323, 28.218 ] ], [ [ 128.375, 38.623 ], [ 128.169, 38.359 ], [ 128.039, 38.309 ], [ 127.746, 38.319 ], [ 127.17, 38.305 ], [ 127.01, 38.241 ], [ 126.667, 37.917 ], [ 126.634, 37.782 ] ], [ [ -8.683, 27.656 ], [ -8.818, 27.656 ], [ -8.774, 27.461 ], [ -8.803, 27.361 ], [ -8.754, 27.191 ], [ -8.795, 27.121 ], [ -9.002, 27.09 ], [ -9.413, 27.088 ], [ -9.735, 26.861 ], [ -9.9, 26.85 ], [ -10.033, 26.911 ], [ -10.251, 26.861 ], [ -10.551, 26.991 ], [ -10.923, 27.01 ], [ -11.393, 26.883 ], [ -11.317, 26.745 ], [ -11.338, 26.633 ], [ -11.471, 26.52 ], [ -11.637, 26.296 ], [ -11.718, 26.104 ], [ -12.031, 26.031 ], [ -12.171, 25.64 ], [ -12.311, 25.111 ], [ -12.431, 24.831 ], [ -12.711, 24.63 ], [ -12.991, 24.47 ], [ -13.061, 24.401 ], [ -13.311, 23.981 ], [ -13.771, 23.791 ], [ -13.891, 23.691 ], [ -14.021, 23.411 ], [ -14.171, 22.76 ], [ -14.221, 22.31 ], [ -14.631, 21.861 ], [ -14.611, 21.751 ], [ -14.671, 21.6 ], [ -14.841, 21.451 ], [ -15.461, 21.451 ], [ -15.751, 21.491 ], [ -16.731, 21.47 ], [ -17.003, 21.421 ] ], [ [ 35.92, 4.62 ], [ 35.763, 4.808 ], [ 35.756, 4.95 ], [ 35.8, 5.157 ], [ 35.745, 5.344 ], [ 35.469, 5.419 ], [ 35.325, 5.365 ], [ 35.268, 5.492 ] ], [ [ -124.76, 48.495 ], [ -123.856, 48.26 ], [ -123.539, 48.217 ], [ -123.2, 48.332 ], [ -123.142, 48.4 ], [ -123.215, 48.546 ], [ -123.212, 48.685 ], [ -123.029, 48.822 ], [ -123.314, 48.993 ] ], [ [ 91.632, 27.76 ], [ 91.606, 27.952 ], [ 91.226, 28.071 ], [ 91.078, 27.974 ], [ 90.716, 28.072 ], [ 90.353, 28.08 ], [ 90.334, 28.118 ] ], [ [ 23.605, 51.518 ], [ 23.707, 51.641 ], [ 23.951, 51.585 ], [ 24.127, 51.665 ], [ 24.362, 51.868 ], [ 25.267, 51.938 ], [ 25.925, 51.914 ], [ 26.453, 51.813 ], [ 27.142, 51.752 ], [ 27.27, 51.614 ], [ 27.859, 51.592 ], [ 28.011, 51.56 ], [ 28.184, 51.608 ], [ 28.599, 51.543 ], [ 28.648, 51.457 ], [ 29.136, 51.617 ], [ 29.347, 51.383 ], [ 29.553, 51.435 ], [ 30.161, 51.478 ], [ 30.333, 51.326 ], [ 30.545, 51.265 ], [ 30.633, 51.355 ], [ 30.533, 51.596 ], [ 30.667, 51.814 ], [ 30.981, 52.046 ], [ 31.218, 52.05 ], [ 31.346, 52.105 ], [ 31.763, 52.101 ] ], [ [ 35.841, 33.416 ], [ 35.603, 33.241 ] ], [ [ 35.841, 33.416 ], [ 36.022, 33.563 ], [ 35.942, 33.668 ], [ 36.092, 33.832 ], [ 36.282, 33.894 ], [ 36.585, 34.221 ], [ 36.504, 34.432 ], [ 36.326, 34.513 ], [ 36.433, 34.613 ], [ 35.976, 34.629 ] ], [ [ 34.68, -12.009 ], [ 34.715, -12.003 ], [ 34.739, -12.013 ], [ 34.756, -12.031 ], [ 34.756, -12.059 ], [ 34.746, -12.088 ], [ 34.719, -12.111 ], [ 34.684, -12.119 ], [ 34.662, -12.101 ], [ 34.667, -12.048 ], [ 34.68, -12.009 ], [ 34.68, -12.009 ], [ 34.68, -12.009 ], [ 34.68, -12.009 ], [ 34.68, -12.009 ], [ 34.68, -12.009 ], [ 34.68, -12.009 ], [ 34.68, -12.009 ], [ 34.68, -12.009 ], [ 34.68, -12.009 ], [ 34.68, -12.009 ], [ 34.68, -12.009 ], [ 34.68, -12.009 ], [ 34.68, -12.009 ], [ 34.68, -12.009 ], [ 34.68, -12.009 ] ], [ [ 80.209, 42.19 ], [ 80.259, 42.235 ], [ 80.165, 42.666 ], [ 80.25, 42.797 ], [ 80.544, 42.912 ], [ 80.39, 43.043 ], [ 80.786, 43.162 ], [ 80.668, 43.31 ], [ 80.704, 43.427 ], [ 80.496, 43.892 ], [ 80.355, 44.097 ], [ 80.336, 44.438 ], [ 80.455, 44.746 ], [ 80.255, 44.808 ], [ 79.997, 44.797 ], [ 79.872, 44.884 ], [ 80.059, 45.006 ], [ 80.635, 45.126 ], [ 80.853, 45.129 ], [ 81.602, 45.311 ], [ 81.989, 45.162 ], [ 82.267, 45.219 ], [ 82.479, 45.124 ], [ 82.621, 45.293 ], [ 82.583, 45.443 ], [ 82.327, 45.52 ], [ 82.315, 45.595 ], [ 82.43, 45.812 ], [ 82.555, 46.159 ], [ 82.692, 46.387 ], [ 83.004, 47.034 ], [ 83.029, 47.186 ], [ 83.193, 47.187 ], [ 83.634, 47.043 ], [ 84.016, 46.971 ], [ 84.339, 46.996 ], [ 84.667, 46.972 ], [ 84.786, 46.831 ], [ 85.012, 46.909 ], [ 85.233, 47.036 ], [ 85.485, 47.064 ], [ 85.657, 47.255 ], [ 85.587, 47.494 ], [ 85.526, 47.916 ], [ 85.626, 48.204 ], [ 85.749, 48.385 ], [ 86.266, 48.455 ], [ 86.549, 48.529 ], [ 86.718, 48.697 ], [ 86.753, 49.009 ], [ 86.886, 49.091 ], [ 87.323, 49.086 ] ], [ [ 23.485, 53.94 ], [ 23.734, 53.912 ], [ 24.191, 53.95 ], [ 24.318, 53.893 ], [ 24.621, 53.98 ], [ 24.768, 53.975 ], [ 24.826, 54.119 ], [ 25.046, 54.133 ], [ 25.18, 54.214 ], [ 25.461, 54.293 ], [ 25.573, 54.14 ], [ 25.749, 54.157 ], [ 25.703, 54.293 ], [ 25.547, 54.332 ], [ 25.725, 54.564 ], [ 25.722, 54.718 ], [ 25.859, 54.919 ], [ 26.175, 55.003 ], [ 26.292, 55.14 ], [ 26.601, 55.13 ], [ 26.776, 55.273 ], [ 26.458, 55.342 ], [ 26.594, 55.668 ] ], [ [ -53.371, -33.742 ], [ -53.538, -33.623 ], [ -53.531, -33.171 ], [ -53.126, -32.737 ], [ -53.231, -32.625 ], [ -53.363, -32.581 ], [ -53.602, -32.403 ], [ -53.762, -32.057 ], [ -53.921, -31.952 ], [ -54.221, -31.855 ], [ -54.37, -31.745 ], [ -54.588, -31.485 ], [ -54.896, -31.391 ], [ -55.255, -31.226 ], [ -55.366, -31.046 ], [ -55.557, -30.876 ], [ -55.806, -31.035 ] ], [ [ 116.683, 49.824 ], [ 116.243, 49.17 ], [ 115.954, 48.689 ], [ 115.821, 48.577 ], [ 115.786, 48.248 ], [ 115.525, 48.131 ], [ 115.558, 47.945 ], [ 115.898, 47.687 ], [ 116.231, 47.858 ], [ 116.513, 47.84 ], [ 116.761, 47.87 ], [ 117.07, 47.806 ], [ 117.351, 47.652 ], [ 117.768, 47.988 ], [ 118.147, 48.029 ], [ 118.498, 47.984 ], [ 118.76, 47.758 ], [ 119.082, 47.654 ], [ 119.123, 47.558 ], [ 119.527, 47.256 ], [ 119.711, 47.15 ], [ 119.898, 46.858 ], [ 119.867, 46.672 ], [ 119.707, 46.606 ], [ 119.162, 46.639 ], [ 118.844, 46.76 ], [ 118.723, 46.692 ], [ 118.309, 46.717 ], [ 117.91, 46.619 ], [ 117.671, 46.522 ], [ 117.406, 46.571 ], [ 117.333, 46.362 ], [ 116.859, 46.388 ], [ 116.563, 46.29 ], [ 116.358, 46.097 ], [ 116.213, 45.887 ], [ 116.241, 45.796 ], [ 116.11, 45.687 ], [ 115.934, 45.626 ], [ 115.681, 45.458 ], [ 115.163, 45.39 ], [ 114.919, 45.378 ], [ 114.739, 45.42 ], [ 114.517, 45.365 ], [ 114.419, 45.203 ], [ 114.03, 44.943 ], [ 113.587, 44.746 ], [ 113.049, 44.81 ], [ 112.597, 44.918 ], [ 112.411, 45.058 ], [ 111.898, 45.064 ], [ 111.621, 44.827 ], [ 111.402, 44.367 ], [ 111.52, 44.192 ], [ 111.837, 43.935 ], [ 111.933, 43.711 ], [ 111.771, 43.665 ], [ 111.547, 43.496 ], [ 111.007, 43.341 ], [ 110.4, 42.774 ], [ 109.698, 42.554 ], [ 109.443, 42.456 ], [ 108.687, 42.416 ], [ 108.171, 42.447 ], [ 106.77, 42.289 ], [ 105.868, 41.994 ], [ 105.197, 41.738 ], [ 105.051, 41.616 ], [ 104.498, 41.659 ], [ 104.498, 41.877 ], [ 103.711, 41.751 ], [ 103.073, 42.006 ], [ 102.157, 42.158 ], [ 101.973, 42.216 ], [ 101.714, 42.466 ], [ 101.495, 42.539 ], [ 101.092, 42.551 ], [ 99.984, 42.677 ], [ 99.468, 42.568 ], [ 98.947, 42.616 ], [ 97.719, 42.736 ], [ 97.206, 42.79 ], [ 96.385, 42.72 ], [ 96.299, 42.929 ], [ 95.913, 43.207 ], [ 95.842, 43.384 ], [ 95.526, 43.954 ], [ 95.356, 44.006 ], [ 95.35, 44.278 ], [ 95.05, 44.259 ], [ 94.712, 44.351 ], [ 94.365, 44.52 ], [ 94.199, 44.645 ], [ 93.958, 44.675 ], [ 93.656, 44.901 ], [ 93.294, 44.983 ], [ 92.788, 45.036 ], [ 92.424, 45.009 ], [ 92.03, 45.069 ], [ 91.584, 45.077 ], [ 91.312, 45.118 ], [ 91.05, 45.217 ], [ 90.877, 45.196 ], [ 90.662, 45.525 ], [ 90.71, 45.731 ], [ 91.002, 46.036 ], [ 90.912, 46.271 ], [ 91.034, 46.529 ], [ 90.986, 46.749 ], [ 90.87, 46.954 ], [ 90.716, 47.004 ], [ 90.496, 47.285 ], [ 90.425, 47.504 ], [ 90.313, 47.676 ], [ 90.103, 47.745 ], [ 90.028, 47.878 ], [ 89.778, 47.827 ], [ 89.561, 48.004 ], [ 89.33, 48.025 ], [ 89.048, 48.003 ], [ 88.576, 48.22 ], [ 88.517, 48.384 ], [ 88.31, 48.472 ], [ 87.98, 48.555 ], [ 88.028, 48.736 ], [ 87.832, 48.792 ], [ 87.743, 48.882 ], [ 87.86, 48.966 ], [ 87.816, 49.08 ], [ 87.825, 49.116 ], [ 87.814, 49.163 ] ], [ [ 13.815, 48.767 ], [ 13.548, 48.96 ], [ 13.141, 49.158 ], [ 12.917, 49.33 ], [ 12.813, 49.329 ], [ 12.632, 49.461 ], [ 12.39, 49.74 ], [ 12.498, 49.853 ], [ 12.458, 49.956 ], [ 12.276, 50.042 ], [ 12.277, 50.181 ], [ 12.453, 50.35 ], [ 12.765, 50.431 ], [ 12.967, 50.416 ], [ 13.016, 50.49 ], [ 13.238, 50.577 ], [ 13.473, 50.617 ], [ 13.527, 50.693 ], [ 13.899, 50.761 ], [ 14.369, 50.899 ], [ 14.507, 51.01 ], [ 14.723, 50.815 ], [ 14.809, 50.859 ] ], [ [ 27.352, 57.528 ], [ 26.9, 57.609 ], [ 26.533, 57.531 ], [ 26.298, 57.601 ], [ 25.991, 57.838 ], [ 25.794, 57.869 ], [ 25.34, 58.039 ], [ 25.111, 58.063 ], [ 24.323, 57.871 ] ], [ [ 27.352, 57.528 ], [ 27.797, 57.317 ], [ 27.815, 57.167 ], [ 27.639, 56.846 ], [ 27.806, 56.867 ], [ 28.008, 56.6 ], [ 28.103, 56.546 ], [ 28.202, 56.26 ], [ 28.148, 56.143 ] ], [ [ 21.046, 56.07 ], [ 21.653, 56.315 ], [ 22.085, 56.407 ], [ 22.587, 56.375 ], [ 22.968, 56.38 ], [ 23.813, 56.329 ], [ 24.121, 56.264 ], [ 24.529, 56.296 ], [ 24.7, 56.381 ], [ 24.903, 56.398 ], [ 25.07, 56.2 ], [ 25.586, 56.13 ], [ 26.086, 55.897 ], [ 26.281, 55.75 ], [ 26.594, 55.668 ] ], [ [ 20.622, 69.037 ], [ 20.117, 69.021 ], [ 20.337, 68.9 ], [ 20.319, 68.754 ], [ 19.969, 68.542 ], [ 20.24, 68.478 ], [ 19.97, 68.356 ], [ 19.053, 68.493 ], [ 18.379, 68.562 ], [ 18.163, 68.528 ], [ 18.177, 68.201 ], [ 17.917, 67.965 ], [ 17.325, 68.104 ], [ 16.784, 67.895 ], [ 16.586, 67.628 ], [ 16.194, 67.505 ], [ 16.127, 67.426 ], [ 16.434, 67.155 ], [ 16.403, 67.055 ], [ 15.423, 66.49 ], [ 15.484, 66.306 ], [ 15.153, 66.191 ], [ 14.543, 66.129 ], [ 14.635, 65.845 ], [ 14.48, 65.301 ], [ 14.115, 64.946 ], [ 13.65, 64.582 ], [ 14.078, 64.464 ], [ 14.141, 64.174 ], [ 13.961, 64.014 ], [ 13.3, 64.075 ], [ 12.988, 64.05 ], [ 12.662, 63.94 ], [ 12.175, 63.596 ], [ 12.212, 63.492 ], [ 12.0, 63.292 ], [ 12.218, 63.001 ], [ 12.109, 62.919 ], [ 12.115, 62.592 ], [ 12.303, 62.286 ], [ 12.155, 61.721 ], [ 12.596, 61.541 ], [ 12.881, 61.352 ], [ 12.683, 61.047 ], [ 12.294, 61.003 ], [ 12.315, 60.892 ], [ 12.589, 60.451 ], [ 12.486, 60.107 ], [ 12.169, 59.913 ], [ 11.932, 59.864 ], [ 11.834, 59.697 ], [ 11.681, 59.592 ], [ 11.798, 59.29 ], [ 11.643, 58.926 ], [ 11.471, 58.91 ], [ 11.342, 59.088 ], [ 11.143, 59.088 ], [ 11.057, 58.959 ], [ 10.912, 58.946 ] ], [ [ 20.622, 69.037 ], [ 21.128, 69.081 ], [ 21.053, 69.187 ], [ 21.267, 69.274 ], [ 21.622, 69.271 ], [ 22.3, 68.856 ], [ 22.411, 68.72 ], [ 23.324, 68.649 ], [ 23.707, 68.714 ], [ 23.854, 68.806 ], [ 24.941, 68.593 ], [ 25.357, 68.862 ], [ 25.748, 68.99 ], [ 25.749, 69.231 ], [ 26.012, 69.653 ], [ 26.525, 69.915 ], [ 27.109, 69.905 ], [ 27.592, 70.042 ], [ 27.89, 70.062 ], [ 28.412, 69.823 ], [ 29.142, 69.671 ], [ 29.333, 69.473 ], [ 28.846, 69.177 ], [ 28.966, 69.022 ] ], [ [ 104.426, 10.411 ], [ 104.564, 10.516 ], [ 104.851, 10.534 ], [ 105.061, 10.734 ], [ 105.022, 10.887 ], [ 105.16, 10.898 ], [ 105.315, 10.845 ], [ 105.386, 10.94 ], [ 105.755, 10.99 ], [ 105.853, 10.864 ], [ 105.938, 10.885 ], [ 106.099, 10.797 ], [ 106.168, 11.012 ], [ 105.856, 11.294 ], [ 105.851, 11.635 ], [ 106.006, 11.758 ], [ 106.34, 11.682 ], [ 106.411, 11.738 ], [ 106.414, 11.948 ], [ 106.7, 11.979 ], [ 106.765, 12.052 ], [ 106.931, 12.078 ], [ 107.159, 12.277 ], [ 107.33, 12.319 ], [ 107.393, 12.26 ], [ 107.506, 12.365 ], [ 107.555, 12.54 ], [ 107.544, 12.706 ], [ 107.475, 13.03 ], [ 107.605, 13.438 ], [ 107.331, 14.127 ], [ 107.364, 14.369 ], [ 107.448, 14.451 ], [ 107.535, 14.65 ], [ 107.519, 14.705 ] ], [ [ -69.511, -17.505 ], [ -69.495, -17.62 ], [ -69.358, -17.772 ], [ -69.313, -17.943 ], [ -69.094, -18.051 ], [ -69.145, -18.144 ], [ -69.092, -18.282 ], [ -68.968, -18.968 ], [ -68.858, -19.093 ], [ -68.463, -19.433 ], [ -68.698, -19.721 ], [ -68.578, -19.857 ], [ -68.6, -20.045 ], [ -68.728, -20.07 ], [ -68.735, -20.225 ], [ -68.689, -20.31 ], [ -68.745, -20.459 ], [ -68.5, -20.612 ], [ -68.563, -20.72 ], [ -68.534, -20.924 ], [ -68.436, -20.948 ], [ -68.197, -21.3 ], [ -68.186, -21.619 ], [ -68.112, -21.753 ], [ -68.077, -21.983 ], [ -67.988, -22.057 ], [ -67.95, -22.334 ], [ -67.882, -22.493 ], [ -67.879, -22.823 ], [ -67.794, -22.879 ], [ -67.58, -22.892 ], [ -67.195, -22.822 ] ], [ [ -69.511, -17.506 ], [ -69.586, -17.573 ], [ -69.685, -17.65 ], [ -69.852, -17.704 ], [ -69.802, -17.9 ], [ -69.84, -18.093 ], [ -69.926, -18.206 ], [ -70.184, -18.325 ], [ -70.418, -18.346 ] ], [ [ 6.344, 49.453 ], [ 6.487, 49.798 ], [ 6.256, 49.872 ], [ 6.138, 49.974 ], [ 6.117, 50.121 ] ], [ [ 2.525, 51.097 ], [ 2.669, 50.811 ], [ 2.84, 50.712 ], [ 3.107, 50.779 ], [ 3.235, 50.663 ], [ 3.273, 50.532 ], [ 3.627, 50.457 ], [ 3.748, 50.343 ], [ 4.044, 50.321 ], [ 4.175, 50.246 ], [ 4.176, 49.96 ], [ 4.369, 49.945 ], [ 4.656, 50.002 ], [ 4.868, 49.788 ], [ 5.007, 49.778 ], [ 5.279, 49.678 ], [ 5.507, 49.511 ], [ 5.79, 49.538 ] ], [ [ 6.117, 50.121 ], [ 5.976, 50.167 ], [ 5.744, 49.92 ], [ 5.725, 49.808 ], [ 5.88, 49.645 ], [ 5.79, 49.538 ] ], [ [ 46.43, 41.891 ], [ 46.213, 41.99 ], [ 45.954, 42.035 ], [ 45.639, 42.205 ], [ 45.728, 42.475 ], [ 45.563, 42.536 ], [ 45.344, 42.53 ], [ 45.208, 42.648 ], [ 44.871, 42.756 ], [ 44.771, 42.617 ], [ 44.644, 42.735 ], [ 44.506, 42.749 ], [ 43.957, 42.567 ], [ 43.738, 42.617 ], [ 43.783, 42.747 ], [ 43.558, 42.844 ], [ 43.089, 42.989 ], [ 42.992, 43.091 ], [ 42.761, 43.17 ], [ 42.566, 43.155 ], [ 42.419, 43.224 ], [ 42.05, 43.19 ], [ 41.581, 43.219 ], [ 41.358, 43.333 ], [ 41.083, 43.374 ], [ 40.648, 43.534 ], [ 40.519, 43.512 ], [ 40.15, 43.57 ], [ 39.978, 43.42 ] ], [ [ 20.964, 40.85 ], [ 20.741, 40.905 ], [ 20.489, 41.273 ], [ 20.449, 41.521 ], [ 20.566, 41.874 ] ], [ [ 20.566, 41.874 ], [ 20.575, 42.013 ], [ 20.485, 42.223 ], [ 20.241, 42.339 ], [ 20.064, 42.547 ] ], [ [ 41.51, 41.517 ], [ 41.824, 41.432 ], [ 41.926, 41.496 ], [ 42.211, 41.487 ], [ 42.466, 41.44 ], [ 42.567, 41.559 ], [ 42.788, 41.564 ], [ 43.149, 41.307 ], [ 43.206, 41.199 ], [ 43.359, 41.19 ], [ 43.439, 41.107 ] ], [ [ 101.139, 21.567 ], [ 101.224, 21.224 ], [ 101.281, 21.184 ], [ 101.542, 21.234 ], [ 101.705, 21.15 ], [ 101.802, 21.236 ], [ 101.723, 21.315 ], [ 101.747, 21.606 ], [ 101.737, 21.827 ], [ 101.603, 21.99 ], [ 101.524, 22.254 ], [ 101.62, 22.327 ], [ 101.671, 22.462 ], [ 101.76, 22.49 ], [ 101.842, 22.388 ], [ 102.024, 22.439 ], [ 102.127, 22.379 ] ], [ [ 73.632, 39.449 ], [ 73.823, 39.489 ], [ 73.915, 39.606 ], [ 73.835, 39.8 ], [ 73.992, 40.043 ], [ 74.412, 40.137 ], [ 74.68, 40.311 ], [ 74.842, 40.345 ], [ 74.866, 40.493 ], [ 75.005, 40.449 ], [ 75.241, 40.48 ], [ 75.521, 40.628 ], [ 75.584, 40.605 ], [ 75.656, 40.329 ], [ 75.872, 40.303 ], [ 76.258, 40.431 ], [ 76.319, 40.352 ], [ 76.48, 40.45 ], [ 76.64, 40.742 ], [ 76.824, 40.982 ], [ 76.987, 41.039 ], [ 77.582, 40.993 ], [ 77.815, 41.056 ], [ 78.123, 41.076 ], [ 78.346, 41.281 ], [ 78.362, 41.372 ], [ 78.743, 41.56 ], [ 79.294, 41.783 ], [ 79.766, 41.899 ], [ 79.84, 41.996 ], [ 80.216, 42.032 ], [ 80.209, 42.19 ] ], [ [ 43.439, 41.107 ], [ 43.793, 41.131 ], [ 44.227, 41.213 ], [ 44.473, 41.191 ], [ 44.841, 41.211 ], [ 45.001, 41.291 ] ], [ [ 80.209, 42.19 ], [ 79.921, 42.413 ], [ 79.49, 42.458 ], [ 79.203, 42.666 ], [ 79.165, 42.759 ], [ 78.792, 42.791 ], [ 78.524, 42.865 ], [ 78.023, 42.858 ], [ 77.802, 42.895 ], [ 77.236, 42.913 ], [ 77.057, 42.971 ], [ 76.509, 42.919 ], [ 75.79, 42.933 ], [ 75.636, 42.815 ], [ 75.366, 42.837 ], [ 75.048, 42.904 ], [ 74.622, 43.056 ], [ 74.209, 43.24 ], [ 73.612, 43.048 ], [ 73.556, 43.003 ], [ 73.422, 42.594 ], [ 73.283, 42.504 ], [ 72.855, 42.561 ], [ 72.753, 42.638 ], [ 72.276, 42.758 ], [ 71.817, 42.822 ], [ 71.257, 42.734 ], [ 71.023, 42.535 ], [ 70.893, 42.34 ], [ 70.947, 42.249 ] ], [ [ -56.483, 1.942 ], [ -56.837, 1.881 ], [ -57.038, 1.936 ], [ -57.119, 2.014 ], [ -57.413, 1.909 ], [ -57.594, 1.704 ], [ -57.796, 1.7 ], [ -57.983, 1.648 ], [ -58.035, 1.52 ], [ -58.341, 1.588 ], [ -58.396, 1.482 ], [ -58.506, 1.439 ], [ -58.512, 1.285 ], [ -58.685, 1.281 ], [ -58.863, 1.204 ], [ -58.969, 1.305 ], [ -59.231, 1.376 ], [ -59.536, 1.7 ], [ -59.667, 1.746 ], [ -59.756, 1.901 ], [ -59.755, 2.274 ], [ -59.89, 2.363 ], [ -59.994, 2.69 ], [ -59.972, 2.99 ], [ -59.831, 3.349 ], [ -59.854, 3.587 ], [ -59.679, 3.7 ], [ -59.551, 3.934 ], [ -59.739, 4.227 ], [ -59.703, 4.381 ], [ -59.833, 4.476 ], [ -60.111, 4.511 ], [ -60.125, 4.598 ], [ -60.032, 4.741 ], [ -59.991, 5.083 ], [ -60.142, 5.239 ], [ -60.335, 5.199 ], [ -60.742, 5.202 ] ], [ [ 8.393, 55.097 ], [ 8.541, 54.955 ], [ 9.342, 54.806 ], [ 9.616, 54.855 ], [ 9.74, 54.826 ] ], [ [ 9.519, 30.229 ], [ 9.895, 30.387 ], [ 10.216, 30.783 ], [ 10.243, 31.032 ], [ 10.115, 31.464 ], [ 10.306, 31.705 ], [ 10.476, 31.736 ], [ 10.609, 31.93 ], [ 10.826, 32.081 ], [ 11.505, 32.414 ], [ 11.534, 32.525 ], [ 11.454, 32.643 ], [ 11.467, 32.966 ], [ 11.505, 33.182 ] ], [ [ 45.001, 41.291 ], [ 45.19, 41.126 ], [ 45.588, 40.847 ], [ 45.376, 40.638 ], [ 45.569, 40.417 ], [ 45.965, 40.234 ], [ 45.858, 40.011 ], [ 45.63, 40.014 ], [ 45.79, 39.881 ], [ 46.202, 39.594 ], [ 46.322, 39.617 ], [ 46.481, 39.555 ], [ 46.378, 39.382 ], [ 46.55, 39.201 ], [ 46.49, 39.069 ], [ 46.491, 38.907 ] ], [ [ 44.768, 39.704 ], [ 45.032, 39.765 ], [ 45.149, 39.657 ], [ 45.457, 39.494 ], [ 45.751, 39.563 ], [ 45.766, 39.378 ], [ 45.977, 39.244 ], [ 45.952, 39.178 ], [ 46.114, 38.878 ] ], [ [ 20.242, 46.109 ], [ 20.508, 46.167 ], [ 20.614, 46.134 ], [ 20.837, 46.26 ], [ 21.04, 46.242 ], [ 21.152, 46.304 ], [ 21.32, 46.608 ], [ 21.497, 46.704 ], [ 21.494, 46.79 ], [ 21.785, 47.138 ], [ 21.869, 47.305 ], [ 21.995, 47.396 ], [ 22.0, 47.505 ], [ 22.291, 47.728 ], [ 22.677, 47.799 ], [ 22.877, 47.947 ] ], [ [ 70.958, 40.239 ], [ 71.305, 40.287 ], [ 71.693, 40.152 ], [ 71.956, 40.259 ], [ 72.131, 40.439 ], [ 72.358, 40.402 ], [ 72.402, 40.578 ], [ 72.567, 40.524 ], [ 72.774, 40.65 ], [ 73.113, 40.786 ], [ 72.99, 40.86 ], [ 72.62, 40.884 ], [ 72.364, 41.043 ], [ 72.187, 41.026 ], [ 72.164, 41.174 ], [ 71.879, 41.195 ], [ 71.792, 41.413 ], [ 71.602, 41.503 ], [ 71.606, 41.367 ], [ 71.421, 41.342 ], [ 71.408, 41.136 ], [ 71.111, 41.153 ], [ 70.782, 41.262 ], [ 70.646, 41.46 ], [ 70.471, 41.413 ], [ 70.181, 41.571 ], [ 70.455, 41.725 ], [ 70.631, 41.876 ], [ 70.803, 41.923 ], [ 70.842, 42.02 ], [ 71.229, 42.163 ], [ 71.036, 42.285 ], [ 70.947, 42.249 ] ], [ [ 18.832, 49.511 ], [ 18.968, 49.396 ], [ 19.149, 49.4 ], [ 19.25, 49.511 ], [ 19.442, 49.598 ], [ 19.664, 49.396 ], [ 19.774, 49.372 ], [ 19.802, 49.192 ], [ 20.058, 49.181 ], [ 20.164, 49.316 ], [ 20.363, 49.385 ], [ 20.616, 49.392 ], [ 20.947, 49.317 ], [ 21.079, 49.418 ], [ 21.64, 49.412 ], [ 21.89, 49.343 ], [ 22.02, 49.21 ], [ 22.539, 49.073 ] ], [ [ -7.219, 55.092 ], [ -7.377, 55.028 ], [ -7.55, 54.768 ], [ -7.886, 54.666 ], [ -7.794, 54.571 ], [ -8.044, 54.512 ], [ -8.118, 54.414 ], [ -7.855, 54.215 ], [ -7.607, 54.144 ], [ -7.355, 54.121 ], [ -7.155, 54.24 ], [ -7.05, 54.408 ], [ -6.936, 54.374 ], [ -6.65, 54.059 ], [ -6.218, 54.089 ] ], [ [ 18.832, 49.511 ], [ 18.807, 49.614 ], [ 18.595, 49.758 ], [ 18.562, 49.879 ], [ 18.305, 49.914 ], [ 18.028, 50.035 ], [ 17.875, 49.972 ], [ 17.589, 50.157 ], [ 17.72, 50.299 ], [ 17.415, 50.255 ], [ 17.152, 50.378 ], [ 16.869, 50.414 ], [ 16.993, 50.26 ], [ 16.679, 50.097 ], [ 16.21, 50.424 ], [ 16.42, 50.574 ], [ 16.282, 50.656 ], [ 16.007, 50.612 ], [ 15.731, 50.74 ], [ 15.354, 50.812 ], [ 15.259, 50.959 ], [ 14.994, 51.014 ], [ 14.983, 50.887 ], [ 14.809, 50.859 ] ], [ [ 70.958, 40.239 ], [ 70.946, 40.188 ], [ 70.644, 40.083 ], [ 70.451, 40.049 ], [ 69.967, 40.202 ], [ 69.53, 40.097 ], [ 69.432, 39.91 ], [ 69.307, 39.969 ], [ 69.229, 39.761 ], [ 69.298, 39.525 ], [ 69.599, 39.574 ], [ 70.245, 39.543 ], [ 70.392, 39.582 ], [ 70.608, 39.564 ], [ 70.733, 39.413 ], [ 71.005, 39.412 ], [ 71.065, 39.493 ], [ 71.404, 39.598 ], [ 71.546, 39.453 ], [ 71.732, 39.423 ], [ 71.806, 39.276 ], [ 72.043, 39.352 ], [ 72.23, 39.208 ], [ 72.358, 39.337 ], [ 72.64, 39.386 ], [ 72.872, 39.36 ], [ 73.235, 39.375 ], [ 73.47, 39.461 ], [ 73.632, 39.449 ] ], [ [ 20.001, 39.709 ], [ 20.207, 39.653 ], [ 20.382, 39.842 ], [ 20.311, 39.979 ], [ 20.456, 40.066 ], [ 20.657, 40.117 ], [ 20.806, 40.445 ], [ 20.95, 40.494 ], [ 21.031, 40.659 ], [ 20.964, 40.85 ] ], [ [ 33.202, -14.013 ], [ 33.148, -13.941 ], [ 32.992, -14.022 ], [ 32.867, -13.817 ], [ 32.765, -13.761 ], [ 32.772, -13.657 ], [ 32.672, -13.61 ], [ 32.852, -13.457 ], [ 32.968, -13.225 ], [ 33.0, -12.9 ], [ 32.946, -12.804 ], [ 33.022, -12.63 ], [ 33.398, -12.49 ], [ 33.491, -12.331 ], [ 33.34, -12.308 ], [ 33.252, -12.113 ], [ 33.301, -11.888 ], [ 33.288, -11.611 ], [ 33.226, -11.535 ], [ 33.38, -11.158 ], [ 33.261, -10.893 ], [ 33.465, -10.783 ], [ 33.659, -10.591 ], [ 33.554, -10.391 ], [ 33.529, -10.235 ], [ 33.311, -10.038 ], [ 33.351, -9.862 ], [ 33.25, -9.76 ], [ 33.196, -9.626 ], [ 32.996, -9.623 ], [ 32.92, -9.407 ] ], [ [ 22.132, 48.405 ], [ 22.143, 48.569 ], [ 22.295, 48.686 ], [ 22.539, 49.073 ] ], [ [ -11.508, 6.907 ], [ -11.268, 7.233 ], [ -11.085, 7.399 ], [ -10.878, 7.538 ], [ -10.647, 7.759 ], [ -10.571, 8.071 ], [ -10.39, 8.158 ], [ -10.315, 8.311 ], [ -10.283, 8.485 ] ], [ [ 24.147, 8.666 ], [ 24.221, 8.608 ], [ 24.18, 8.461 ], [ 24.291, 8.291 ], [ 24.737, 8.192 ], [ 24.853, 8.138 ], [ 25.007, 7.965 ], [ 25.2, 7.808 ], [ 25.247, 7.725 ], [ 25.19, 7.519 ], [ 25.381, 7.333 ], [ 25.889, 7.065 ], [ 26.037, 6.955 ], [ 26.169, 6.782 ], [ 26.362, 6.635 ], [ 26.309, 6.455 ], [ 26.514, 6.069 ], [ 26.726, 5.998 ], [ 27.083, 5.777 ], [ 27.213, 5.619 ], [ 27.257, 5.29 ], [ 27.332, 5.186 ] ], [ [ 42.923, 10.999 ], [ 43.246, 11.5 ] ], [ [ 42.923, 10.999 ], [ 42.783, 11.009 ], [ 42.558, 11.081 ], [ 42.308, 11.005 ], [ 41.957, 10.941 ], [ 41.798, 10.98 ], [ 41.767, 11.589 ], [ 41.816, 11.724 ], [ 41.996, 11.912 ], [ 42.378, 12.466 ] ], [ [ 29.403, -4.449 ], [ 29.326, -4.836 ], [ 29.343, -4.983 ], [ 29.594, -5.651 ], [ 29.596, -5.776 ], [ 29.48, -6.025 ], [ 29.541, -6.314 ], [ 29.71, -6.617 ], [ 30.106, -6.915 ], [ 30.313, -7.204 ], [ 30.407, -7.461 ], [ 30.721, -8.104 ], [ 30.751, -8.194 ] ], [ [ 42.378, 12.466 ], [ 42.479, 12.514 ], [ 42.67, 12.377 ], [ 42.767, 12.423 ], [ 42.883, 12.621 ], [ 43.117, 12.709 ] ], [ [ 13.815, 48.767 ], [ 14.049, 48.603 ], [ 14.368, 48.576 ], [ 14.489, 48.626 ], [ 14.691, 48.599 ], [ 14.822, 48.774 ], [ 14.923, 48.771 ], [ 14.972, 48.984 ], [ 15.311, 48.974 ], [ 15.701, 48.86 ], [ 15.825, 48.864 ], [ 16.057, 48.755 ], [ 16.367, 48.739 ], [ 16.478, 48.8 ], [ 16.884, 48.704 ], [ 16.953, 48.599 ] ], [ [ 42.359, 37.109 ], [ 42.456, 37.129 ], [ 42.775, 37.372 ], [ 42.937, 37.325 ], [ 43.092, 37.367 ], [ 43.516, 37.245 ], [ 43.836, 37.224 ], [ 44.013, 37.314 ], [ 44.208, 37.203 ], [ 44.202, 37.052 ], [ 44.282, 36.978 ], [ 44.606, 37.176 ], [ 44.765, 37.142 ] ], [ [ 16.093, 46.863 ], [ 16.253, 46.972 ], [ 16.453, 47.007 ], [ 16.493, 47.123 ], [ 16.417, 47.223 ], [ 16.434, 47.367 ], [ 16.623, 47.448 ], [ 16.64, 47.609 ], [ 16.432, 47.656 ], [ 16.551, 47.747 ], [ 16.748, 47.686 ], [ 17.067, 47.708 ], [ 17.03, 47.837 ], [ 17.147, 48.006 ] ], [ [ 7.021, 45.926 ], [ 7.129, 45.88 ], [ 7.539, 45.978 ], [ 7.788, 45.922 ], [ 7.993, 46.016 ], [ 8.125, 46.161 ], [ 8.082, 46.256 ], [ 8.371, 46.445 ], [ 8.458, 46.246 ], [ 8.954, 45.83 ], [ 9.047, 45.876 ], [ 9.022, 46.051 ], [ 9.251, 46.287 ], [ 9.26, 46.475 ], [ 9.428, 46.482 ], [ 9.481, 46.349 ], [ 9.639, 46.296 ], [ 9.939, 46.362 ], [ 10.041, 46.238 ], [ 10.145, 46.254 ], [ 10.038, 46.483 ], [ 10.087, 46.6 ], [ 10.431, 46.55 ], [ 10.398, 46.665 ], [ 10.453, 46.865 ] ], [ [ 10.453, 46.865 ], [ 10.349, 46.985 ], [ 10.18, 46.862 ], [ 9.997, 46.885 ], [ 9.845, 47.007 ], [ 9.58, 47.057 ] ], [ [ 44.765, 37.142 ], [ 44.794, 37.29 ], [ 44.574, 37.435 ], [ 44.561, 37.745 ], [ 44.211, 37.908 ], [ 44.329, 38.109 ], [ 44.431, 38.357 ], [ 44.291, 38.42 ], [ 44.272, 38.836 ], [ 44.145, 38.994 ], [ 44.178, 39.145 ], [ 44.079, 39.218 ], [ 44.023, 39.377 ], [ 44.389, 39.422 ], [ 44.456, 39.667 ], [ 44.587, 39.769 ], [ 44.817, 39.65 ] ], [ [ 23.485, 53.94 ], [ 23.454, 54.143 ], [ 23.016, 54.348 ], [ 22.766, 54.357 ] ], [ [ 30.751, -8.194 ], [ 30.831, -8.386 ], [ 30.968, -8.551 ], [ 31.076, -8.612 ], [ 31.351, -8.607 ], [ 31.535, -8.713 ], [ 31.556, -8.806 ], [ 31.674, -8.909 ], [ 31.919, -8.942 ], [ 31.943, -9.054 ], [ 32.13, -9.073 ], [ 32.221, -9.126 ], [ 32.433, -9.156 ], [ 32.487, -9.213 ], [ 32.92, -9.407 ] ], [ [ 7.197, 53.282 ], [ 7.19, 53.0 ], [ 7.013, 52.634 ], [ 6.748, 52.634 ], [ 6.749, 52.464 ], [ 7.035, 52.38 ], [ 6.977, 52.205 ], [ 6.749, 52.099 ], [ 6.742, 51.911 ], [ 6.356, 51.825 ], [ 6.167, 51.881 ], [ 5.949, 51.762 ], [ 6.193, 51.489 ], [ 6.076, 51.224 ], [ 6.13, 51.147 ], [ 5.895, 50.984 ], [ 6.048, 50.905 ], [ 5.994, 50.75 ] ], [ [ 9.58, 47.057 ], [ 9.528, 47.271 ] ], [ [ -8.486, 7.559 ], [ -8.43, 7.602 ], [ -8.232, 7.557 ], [ -8.115, 7.761 ], [ -8.127, 7.868 ], [ -8.01, 8.078 ], [ -8.017, 8.145 ], [ -8.256, 8.254 ], [ -8.237, 8.456 ], [ -8.049, 8.495 ], [ -7.824, 8.468 ], [ -7.681, 8.41 ], [ -7.691, 8.562 ], [ -7.784, 8.721 ], [ -7.951, 8.787 ], [ -7.938, 8.98 ], [ -7.778, 9.081 ], [ -7.918, 9.189 ], [ -7.896, 9.416 ], [ -8.031, 9.398 ], [ -8.137, 9.496 ], [ -8.137, 10.022 ], [ -7.991, 10.163 ] ], [ [ 7.493, 43.767 ], [ 7.482, 43.865 ], [ 7.652, 44.034 ], [ 7.637, 44.165 ], [ 7.371, 44.127 ], [ 6.967, 44.28 ], [ 6.843, 44.511 ], [ 7.031, 44.717 ], [ 6.993, 44.827 ], [ 6.738, 44.921 ], [ 6.628, 45.118 ], [ 6.842, 45.136 ], [ 7.078, 45.24 ], [ 7.153, 45.401 ], [ 7.014, 45.501 ], [ 6.804, 45.815 ], [ 7.021, 45.926 ] ], [ [ 28.966, 69.022 ], [ 28.566, 68.928 ], [ 28.752, 68.771 ], [ 28.471, 68.488 ], [ 28.685, 68.19 ], [ 29.344, 68.062 ], [ 29.979, 67.689 ], [ 29.941, 67.547 ], [ 29.572, 67.324 ], [ 29.087, 66.971 ], [ 29.093, 66.849 ], [ 29.464, 66.532 ], [ 29.671, 66.276 ], [ 29.903, 66.091 ], [ 30.095, 65.682 ], [ 29.716, 65.625 ], [ 29.728, 65.473 ], [ 29.63, 65.224 ], [ 29.811, 65.108 ], [ 29.604, 64.968 ], [ 29.783, 64.804 ], [ 30.073, 64.765 ], [ 30.12, 64.645 ], [ 29.986, 64.558 ], [ 30.108, 64.366 ], [ 30.488, 64.237 ], [ 30.504, 64.021 ], [ 30.055, 63.689 ], [ 30.419, 63.504 ], [ 31.181, 63.208 ], [ 31.509, 62.955 ], [ 31.534, 62.885 ], [ 31.286, 62.568 ], [ 30.936, 62.324 ], [ 30.566, 62.128 ], [ 29.69, 61.546 ], [ 29.252, 61.288 ], [ 28.407, 60.897 ], [ 27.798, 60.536 ], [ 27.731, 60.457 ] ], [ [ 30.87, 69.783 ], [ 30.922, 69.606 ], [ 30.615, 69.533 ], [ 30.228, 69.634 ], [ 29.994, 69.392 ], [ 29.388, 69.298 ], [ 29.21, 69.097 ], [ 28.966, 69.022 ] ], [ [ 55.186, 22.704 ], [ 55.2, 23.035 ], [ 55.509, 23.725 ], [ 55.532, 23.819 ], [ 55.468, 23.941 ], [ 55.548, 23.991 ], [ 55.985, 24.063 ], [ 55.929, 24.215 ], [ 55.761, 24.243 ], [ 55.806, 24.35 ], [ 55.768, 24.491 ], [ 55.804, 24.636 ], [ 55.796, 24.868 ], [ 55.916, 24.972 ], [ 56.064, 24.739 ], [ 56.268, 24.867 ], [ 56.388, 24.979 ] ], [ [ 48.573, 41.844 ], [ 48.391, 41.602 ], [ 48.056, 41.459 ], [ 47.861, 41.213 ], [ 47.521, 41.229 ], [ 47.261, 41.315 ], [ 47.205, 41.456 ], [ 47.01, 41.587 ], [ 46.749, 41.813 ], [ 46.552, 41.812 ], [ 46.43, 41.891 ] ], [ [ -54.616, 2.327 ], [ -54.722, 2.442 ], [ -54.852, 2.44 ], [ -55.006, 2.593 ], [ -55.344, 2.489 ], [ -55.385, 2.441 ], [ -55.731, 2.406 ], [ -55.936, 2.517 ], [ -56.129, 2.299 ], [ -55.915, 2.04 ], [ -55.93, 1.888 ], [ -56.02, 1.842 ], [ -56.483, 1.942 ] ], [ [ 46.43, 41.891 ], [ 46.182, 41.657 ], [ 46.305, 41.508 ], [ 46.619, 41.344 ], [ 46.626, 41.16 ], [ 46.458, 41.07 ], [ 46.171, 41.198 ], [ 46.031, 41.167 ], [ 45.793, 41.224 ], [ 45.716, 41.338 ], [ 45.281, 41.45 ], [ 45.001, 41.291 ] ], [ [ -11.389, 12.404 ], [ -11.449, 12.532 ], [ -11.39, 12.942 ], [ -11.549, 13.17 ], [ -11.635, 13.37 ], [ -11.895, 13.444 ], [ -12.054, 13.633 ], [ -11.961, 13.875 ], [ -12.02, 13.975 ], [ -12.019, 14.206 ], [ -12.228, 14.459 ], [ -12.187, 14.648 ], [ -12.281, 14.809 ] ], [ [ -54.616, 2.327 ], [ -54.515, 2.245 ], [ -54.293, 2.154 ], [ -54.13, 2.121 ], [ -53.768, 2.355 ], [ -53.735, 2.309 ], [ -53.509, 2.253 ], [ -53.334, 2.34 ], [ -53.23, 2.205 ], [ -52.965, 2.184 ], [ -52.701, 2.364 ], [ -52.559, 2.573 ], [ -52.555, 2.648 ], [ -52.357, 3.052 ], [ -52.328, 3.182 ], [ -52.163, 3.365 ], [ -51.991, 3.702 ], [ -51.828, 3.87 ], [ -51.767, 3.993 ], [ -51.653, 4.061 ] ], [ [ 2.706, 6.369 ], [ 2.775, 6.712 ], [ 2.721, 6.98 ], [ 2.757, 7.068 ], [ 2.751, 7.395 ], [ 2.785, 7.477 ], [ 2.719, 7.616 ], [ 2.686, 7.874 ], [ 2.724, 8.442 ], [ 2.733, 8.783 ], [ 2.775, 9.049 ], [ 3.045, 9.084 ], [ 3.148, 9.321 ], [ 3.136, 9.452 ], [ 3.33, 9.667 ], [ 3.325, 9.778 ], [ 3.557, 9.907 ], [ 3.646, 10.16 ], [ 3.577, 10.268 ], [ 3.68, 10.428 ], [ 3.784, 10.436 ], [ 3.834, 10.607 ], [ 3.757, 10.769 ], [ 3.716, 11.08 ], [ 3.488, 11.395 ], [ 3.491, 11.499 ], [ 3.595, 11.696 ] ], [ [ 13.073, -4.635 ], [ 12.881, -4.445 ], [ 12.798, -4.431 ], [ 12.642, -4.531 ], [ 12.385, -4.619 ], [ 12.308, -4.766 ], [ 12.204, -4.779 ], [ 12.018, -5.004 ] ], [ [ 16.516, 46.5 ], [ 16.321, 46.535 ], [ 16.227, 46.373 ], [ 15.636, 46.201 ], [ 15.666, 46.049 ], [ 15.625, 45.834 ], [ 15.277, 45.733 ], [ 15.339, 45.467 ], [ 15.11, 45.451 ], [ 14.734, 45.508 ], [ 14.534, 45.645 ], [ 14.37, 45.481 ], [ 14.086, 45.478 ], [ 13.879, 45.428 ], [ 13.578, 45.517 ] ], [ [ 18.905, 45.932 ], [ 18.666, 45.907 ], [ 18.437, 45.767 ], [ 17.964, 45.77 ], [ 17.706, 45.827 ], [ 17.607, 45.914 ], [ 17.311, 45.996 ], [ 17.033, 46.187 ], [ 16.748, 46.416 ], [ 16.516, 46.5 ] ], [ [ 20.242, 46.109 ], [ 20.161, 46.142 ], [ 19.531, 46.155 ], [ 19.393, 46.05 ], [ 19.208, 45.984 ], [ 19.087, 46.016 ], [ 18.905, 45.932 ] ], [ [ 16.516, 46.5 ], [ 16.381, 46.639 ], [ 16.284, 46.857 ], [ 16.093, 46.863 ] ], [ [ 51.268, 24.607 ], [ 50.966, 24.574 ], [ 50.804, 24.789 ] ], [ [ 25.259, -17.794 ], [ 25.224, -17.915 ], [ 25.384, -18.142 ], [ 25.489, -18.351 ], [ 25.761, -18.649 ], [ 25.812, -18.797 ], [ 25.939, -18.939 ], [ 25.951, -19.082 ], [ 26.168, -19.538 ], [ 26.241, -19.569 ], [ 26.678, -19.893 ], [ 27.092, -20.054 ], [ 27.222, -20.146 ], [ 27.281, -20.479 ], [ 27.625, -20.484 ], [ 27.7, -20.531 ], [ 27.704, -20.766 ], [ 27.669, -21.064 ], [ 27.844, -21.261 ], [ 27.975, -21.507 ], [ 28.046, -21.573 ], [ 28.532, -21.651 ], [ 29.037, -21.811 ], [ 29.016, -21.94 ], [ 29.107, -22.066 ], [ 29.237, -22.079 ], [ 29.365, -22.194 ] ], [ [ 77.799, 35.496 ], [ 77.447, 35.476 ], [ 77.09, 35.552 ], [ 76.767, 35.662 ] ], [ [ 28.014, 41.969 ], [ 27.879, 41.987 ], [ 27.535, 41.921 ], [ 27.295, 42.08 ], [ 27.012, 42.059 ], [ 26.885, 41.992 ], [ 26.615, 41.965 ], [ 26.511, 41.826 ], [ 26.36, 41.802 ], [ 26.321, 41.717 ] ], [ [ 102.934, 11.707 ], [ 102.737, 12.09 ], [ 102.706, 12.256 ], [ 102.756, 12.426 ], [ 102.5, 12.67 ], [ 102.462, 13.015 ], [ 102.331, 13.288 ], [ 102.32, 13.54 ], [ 102.547, 13.586 ], [ 102.545, 13.66 ], [ 102.729, 13.842 ], [ 102.909, 14.137 ], [ 103.031, 14.253 ], [ 103.199, 14.333 ], [ 103.6, 14.421 ], [ 103.818, 14.362 ], [ 104.054, 14.363 ], [ 104.228, 14.396 ], [ 104.412, 14.37 ], [ 104.779, 14.428 ], [ 104.97, 14.366 ], [ 105.074, 14.227 ], [ 105.183, 14.346 ] ], [ [ 88.891, 27.316 ], [ 88.739, 27.176 ], [ 88.858, 26.961 ], [ 89.148, 26.816 ], [ 89.332, 26.849 ], [ 89.764, 26.702 ], [ 90.123, 26.755 ], [ 90.206, 26.848 ], [ 90.346, 26.89 ], [ 90.56, 26.797 ], [ 90.74, 26.772 ], [ 91.134, 26.803 ], [ 91.287, 26.79 ], [ 91.427, 26.867 ], [ 91.518, 26.807 ], [ 91.672, 26.802 ], [ 91.998, 26.855 ], [ 92.073, 26.915 ], [ 91.992, 27.1 ], [ 92.083, 27.291 ], [ 91.991, 27.45 ], [ 91.743, 27.443 ], [ 91.595, 27.558 ], [ 91.632, 27.76 ] ], [ [ 104.067, 1.278 ], [ 104.056, 1.402 ], [ 103.822, 1.46 ], [ 103.702, 1.437 ], [ 103.589, 1.262 ], [ 103.599, 1.206 ] ], [ [ 100.119, 6.442 ], [ 100.177, 6.672 ], [ 100.261, 6.683 ], [ 100.345, 6.55 ], [ 100.63, 6.448 ], [ 100.794, 6.426 ], [ 100.874, 6.245 ], [ 101.054, 6.243 ], [ 101.076, 5.956 ], [ 100.982, 5.771 ], [ 101.114, 5.637 ], [ 101.257, 5.789 ], [ 101.556, 5.908 ], [ 101.65, 5.796 ], [ 101.791, 5.779 ], [ 101.874, 5.825 ], [ 101.936, 5.979 ], [ 102.055, 6.097 ], [ 102.101, 6.242 ] ], [ [ 5.994, 50.75 ], [ 6.236, 50.597 ], [ 6.365, 50.316 ], [ 6.175, 50.233 ], [ 6.117, 50.121 ] ], [ [ -71.779, 19.718 ], [ -71.707, 19.422 ], [ -71.746, 19.286 ], [ -71.657, 19.131 ], [ -71.807, 18.987 ], [ -71.734, 18.856 ], [ -71.743, 18.733 ], [ -71.866, 18.614 ], [ -72.0, 18.598 ], [ -71.873, 18.416 ], [ -71.762, 18.341 ], [ -71.768, 18.039 ] ], [ [ 14.064, 13.079 ], [ 13.606, 13.705 ] ], [ [ 46.531, 29.096 ], [ 46.769, 29.347 ], [ 46.906, 29.538 ], [ 47.114, 29.961 ], [ 47.331, 30.08 ], [ 47.673, 30.096 ], [ 47.979, 29.983 ] ], [ [ 88.11, 27.871 ], [ 88.109, 27.933 ], [ 88.426, 28.012 ], [ 88.621, 28.092 ], [ 88.804, 28.007 ], [ 88.849, 27.869 ], [ 88.749, 27.522 ], [ 88.765, 27.43 ], [ 88.891, 27.316 ] ], [ [ -90.095, 13.737 ], [ -90.105, 13.835 ], [ -89.873, 14.046 ], [ -89.749, 14.077 ], [ -89.671, 14.183 ], [ -89.547, 14.241 ], [ -89.541, 14.41 ], [ -89.363, 14.416 ] ], [ [ 124.036, -9.342 ], [ 124.09, -9.416 ], [ 124.282, -9.428 ], [ 124.413, -9.314 ], [ 124.444, -9.19 ] ], [ [ 124.922, -8.943 ], [ 124.973, -9.064 ], [ 125.1, -9.004 ], [ 125.149, -9.123 ], [ 124.978, -9.195 ], [ 124.968, -9.294 ], [ 125.068, -9.512 ] ], [ [ 115.14, 4.9 ], [ 115.267, 4.634 ], [ 115.279, 4.456 ], [ 115.247, 4.347 ], [ 115.107, 4.39 ], [ 115.027, 4.691 ], [ 115.027, 4.9 ] ], [ [ 109.629, 2.028 ], [ 109.539, 1.896 ], [ 109.636, 1.777 ], [ 109.654, 1.615 ], [ 109.818, 1.439 ], [ 110.115, 1.19 ], [ 110.315, 0.996 ], [ 110.506, 0.862 ], [ 110.615, 0.878 ], [ 110.938, 1.017 ], [ 111.101, 1.051 ], [ 111.287, 1.043 ], [ 111.483, 0.996 ], [ 111.607, 1.023 ], [ 111.77, 0.999 ], [ 111.923, 1.113 ], [ 112.078, 1.143 ], [ 112.186, 1.439 ], [ 112.476, 1.559 ], [ 112.943, 1.567 ], [ 113.007, 1.434 ], [ 113.359, 1.327 ], [ 113.513, 1.308 ], [ 113.622, 1.236 ], [ 113.902, 1.434 ], [ 114.387, 1.5 ], [ 114.546, 1.467 ], [ 114.661, 1.686 ], [ 114.704, 1.851 ], [ 114.831, 1.98 ], [ 114.759, 2.162 ], [ 114.786, 2.251 ], [ 114.969, 2.351 ], [ 115.179, 2.523 ], [ 115.081, 2.634 ], [ 115.086, 2.841 ], [ 115.247, 3.026 ], [ 115.454, 3.034 ], [ 115.52, 3.362 ], [ 115.566, 3.446 ], [ 115.545, 3.634 ], [ 115.568, 3.939 ], [ 115.679, 4.193 ], [ 115.896, 4.349 ], [ 116.022, 4.291 ], [ 116.134, 4.355 ], [ 116.32, 4.354 ], [ 116.415, 4.308 ], [ 116.515, 4.371 ], [ 117.101, 4.337 ], [ 117.278, 4.299 ], [ 117.451, 4.193 ], [ 117.745, 4.167 ], [ 117.885, 4.186 ] ], [ [ 10.453, 46.865 ], [ 10.689, 46.846 ], [ 10.76, 46.793 ], [ 11.025, 46.797 ], [ 11.134, 46.936 ], [ 11.244, 46.976 ], [ 11.776, 46.986 ], [ 12.169, 47.082 ], [ 12.154, 46.935 ], [ 12.388, 46.703 ], [ 12.479, 46.673 ], [ 13.169, 46.573 ], [ 13.7, 46.52 ] ], [ [ 13.7, 46.52 ], [ 13.68, 46.463 ], [ 13.4, 46.318 ], [ 13.4, 46.225 ], [ 13.632, 46.177 ], [ 13.486, 46.04 ], [ 13.614, 45.962 ], [ 13.57, 45.834 ], [ 13.831, 45.68 ], [ 13.72, 45.588 ] ], [ [ 29.014, -2.72 ], [ 29.063, -2.603 ], [ 29.297, -2.673 ], [ 29.39, -2.809 ], [ 29.698, -2.795 ], [ 29.868, -2.716 ], [ 29.93, -2.34 ], [ 30.142, -2.414 ], [ 30.234, -2.347 ], [ 30.409, -2.313 ], [ 30.554, -2.4 ] ], [ [ 92.575, 21.978 ], [ 92.593, 21.467 ], [ 92.539, 21.32 ], [ 92.331, 21.44 ], [ 92.18, 21.293 ], [ 92.264, 21.061 ], [ 92.324, 20.792 ] ], [ [ 1.428, 42.596 ], [ 1.349, 42.691 ], [ 0.697, 42.845 ], [ 0.632, 42.69 ], [ -0.041, 42.689 ], [ -0.299, 42.825 ], [ -0.586, 42.799 ], [ -0.763, 42.94 ], [ -0.934, 42.949 ], [ -1.285, 43.06 ], [ -1.429, 43.037 ], [ -1.411, 43.24 ], [ -1.753, 43.325 ], [ -1.794, 43.407 ] ], [ [ 1.428, 42.596 ], [ 1.501, 42.643 ], [ 1.71, 42.604 ], [ 1.706, 42.503 ] ], [ [ 1.706, 42.503 ], [ 2.033, 42.354 ], [ 2.2, 42.421 ], [ 2.568, 42.346 ], [ 2.97, 42.467 ], [ 3.211, 42.431 ] ], [ [ 1.428, 42.596 ], [ 1.486, 42.434 ], [ 1.706, 42.503 ] ], [ [ 74.891, 37.232 ], [ 75.119, 37.386 ], [ 75.098, 37.451 ], [ 74.894, 37.601 ], [ 74.938, 37.773 ], [ 74.79, 38.104 ], [ 74.772, 38.275 ], [ 74.836, 38.404 ], [ 74.745, 38.51 ], [ 74.277, 38.66 ], [ 74.131, 38.661 ], [ 74.026, 38.54 ], [ 73.802, 38.607 ], [ 73.696, 38.854 ], [ 73.796, 39.002 ], [ 73.607, 39.229 ], [ 73.632, 39.449 ] ], [ [ 74.891, 37.232 ], [ 74.727, 37.291 ], [ 74.372, 37.158 ], [ 74.541, 37.022 ] ], [ [ 20.964, 40.85 ], [ 21.576, 40.869 ], [ 21.779, 40.95 ], [ 21.929, 41.107 ], [ 22.238, 41.155 ], [ 22.494, 41.119 ], [ 22.725, 41.179 ], [ 22.755, 41.313 ], [ 22.916, 41.336 ] ], [ [ 21.561, 42.248 ], [ 21.39, 42.22 ], [ 21.256, 42.099 ], [ 21.06, 42.171 ], [ 20.778, 42.071 ], [ 20.744, 41.904 ], [ 20.566, 41.874 ] ], [ [ 22.344, 42.314 ], [ 22.24, 42.358 ], [ 22.052, 42.305 ], [ 21.904, 42.322 ], [ 21.739, 42.268 ], [ 21.618, 42.242 ], [ 21.561, 42.248 ] ], [ [ 22.344, 42.314 ], [ 22.524, 42.441 ], [ 22.436, 42.629 ], [ 22.467, 42.843 ], [ 22.706, 42.884 ], [ 22.942, 43.097 ], [ 22.977, 43.188 ], [ 22.768, 43.354 ], [ 22.555, 43.455 ], [ 22.395, 43.707 ], [ 22.365, 43.862 ], [ 22.421, 44.007 ], [ 22.597, 44.075 ], [ 22.705, 44.238 ] ], [ [ 22.916, 41.336 ], [ 22.951, 41.606 ], [ 23.006, 41.717 ], [ 22.837, 41.994 ], [ 22.583, 42.105 ], [ 22.344, 42.314 ] ], [ [ 18.436, 42.56 ], [ 18.517, 42.433 ] ], [ [ 18.436, 42.56 ], [ 18.304, 42.599 ], [ 17.841, 42.845 ], [ 17.668, 42.897 ] ], [ [ 78.917, 33.387 ], [ 79.117, 33.225 ] ], [ [ 20.344, 42.828 ], [ 20.624, 43.034 ], [ 20.623, 43.199 ], [ 20.763, 43.259 ], [ 20.844, 43.173 ], [ 21.057, 43.092 ], [ 21.237, 42.913 ], [ 21.403, 42.832 ], [ 21.391, 42.751 ], [ 21.753, 42.67 ], [ 21.61, 42.387 ], [ 21.519, 42.328 ], [ 21.542, 42.281 ], [ 21.563, 42.246 ] ], [ [ 20.344, 42.828 ], [ 20.03, 42.732 ], [ 20.064, 42.547 ] ], [ [ 19.194, 43.533 ], [ 19.219, 43.45 ], [ 19.415, 43.343 ], [ 19.552, 43.212 ], [ 19.781, 43.11 ], [ 19.944, 43.082 ], [ 20.34, 42.893 ], [ 20.344, 42.828 ] ], [ [ -89.363, 14.416 ], [ -89.057, 14.329 ], [ -88.846, 14.125 ], [ -88.666, 14.016 ], [ -88.513, 13.979 ], [ -88.449, 13.851 ], [ -88.151, 13.987 ], [ -87.991, 13.88 ], [ -87.802, 13.89 ], [ -87.715, 13.813 ], [ -87.814, 13.399 ] ], [ [ -87.337, 12.979 ], [ -87.059, 12.991 ], [ -86.959, 13.054 ], [ -86.918, 13.224 ], [ -86.711, 13.313 ], [ -86.771, 13.699 ], [ -86.734, 13.763 ], [ -86.332, 13.77 ], [ -86.151, 13.995 ], [ -86.04, 14.05 ], [ -85.984, 13.966 ], [ -85.787, 13.844 ], [ -85.682, 13.983 ], [ -85.477, 14.109 ], [ -85.374, 14.224 ], [ -85.179, 14.343 ], [ -85.161, 14.525 ], [ -85.037, 14.608 ], [ -84.985, 14.752 ], [ -84.789, 14.79 ], [ -84.646, 14.661 ], [ -84.538, 14.633 ], [ -84.394, 14.692 ], [ -84.114, 14.731 ], [ -84.066, 14.786 ], [ -83.867, 14.794 ], [ -83.59, 14.908 ], [ -83.415, 15.008 ], [ -83.158, 14.993 ] ], [ [ -75.284, -0.107 ], [ -75.464, -0.038 ], [ -75.617, 0.063 ], [ -75.777, 0.089 ], [ -75.88, 0.151 ], [ -76.068, 0.346 ], [ -76.311, 0.449 ], [ -76.413, 0.379 ], [ -76.495, 0.235 ], [ -76.729, 0.272 ], [ -76.92, 0.269 ], [ -77.114, 0.355 ], [ -77.293, 0.36 ], [ -77.423, 0.425 ], [ -77.468, 0.636 ], [ -77.649, 0.724 ], [ -77.703, 0.838 ], [ -77.83, 0.825 ], [ -78.037, 0.899 ], [ -78.312, 1.046 ], [ -78.512, 1.199 ], [ -78.682, 1.283 ], [ -78.86, 1.455 ] ], [ [ -57.595, 3.368 ], [ -57.649, 3.517 ], [ -57.833, 3.676 ], [ -57.908, 3.857 ], [ -58.032, 4.002 ], [ -58.055, 4.172 ], [ -57.95, 4.35 ], [ -57.846, 4.668 ], [ -57.917, 4.82 ], [ -57.845, 4.923 ], [ -57.711, 4.991 ], [ -57.331, 5.02 ], [ -57.207, 5.214 ], [ -57.319, 5.335 ], [ -57.195, 5.548 ] ], [ [ -54.082, 3.327 ], [ -54.01, 3.449 ], [ -53.99, 3.59 ], [ -54.113, 3.769 ], [ -54.256, 3.901 ], [ -54.351, 4.054 ], [ -54.45, 4.485 ], [ -54.426, 4.583 ], [ -54.471, 4.749 ], [ -54.452, 5.013 ], [ -54.332, 5.187 ], [ -54.156, 5.359 ] ], [ [ -58.415, -33.944 ], [ -58.48, -33.748 ], [ -58.464, -33.513 ], [ -58.359, -33.119 ], [ -58.242, -33.105 ], [ -58.135, -32.976 ], [ -58.201, -32.472 ] ], [ [ -57.609, -30.188 ], [ -57.713, -30.384 ], [ -57.873, -30.591 ], [ -57.811, -30.859 ], [ -57.898, -30.975 ], [ -57.893, -31.195 ], [ -58.033, -31.417 ], [ -57.988, -31.576 ], [ -58.042, -31.769 ], [ -58.189, -31.924 ], [ -58.123, -32.322 ], [ -58.201, -32.472 ] ], [ [ -54.616, -25.576 ], [ -54.444, -25.625 ], [ -54.155, -25.523 ], [ -53.891, -25.669 ], [ -53.823, -25.96 ], [ -53.671, -26.225 ], [ -53.711, -26.352 ], [ -53.753, -26.749 ], [ -53.717, -26.883 ], [ -53.838, -27.121 ], [ -54.04, -27.244 ], [ -54.205, -27.29 ], [ -54.327, -27.423 ], [ -54.555, -27.454 ], [ -54.72, -27.545 ], [ -54.829, -27.551 ], [ -54.91, -27.709 ], [ -55.04, -27.768 ], [ -55.102, -27.867 ], [ -55.347, -27.956 ], [ -55.477, -28.089 ], [ -55.726, -28.204 ], [ -55.687, -28.382 ], [ -55.859, -28.354 ], [ -56.103, -28.652 ], [ -56.226, -28.737 ], [ -56.393, -28.997 ], [ -56.571, -29.138 ], [ -56.772, -29.418 ], [ -56.939, -29.595 ], [ -57.225, -29.782 ], [ -57.405, -30.034 ], [ -57.609, -30.188 ] ], [ [ 20.622, 69.037 ], [ 21.465, 68.691 ], [ 21.997, 68.521 ], [ 22.782, 68.391 ], [ 23.098, 68.258 ], [ 23.639, 67.954 ], [ 23.502, 67.875 ], [ 23.537, 67.59 ], [ 23.468, 67.45 ], [ 23.734, 67.423 ], [ 23.775, 67.329 ], [ 23.623, 67.184 ], [ 23.677, 67.068 ], [ 23.989, 66.811 ], [ 23.865, 66.577 ], [ 23.701, 66.481 ], [ 23.751, 66.191 ], [ 23.907, 66.148 ], [ 24.156, 65.805 ], [ 24.188, 65.607 ], [ 24.116, 65.505 ] ], [ [ 4.226, 51.386 ], [ 4.173, 51.307 ], [ 3.902, 51.208 ], [ 3.58, 51.286 ], [ 3.472, 51.242 ], [ 3.35, 51.378 ] ], [ [ 5.994, 50.75 ], [ 5.694, 50.775 ], [ 5.827, 51.126 ], [ 5.509, 51.275 ], [ 5.311, 51.26 ], [ 5.1, 51.346 ], [ 5.059, 51.453 ], [ 4.848, 51.403 ], [ 4.503, 51.475 ], [ 4.226, 51.386 ] ], [ [ 6.344, 49.453 ], [ 6.458, 49.443 ], [ 6.735, 49.161 ], [ 6.891, 49.208 ], [ 7.022, 49.123 ], [ 7.451, 49.152 ], [ 7.611, 49.062 ], [ 8.135, 48.974 ], [ 8.14, 48.886 ], [ 7.838, 48.636 ], [ 7.706, 48.28 ], [ 7.584, 48.064 ], [ 7.593, 47.906 ], [ 7.529, 47.674 ], [ 7.616, 47.593 ] ], [ [ 9.524, 47.524 ], [ 9.183, 47.671 ], [ 8.881, 47.656 ], [ 8.618, 47.766 ], [ 8.403, 47.688 ], [ 8.415, 47.59 ], [ 8.198, 47.607 ], [ 7.927, 47.564 ], [ 7.616, 47.593 ] ], [ [ 9.528, 47.271 ], [ 9.626, 47.467 ], [ 9.524, 47.524 ] ], [ [ 9.58, 47.057 ], [ 9.488, 47.062 ], [ 9.528, 47.271 ] ], [ [ 7.021, 45.926 ], [ 6.772, 46.165 ], [ 6.817, 46.275 ], [ 6.758, 46.416 ], [ 6.429, 46.43 ], [ 6.235, 46.333 ], [ 6.273, 46.252 ], [ 6.087, 46.147 ], [ 6.06, 46.428 ], [ 6.161, 46.611 ], [ 6.41, 46.755 ], [ 6.456, 46.948 ], [ 6.625, 47.004 ], [ 7.001, 47.323 ], [ 6.9, 47.394 ], [ 7.053, 47.489 ], [ 7.203, 47.433 ], [ 7.42, 47.455 ], [ 7.616, 47.593 ] ], [ [ -7.406, 37.179 ], [ -7.503, 37.586 ], [ -7.444, 37.728 ], [ -7.185, 38.006 ], [ -7.023, 38.045 ], [ -7.106, 38.181 ], [ -7.343, 38.457 ], [ -7.282, 38.715 ], [ -7.046, 38.907 ], [ -6.998, 39.056 ], [ -7.172, 39.135 ], [ -7.306, 39.338 ], [ -7.335, 39.465 ], [ -7.445, 39.536 ], [ -7.454, 39.681 ], [ -7.118, 39.682 ], [ -7.037, 39.714 ], [ -6.896, 40.022 ], [ -7.015, 40.208 ], [ -6.81, 40.343 ], [ -6.848, 40.411 ], [ -6.818, 40.654 ], [ -6.858, 40.878 ], [ -6.928, 41.009 ], [ -6.69, 41.214 ], [ -6.403, 41.375 ], [ -6.213, 41.532 ], [ -6.392, 41.665 ], [ -6.542, 41.672 ], [ -6.558, 41.874 ], [ -6.618, 41.942 ], [ -7.03, 41.951 ], [ -7.404, 41.834 ], [ -7.693, 41.888 ], [ -7.921, 41.884 ], [ -8.152, 41.812 ], [ -8.225, 41.896 ], [ -8.13, 42.018 ], [ -8.213, 42.134 ], [ -8.538, 42.069 ], [ -8.777, 41.941 ] ], [ [ 13.815, 48.767 ], [ 13.785, 48.587 ], [ 13.675, 48.523 ], [ 13.487, 48.582 ], [ 13.409, 48.394 ], [ 12.814, 48.161 ], [ 12.76, 48.076 ], [ 12.954, 47.891 ], [ 12.898, 47.722 ], [ 13.034, 47.699 ], [ 13.014, 47.478 ], [ 12.783, 47.564 ], [ 12.686, 47.669 ], [ 12.483, 47.637 ], [ 12.197, 47.709 ], [ 12.186, 47.62 ], [ 11.717, 47.583 ], [ 11.393, 47.487 ], [ 11.298, 47.425 ], [ 10.981, 47.398 ], [ 10.873, 47.52 ], [ 10.43, 47.541 ], [ 10.313, 47.313 ], [ 10.096, 47.38 ], [ 10.034, 47.474 ], [ 9.749, 47.576 ], [ 9.524, 47.524 ] ], [ [ 16.093, 46.863 ], [ 15.977, 46.801 ], [ 15.958, 46.678 ], [ 15.767, 46.711 ], [ 15.439, 46.63 ], [ 15.001, 46.626 ], [ 14.757, 46.499 ], [ 14.504, 46.417 ], [ 13.7, 46.52 ] ], [ [ 18.436, 42.56 ], [ 18.543, 42.674 ], [ 18.466, 42.777 ], [ 18.444, 42.968 ], [ 18.624, 43.028 ], [ 18.674, 43.231 ], [ 18.851, 43.346 ], [ 19.037, 43.357 ], [ 18.94, 43.497 ], [ 19.194, 43.533 ] ], [ [ 19.194, 43.533 ], [ 19.451, 43.562 ], [ 19.488, 43.704 ], [ 19.245, 43.965 ], [ 19.55, 43.987 ], [ 19.584, 44.043 ], [ 19.339, 44.226 ], [ 19.152, 44.303 ], [ 19.151, 44.527 ], [ 19.292, 44.697 ], [ 19.357, 44.859 ], [ 19.237, 44.914 ], [ 19.007, 44.869 ], [ 18.836, 44.883 ], [ 18.663, 45.077 ], [ 18.285, 45.134 ], [ 17.996, 45.142 ], [ 17.813, 45.078 ], [ 17.69, 45.158 ], [ 17.546, 45.123 ], [ 17.125, 45.172 ], [ 16.919, 45.277 ], [ 16.791, 45.197 ], [ 16.531, 45.217 ], [ 16.293, 45.009 ], [ 16.028, 45.19 ], [ 15.788, 45.179 ], [ 15.737, 44.766 ], [ 16.13, 44.474 ], [ 16.214, 44.215 ], [ 16.59, 43.913 ], [ 16.713, 43.779 ], [ 17.085, 43.517 ], [ 17.274, 43.446 ], [ 17.293, 43.306 ], [ 17.625, 43.043 ], [ 17.585, 42.938 ] ], [ [ 19.007, 44.869 ], [ 19.1, 44.974 ], [ 19.063, 45.137 ], [ 19.388, 45.173 ], [ 19.33, 45.268 ], [ 19.005, 45.4 ], [ 19.055, 45.527 ], [ 18.839, 45.836 ], [ 18.905, 45.932 ] ], [ [ 16.953, 48.599 ], [ 17.063, 48.781 ], [ 17.188, 48.861 ], [ 17.483, 48.828 ], [ 17.759, 48.888 ], [ 18.086, 49.065 ], [ 18.161, 49.257 ], [ 18.365, 49.336 ], [ 18.597, 49.491 ], [ 18.832, 49.511 ] ], [ [ 17.147, 48.006 ], [ 16.973, 48.198 ], [ 16.865, 48.387 ], [ 16.953, 48.599 ] ], [ [ 17.147, 48.006 ], [ 17.317, 47.991 ], [ 17.635, 47.81 ], [ 17.762, 47.77 ], [ 18.146, 47.763 ], [ 18.724, 47.787 ], [ 18.792, 48.0 ], [ 18.914, 48.051 ], [ 19.467, 48.111 ], [ 19.625, 48.223 ], [ 19.899, 48.131 ], [ 20.334, 48.296 ], [ 20.49, 48.527 ], [ 20.867, 48.546 ], [ 21.067, 48.506 ], [ 21.451, 48.552 ], [ 21.767, 48.338 ], [ 22.132, 48.405 ] ], [ [ 14.809, 50.859 ], [ 14.964, 51.095 ], [ 15.017, 51.253 ], [ 14.906, 51.463 ], [ 14.725, 51.524 ], [ 14.739, 51.627 ], [ 14.602, 51.832 ], [ 14.753, 52.082 ], [ 14.705, 52.207 ], [ 14.555, 52.36 ], [ 14.619, 52.528 ], [ 14.514, 52.646 ], [ 14.129, 52.878 ], [ 14.369, 53.106 ], [ 14.415, 53.284 ], [ 14.299, 53.556 ], [ 14.211, 53.95 ] ], [ [ 22.877, 47.947 ], [ 22.769, 48.11 ], [ 22.582, 48.134 ], [ 22.35, 48.256 ], [ 22.254, 48.407 ], [ 22.132, 48.405 ] ], [ [ 28.585, 43.742 ], [ 28.423, 43.74 ], [ 28.05, 43.822 ], [ 27.884, 43.987 ], [ 27.425, 44.021 ], [ 27.087, 44.167 ], [ 26.489, 44.084 ], [ 26.216, 44.007 ], [ 25.933, 43.871 ], [ 25.819, 43.767 ], [ 25.497, 43.671 ], [ 25.16, 43.686 ], [ 24.431, 43.794 ], [ 24.227, 43.763 ], [ 23.535, 43.854 ], [ 23.225, 43.874 ], [ 22.919, 43.834 ], [ 22.868, 43.948 ], [ 23.028, 44.078 ], [ 22.705, 44.238 ] ], [ [ 20.242, 46.109 ], [ 20.359, 45.975 ], [ 20.775, 45.75 ], [ 20.774, 45.484 ], [ 20.942, 45.365 ], [ 21.226, 45.241 ], [ 21.431, 45.193 ], [ 21.492, 45.122 ], [ 21.357, 44.991 ], [ 21.533, 44.919 ], [ 21.36, 44.827 ] ], [ [ 22.916, 41.336 ], [ 23.156, 41.322 ], [ 23.24, 41.385 ], [ 23.635, 41.387 ], [ 24.056, 41.527 ], [ 24.387, 41.524 ], [ 24.518, 41.553 ], [ 24.596, 41.443 ], [ 24.774, 41.356 ], [ 24.847, 41.394 ], [ 25.133, 41.316 ], [ 25.251, 41.244 ], [ 25.785, 41.33 ], [ 25.923, 41.312 ], [ 26.135, 41.386 ], [ 26.144, 41.522 ], [ 26.066, 41.673 ], [ 26.201, 41.744 ], [ 26.321, 41.717 ], [ 26.581, 41.601 ], [ 26.625, 41.402 ], [ 26.331, 41.239 ], [ 26.331, 40.955 ], [ 26.039, 40.727 ] ], [ [ 20.064, 42.547 ], [ 19.788, 42.476 ], [ 19.654, 42.629 ], [ 19.281, 42.173 ], [ 19.361, 42.069 ], [ 19.342, 41.869 ] ], [ [ 26.619, 48.26 ], [ 26.787, 48.256 ], [ 26.981, 48.155 ], [ 27.152, 47.959 ], [ 27.337, 47.64 ], [ 27.854, 47.114 ], [ 28.072, 46.978 ], [ 28.239, 46.641 ], [ 28.244, 46.451 ], [ 28.119, 46.139 ], [ 28.1, 45.973 ], [ 28.16, 45.647 ], [ 28.075, 45.599 ], [ 28.212, 45.45 ] ], [ [ 22.877, 47.947 ], [ 23.203, 48.085 ], [ 23.408, 47.99 ], [ 23.629, 47.996 ], [ 24.178, 47.906 ], [ 24.579, 47.931 ], [ 24.893, 47.718 ], [ 25.074, 47.746 ], [ 25.17, 47.823 ], [ 25.464, 47.911 ], [ 26.163, 47.993 ], [ 26.306, 48.204 ], [ 26.619, 48.26 ] ], [ [ 22.539, 49.073 ], [ 22.81, 49.021 ], [ 22.706, 49.171 ], [ 22.732, 49.295 ], [ 22.649, 49.539 ], [ 23.036, 49.899 ], [ 23.712, 50.377 ], [ 23.973, 50.41 ], [ 24.095, 50.617 ], [ 23.978, 50.786 ], [ 24.106, 50.845 ], [ 23.938, 50.993 ], [ 23.863, 51.126 ], [ 23.664, 51.31 ], [ 23.605, 51.518 ] ], [ [ 20.9, 55.287 ], [ 21.389, 55.276 ], [ 21.555, 55.195 ], [ 22.072, 55.064 ], [ 22.567, 55.059 ], [ 22.831, 54.838 ], [ 22.68, 54.493 ], [ 22.766, 54.357 ] ], [ [ 31.763, 52.101 ], [ 31.577, 52.312 ], [ 31.586, 52.532 ], [ 31.535, 52.798 ], [ 31.259, 53.017 ], [ 31.418, 53.196 ], [ 31.668, 53.201 ], [ 31.85, 53.106 ], [ 32.142, 53.091 ], [ 32.704, 53.336 ], [ 32.686, 53.448 ], [ 32.47, 53.547 ], [ 32.45, 53.693 ], [ 32.2, 53.781 ], [ 31.754, 53.81 ], [ 31.838, 54.001 ], [ 31.792, 54.056 ], [ 31.404, 54.196 ], [ 31.185, 54.453 ], [ 31.075, 54.492 ], [ 31.121, 54.648 ], [ 30.799, 54.783 ], [ 30.83, 54.915 ], [ 30.978, 55.05 ], [ 30.814, 55.279 ], [ 30.901, 55.397 ], [ 30.907, 55.57 ], [ 30.626, 55.666 ], [ 30.456, 55.787 ], [ 30.234, 55.845 ], [ 29.937, 55.845 ], [ 29.482, 55.685 ], [ 29.353, 55.784 ], [ 29.375, 55.939 ], [ 29.087, 56.021 ], [ 28.795, 55.943 ], [ 28.564, 56.092 ], [ 28.284, 56.056 ], [ 28.148, 56.143 ] ], [ [ 31.763, 52.101 ], [ 31.974, 52.047 ], [ 32.283, 52.114 ], [ 32.363, 52.272 ], [ 32.508, 52.309 ], [ 32.9, 52.256 ], [ 33.148, 52.34 ], [ 33.735, 52.345 ], [ 33.922, 52.251 ], [ 34.113, 51.98 ], [ 34.398, 51.78 ], [ 34.379, 51.717 ], [ 34.121, 51.679 ], [ 34.281, 51.312 ], [ 34.712, 51.172 ], [ 35.064, 51.203 ], [ 35.158, 51.061 ], [ 35.312, 51.044 ], [ 35.44, 50.728 ], [ 35.412, 50.54 ], [ 35.674, 50.346 ], [ 35.89, 50.437 ], [ 36.116, 50.409 ], [ 36.306, 50.28 ], [ 36.5, 50.28 ], [ 36.619, 50.209 ], [ 36.759, 50.292 ], [ 37.423, 50.411 ], [ 37.582, 50.292 ], [ 37.704, 50.109 ], [ 38.047, 49.92 ], [ 38.259, 50.052 ], [ 38.451, 49.964 ], [ 38.648, 49.953 ], [ 38.918, 49.825 ], [ 39.175, 49.856 ], [ 39.303, 49.742 ], [ 39.463, 49.728 ], [ 39.781, 49.572 ], [ 40.031, 49.597 ], [ 40.126, 49.369 ], [ 40.07, 49.2 ], [ 39.89, 49.064 ], [ 39.687, 49.008 ], [ 39.793, 48.808 ], [ 39.645, 48.591 ], [ 39.836, 48.543 ], [ 39.961, 48.238 ], [ 39.885, 48.168 ], [ 39.736, 47.845 ], [ 39.391, 47.834 ], [ 38.9, 47.855 ], [ 38.719, 47.714 ], [ 38.287, 47.559 ], [ 38.201, 47.321 ], [ 38.281, 47.277 ], [ 38.214, 47.091 ] ], [ [ 43.439, 41.107 ], [ 43.632, 40.929 ], [ 43.723, 40.72 ], [ 43.668, 40.574 ], [ 43.569, 40.482 ], [ 43.71, 40.166 ], [ 43.792, 40.07 ], [ 44.005, 40.014 ], [ 44.289, 40.04 ], [ 44.56, 39.888 ], [ 44.768, 39.704 ], [ 44.783, 39.685 ] ], [ [ 87.818, 49.162 ], [ 88.116, 49.256 ], [ 88.193, 49.452 ], [ 88.633, 49.486 ], [ 88.832, 49.448 ], [ 89.18, 49.532 ], [ 89.244, 49.627 ], [ 89.396, 49.612 ], [ 89.654, 49.717 ], [ 89.644, 49.903 ], [ 89.977, 49.984 ], [ 90.005, 50.069 ], [ 90.517, 50.213 ], [ 91.022, 50.415 ], [ 91.341, 50.47 ], [ 91.804, 50.694 ], [ 92.192, 50.701 ], [ 92.355, 50.864 ], [ 92.627, 50.688 ], [ 92.779, 50.779 ], [ 92.941, 50.778 ], [ 93.103, 50.604 ], [ 94.251, 50.556 ], [ 94.355, 50.222 ], [ 94.615, 50.024 ], [ 94.93, 50.044 ], [ 95.044, 49.962 ], [ 95.523, 49.911 ], [ 95.852, 50.013 ], [ 96.066, 49.999 ], [ 96.315, 49.901 ], [ 96.506, 49.919 ], [ 96.986, 49.883 ], [ 97.209, 49.731 ], [ 97.36, 49.741 ], [ 97.589, 49.911 ], [ 97.854, 49.947 ], [ 98.103, 50.078 ], [ 98.25, 50.302 ], [ 98.279, 50.533 ], [ 98.03, 50.645 ], [ 97.953, 50.855 ], [ 97.825, 50.985 ], [ 97.947, 51.348 ], [ 98.038, 51.45 ], [ 98.22, 51.506 ], [ 98.353, 51.718 ], [ 98.641, 51.801 ], [ 98.849, 52.07 ], [ 99.407, 51.924 ], [ 99.719, 51.872 ], [ 99.922, 51.756 ], [ 100.469, 51.726 ], [ 101.223, 51.513 ], [ 101.381, 51.453 ], [ 101.571, 51.467 ], [ 102.112, 51.353 ], [ 102.215, 50.829 ], [ 102.317, 50.718 ], [ 102.288, 50.585 ], [ 102.469, 50.526 ], [ 102.683, 50.387 ], [ 103.162, 50.291 ], [ 103.304, 50.2 ], [ 103.633, 50.139 ], [ 103.803, 50.176 ], [ 104.18, 50.169 ], [ 104.466, 50.306 ], [ 105.095, 50.39 ], [ 105.384, 50.474 ], [ 105.875, 50.405 ], [ 106.218, 50.305 ], [ 106.711, 50.313 ], [ 106.941, 50.197 ], [ 107.04, 50.086 ], [ 107.233, 49.989 ], [ 107.631, 49.983 ], [ 107.948, 49.925 ], [ 107.937, 49.691 ], [ 108.034, 49.594 ], [ 108.407, 49.396 ], [ 108.614, 49.323 ], [ 109.237, 49.335 ], [ 109.529, 49.27 ], [ 110.2, 49.17 ], [ 110.428, 49.22 ], [ 110.631, 49.138 ], [ 110.828, 49.166 ], [ 111.337, 49.356 ], [ 112.08, 49.424 ], [ 112.495, 49.532 ], [ 112.806, 49.524 ], [ 113.056, 49.616 ], [ 113.164, 49.797 ], [ 113.574, 50.007 ], [ 113.881, 50.101 ], [ 114.297, 50.274 ], [ 114.743, 50.234 ], [ 115.003, 50.139 ], [ 115.275, 49.949 ], [ 115.429, 49.896 ], [ 115.718, 49.881 ], [ 116.135, 50.011 ], [ 116.551, 49.92 ], [ 116.683, 49.824 ] ], [ [ 116.683, 49.824 ], [ 117.246, 49.625 ], [ 117.477, 49.609 ], [ 117.873, 49.513 ], [ 118.452, 49.845 ], [ 118.756, 49.963 ], [ 118.98, 49.979 ], [ 119.26, 50.066 ], [ 119.346, 50.279 ], [ 119.192, 50.38 ], [ 119.281, 50.561 ], [ 119.446, 50.703 ], [ 119.573, 50.947 ], [ 119.746, 51.108 ], [ 119.813, 51.267 ], [ 119.967, 51.422 ], [ 120.067, 51.601 ], [ 120.237, 51.723 ], [ 120.511, 51.849 ], [ 120.682, 51.973 ], [ 120.75, 52.097 ], [ 120.665, 52.3 ], [ 120.656, 52.567 ], [ 120.36, 52.627 ], [ 120.068, 52.633 ], [ 120.095, 52.787 ], [ 120.421, 52.968 ], [ 120.704, 53.172 ], [ 120.985, 53.285 ], [ 121.405, 53.317 ], [ 122.338, 53.485 ], [ 122.745, 53.469 ], [ 123.154, 53.545 ], [ 123.608, 53.547 ], [ 123.995, 53.406 ], [ 124.291, 53.341 ], [ 124.466, 53.23 ], [ 124.812, 53.134 ], [ 124.971, 53.197 ], [ 125.226, 53.166 ], [ 125.649, 53.042 ], [ 125.728, 52.891 ], [ 125.872, 52.872 ], [ 126.048, 52.739 ], [ 126.016, 52.61 ], [ 126.313, 52.4 ], [ 126.456, 52.126 ], [ 126.511, 51.926 ], [ 126.701, 51.703 ], [ 126.709, 51.566 ], [ 126.805, 51.506 ], [ 126.834, 51.315 ], [ 126.925, 51.1 ], [ 127.307, 50.708 ], [ 127.306, 50.454 ], [ 127.395, 50.299 ], [ 127.59, 50.209 ], [ 127.512, 50.072 ], [ 127.502, 49.873 ], [ 127.711, 49.672 ], [ 128.0, 49.569 ], [ 128.237, 49.559 ], [ 128.704, 49.6 ], [ 128.819, 49.464 ], [ 129.12, 49.362 ], [ 129.498, 49.389 ], [ 129.534, 49.323 ], [ 129.793, 49.199 ], [ 130.037, 48.972 ], [ 130.196, 48.892 ], [ 130.553, 48.861 ], [ 130.617, 48.773 ], [ 130.552, 48.603 ], [ 130.804, 48.341 ], [ 130.712, 48.128 ], [ 131.003, 47.691 ], [ 131.319, 47.728 ], [ 131.785, 47.681 ], [ 132.38, 47.729 ], [ 132.562, 47.769 ], [ 132.707, 47.947 ], [ 132.877, 47.979 ], [ 133.144, 48.106 ], [ 133.468, 48.097 ], [ 133.842, 48.274 ], [ 134.293, 48.373 ], [ 134.564, 48.322 ], [ 134.669, 48.153 ], [ 134.566, 48.022 ], [ 134.752, 47.715 ], [ 134.484, 47.447 ], [ 134.291, 47.414 ], [ 134.168, 47.302 ], [ 134.202, 47.128 ], [ 134.039, 46.858 ], [ 134.023, 46.713 ], [ 133.867, 46.499 ], [ 133.861, 46.248 ], [ 133.701, 46.14 ], [ 133.686, 46.009 ], [ 133.513, 45.879 ], [ 133.436, 45.605 ], [ 133.186, 45.495 ], [ 133.113, 45.321 ], [ 133.113, 45.131 ], [ 132.936, 45.03 ], [ 131.978, 45.244 ], [ 131.852, 45.327 ], [ 131.654, 45.205 ], [ 131.447, 44.984 ], [ 131.082, 44.91 ], [ 130.968, 44.8 ], [ 131.061, 44.66 ], [ 131.255, 44.072 ], [ 131.213, 44.003 ], [ 131.174, 43.705 ], [ 131.182, 43.506 ], [ 131.262, 43.433 ], [ 131.176, 43.142 ], [ 131.086, 43.038 ], [ 131.069, 42.902 ], [ 130.577, 42.812 ], [ 130.425, 42.727 ], [ 130.577, 42.623 ], [ 130.527, 42.535 ] ], [ [ 130.527, 42.535 ], [ 130.247, 42.745 ], [ 130.24, 42.892 ], [ 130.083, 42.974 ], [ 129.898, 42.998 ], [ 129.779, 42.777 ], [ 129.72, 42.475 ], [ 129.524, 42.385 ], [ 129.314, 42.414 ], [ 129.195, 42.218 ], [ 128.923, 42.038 ], [ 128.045, 41.988 ], [ 128.033, 41.898 ], [ 128.291, 41.563 ], [ 128.111, 41.389 ], [ 127.919, 41.461 ], [ 127.688, 41.44 ], [ 127.18, 41.531 ], [ 127.007, 41.742 ], [ 126.903, 41.781 ], [ 126.601, 41.641 ], [ 126.49, 41.358 ], [ 126.254, 41.138 ], [ 126.144, 41.078 ], [ 125.989, 40.905 ], [ 125.728, 40.867 ], [ 125.417, 40.66 ], [ 125.314, 40.645 ], [ 124.889, 40.46 ], [ 124.387, 40.104 ], [ 124.362, 40.004 ] ], [ [ 130.527, 42.535 ], [ 130.687, 42.303 ] ], [ [ 70.958, 40.239 ], [ 70.653, 40.201 ], [ 70.534, 40.324 ], [ 70.398, 40.361 ], [ 70.383, 40.454 ], [ 70.712, 40.669 ], [ 70.751, 40.74 ], [ 70.441, 41.023 ], [ 70.292, 40.892 ], [ 69.713, 40.657 ], [ 69.414, 40.797 ], [ 69.314, 40.635 ], [ 69.206, 40.567 ], [ 69.304, 40.327 ], [ 69.228, 40.188 ], [ 68.952, 40.223 ], [ 68.653, 40.183 ], [ 68.805, 40.05 ], [ 68.869, 39.907 ], [ 68.639, 39.839 ], [ 68.586, 39.635 ], [ 68.463, 39.537 ], [ 68.077, 39.564 ], [ 67.719, 39.621 ], [ 67.426, 39.466 ], [ 67.35, 39.242 ], [ 67.616, 39.15 ], [ 67.677, 39.008 ], [ 68.103, 38.962 ], [ 68.149, 38.891 ], [ 68.048, 38.669 ], [ 68.144, 38.383 ], [ 68.333, 38.238 ], [ 68.294, 38.033 ], [ 68.088, 37.835 ], [ 67.814, 37.487 ], [ 67.759, 37.172 ] ], [ [ 35.893, 35.917 ], [ 36.127, 35.831 ], [ 36.202, 35.938 ], [ 36.348, 36.004 ], [ 36.375, 36.171 ], [ 36.641, 36.264 ], [ 36.537, 36.457 ], [ 36.597, 36.701 ], [ 36.659, 36.803 ], [ 36.942, 36.758 ], [ 37.066, 36.653 ], [ 37.436, 36.643 ], [ 38.192, 36.902 ], [ 38.444, 36.862 ], [ 38.767, 36.693 ], [ 39.357, 36.682 ], [ 39.686, 36.739 ], [ 40.016, 36.826 ], [ 40.706, 37.098 ], [ 40.959, 37.109 ], [ 41.265, 37.069 ], [ 41.516, 37.089 ], [ 42.06, 37.206 ], [ 42.269, 37.277 ], [ 42.359, 37.109 ] ], [ [ 35.451, 31.479 ], [ 35.401, 31.23 ], [ 35.439, 31.132 ], [ 35.174, 30.524 ], [ 35.142, 30.142 ], [ 35.068, 29.978 ], [ 34.973, 29.555 ] ], [ [ 35.551, 32.396 ], [ 35.572, 32.238 ], [ 35.532, 31.985 ], [ 35.559, 31.766 ], [ 35.451, 31.479 ] ], [ [ 35.611, 32.682 ], [ 35.551, 32.396 ] ], [ [ 88.11, 27.871 ], [ 87.861, 27.886 ], [ 87.683, 27.821 ], [ 87.141, 27.838 ], [ 87.02, 27.929 ], [ 86.75, 28.022 ], [ 86.691, 28.095 ], [ 86.555, 28.085 ], [ 86.517, 27.964 ], [ 86.409, 27.929 ], [ 86.079, 28.084 ], [ 86.064, 27.935 ], [ 85.954, 27.928 ], [ 85.84, 28.135 ], [ 85.678, 28.277 ], [ 85.411, 28.276 ], [ 85.122, 28.316 ], [ 85.089, 28.372 ], [ 85.159, 28.592 ], [ 85.069, 28.61 ], [ 84.855, 28.554 ], [ 84.714, 28.596 ], [ 84.229, 28.912 ], [ 84.101, 29.22 ], [ 83.936, 29.28 ], [ 83.584, 29.184 ], [ 83.355, 29.439 ], [ 83.155, 29.613 ], [ 83.014, 29.618 ], [ 82.854, 29.683 ], [ 82.487, 29.941 ], [ 82.159, 30.115 ], [ 82.043, 30.327 ], [ 81.642, 30.388 ], [ 81.417, 30.338 ], [ 81.255, 30.093 ], [ 81.11, 30.037 ], [ 81.01, 30.165 ] ], [ [ 97.323, 28.218 ], [ 97.335, 27.938 ], [ 97.226, 27.89 ], [ 96.9, 27.644 ], [ 96.902, 27.44 ], [ 97.104, 27.163 ], [ 97.038, 27.102 ], [ 96.88, 27.178 ], [ 96.798, 27.296 ], [ 96.666, 27.339 ], [ 96.274, 27.278 ], [ 96.061, 27.217 ], [ 95.905, 27.047 ], [ 95.464, 26.756 ], [ 95.129, 26.597 ], [ 95.06, 26.474 ], [ 95.069, 26.191 ], [ 95.132, 26.041 ], [ 95.015, 25.913 ], [ 94.992, 25.77 ], [ 94.786, 25.519 ], [ 94.623, 25.41 ], [ 94.554, 25.243 ], [ 94.708, 25.049 ], [ 94.584, 24.767 ], [ 94.399, 24.514 ], [ 94.293, 24.322 ], [ 94.128, 23.876 ], [ 93.683, 24.007 ], [ 93.494, 23.973 ], [ 93.307, 24.022 ], [ 93.415, 23.682 ], [ 93.366, 23.133 ], [ 93.308, 23.03 ], [ 93.151, 22.997 ], [ 93.163, 22.908 ], [ 93.079, 22.718 ], [ 93.162, 22.36 ], [ 93.151, 22.231 ], [ 93.071, 22.209 ], [ 92.965, 22.004 ], [ 92.854, 22.01 ], [ 92.689, 22.131 ], [ 92.575, 21.978 ] ], [ [ 100.122, 20.317 ], [ 99.89, 20.424 ], [ 99.773, 20.341 ], [ 99.639, 20.32 ], [ 99.459, 20.363 ], [ 99.502, 20.188 ], [ 99.338, 20.079 ], [ 99.197, 20.115 ], [ 99.021, 20.042 ], [ 98.987, 19.861 ], [ 98.917, 19.773 ], [ 98.761, 19.771 ], [ 98.494, 19.701 ], [ 98.239, 19.691 ], [ 98.111, 19.762 ], [ 97.817, 19.46 ], [ 97.804, 19.13 ], [ 97.706, 18.932 ], [ 97.754, 18.621 ], [ 97.728, 18.572 ], [ 97.485, 18.494 ], [ 97.451, 18.36 ], [ 97.599, 18.303 ], [ 97.72, 18.037 ], [ 97.699, 17.834 ], [ 97.793, 17.681 ], [ 98.257, 17.148 ], [ 98.439, 16.976 ], [ 98.478, 16.732 ], [ 98.689, 16.305 ], [ 98.835, 16.418 ], [ 98.888, 16.352 ], [ 98.818, 16.181 ], [ 98.592, 16.051 ], [ 98.558, 15.769 ], [ 98.565, 15.404 ], [ 98.191, 15.204 ], [ 98.202, 14.976 ], [ 98.246, 14.815 ], [ 98.57, 14.36 ], [ 98.934, 14.05 ], [ 99.137, 13.717 ], [ 99.172, 13.497 ], [ 99.176, 13.233 ], [ 99.107, 13.104 ], [ 99.174, 12.961 ], [ 99.22, 12.74 ], [ 99.405, 12.548 ], [ 99.394, 12.474 ], [ 99.463, 12.19 ], [ 99.523, 12.09 ], [ 99.615, 11.781 ], [ 99.478, 11.612 ], [ 99.19, 11.105 ], [ 99.025, 10.92 ], [ 98.757, 10.661 ], [ 98.768, 10.431 ], [ 98.703, 10.19 ] ], [ [ 103.091, 18.138 ], [ 103.263, 18.278 ], [ 103.252, 18.373 ], [ 103.367, 18.423 ], [ 103.63, 18.383 ], [ 103.792, 18.316 ], [ 103.95, 18.319 ], [ 104.049, 18.217 ], [ 104.196, 17.988 ], [ 104.428, 17.699 ], [ 104.74, 17.462 ], [ 104.816, 17.3 ], [ 104.759, 17.077 ], [ 104.751, 16.648 ], [ 104.819, 16.466 ], [ 104.95, 16.34 ], [ 105.047, 16.16 ], [ 105.406, 15.987 ], [ 105.373, 15.89 ], [ 105.462, 15.78 ], [ 105.622, 15.7 ], [ 105.616, 15.488 ], [ 105.513, 15.361 ], [ 105.49, 15.128 ], [ 105.547, 14.932 ], [ 105.476, 14.53 ], [ 105.342, 14.417 ], [ 105.183, 14.346 ] ], [ [ 100.122, 20.317 ], [ 100.318, 20.386 ], [ 100.519, 20.178 ], [ 100.543, 20.089 ], [ 100.398, 19.756 ], [ 100.42, 19.644 ], [ 100.625, 19.5 ], [ 100.744, 19.515 ], [ 100.966, 19.611 ], [ 101.155, 19.579 ], [ 101.221, 19.487 ], [ 101.198, 19.328 ], [ 101.28, 19.089 ], [ 101.286, 18.977 ], [ 101.166, 18.618 ], [ 101.051, 18.407 ], [ 101.138, 18.287 ], [ 101.113, 18.034 ], [ 100.908, 17.584 ], [ 101.105, 17.48 ], [ 101.167, 17.499 ], [ 101.414, 17.719 ], [ 101.687, 17.889 ], [ 101.775, 18.033 ], [ 101.947, 18.081 ], [ 102.101, 18.211 ], [ 102.352, 18.046 ], [ 102.553, 17.965 ], [ 102.661, 17.818 ], [ 102.807, 17.946 ], [ 102.991, 17.986 ], [ 103.091, 18.138 ] ], [ [ 101.139, 21.567 ], [ 101.08, 21.469 ], [ 100.928, 21.366 ], [ 100.757, 21.313 ], [ 100.614, 21.059 ], [ 100.536, 20.992 ], [ 100.565, 20.825 ], [ 100.407, 20.823 ], [ 100.249, 20.73 ], [ 100.184, 20.589 ], [ 100.122, 20.317 ] ], [ [ 97.323, 28.218 ], [ 97.538, 28.51 ], [ 97.695, 28.469 ], [ 97.769, 28.356 ], [ 97.865, 28.364 ], [ 98.099, 28.142 ], [ 98.13, 27.968 ], [ 98.299, 27.55 ], [ 98.505, 27.648 ], [ 98.651, 27.572 ], [ 98.675, 27.191 ], [ 98.716, 27.045 ], [ 98.732, 26.583 ], [ 98.663, 26.139 ], [ 98.572, 26.114 ], [ 98.655, 25.918 ], [ 98.625, 25.827 ], [ 98.466, 25.789 ], [ 98.334, 25.587 ], [ 98.173, 25.595 ], [ 98.011, 25.293 ], [ 97.819, 25.252 ], [ 97.715, 25.034 ], [ 97.724, 24.842 ], [ 97.583, 24.775 ], [ 97.529, 24.631 ], [ 97.531, 24.492 ], [ 97.667, 24.38 ], [ 97.691, 24.131 ], [ 97.568, 23.988 ], [ 97.686, 23.898 ], [ 98.017, 24.065 ], [ 98.213, 24.111 ], [ 98.499, 24.116 ], [ 98.583, 24.07 ], [ 98.764, 24.116 ], [ 98.681, 23.842 ], [ 98.832, 23.624 ], [ 98.798, 23.52 ], [ 98.886, 23.307 ], [ 98.864, 23.191 ], [ 99.055, 23.131 ], [ 99.341, 23.096 ], [ 99.465, 23.046 ], [ 99.507, 22.959 ], [ 99.385, 22.825 ], [ 99.338, 22.689 ], [ 99.338, 22.498 ], [ 99.243, 22.37 ], [ 99.172, 22.192 ], [ 99.193, 22.126 ], [ 99.593, 22.089 ], [ 99.918, 22.028 ], [ 99.926, 21.821 ], [ 99.978, 21.702 ], [ 100.096, 21.661 ], [ 100.089, 21.558 ], [ 100.215, 21.463 ], [ 100.351, 21.501 ], [ 100.531, 21.458 ], [ 100.677, 21.505 ], [ 100.835, 21.655 ], [ 101.121, 21.746 ], [ 101.139, 21.567 ] ], [ [ 102.127, 22.379 ], [ 102.183, 22.284 ], [ 102.583, 21.904 ], [ 102.695, 21.662 ], [ 102.845, 21.735 ], [ 102.95, 21.681 ], [ 102.949, 21.57 ], [ 102.851, 21.266 ], [ 103.104, 20.892 ], [ 103.464, 20.78 ], [ 103.635, 20.697 ], [ 103.79, 20.81 ], [ 104.052, 20.941 ], [ 104.195, 20.914 ], [ 104.583, 20.647 ], [ 104.392, 20.425 ], [ 104.619, 20.374 ], [ 104.699, 20.205 ], [ 104.889, 20.169 ], [ 104.928, 20.018 ], [ 104.815, 19.904 ], [ 104.743, 19.755 ], [ 104.546, 19.611 ], [ 104.26, 19.686 ], [ 104.032, 19.675 ], [ 104.063, 19.483 ], [ 103.896, 19.34 ], [ 103.918, 19.269 ], [ 104.109, 19.196 ], [ 104.717, 18.803 ], [ 105.115, 18.679 ], [ 105.145, 18.617 ], [ 105.086, 18.45 ], [ 105.163, 18.339 ], [ 105.333, 18.19 ], [ 105.458, 18.154 ], [ 105.589, 17.984 ], [ 105.691, 17.738 ], [ 106.006, 17.415 ], [ 106.27, 17.217 ], [ 106.426, 17.003 ], [ 106.502, 16.954 ], [ 106.546, 16.651 ], [ 106.696, 16.459 ], [ 106.832, 16.526 ], [ 106.931, 16.353 ], [ 107.07, 16.28 ], [ 107.217, 16.136 ], [ 107.396, 16.043 ], [ 107.361, 15.922 ], [ 107.189, 15.839 ], [ 107.19, 15.747 ], [ 107.339, 15.56 ], [ 107.564, 15.392 ], [ 107.653, 15.255 ], [ 107.555, 15.057 ], [ 107.48, 14.98 ], [ 107.524, 14.872 ], [ 107.519, 14.705 ] ], [ [ 27.403, 5.109 ], [ 27.115, 5.198 ], [ 27.021, 5.184 ], [ 26.822, 5.062 ], [ 26.174, 5.171 ], [ 25.714, 5.284 ], [ 25.525, 5.312 ], [ 25.4, 5.256 ], [ 25.249, 5.025 ], [ 25.065, 4.967 ], [ 24.978, 4.983 ], [ 24.765, 4.93 ], [ 24.437, 5.01 ], [ 24.32, 4.994 ], [ 23.417, 4.663 ], [ 23.313, 4.664 ], [ 23.116, 4.737 ], [ 22.865, 4.724 ], [ 22.756, 4.647 ], [ 22.617, 4.446 ], [ 22.506, 4.208 ], [ 22.422, 4.135 ], [ 21.908, 4.254 ], [ 21.687, 4.281 ], [ 21.538, 4.245 ], [ 21.35, 4.311 ], [ 21.23, 4.302 ], [ 20.956, 4.413 ], [ 20.558, 4.463 ], [ 20.394, 4.686 ], [ 20.226, 4.83 ], [ 20.002, 4.945 ], [ 19.807, 5.089 ], [ 19.501, 5.127 ], [ 19.323, 5.071 ], [ 19.069, 4.891 ], [ 18.832, 4.523 ], [ 18.7, 4.383 ], [ 18.594, 4.346 ], [ 18.567, 4.258 ], [ 18.634, 3.954 ], [ 18.597, 3.679 ], [ 18.61, 3.478 ] ], [ [ 30.554, -2.4 ], [ 30.424, -2.642 ], [ 30.473, -2.694 ], [ 30.424, -2.824 ], [ 30.515, -2.918 ], [ 30.78, -2.985 ], [ 30.811, -3.116 ], [ 30.79, -3.275 ], [ 30.682, -3.309 ], [ 30.632, -3.419 ], [ 30.425, -3.589 ], [ 30.379, -3.731 ], [ 30.269, -3.851 ], [ 30.147, -4.085 ], [ 29.947, -4.307 ], [ 29.718, -4.456 ], [ 29.403, -4.449 ] ], [ [ 29.014, -2.72 ], [ 29.017, -2.8 ], [ 29.224, -3.054 ], [ 29.21, -3.363 ], [ 29.223, -3.911 ], [ 29.331, -4.095 ], [ 29.403, -4.449 ] ], [ [ 29.577, -1.388 ], [ 29.352, -1.518 ], [ 29.197, -1.72 ], [ 29.129, -1.86 ], [ 29.148, -2.132 ], [ 29.106, -2.233 ], [ 28.876, -2.4 ], [ 28.922, -2.682 ], [ 29.014, -2.72 ] ], [ [ 35.268, 5.492 ], [ 35.082, 5.673 ], [ 34.984, 5.858 ], [ 34.959, 6.045 ], [ 34.838, 6.3 ], [ 34.711, 6.66 ], [ 34.563, 6.78 ], [ 34.484, 6.898 ], [ 34.279, 7.003 ], [ 34.064, 7.226 ], [ 34.02, 7.368 ], [ 33.902, 7.51 ], [ 33.666, 7.671 ], [ 33.226, 7.761 ], [ 33.015, 7.869 ], [ 33.013, 7.952 ], [ 33.234, 8.396 ], [ 33.409, 8.448 ], [ 33.785, 8.431 ], [ 33.953, 8.443 ], [ 34.095, 8.582 ], [ 34.102, 8.752 ], [ 34.078, 9.461 ] ], [ [ 22.86, 10.92 ], [ 22.494, 10.996 ], [ 22.043, 10.823 ], [ 21.965, 10.737 ], [ 21.707, 10.575 ], [ 21.726, 10.367 ], [ 21.633, 10.238 ], [ 21.528, 10.208 ], [ 21.396, 10.001 ], [ 21.264, 9.975 ], [ 21.009, 9.713 ], [ 20.984, 9.636 ], [ 20.773, 9.406 ], [ 20.342, 9.127 ], [ 20.073, 9.133 ], [ 19.954, 9.075 ], [ 19.668, 9.021 ], [ 19.146, 9.016 ], [ 18.888, 8.89 ], [ 18.886, 8.836 ], [ 19.109, 8.656 ], [ 18.906, 8.405 ], [ 18.634, 8.168 ], [ 18.592, 8.061 ], [ 18.455, 8.032 ], [ 17.761, 7.974 ], [ 17.649, 7.984 ], [ 17.247, 7.813 ], [ 17.118, 7.702 ], [ 16.89, 7.634 ], [ 16.785, 7.551 ], [ 16.589, 7.743 ], [ 16.523, 7.86 ], [ 16.404, 7.772 ], [ 16.379, 7.684 ], [ 16.031, 7.572 ], [ 15.845, 7.475 ], [ 15.48, 7.524 ] ], [ [ 13.294, 2.162 ], [ 13.22, 2.256 ], [ 12.868, 2.247 ], [ 12.361, 2.296 ], [ 11.94, 2.285 ], [ 11.348, 2.3 ], [ 11.329, 2.167 ] ], [ [ 11.13, -3.916 ], [ 11.19, -3.762 ], [ 11.288, -3.641 ], [ 11.504, -3.52 ], [ 11.686, -3.682 ], [ 11.849, -3.697 ], [ 11.833, -3.531 ], [ 11.934, -3.319 ], [ 11.715, -3.177 ], [ 11.76, -2.983 ], [ 11.639, -2.855 ], [ 11.538, -2.837 ], [ 11.603, -2.595 ], [ 11.575, -2.397 ], [ 11.727, -2.395 ], [ 11.95, -2.345 ], [ 12.064, -2.413 ], [ 12.446, -2.33 ], [ 12.479, -2.112 ], [ 12.432, -1.929 ], [ 12.59, -1.827 ], [ 12.794, -1.932 ], [ 12.992, -2.313 ], [ 13.357, -2.405 ], [ 13.465, -2.395 ], [ 13.784, -2.164 ], [ 13.888, -2.375 ], [ 13.887, -2.465 ], [ 14.087, -2.467 ], [ 14.2, -2.354 ], [ 14.163, -2.218 ], [ 14.251, -2.001 ], [ 14.384, -1.89 ], [ 14.423, -1.712 ], [ 14.403, -1.593 ], [ 14.456, -1.413 ], [ 14.411, -0.972 ], [ 14.481, -0.618 ], [ 14.364, -0.469 ], [ 14.207, -0.427 ], [ 14.069, -0.27 ], [ 13.86, -0.203 ], [ 13.885, 0.191 ], [ 13.95, 0.354 ], [ 14.088, 0.537 ], [ 14.231, 0.551 ], [ 14.324, 0.624 ], [ 14.434, 0.811 ], [ 14.386, 1.004 ], [ 14.303, 1.121 ], [ 14.24, 1.323 ], [ 14.181, 1.37 ], [ 13.851, 1.419 ], [ 13.274, 1.241 ], [ 13.163, 1.648 ], [ 13.209, 1.92 ], [ 13.294, 2.162 ] ], [ [ 15.48, 7.524 ], [ 15.553, 7.664 ], [ 15.55, 7.788 ], [ 15.443, 7.852 ], [ 15.252, 8.322 ], [ 15.116, 8.557 ], [ 14.861, 8.799 ], [ 14.733, 8.866 ], [ 14.332, 9.204 ], [ 14.005, 9.589 ], [ 13.977, 9.692 ], [ 14.14, 9.902 ], [ 14.243, 9.98 ], [ 14.377, 9.985 ], [ 14.836, 9.942 ], [ 15.193, 9.982 ], [ 15.541, 9.96 ], [ 15.532, 10.088 ], [ 15.276, 10.357 ], [ 15.201, 10.485 ], [ 15.069, 10.851 ], [ 15.03, 11.114 ], [ 15.055, 11.369 ], [ 15.122, 11.541 ], [ 15.078, 11.643 ], [ 15.081, 11.846 ], [ 14.974, 12.108 ], [ 14.881, 12.269 ], [ 14.847, 12.502 ], [ 14.761, 12.656 ], [ 14.545, 12.82 ], [ 14.516, 12.98 ], [ 14.245, 13.077 ], [ 14.064, 13.079 ] ], [ [ 14.064, 13.079 ], [ 14.197, 12.384 ], [ 14.519, 12.298 ], [ 14.627, 12.109 ], [ 14.562, 11.729 ], [ 14.56, 11.492 ], [ 14.202, 11.268 ], [ 14.057, 11.245 ], [ 13.892, 11.14 ], [ 13.7, 10.873 ], [ 13.535, 10.605 ], [ 13.415, 10.171 ], [ 13.27, 10.036 ], [ 13.221, 9.645 ], [ 13.175, 9.54 ], [ 12.929, 9.426 ], [ 12.876, 9.304 ], [ 12.807, 8.887 ], [ 12.731, 8.746 ], [ 12.583, 8.624 ], [ 12.404, 8.596 ], [ 12.233, 8.282 ], [ 12.156, 7.942 ], [ 12.025, 7.728 ], [ 12.016, 7.59 ], [ 11.767, 7.272 ], [ 11.861, 7.116 ], [ 11.58, 6.889 ], [ 11.552, 6.697 ], [ 11.325, 6.485 ], [ 11.153, 6.438 ], [ 11.08, 6.506 ], [ 11.033, 6.698 ], [ 10.738, 6.988 ], [ 10.606, 7.063 ], [ 10.482, 6.891 ], [ 10.206, 6.892 ], [ 10.144, 6.996 ], [ 9.78, 6.76 ], [ 9.66, 6.532 ], [ 9.373, 6.32 ], [ 9.06, 6.009 ], [ 8.935, 5.781 ], [ 8.801, 5.197 ], [ 8.556, 4.755 ] ], [ [ 3.595, 11.696 ], [ 3.618, 11.828 ], [ 3.647, 12.53 ], [ 3.948, 12.775 ], [ 4.087, 13.055 ], [ 4.148, 13.458 ], [ 4.421, 13.648 ], [ 4.823, 13.76 ], [ 5.242, 13.757 ], [ 5.492, 13.873 ], [ 6.386, 13.604 ], [ 6.627, 13.364 ], [ 6.804, 13.108 ], [ 6.937, 13.008 ], [ 7.057, 13.0 ], [ 7.173, 13.086 ], [ 7.358, 13.107 ], [ 7.789, 13.338 ], [ 8.095, 13.291 ], [ 8.456, 13.06 ], [ 8.751, 12.908 ], [ 9.202, 12.821 ], [ 9.616, 12.811 ], [ 9.929, 13.135 ], [ 10.185, 13.27 ], [ 10.476, 13.33 ], [ 10.959, 13.372 ], [ 11.412, 13.354 ], [ 11.693, 13.298 ], [ 11.99, 13.192 ], [ 12.118, 13.09 ], [ 12.463, 13.094 ], [ 12.51, 13.194 ], [ 12.655, 13.327 ], [ 13.048, 13.535 ], [ 13.194, 13.573 ], [ 13.324, 13.671 ], [ 13.606, 13.705 ] ], [ [ 1.187, 6.089 ], [ 0.985, 6.32 ], [ 0.912, 6.329 ], [ 0.737, 6.453 ], [ 0.526, 6.851 ], [ 0.579, 7.004 ], [ 0.635, 7.354 ], [ 0.51, 7.435 ], [ 0.5, 7.547 ], [ 0.605, 7.728 ], [ 0.584, 8.146 ], [ 0.688, 8.304 ], [ 0.616, 8.48 ], [ 0.415, 8.653 ], [ 0.373, 8.759 ], [ 0.489, 8.851 ], [ 0.466, 9.115 ], [ 0.529, 9.358 ], [ 0.448, 9.48 ], [ 0.262, 9.496 ], [ 0.324, 9.688 ], [ 0.363, 10.236 ], [ 0.332, 10.307 ], [ -0.058, 10.631 ], [ -0.09, 10.716 ], [ 0.009, 11.021 ], [ -0.069, 11.116 ] ], [ [ -2.696, 9.481 ], [ -2.674, 9.283 ], [ -2.747, 9.11 ], [ -2.649, 8.957 ], [ -2.6, 8.8 ], [ -2.506, 8.209 ], [ -2.612, 8.148 ], [ -2.613, 8.047 ], [ -2.79, 7.932 ], [ -2.896, 7.685 ], [ -2.959, 7.455 ], [ -2.986, 7.205 ], [ -3.236, 6.807 ], [ -3.24, 6.536 ], [ -3.201, 6.348 ], [ -2.962, 5.643 ], [ -2.794, 5.6 ], [ -2.755, 5.433 ], [ -2.795, 5.185 ], [ -3.114, 5.089 ] ], [ [ -5.524, 10.426 ], [ -5.457, 10.771 ], [ -5.49, 11.042 ], [ -5.3, 11.206 ], [ -5.229, 11.522 ], [ -5.291, 11.683 ], [ -5.288, 11.828 ], [ -5.106, 11.968 ], [ -4.798, 12.032 ], [ -4.587, 12.155 ], [ -4.429, 12.338 ], [ -4.422, 12.582 ], [ -4.481, 12.672 ], [ -4.227, 12.794 ], [ -4.225, 12.879 ], [ -4.329, 13.119 ], [ -4.051, 13.382 ], [ -3.853, 13.374 ], [ -3.576, 13.194 ], [ -3.47, 13.196 ], [ -3.302, 13.281 ], [ -3.27, 13.577 ], [ -3.198, 13.673 ], [ -3.039, 13.639 ], [ -2.917, 13.679 ], [ -2.874, 13.951 ], [ -2.779, 14.074 ], [ -2.587, 14.228 ], [ -2.457, 14.274 ], [ -2.113, 14.168 ], [ -2.057, 14.195 ], [ -1.973, 14.457 ], [ -1.768, 14.486 ], [ -1.494, 14.626 ], [ -1.05, 14.82 ], [ -0.76, 15.048 ], [ -0.537, 15.078 ], [ -0.405, 15.013 ], [ -0.236, 15.059 ], [ 0.217, 14.911 ] ], [ [ -2.696, 9.481 ], [ -2.817, 9.426 ], [ -2.988, 9.687 ], [ -3.096, 9.752 ], [ -3.224, 9.895 ], [ -3.581, 9.924 ], [ -3.878, 9.895 ], [ -4.267, 9.743 ], [ -4.332, 9.646 ], [ -4.527, 9.723 ], [ -4.626, 9.714 ], [ -4.97, 9.93 ], [ -4.994, 10.046 ], [ -5.1, 10.242 ], [ -5.262, 10.32 ], [ -5.382, 10.314 ], [ -5.524, 10.426 ] ], [ [ -8.486, 7.559 ], [ -8.437, 7.516 ], [ -8.297, 7.074 ], [ -8.333, 6.802 ], [ -8.604, 6.508 ], [ -8.45, 6.462 ], [ -8.345, 6.351 ], [ -8.204, 6.291 ], [ -7.982, 6.286 ], [ -7.889, 6.235 ], [ -7.797, 5.975 ], [ -7.73, 5.919 ], [ -7.454, 5.841 ], [ -7.4, 5.551 ], [ -7.43, 5.325 ], [ -7.51, 5.108 ], [ -7.569, 5.081 ], [ -7.591, 4.822 ], [ -7.572, 4.386 ], [ -7.545, 4.351 ] ], [ [ -8.486, 7.559 ], [ -8.579, 7.677 ], [ -8.708, 7.659 ], [ -8.74, 7.496 ], [ -8.89, 7.263 ], [ -9.118, 7.216 ], [ -9.263, 7.378 ], [ -9.46, 7.443 ], [ -9.369, 7.64 ], [ -9.436, 7.867 ], [ -9.518, 8.346 ], [ -9.768, 8.535 ], [ -10.064, 8.43 ], [ -10.147, 8.52 ], [ -10.283, 8.485 ] ], [ [ -5.524, 10.426 ], [ -5.694, 10.433 ], [ -5.844, 10.39 ], [ -6.035, 10.195 ], [ -6.241, 10.279 ], [ -6.191, 10.4 ], [ -6.261, 10.724 ], [ -6.426, 10.672 ], [ -6.408, 10.572 ], [ -6.565, 10.586 ], [ -6.654, 10.656 ], [ -6.693, 10.349 ], [ -6.95, 10.342 ], [ -7.04, 10.145 ], [ -7.105, 10.204 ], [ -7.363, 10.259 ], [ -7.498, 10.44 ], [ -7.661, 10.427 ], [ -7.814, 10.237 ], [ -7.991, 10.163 ] ], [ [ -15.043, 10.94 ], [ -14.944, 11.072 ], [ -14.779, 11.406 ], [ -14.683, 11.508 ], [ -14.452, 11.556 ], [ -14.266, 11.66 ], [ -13.953, 11.665 ], [ -13.733, 11.736 ], [ -13.738, 12.01 ], [ -13.949, 12.178 ], [ -13.708, 12.313 ], [ -13.674, 12.478 ], [ -13.729, 12.674 ] ], [ [ -11.389, 12.404 ], [ -11.502, 12.199 ], [ -11.305, 12.015 ], [ -11.21, 12.025 ], [ -11.066, 12.171 ], [ -10.933, 12.205 ], [ -10.743, 11.927 ], [ -10.677, 11.899 ], [ -10.466, 12.139 ], [ -10.275, 12.213 ], [ -9.821, 12.042 ], [ -9.715, 12.042 ], [ -9.658, 12.143 ], [ -9.358, 12.255 ], [ -9.365, 12.479 ], [ -9.216, 12.483 ], [ -9.043, 12.402 ], [ -8.818, 11.923 ], [ -8.822, 11.673 ], [ -8.711, 11.618 ], [ -8.665, 11.515 ], [ -8.407, 11.386 ], [ -8.664, 11.036 ], [ -8.564, 10.997 ], [ -8.475, 11.048 ], [ -8.337, 10.991 ], [ -8.324, 10.75 ], [ -8.232, 10.438 ], [ -8.007, 10.322 ], [ -7.991, 10.163 ] ], [ [ 107.519, 14.705 ], [ 107.415, 14.563 ], [ 107.293, 14.592 ], [ 107.109, 14.417 ], [ 107.03, 14.426 ], [ 106.938, 14.327 ], [ 106.82, 14.315 ], [ 106.501, 14.578 ], [ 106.355, 14.455 ], [ 106.225, 14.476 ], [ 106.165, 14.372 ], [ 105.979, 14.343 ], [ 106.125, 14.049 ], [ 106.067, 13.921 ], [ 105.904, 13.925 ], [ 105.74, 14.085 ], [ 105.532, 14.156 ], [ 105.35, 14.11 ], [ 105.246, 14.201 ], [ 105.183, 14.346 ] ], [ [ 114.06, 4.596 ], [ 114.224, 4.478 ], [ 114.323, 4.263 ], [ 114.417, 4.256 ], [ 114.608, 4.024 ], [ 114.776, 4.169 ], [ 114.84, 4.393 ], [ 114.79, 4.464 ], [ 114.747, 4.718 ], [ 115.027, 4.9 ] ], [ [ -88.228, 15.729 ], [ -88.684, 15.36 ], [ -88.976, 15.143 ], [ -89.143, 15.072 ], [ -89.222, 14.866 ], [ -89.172, 14.607 ], [ -89.363, 14.416 ] ], [ [ -77.374, 8.658 ], [ -77.478, 8.498 ], [ -77.407, 8.427 ], [ -77.212, 8.034 ], [ -77.216, 7.933 ], [ -77.346, 7.837 ], [ -77.351, 7.706 ], [ -77.587, 7.543 ], [ -77.732, 7.711 ], [ -77.744, 7.537 ], [ -77.828, 7.443 ], [ -77.901, 7.229 ] ], [ [ -60.742, 5.202 ], [ -61.377, 5.907 ], [ -61.303, 6.05 ], [ -61.129, 6.214 ], [ -61.151, 6.447 ], [ -61.204, 6.588 ], [ -61.146, 6.695 ], [ -60.938, 6.733 ], [ -60.873, 6.787 ], [ -60.718, 6.768 ], [ -60.395, 6.945 ], [ -60.325, 7.134 ], [ -60.523, 7.144 ], [ -60.633, 7.211 ], [ -60.607, 7.321 ], [ -60.719, 7.499 ], [ -60.514, 7.813 ], [ -60.381, 7.828 ], [ -60.178, 7.994 ], [ -60.032, 8.054 ], [ -59.965, 8.192 ], [ -59.832, 8.306 ], [ -60.018, 8.549 ] ], [ [ -60.742, 5.202 ], [ -60.672, 5.164 ], [ -60.604, 4.995 ], [ -60.628, 4.893 ], [ -60.742, 4.774 ], [ -60.906, 4.687 ], [ -61.003, 4.535 ], [ -61.28, 4.517 ], [ -61.479, 4.402 ], [ -61.554, 4.288 ], [ -62.153, 4.098 ], [ -62.411, 4.157 ], [ -62.712, 4.018 ], [ -62.765, 3.673 ], [ -62.857, 3.593 ], [ -62.969, 3.594 ], [ -63.295, 3.922 ], [ -63.527, 3.894 ], [ -63.653, 3.941 ], [ -64.021, 3.929 ], [ -64.122, 4.067 ], [ -64.256, 4.14 ], [ -64.576, 4.14 ], [ -64.722, 4.274 ], [ -64.818, 4.232 ], [ -64.568, 3.9 ], [ -64.275, 3.663 ], [ -64.221, 3.587 ], [ -64.219, 3.205 ], [ -64.038, 2.802 ], [ -64.009, 2.672 ], [ -64.049, 2.525 ], [ -63.924, 2.452 ], [ -63.389, 2.412 ], [ -63.394, 2.223 ], [ -63.464, 2.136 ], [ -63.57, 2.12 ], [ -63.844, 1.977 ], [ -64.035, 1.904 ], [ -64.115, 1.619 ], [ -64.304, 1.455 ], [ -64.486, 1.453 ], [ -64.732, 1.253 ], [ -64.818, 1.257 ], [ -65.104, 1.108 ], [ -65.361, 0.869 ], [ -65.473, 0.691 ], [ -65.566, 0.926 ], [ -65.681, 0.983 ], [ -65.811, 0.937 ], [ -66.06, 0.785 ], [ -66.302, 0.752 ], [ -66.429, 0.822 ], [ -66.876, 1.223 ] ], [ [ 52.494, 41.78 ], [ 52.87, 42.061 ], [ 53.25, 42.206 ], [ 53.685, 42.297 ], [ 54.121, 42.335 ], [ 54.678, 42.078 ], [ 54.904, 41.919 ], [ 54.952, 41.81 ], [ 55.25, 41.458 ], [ 55.434, 41.296 ], [ 55.545, 41.263 ], [ 55.977, 41.322 ] ], [ [ 55.977, 41.322 ], [ 56.774, 41.288 ], [ 57.018, 41.263 ], [ 57.119, 41.35 ], [ 57.018, 41.451 ], [ 56.964, 41.857 ], [ 57.229, 42.084 ], [ 57.382, 42.156 ], [ 57.814, 42.19 ], [ 58.029, 42.488 ], [ 58.234, 42.448 ], [ 58.289, 42.527 ], [ 58.152, 42.628 ], [ 58.26, 42.688 ], [ 58.477, 42.663 ], [ 58.589, 42.778 ], [ 58.877, 42.561 ], [ 59.123, 42.524 ], [ 59.277, 42.356 ], [ 59.451, 42.3 ], [ 59.858, 42.295 ], [ 60.006, 42.191 ], [ 59.963, 41.954 ], [ 60.107, 41.907 ], [ 60.076, 41.701 ], [ 60.138, 41.594 ], [ 60.09, 41.399 ], [ 60.455, 41.222 ], [ 60.755, 41.246 ], [ 61.329, 41.195 ], [ 61.497, 41.276 ], [ 61.8, 41.163 ], [ 61.954, 41.031 ], [ 62.095, 40.683 ], [ 62.298, 40.468 ], [ 62.375, 40.332 ], [ 62.442, 40.036 ], [ 62.651, 39.858 ], [ 63.506, 39.377 ], [ 63.721, 39.188 ], [ 64.163, 38.954 ], [ 64.31, 38.977 ], [ 64.66, 38.736 ], [ 65.077, 38.539 ], [ 65.613, 38.239 ], [ 65.857, 38.269 ], [ 66.173, 38.167 ], [ 66.39, 38.051 ], [ 66.575, 38.011 ], [ 66.629, 37.932 ], [ 66.526, 37.786 ], [ 66.522, 37.348 ] ], [ [ 49.232, 46.337 ], [ 48.61, 46.566 ], [ 48.509, 46.65 ], [ 48.605, 46.766 ], [ 48.776, 46.71 ], [ 48.959, 46.775 ], [ 48.553, 47.321 ], [ 48.11, 47.745 ], [ 47.482, 47.804 ], [ 47.292, 47.741 ], [ 47.093, 47.948 ], [ 47.119, 48.127 ], [ 47.004, 48.284 ], [ 46.661, 48.412 ], [ 46.609, 48.574 ], [ 46.703, 48.806 ], [ 47.014, 49.098 ], [ 47.018, 49.2 ], [ 46.802, 49.367 ], [ 46.89, 49.697 ], [ 46.992, 49.853 ], [ 47.295, 50.058 ], [ 47.326, 50.274 ], [ 47.504, 50.403 ], [ 47.706, 50.378 ], [ 47.85, 50.282 ], [ 48.225, 49.932 ], [ 48.434, 49.829 ], [ 48.759, 49.928 ], [ 48.843, 50.013 ], [ 48.701, 50.354 ], [ 48.655, 50.62 ], [ 48.808, 50.601 ], [ 49.323, 50.852 ], [ 49.498, 51.084 ], [ 49.822, 51.132 ], [ 50.247, 51.29 ], [ 50.756, 51.675 ], [ 50.794, 51.729 ], [ 51.163, 51.647 ], [ 51.345, 51.475 ], [ 51.609, 51.484 ], [ 52.007, 51.673 ], [ 52.331, 51.681 ], [ 52.571, 51.482 ], [ 53.038, 51.464 ], [ 53.338, 51.482 ], [ 53.535, 51.4 ], [ 53.688, 51.252 ], [ 54.041, 51.115 ], [ 54.422, 50.78 ], [ 54.471, 50.584 ], [ 54.65, 50.66 ], [ 54.606, 50.88 ], [ 54.727, 50.998 ], [ 55.015, 50.87 ], [ 55.195, 50.745 ], [ 55.542, 50.602 ], [ 55.798, 50.602 ], [ 56.05, 50.714 ], [ 56.144, 50.845 ], [ 56.491, 51.02 ], [ 56.62, 50.981 ], [ 57.012, 51.065 ], [ 57.179, 51.036 ], [ 57.442, 50.889 ], [ 57.654, 50.925 ], [ 57.839, 51.092 ], [ 58.359, 51.064 ], [ 58.547, 50.971 ], [ 58.884, 50.694 ], [ 59.452, 50.62 ], [ 59.523, 50.493 ], [ 59.812, 50.582 ], [ 59.955, 50.799 ], [ 60.112, 50.834 ], [ 60.288, 50.704 ], [ 60.638, 50.664 ], [ 60.942, 50.696 ], [ 61.227, 50.775 ], [ 61.389, 50.861 ], [ 61.585, 51.23 ], [ 61.555, 51.325 ], [ 61.363, 51.442 ], [ 61.015, 51.492 ], [ 60.974, 51.537 ], [ 60.465, 51.651 ], [ 60.388, 51.773 ], [ 60.067, 51.891 ], [ 60.066, 51.976 ], [ 60.425, 52.126 ], [ 60.67, 52.151 ], [ 60.938, 52.281 ], [ 60.979, 52.395 ], [ 60.821, 52.57 ], [ 60.802, 52.745 ], [ 61.047, 52.972 ], [ 61.401, 52.996 ], [ 61.974, 52.944 ], [ 62.015, 53.108 ], [ 61.66, 53.228 ], [ 61.199, 53.287 ], [ 61.248, 53.551 ], [ 60.979, 53.622 ], [ 61.113, 53.753 ], [ 61.144, 53.964 ], [ 61.334, 54.049 ], [ 61.929, 53.946 ], [ 62.04, 54.003 ], [ 62.499, 54.013 ], [ 62.633, 54.069 ], [ 63.074, 54.105 ], [ 63.191, 54.171 ], [ 64.004, 54.267 ], [ 64.199, 54.347 ], [ 64.461, 54.384 ], [ 64.65, 54.352 ], [ 64.927, 54.397 ], [ 65.158, 54.364 ], [ 65.237, 54.516 ], [ 65.477, 54.623 ], [ 65.708, 54.619 ], [ 66.223, 54.667 ], [ 67.693, 54.872 ], [ 67.83, 54.944 ], [ 68.074, 54.96 ], [ 68.244, 55.052 ], [ 68.206, 55.161 ], [ 68.525, 55.205 ], [ 68.977, 55.39 ], [ 69.493, 55.357 ], [ 69.74, 55.307 ], [ 69.982, 55.199 ], [ 70.182, 55.162 ], [ 70.486, 55.282 ], [ 70.738, 55.305 ], [ 70.91, 55.128 ], [ 71.186, 54.599 ], [ 71.093, 54.212 ], [ 71.336, 54.158 ], [ 72.004, 54.206 ], [ 72.105, 54.308 ], [ 72.269, 54.272 ], [ 72.387, 54.123 ], [ 72.404, 53.964 ], [ 72.586, 53.996 ], [ 72.622, 54.134 ], [ 72.914, 54.107 ], [ 73.119, 53.981 ], [ 73.381, 53.963 ], [ 73.618, 54.067 ], [ 73.679, 53.929 ], [ 73.399, 53.811 ], [ 73.286, 53.598 ], [ 73.47, 53.469 ], [ 73.643, 53.576 ], [ 74.069, 53.611 ], [ 74.403, 53.504 ], [ 74.452, 53.647 ], [ 74.834, 53.826 ], [ 75.052, 53.827 ], [ 75.377, 53.97 ], [ 75.437, 54.09 ], [ 75.657, 54.106 ], [ 76.267, 54.312 ], [ 76.496, 54.336 ], [ 76.759, 54.437 ], [ 76.789, 54.322 ], [ 76.655, 54.145 ], [ 76.422, 54.114 ], [ 76.576, 53.943 ], [ 77.704, 53.379 ], [ 77.86, 53.269 ], [ 78.475, 52.638 ], [ 79.469, 51.493 ], [ 79.986, 50.775 ], [ 80.22, 50.912 ], [ 80.424, 50.946 ], [ 80.448, 51.183 ], [ 80.65, 51.277 ], [ 80.877, 51.281 ], [ 80.966, 51.19 ], [ 81.127, 51.191 ], [ 81.078, 51.015 ], [ 81.125, 50.946 ], [ 81.388, 50.956 ], [ 81.466, 50.74 ], [ 81.934, 50.766 ], [ 82.098, 50.711 ], [ 82.494, 50.728 ], [ 82.761, 50.893 ], [ 83.019, 50.897 ], [ 83.16, 50.989 ], [ 83.357, 50.995 ], [ 83.718, 50.887 ], [ 83.945, 50.775 ], [ 84.176, 50.521 ], [ 84.258, 50.288 ], [ 84.607, 50.202 ], [ 84.989, 50.061 ], [ 85.001, 49.894 ], [ 85.21, 49.665 ], [ 85.372, 49.624 ], [ 86.181, 49.499 ], [ 86.61, 49.769 ], [ 86.731, 49.696 ], [ 86.614, 49.61 ], [ 86.812, 49.488 ], [ 86.953, 49.322 ], [ 87.234, 49.216 ], [ 87.323, 49.086 ] ], [ [ 34.198, 31.323 ], [ 34.245, 31.208 ], [ 34.49, 30.596 ], [ 34.53, 30.446 ], [ 34.659, 30.191 ], [ 34.904, 29.477 ] ], [ [ 33.976, 4.22 ], [ 34.38, 4.621 ] ], [ [ 41.884, 3.978 ], [ 41.221, 3.944 ], [ 41.087, 3.992 ], [ 40.765, 4.273 ], [ 40.014, 3.948 ], [ 39.842, 3.851 ], [ 39.658, 3.578 ], [ 39.494, 3.456 ], [ 39.225, 3.479 ], [ 38.753, 3.559 ], [ 38.608, 3.6 ], [ 38.225, 3.619 ], [ 38.086, 3.649 ], [ 37.383, 4.111 ], [ 36.906, 4.411 ], [ 36.824, 4.43 ], [ 36.082, 4.45 ], [ 35.979, 4.504 ], [ 35.92, 4.62 ] ], [ [ 23.381, -17.641 ], [ 22.624, -17.782 ], [ 21.417, -18.001 ], [ 21.113, -17.956 ], [ 20.908, -18.006 ], [ 20.625, -17.997 ], [ 20.393, -17.887 ], [ 20.194, -17.864 ], [ 19.912, -17.881 ], [ 19.639, -17.869 ], [ 19.377, -17.825 ], [ 19.076, -17.818 ], [ 18.826, -17.766 ], [ 18.718, -17.703 ], [ 18.487, -17.443 ], [ 18.396, -17.399 ], [ 17.835, -17.393 ], [ 16.531, -17.391 ], [ 15.766, -17.39 ], [ 14.415, -17.388 ], [ 14.018, -17.409 ], [ 13.938, -17.389 ], [ 13.562, -17.141 ], [ 13.404, -17.008 ], [ 13.101, -16.968 ], [ 12.963, -17.015 ], [ 12.548, -17.213 ], [ 12.213, -17.21 ], [ 12.014, -17.169 ], [ 11.743, -17.249 ] ], [ [ 25.259, -17.794 ], [ 25.452, -17.845 ], [ 25.64, -17.824 ], [ 25.863, -17.952 ], [ 25.996, -17.97 ], [ 26.14, -17.912 ], [ 26.333, -17.929 ], [ 26.578, -18.023 ], [ 26.78, -18.042 ], [ 27.021, -17.958 ], [ 27.438, -17.512 ], [ 27.637, -17.262 ], [ 27.757, -17.06 ], [ 27.932, -16.896 ], [ 28.4, -16.663 ], [ 28.761, -16.532 ], [ 28.833, -16.424 ], [ 28.857, -16.142 ], [ 28.913, -15.988 ], [ 29.288, -15.777 ], [ 29.487, -15.697 ], [ 29.73, -15.645 ], [ 30.396, -15.643 ] ], [ [ 23.381, -17.641 ], [ 24.275, -17.481 ], [ 24.932, -17.543 ], [ 25.092, -17.634 ], [ 25.259, -17.794 ] ], [ [ 31.288, -22.402 ], [ 31.43, -22.299 ], [ 32.371, -21.335 ], [ 32.43, -21.297 ], [ 32.354, -21.136 ], [ 32.476, -20.95 ], [ 32.478, -20.713 ], [ 32.529, -20.613 ], [ 32.673, -20.516 ], [ 32.87, -20.217 ], [ 32.993, -19.985 ], [ 33.007, -19.874 ], [ 32.831, -19.558 ], [ 32.778, -19.389 ], [ 32.85, -19.104 ], [ 32.716, -19.002 ], [ 32.722, -18.828 ], [ 32.854, -18.764 ], [ 32.993, -18.36 ], [ 32.956, -18.083 ], [ 32.955, -17.765 ], [ 32.981, -17.438 ], [ 32.969, -17.252 ], [ 32.884, -17.038 ], [ 32.876, -16.884 ], [ 32.948, -16.712 ], [ 32.742, -16.678 ], [ 32.636, -16.589 ], [ 32.243, -16.449 ], [ 31.94, -16.429 ], [ 31.688, -16.214 ], [ 31.49, -16.18 ], [ 31.236, -16.024 ], [ 30.438, -15.995 ], [ 30.409, -15.978 ], [ 30.396, -15.643 ] ], [ [ 12.276, -6.003 ], [ 12.415, -6.045 ], [ 12.759, -5.973 ], [ 12.983, -5.875 ], [ 13.184, -5.856 ], [ 13.979, -5.857 ], [ 14.399, -5.893 ], [ 14.749, -5.88 ], [ 15.727, -5.864 ], [ 16.315, -5.866 ], [ 16.537, -5.966 ], [ 16.718, -6.241 ], [ 16.709, -6.472 ], [ 16.743, -6.618 ], [ 16.919, -6.934 ], [ 16.985, -7.257 ], [ 17.155, -7.461 ], [ 17.536, -8.076 ], [ 17.58, -8.099 ], [ 17.913, -8.068 ], [ 18.009, -8.108 ], [ 18.191, -8.024 ], [ 18.653, -7.936 ], [ 18.898, -7.998 ], [ 19.143, -8.001 ], [ 19.341, -7.967 ], [ 19.372, -7.655 ], [ 19.48, -7.472 ], [ 19.484, -7.279 ], [ 19.528, -7.144 ], [ 19.66, -7.037 ], [ 19.875, -6.986 ], [ 20.482, -6.916 ], [ 20.599, -6.935 ], [ 20.537, -7.122 ], [ 20.608, -7.278 ], [ 21.19, -7.285 ], [ 21.751, -7.305 ], [ 21.842, -7.421 ], [ 21.834, -7.602 ], [ 21.78, -7.865 ], [ 21.801, -8.112 ], [ 21.896, -8.341 ], [ 21.905, -8.693 ], [ 21.829, -9.168 ], [ 21.813, -9.469 ], [ 21.949, -9.726 ], [ 22.089, -9.863 ], [ 22.198, -10.041 ], [ 22.302, -10.397 ], [ 22.28, -10.784 ], [ 22.178, -10.892 ], [ 22.226, -11.122 ], [ 22.279, -11.194 ], [ 22.561, -11.056 ], [ 22.815, -11.08 ], [ 23.157, -11.075 ], [ 23.4, -10.976 ], [ 23.834, -11.014 ], [ 23.966, -10.872 ] ], [ [ -16.562, 13.587 ], [ -16.309, 13.597 ], [ -15.51, 13.586 ], [ -15.427, 13.727 ], [ -15.108, 13.812 ], [ -14.936, 13.785 ], [ -14.766, 13.669 ], [ -14.571, 13.616 ], [ -14.405, 13.504 ], [ -13.977, 13.543 ], [ -13.853, 13.479 ], [ -13.847, 13.335 ], [ -14.247, 13.236 ], [ -14.439, 13.269 ], [ -14.672, 13.352 ], [ -15.151, 13.557 ], [ -15.286, 13.396 ], [ -15.814, 13.325 ], [ -15.834, 13.156 ], [ -16.649, 13.154 ], [ -16.763, 13.064 ] ], [ [ 0.217, 14.911 ], [ 0.164, 14.497 ], [ 0.382, 14.246 ], [ 0.355, 14.139 ], [ 0.429, 13.972 ], [ 0.618, 13.703 ], [ 0.748, 13.675 ], [ 0.978, 13.552 ], [ 0.987, 13.042 ], [ 1.097, 13.001 ], [ 1.565, 12.635 ], [ 1.79, 12.613 ], [ 1.956, 12.707 ], [ 2.105, 12.701 ], [ 2.212, 12.538 ], [ 2.204, 12.413 ], [ 2.069, 12.379 ], [ 2.091, 12.278 ], [ 2.389, 11.897 ] ], [ [ 18.61, 3.478 ], [ 18.474, 3.623 ], [ 18.161, 3.5 ], [ 18.111, 3.551 ], [ 17.88, 3.554 ], [ 17.438, 3.685 ], [ 17.298, 3.617 ], [ 17.003, 3.557 ], [ 16.673, 3.535 ], [ 16.57, 3.463 ], [ 16.496, 3.209 ], [ 16.469, 2.832 ], [ 16.183, 2.27 ] ], [ [ 16.183, 2.262 ], [ 16.08, 2.107 ], [ 16.088, 1.918 ], [ 16.136, 1.724 ], [ 16.059, 1.676 ], [ 15.742, 1.915 ], [ 15.6, 1.95 ], [ 15.339, 1.945 ], [ 15.203, 2.024 ], [ 14.902, 2.012 ], [ 14.579, 2.199 ], [ 14.484, 2.155 ], [ 13.294, 2.162 ] ], [ [ 15.48, 7.524 ], [ 15.379, 7.358 ], [ 15.246, 7.264 ], [ 15.035, 6.784 ], [ 14.862, 6.556 ], [ 14.739, 6.28 ], [ 14.512, 6.162 ], [ 14.431, 6.039 ], [ 14.503, 5.917 ], [ 14.617, 5.865 ], [ 14.617, 5.496 ], [ 14.563, 5.28 ], [ 14.641, 5.179 ], [ 14.709, 4.666 ], [ 14.77, 4.558 ], [ 15.023, 4.359 ], [ 15.137, 4.069 ], [ 15.035, 4.016 ], [ 15.129, 3.827 ], [ 15.458, 3.457 ], [ 15.775, 3.127 ], [ 15.905, 3.096 ], [ 16.063, 2.909 ], [ 16.059, 2.773 ], [ 16.107, 2.473 ], [ 16.183, 2.27 ], [ 16.183, 2.262 ] ], [ [ 33.976, 4.22 ], [ 33.568, 3.812 ], [ 33.489, 3.755 ], [ 33.154, 3.775 ], [ 32.997, 3.88 ], [ 32.838, 3.798 ], [ 32.336, 3.706 ], [ 32.099, 3.529 ], [ 31.942, 3.608 ], [ 31.798, 3.803 ], [ 31.629, 3.701 ], [ 31.48, 3.68 ], [ 31.222, 3.786 ], [ 31.152, 3.786 ], [ 30.929, 3.634 ], [ 30.839, 3.491 ] ], [ [ 13.073, -4.635 ], [ 12.83, -4.737 ], [ 12.574, -4.997 ], [ 12.451, -5.072 ], [ 12.522, -5.149 ], [ 12.504, -5.696 ], [ 12.214, -5.759 ] ], [ [ 31.948, -25.958 ], [ 31.92, -25.774 ], [ 31.985, -25.632 ], [ 31.986, -24.461 ], [ 31.8, -23.892 ], [ 31.546, -23.482 ], [ 31.532, -23.279 ], [ 31.419, -22.825 ], [ 31.288, -22.402 ] ], [ [ 33.202, -14.013 ], [ 32.273, -14.323 ], [ 31.729, -14.496 ], [ 31.538, -14.577 ], [ 30.673, -14.819 ], [ 30.232, -14.99 ], [ 30.252, -15.183 ], [ 30.351, -15.35 ], [ 30.396, -15.643 ] ], [ [ 34.959, -11.578 ], [ 34.66, -11.589 ], [ 34.554, -11.834 ], [ 34.376, -12.12 ], [ 34.361, -12.211 ], [ 34.466, -12.591 ], [ 34.521, -12.926 ], [ 34.564, -13.36 ], [ 34.662, -13.487 ], [ 34.851, -13.516 ], [ 35.014, -13.643 ], [ 35.247, -13.897 ], [ 35.847, -14.671 ], [ 35.867, -14.864 ], [ 35.805, -15.266 ], [ 35.83, -15.419 ], [ 35.791, -15.959 ], [ 35.755, -16.058 ], [ 35.599, -16.126 ], [ 35.358, -16.161 ], [ 35.291, -16.247 ], [ 35.167, -16.56 ], [ 35.281, -16.808 ], [ 35.29, -17.097 ], [ 35.125, -17.127 ], [ 35.044, -17.017 ], [ 35.112, -16.899 ], [ 34.933, -16.76 ], [ 34.396, -16.199 ], [ 34.376, -16.024 ], [ 34.248, -15.888 ], [ 34.358, -15.705 ], [ 34.435, -15.477 ], [ 34.541, -15.297 ], [ 34.551, -14.922 ], [ 34.505, -14.598 ], [ 34.333, -14.409 ], [ 33.696, -14.53 ], [ 33.636, -14.568 ], [ 33.39, -14.289 ], [ 33.202, -14.013 ] ], [ [ 29.577, -1.388 ], [ 29.562, -0.977 ], [ 29.648, -0.535 ], [ 29.633, -0.442 ], [ 29.718, 0.098 ], [ 29.778, 0.166 ], [ 29.934, 0.499 ], [ 29.943, 0.819 ], [ 30.183, 0.973 ], [ 30.321, 1.185 ], [ 30.478, 1.239 ], [ 30.943, 1.683 ], [ 31.253, 2.045 ], [ 31.274, 2.146 ], [ 31.176, 2.27 ], [ 31.082, 2.288 ], [ 30.962, 2.403 ], [ 30.83, 2.4 ], [ 30.729, 2.455 ], [ 30.77, 2.678 ], [ 30.847, 2.847 ], [ 30.754, 3.042 ], [ 30.828, 3.283 ], [ 30.906, 3.409 ], [ 30.839, 3.491 ] ], [ [ 36.524, 14.257 ], [ 36.427, 15.132 ], [ 36.522, 15.25 ], [ 36.679, 15.726 ], [ 36.813, 15.994 ], [ 36.914, 16.296 ], [ 36.888, 16.625 ], [ 36.979, 16.801 ], [ 37.009, 17.059 ], [ 37.169, 17.041 ], [ 37.411, 17.062 ], [ 37.51, 17.288 ], [ 37.782, 17.458 ], [ 38.254, 17.585 ], [ 38.422, 17.824 ], [ 38.609, 18.005 ] ], [ [ 42.378, 12.466 ], [ 42.134, 12.771 ], [ 41.952, 12.882 ], [ 41.765, 13.184 ], [ 41.625, 13.313 ], [ 41.363, 13.5 ], [ 41.122, 13.736 ], [ 40.939, 13.983 ], [ 40.77, 14.144 ], [ 40.524, 14.225 ], [ 40.221, 14.431 ], [ 40.062, 14.459 ], [ 39.895, 14.441 ], [ 39.756, 14.499 ], [ 39.532, 14.537 ], [ 39.198, 14.479 ], [ 39.074, 14.628 ], [ 38.812, 14.482 ], [ 38.504, 14.424 ], [ 38.377, 14.47 ], [ 38.221, 14.65 ], [ 38.003, 14.737 ], [ 37.884, 14.852 ], [ 37.571, 14.149 ], [ 37.507, 14.156 ], [ 37.354, 14.372 ], [ 37.257, 14.454 ], [ 37.133, 14.406 ], [ 37.025, 14.272 ], [ 36.812, 14.315 ], [ 36.524, 14.257 ] ], [ [ 27.352, 57.528 ], [ 27.4, 57.667 ], [ 27.542, 57.799 ], [ 27.753, 57.841 ], [ 27.488, 58.27 ], [ 27.531, 58.435 ], [ 27.427, 58.733 ], [ 27.464, 58.841 ], [ 27.758, 59.052 ], [ 27.898, 59.278 ], [ 28.151, 59.374 ], [ 28.013, 59.484 ] ], [ [ 74.306, 32.81 ], [ 74.355, 32.769 ], [ 74.663, 32.758 ], [ 74.658, 32.519 ], [ 74.789, 32.458 ], [ 74.987, 32.462 ], [ 75.304, 32.318 ] ], [ [ -84.348, 10.98 ], [ -84.701, 11.052 ], [ -84.909, 10.945 ], [ -85.621, 11.184 ], [ -85.744, 11.062 ] ], [ [ -82.879, 8.071 ], [ -82.998, 8.368 ], [ -82.862, 8.453 ], [ -82.856, 8.635 ], [ -82.917, 8.74 ], [ -82.74, 8.899 ], [ -82.741, 8.952 ], [ -82.94, 9.06 ], [ -82.94, 9.449 ], [ -82.801, 9.592 ], [ -82.644, 9.506 ], [ -82.564, 9.577 ] ], [ [ -66.876, 1.223 ], [ -66.884, 1.358 ], [ -67.114, 2.051 ], [ -67.215, 2.275 ], [ -67.211, 2.39 ], [ -67.597, 2.769 ], [ -67.835, 2.893 ], [ -67.354, 3.323 ], [ -67.311, 3.416 ], [ -67.499, 3.691 ], [ -67.662, 3.864 ], [ -67.783, 4.198 ], [ -67.795, 4.381 ], [ -67.855, 4.507 ], [ -67.814, 4.931 ], [ -67.825, 5.27 ], [ -67.788, 5.375 ], [ -67.642, 5.559 ], [ -67.631, 5.709 ], [ -67.439, 6.026 ], [ -67.482, 6.18 ], [ -67.568, 6.242 ], [ -67.859, 6.29 ], [ -68.143, 6.198 ], [ -68.472, 6.157 ], [ -68.736, 6.157 ], [ -68.937, 6.198 ], [ -69.09, 6.184 ], [ -69.268, 6.1 ], [ -69.439, 6.135 ], [ -70.095, 6.938 ], [ -70.387, 6.973 ], [ -70.655, 7.083 ], [ -70.811, 7.078 ], [ -71.013, 6.994 ], [ -71.218, 6.985 ], [ -71.621, 7.033 ], [ -71.893, 6.99 ], [ -72.084, 7.097 ], [ -72.208, 7.37 ], [ -72.443, 7.455 ], [ -72.479, 7.613 ], [ -72.446, 7.966 ], [ -72.358, 8.087 ], [ -72.417, 8.382 ], [ -72.665, 8.628 ], [ -72.796, 9.109 ], [ -72.96, 9.135 ], [ -73.058, 9.26 ], [ -73.193, 9.194 ], [ -73.356, 9.227 ], [ -73.064, 9.668 ], [ -73.007, 9.789 ], [ -72.94, 10.196 ], [ -72.869, 10.491 ], [ -72.69, 10.836 ], [ -72.446, 11.114 ], [ -72.249, 11.196 ], [ -71.958, 11.666 ], [ -71.536, 11.774 ], [ -71.32, 11.862 ] ], [ [ -68.443, -52.357 ], [ -68.461, -52.29 ], [ -68.715, -52.256 ], [ -69.206, -52.136 ], [ -69.488, -52.136 ], [ -69.96, -52.008 ], [ -71.919, -51.99 ], [ -71.953, -51.88 ], [ -72.269, -51.691 ], [ -72.408, -51.541 ], [ -72.303, -51.299 ], [ -72.377, -51.095 ], [ -72.276, -50.91 ], [ -72.34, -50.682 ], [ -72.51, -50.608 ], [ -72.804, -50.638 ], [ -73.082, -50.76 ], [ -73.153, -50.738 ], [ -73.387, -50.231 ], [ -73.501, -50.125 ], [ -73.529, -49.911 ], [ -73.481, -49.765 ] ], [ [ -68.63, -52.653 ], [ -68.633, -53.242 ], [ -68.64, -54.324 ], [ -68.655, -54.92 ], [ -68.056, -54.878 ], [ -67.153, -54.954 ], [ -66.476, -55.114 ] ], [ [ 22.766, 54.357 ], [ 22.168, 54.36 ], [ 20.208, 54.421 ], [ 19.604, 54.459 ] ], [ [ 48.442, 28.543 ], [ 47.671, 28.533 ], [ 47.583, 28.628 ], [ 47.521, 28.838 ], [ 47.433, 28.99 ], [ 46.531, 29.096 ] ], [ [ 44.765, 37.142 ], [ 44.881, 36.799 ], [ 45.034, 36.659 ], [ 45.031, 36.526 ], [ 45.112, 36.409 ], [ 45.241, 36.356 ], [ 45.362, 36.015 ], [ 45.484, 36.009 ], [ 45.723, 35.837 ], [ 46.167, 35.821 ], [ 46.262, 35.744 ], [ 46.037, 35.673 ], [ 45.971, 35.524 ], [ 46.112, 35.322 ], [ 46.134, 35.128 ], [ 45.921, 35.029 ], [ 45.678, 34.798 ], [ 45.637, 34.574 ], [ 45.501, 34.582 ], [ 45.438, 34.415 ], [ 45.527, 34.285 ], [ 45.529, 34.153 ], [ 45.397, 33.971 ], [ 45.473, 33.925 ], [ 45.738, 33.603 ], [ 45.879, 33.61 ], [ 45.873, 33.492 ], [ 45.981, 33.47 ], [ 46.146, 33.23 ], [ 46.081, 33.087 ], [ 46.113, 32.958 ], [ 46.377, 32.929 ], [ 46.57, 32.834 ], [ 47.121, 32.467 ], [ 47.371, 32.424 ], [ 47.512, 32.151 ], [ 47.591, 32.088 ], [ 47.83, 31.794 ], [ 47.679, 31.401 ], [ 47.679, 31.002 ], [ 48.011, 30.99 ], [ 48.015, 30.466 ], [ 48.148, 30.417 ], [ 48.331, 30.285 ], [ 48.435, 30.038 ], [ 48.547, 29.962 ] ], [ [ 61.262, 35.62 ], [ 61.252, 35.868 ], [ 61.153, 35.977 ], [ 61.212, 36.099 ], [ 61.12, 36.643 ], [ 60.341, 36.638 ], [ 60.063, 36.963 ], [ 59.949, 37.042 ], [ 59.562, 37.179 ], [ 59.367, 37.334 ], [ 59.345, 37.445 ], [ 59.241, 37.521 ], [ 58.815, 37.683 ], [ 58.436, 37.639 ], [ 58.262, 37.666 ], [ 58.109, 37.783 ], [ 57.711, 37.905 ], [ 57.424, 37.948 ], [ 57.194, 38.216 ], [ 56.907, 38.213 ], [ 56.775, 38.25 ], [ 56.441, 38.249 ], [ 56.229, 38.073 ], [ 55.578, 38.1 ], [ 55.381, 38.051 ], [ 55.076, 37.902 ], [ 54.849, 37.723 ], [ 54.745, 37.502 ], [ 54.192, 37.332 ], [ 53.914, 37.344 ] ], [ [ 140.973, -2.6 ], [ 140.974, -3.617 ], [ 140.974, -4.43 ], [ 140.975, -5.243 ], [ 140.975, -6.346 ], [ 140.875, -6.611 ], [ 140.862, -6.74 ], [ 140.975, -6.905 ], [ 140.976, -7.682 ], [ 140.976, -9.119 ] ], [ [ 9.519, 30.229 ], [ 9.31, 30.115 ], [ 9.64, 29.636 ], [ 9.746, 29.369 ], [ 9.843, 28.967 ], [ 9.816, 28.56 ], [ 9.858, 28.043 ], [ 9.916, 27.786 ], [ 9.748, 27.331 ], [ 9.753, 27.219 ], [ 9.837, 26.916 ], [ 9.894, 26.848 ], [ 9.859, 26.552 ], [ 9.491, 26.334 ], [ 9.438, 26.246 ], [ 9.448, 26.067 ], [ 10.001, 25.332 ], [ 10.028, 25.051 ], [ 10.12, 24.79 ], [ 10.256, 24.591 ], [ 10.439, 24.48 ], [ 10.686, 24.551 ], [ 11.508, 24.314 ], [ 11.537, 24.291 ], [ 11.968, 23.518 ] ], [ [ -13.729, 12.674 ], [ -15.196, 12.68 ], [ -15.575, 12.49 ], [ -15.84, 12.438 ], [ -16.144, 12.457 ], [ -16.416, 12.368 ], [ -16.712, 12.355 ] ], [ [ -11.389, 12.404 ], [ -11.574, 12.426 ], [ -11.808, 12.387 ], [ -12.042, 12.398 ], [ -12.291, 12.328 ], [ -12.399, 12.34 ], [ -12.797, 12.452 ], [ -12.931, 12.532 ], [ -13.061, 12.49 ], [ -13.083, 12.634 ], [ -13.729, 12.674 ] ], [ [ 0.9, 10.993 ], [ 0.484, 10.992 ], [ -0.069, 11.116 ] ], [ [ -139.057, 60.002 ], [ -139.185, 60.084 ], [ -139.079, 60.344 ], [ -139.676, 60.328 ], [ -139.973, 60.183 ], [ -140.453, 60.3 ], [ -140.525, 60.218 ], [ -141.002, 60.3 ], [ -141.002, 61.177 ], [ -141.002, 62.053 ], [ -141.002, 63.514 ], [ -141.002, 64.391 ], [ -141.002, 65.852 ], [ -141.002, 66.437 ], [ -141.002, 67.605 ], [ -141.002, 68.482 ], [ -141.002, 69.651 ] ], [ [ -130.622, 54.709 ], [ -130.214, 55.026 ], [ -130.018, 55.285 ], [ -130.123, 55.691 ], [ -130.023, 56.015 ], [ -130.413, 56.123 ], [ -130.477, 56.231 ], [ -130.742, 56.341 ], [ -131.083, 56.405 ], [ -131.575, 56.599 ], [ -131.824, 56.59 ], [ -131.866, 56.793 ], [ -132.104, 56.857 ], [ -132.032, 57.027 ], [ -132.338, 57.079 ], [ -132.232, 57.199 ], [ -132.55, 57.5 ], [ -133.275, 58.223 ], [ -133.401, 58.411 ], [ -133.821, 58.705 ], [ -134.219, 58.85 ], [ -134.441, 59.085 ], [ -134.944, 59.288 ], [ -135.071, 59.441 ], [ -135.051, 59.579 ], [ -135.476, 59.793 ], [ -135.935, 59.663 ], [ -136.322, 59.605 ], [ -136.466, 59.459 ], [ -136.467, 59.28 ], [ -136.579, 59.152 ], [ -136.813, 59.15 ], [ -137.439, 58.903 ], [ -137.593, 59.226 ], [ -138.632, 59.778 ], [ -138.705, 59.901 ], [ -139.057, 60.002 ] ], [ [ -123.314, 48.993 ], [ -122.686, 48.993 ] ], [ [ -88.894, 15.891 ], [ -89.237, 15.894 ], [ -89.212, 16.527 ], [ -89.161, 17.815 ] ], [ [ -75.284, -0.107 ], [ -75.476, -0.157 ], [ -75.491, -0.248 ], [ -75.425, -0.409 ], [ -75.263, -0.555 ], [ -75.284, -0.707 ], [ -75.25, -0.952 ], [ -75.42, -0.962 ], [ -75.571, -1.531 ], [ -76.09, -2.133 ], [ -76.679, -2.563 ], [ -77.36, -2.81 ], [ -77.861, -2.982 ], [ -77.938, -3.047 ], [ -78.183, -3.35 ], [ -78.226, -3.489 ], [ -78.347, -3.431 ], [ -78.42, -3.777 ], [ -78.55, -3.987 ], [ -78.679, -4.326 ], [ -78.686, -4.562 ], [ -78.862, -4.665 ], [ -78.975, -4.873 ], [ -79.076, -4.991 ], [ -79.331, -4.928 ], [ -79.502, -4.671 ], [ -79.516, -4.539 ], [ -79.639, -4.455 ], [ -79.797, -4.476 ], [ -80.14, -4.296 ], [ -80.384, -4.464 ], [ -80.488, -4.394 ], [ -80.454, -4.205 ], [ -80.51, -4.07 ], [ -80.437, -3.979 ], [ -80.303, -4.005 ], [ -80.179, -3.878 ], [ -80.274, -3.425 ], [ -80.325, -3.388 ] ], [ [ -69.966, -4.236 ], [ -70.168, -4.05 ], [ -70.24, -3.883 ], [ -70.339, -3.814 ], [ -70.53, -3.866 ], [ -70.735, -3.782 ], [ -70.074, -2.75 ], [ -70.096, -2.658 ], [ -70.576, -2.418 ], [ -70.915, -2.219 ], [ -71.113, -2.245 ], [ -71.196, -2.313 ], [ -71.397, -2.334 ], [ -71.559, -2.224 ], [ -71.753, -2.153 ], [ -71.984, -2.327 ], [ -72.396, -2.429 ], [ -72.625, -2.352 ], [ -72.887, -2.408 ], [ -73.154, -2.278 ], [ -73.127, -2.081 ], [ -73.197, -1.83 ], [ -73.349, -1.784 ], [ -73.496, -1.693 ], [ -73.494, -1.537 ], [ -73.664, -1.249 ], [ -73.863, -1.197 ], [ -74.054, -1.029 ], [ -74.246, -0.971 ], [ -74.334, -0.851 ], [ -74.418, -0.581 ], [ -74.616, -0.37 ], [ -74.755, -0.299 ], [ -74.802, -0.2 ], [ -74.945, -0.188 ], [ -75.138, -0.05 ], [ -75.284, -0.107 ] ], [ [ -66.876, 1.223 ], [ -67.094, 1.21 ], [ -67.09, 1.616 ], [ -67.119, 1.704 ], [ -67.352, 2.086 ], [ -67.5, 2.108 ], [ -67.609, 2.035 ], [ -67.815, 1.79 ], [ -67.99, 1.753 ], [ -68.13, 1.956 ], [ -68.256, 1.846 ], [ -68.177, 1.72 ], [ -69.32, 1.721 ], [ -69.581, 1.771 ], [ -69.849, 1.709 ], [ -69.852, 1.06 ], [ -69.361, 1.064 ], [ -69.259, 1.015 ], [ -69.163, 0.864 ], [ -69.174, 0.635 ], [ -69.283, 0.627 ], [ -69.472, 0.73 ], [ -69.807, 0.607 ], [ -70.054, 0.579 ], [ -70.071, -0.139 ], [ -69.923, -0.317 ], [ -69.667, -0.482 ], [ -69.592, -0.639 ], [ -69.621, -0.721 ], [ -69.544, -0.917 ], [ -69.449, -0.999 ], [ -69.4, -1.195 ], [ -69.669, -2.668 ], [ -69.85, -3.66 ], [ -69.966, -4.236 ] ], [ [ -69.579, -10.952 ], [ -69.046, -11.876 ], [ -68.685, -12.502 ], [ -68.759, -12.687 ], [ -68.979, -12.88 ], [ -68.983, -13.496 ], [ -69.074, -13.683 ], [ -68.88, -14.199 ], [ -69.005, -14.265 ], [ -69.013, -14.377 ], [ -69.235, -14.597 ], [ -69.276, -14.746 ], [ -69.359, -14.795 ], [ -69.375, -14.963 ], [ -69.172, -15.237 ], [ -69.302, -15.399 ], [ -69.419, -15.603 ], [ -69.392, -15.737 ], [ -69.218, -16.149 ], [ -69.134, -16.222 ], [ -68.913, -16.262 ], [ -68.858, -16.355 ], [ -69.006, -16.434 ], [ -69.021, -16.642 ], [ -69.2, -16.768 ], [ -69.438, -17.088 ], [ -69.625, -17.2 ], [ -69.626, -17.294 ], [ -69.522, -17.389 ], [ -69.511, -17.505 ] ], [ [ -69.579, -10.952 ], [ -69.229, -10.956 ], [ -68.848, -11.011 ], [ -68.728, -11.122 ], [ -68.398, -11.019 ], [ -68.267, -10.933 ], [ -68.072, -10.703 ], [ -67.835, -10.663 ], [ -67.722, -10.683 ], [ -67.582, -10.506 ], [ -67.28, -10.317 ], [ -67.112, -10.269 ], [ -66.73, -9.975 ], [ -66.575, -9.9 ], [ -66.264, -9.826 ], [ -65.707, -9.768 ], [ -65.559, -9.797 ], [ -65.396, -9.712 ], [ -65.309, -9.873 ], [ -65.313, -10.253 ], [ -65.437, -10.449 ], [ -65.44, -10.586 ], [ -65.334, -10.893 ], [ -65.324, -11.025 ], [ -65.39, -11.246 ], [ -65.322, -11.439 ], [ -65.206, -11.581 ], [ -65.163, -11.765 ], [ -65.09, -11.741 ], [ -64.993, -11.975 ], [ -64.83, -12.03 ], [ -64.513, -12.251 ], [ -64.421, -12.44 ], [ -63.939, -12.53 ], [ -63.788, -12.469 ], [ -63.586, -12.519 ], [ -63.347, -12.68 ], [ -63.25, -12.708 ], [ -63.067, -12.669 ], [ -63.015, -12.806 ], [ -62.765, -12.997 ], [ -62.687, -12.994 ], [ -62.353, -13.132 ], [ -62.176, -13.134 ], [ -61.945, -13.406 ], [ -61.79, -13.526 ], [ -61.512, -13.541 ], [ -61.077, -13.49 ], [ -60.915, -13.561 ], [ -60.507, -13.79 ], [ -60.405, -14.019 ], [ -60.475, -14.185 ], [ -60.396, -14.333 ], [ -60.299, -14.619 ], [ -60.273, -15.089 ], [ -60.53, -15.143 ], [ -60.242, -15.48 ], [ -60.176, -16.269 ], [ -59.434, -16.296 ], [ -58.538, -16.328 ], [ -58.346, -16.284 ], [ -58.35, -16.491 ], [ -58.471, -16.65 ], [ -58.46, -16.911 ], [ -58.396, -17.234 ], [ -57.991, -17.513 ], [ -57.832, -17.512 ], [ -57.78, -17.672 ], [ -57.586, -18.122 ], [ -57.496, -18.215 ], [ -57.574, -18.279 ], [ -57.783, -18.914 ], [ -57.717, -19.044 ], [ -57.8, -19.081 ], [ -58.132, -19.745 ], [ -57.861, -19.98 ], [ -58.16, -20.165 ] ], [ [ -69.966, -4.236 ], [ -70.053, -4.333 ], [ -70.239, -4.301 ], [ -70.405, -4.15 ], [ -70.799, -4.173 ], [ -70.974, -4.35 ], [ -71.521, -4.47 ], [ -71.845, -4.504 ], [ -72.257, -4.749 ], [ -72.699, -5.067 ], [ -72.887, -5.123 ], [ -72.98, -5.635 ], [ -73.163, -5.933 ], [ -73.236, -6.098 ], [ -73.135, -6.344 ], [ -73.137, -6.466 ], [ -73.5, -6.679 ], [ -73.758, -6.906 ], [ -73.805, -7.08 ], [ -73.723, -7.263 ], [ -73.749, -7.335 ], [ -73.964, -7.379 ], [ -74.002, -7.556 ], [ -73.822, -7.739 ], [ -73.72, -7.783 ], [ -73.776, -7.936 ], [ -73.61, -8.145 ], [ -73.549, -8.346 ], [ -73.36, -8.479 ], [ -73.302, -8.654 ], [ -73.203, -8.719 ], [ -72.974, -8.993 ], [ -72.97, -9.12 ], [ -73.209, -9.411 ], [ -72.814, -9.41 ], [ -72.379, -9.51 ], [ -72.318, -9.557 ], [ -72.26, -9.774 ], [ -72.173, -9.844 ], [ -72.182, -10.004 ], [ -71.608, -10.006 ], [ -71.238, -9.966 ], [ -70.971, -9.766 ], [ -70.885, -9.669 ], [ -70.637, -9.478 ], [ -70.567, -9.705 ], [ -70.637, -9.824 ], [ -70.642, -11.01 ], [ -70.533, -10.947 ], [ -70.392, -11.059 ], [ -70.22, -11.048 ], [ -69.96, -10.93 ], [ -69.579, -10.952 ] ], [ [ -62.651, -22.234 ], [ -62.277, -21.066 ], [ -62.276, -20.562 ], [ -61.917, -20.055 ], [ -61.757, -19.645 ], [ -60.889, -19.479 ], [ -60.007, -19.298 ], [ -59.091, -19.286 ], [ -58.18, -19.818 ], [ -58.14, -19.999 ], [ -58.16, -20.165 ] ], [ [ -17.048, 20.806 ], [ -17.064, 20.899 ], [ -16.965, 21.329 ], [ -15.919, 21.33 ], [ -15.231, 21.331 ], [ -13.855, 21.333 ], [ -13.016, 21.334 ], [ -13.094, 22.496 ], [ -13.166, 22.753 ], [ -13.031, 23.0 ], [ -12.62, 23.271 ], [ -12.373, 23.318 ], [ -12.023, 23.468 ], [ -12.016, 24.106 ], [ -12.016, 24.923 ], [ -12.016, 25.995 ], [ -11.121, 25.995 ], [ -9.817, 25.995 ], [ -8.682, 25.996 ], [ -8.683, 27.286 ] ], [ [ -8.683, 27.286 ], [ -7.743, 26.733 ], [ -6.803, 26.18 ], [ -5.517, 25.424 ], [ -4.823, 24.996 ] ], [ [ -8.683, 27.656 ], [ -8.683, 28.621 ], [ -8.66, 28.719 ], [ -8.265, 28.981 ], [ -7.999, 29.132 ], [ -7.685, 29.35 ], [ -7.486, 29.392 ], [ -7.235, 29.575 ], [ -7.095, 29.625 ], [ -6.635, 29.569 ], [ -6.521, 29.66 ], [ -6.501, 29.809 ], [ -6.215, 29.811 ], [ -5.775, 29.869 ], [ -5.449, 29.957 ], [ -5.18, 30.166 ], [ -4.968, 30.465 ], [ -4.779, 30.552 ], [ -4.323, 30.699 ], [ -3.985, 30.914 ], [ -3.702, 30.944 ], [ -3.627, 31.001 ], [ -3.673, 31.111 ], [ -3.833, 31.198 ], [ -3.789, 31.362 ], [ -3.837, 31.512 ], [ -3.827, 31.662 ], [ -3.7, 31.7 ], [ -3.44, 31.705 ], [ -3.017, 31.834 ], [ -2.931, 32.043 ], [ -2.863, 32.075 ], [ -2.448, 32.13 ], [ -1.275, 32.089 ] ], [ [ -8.683, 27.286 ], [ -8.683, 27.656 ] ], [ [ -12.281, 14.809 ], [ -12.409, 14.889 ], [ -12.544, 15.039 ], [ -12.66, 15.082 ], [ -12.859, 15.243 ], [ -12.863, 15.34 ], [ -12.994, 15.505 ], [ -13.079, 15.51 ], [ -13.258, 15.7 ], [ -13.297, 15.854 ], [ -13.41, 16.059 ], [ -13.556, 16.144 ], [ -13.868, 16.148 ], [ -13.975, 16.311 ], [ -14.3, 16.58 ], [ -14.534, 16.656 ], [ -15.113, 16.645 ], [ -15.211, 16.583 ], [ -15.38, 16.582 ], [ -15.621, 16.507 ], [ -15.959, 16.492 ], [ -16.168, 16.547 ], [ -16.302, 16.451 ], [ -16.441, 16.205 ], [ -16.535, 15.838 ] ], [ [ -4.823, 24.996 ], [ -5.96, 24.995 ], [ -6.594, 24.995 ], [ -6.482, 24.021 ], [ -6.368, 23.026 ], [ -6.283, 22.28 ], [ -6.14, 21.037 ], [ -6.026, 20.042 ], [ -5.913, 19.048 ], [ -5.827, 18.302 ], [ -5.742, 17.556 ], [ -5.629, 16.569 ], [ -5.36, 16.283 ], [ -5.513, 15.496 ], [ -6.54, 15.496 ], [ -7.763, 15.496 ], [ -9.177, 15.496 ], [ -9.448, 15.575 ], [ -9.447, 15.458 ], [ -9.941, 15.374 ], [ -10.13, 15.384 ], [ -10.412, 15.438 ], [ -10.697, 15.423 ], [ -10.896, 15.15 ], [ -11.169, 15.359 ], [ -11.455, 15.625 ], [ -11.503, 15.637 ], [ -11.76, 15.426 ], [ -11.829, 15.245 ], [ -11.873, 14.995 ], [ -11.941, 14.887 ], [ -12.105, 14.745 ], [ -12.281, 14.809 ] ], [ [ 4.228, 19.143 ], [ 3.401, 18.988 ], [ 3.256, 19.013 ], [ 3.106, 19.15 ], [ 3.256, 19.411 ], [ 3.202, 19.56 ], [ 3.204, 19.79 ], [ 3.13, 19.85 ], [ 2.866, 19.956 ], [ 2.406, 20.064 ], [ 2.219, 20.248 ], [ 1.929, 20.273 ], [ 1.685, 20.378 ], [ 1.611, 20.556 ], [ 1.29, 20.714 ], [ 1.166, 20.817 ], [ 1.146, 21.102 ], [ 0.344, 21.626 ], [ -0.311, 22.054 ], [ -1.293, 22.697 ], [ -2.275, 23.339 ], [ -3.258, 23.981 ], [ -3.913, 24.409 ], [ -4.823, 24.996 ] ], [ [ 4.228, 19.143 ], [ 5.748, 19.434 ], [ 5.837, 19.479 ], [ 6.527, 20.073 ], [ 6.989, 20.471 ], [ 7.482, 20.873 ], [ 8.343, 21.381 ], [ 9.379, 21.991 ], [ 10.414, 22.602 ], [ 10.932, 22.907 ], [ 11.968, 23.518 ] ], [ [ 9.519, 30.229 ], [ 9.363, 30.833 ], [ 9.044, 32.072 ], [ 8.333, 32.544 ], [ 8.211, 32.927 ], [ 8.076, 33.089 ], [ 7.763, 33.233 ], [ 7.5, 33.832 ], [ 7.514, 34.081 ], [ 7.748, 34.254 ], [ 7.838, 34.41 ], [ 8.123, 34.564 ], [ 8.246, 34.734 ], [ 8.277, 34.979 ], [ 8.394, 35.204 ], [ 8.316, 35.403 ], [ 8.318, 35.655 ], [ 8.246, 35.871 ], [ 8.349, 36.368 ], [ 8.231, 36.545 ], [ 8.37, 36.632 ], [ 8.444, 36.761 ], [ 8.601, 36.834 ], [ 8.577, 36.937 ] ], [ [ 23.98, 19.497 ], [ 23.501, 19.733 ], [ 22.543, 20.206 ], [ 21.585, 20.68 ], [ 20.627, 21.153 ], [ 19.669, 21.626 ], [ 18.71, 22.099 ], [ 17.752, 22.572 ], [ 16.794, 23.045 ], [ 15.984, 23.445 ], [ 15.347, 23.161 ], [ 14.978, 22.996 ] ], [ [ 24.98, 21.996 ], [ 24.98, 20.501 ], [ 24.967, 19.995 ], [ 23.98, 19.996 ], [ 23.98, 19.497 ] ], [ [ 25.15, 31.655 ], [ 24.853, 31.335 ], [ 24.878, 31.061 ], [ 24.974, 30.777 ], [ 24.878, 30.458 ], [ 24.726, 30.251 ], [ 24.712, 30.132 ], [ 24.804, 29.886 ], [ 24.916, 29.376 ], [ 24.98, 29.182 ], [ 24.98, 28.508 ], [ 24.98, 27.61 ], [ 24.98, 26.487 ], [ 24.98, 25.364 ], [ 24.98, 24.017 ], [ 24.98, 23.343 ], [ 24.98, 21.996 ] ], [ [ 22.86, 10.92 ], [ 22.938, 11.192 ], [ 22.923, 11.345 ], [ 22.641, 11.516 ], [ 22.556, 11.67 ], [ 22.581, 11.99 ], [ 22.49, 12.045 ], [ 22.39, 12.463 ], [ 22.414, 12.546 ], [ 22.352, 12.66 ], [ 22.233, 12.709 ], [ 22.001, 12.672 ], [ 21.878, 12.699 ], [ 21.825, 12.791 ], [ 21.908, 13.001 ], [ 21.99, 13.113 ], [ 22.158, 13.215 ], [ 22.228, 13.33 ], [ 22.202, 13.538 ], [ 22.108, 13.73 ], [ 22.173, 13.911 ], [ 22.51, 14.127 ], [ 22.382, 14.55 ], [ 22.468, 14.633 ], [ 22.671, 14.722 ], [ 22.679, 14.851 ], [ 22.763, 14.999 ], [ 22.932, 15.162 ], [ 22.969, 15.311 ], [ 22.934, 15.533 ], [ 23.105, 15.703 ], [ 23.243, 15.697 ], [ 23.708, 15.745 ], [ 23.946, 15.704 ], [ 23.983, 15.78 ], [ 23.983, 16.374 ], [ 23.982, 17.266 ], [ 23.981, 18.605 ], [ 23.98, 19.497 ] ], [ [ 24.98, 21.996 ], [ 26.126, 21.996 ], [ 26.89, 21.996 ], [ 28.036, 21.995 ], [ 29.183, 21.995 ], [ 30.329, 21.995 ], [ 31.261, 22.002 ], [ 31.359, 22.189 ], [ 31.486, 22.148 ], [ 31.434, 21.996 ], [ 32.606, 21.996 ], [ 33.59, 21.996 ], [ 34.247, 21.996 ], [ 35.231, 21.996 ], [ 35.887, 21.997 ], [ 36.871, 21.997 ] ], [ [ 41.884, 3.978 ], [ 41.342, 3.202 ], [ 40.964, 2.815 ], [ 40.97, 1.378 ], [ 40.973, 0.535 ], [ 40.979, -0.87 ], [ 41.522, -1.572 ], [ 41.533, -1.695 ] ], [ [ 42.923, 10.999 ], [ 42.66, 10.621 ], [ 42.842, 10.203 ], [ 43.069, 9.926 ], [ 43.182, 9.88 ], [ 43.303, 9.609 ], [ 43.483, 9.379 ], [ 43.621, 9.337 ], [ 44.023, 8.986 ], [ 44.894, 8.7 ], [ 45.555, 8.483 ], [ 46.296, 8.235 ], [ 46.978, 7.997 ], [ 47.978, 7.997 ] ], [ [ 30.751, -8.194 ], [ 29.766, -8.344 ], [ 28.972, -8.465 ], [ 28.918, -8.701 ], [ 28.794, -8.891 ], [ 28.616, -9.072 ], [ 28.401, -9.225 ], [ 28.541, -9.51 ], [ 28.63, -9.831 ], [ 28.607, -10.397 ], [ 28.639, -10.669 ], [ 28.544, -10.802 ], [ 28.404, -11.354 ], [ 28.357, -11.483 ], [ 28.483, -11.812 ], [ 28.85, -12.121 ], [ 29.064, -12.349 ], [ 29.428, -12.431 ], [ 29.505, -12.386 ], [ 29.492, -12.267 ], [ 29.56, -12.202 ], [ 29.795, -12.155 ], [ 29.795, -13.393 ], [ 29.652, -13.414 ], [ 29.554, -13.249 ], [ 29.202, -13.398 ], [ 29.014, -13.369 ], [ 28.773, -12.982 ], [ 28.673, -12.861 ], [ 28.551, -12.836 ], [ 28.474, -12.623 ], [ 28.358, -12.482 ], [ 27.857, -12.285 ], [ 27.644, -12.267 ], [ 27.533, -12.195 ], [ 27.424, -11.945 ], [ 27.238, -11.784 ], [ 27.196, -11.605 ], [ 27.046, -11.616 ], [ 26.95, -11.899 ], [ 26.89, -11.944 ], [ 26.596, -11.972 ], [ 26.026, -11.89 ], [ 25.619, -11.744 ], [ 25.512, -11.753 ], [ 25.349, -11.623 ], [ 25.283, -11.405 ], [ 25.319, -11.237 ], [ 25.185, -11.243 ], [ 24.668, -11.353 ], [ 24.519, -11.439 ], [ 24.335, -11.371 ], [ 24.396, -11.255 ], [ 24.32, -11.072 ], [ 24.136, -11.026 ], [ 24.078, -10.891 ], [ 23.966, -10.872 ] ], [ [ 23.381, -17.641 ], [ 22.956, -17.286 ], [ 22.305, -16.69 ], [ 22.151, -16.597 ], [ 22.04, -16.263 ], [ 21.98, -15.956 ], [ 21.98, -15.082 ], [ 21.979, -13.799 ], [ 21.979, -13.001 ], [ 23.042, -13.001 ], [ 23.843, -13.001 ], [ 23.968, -12.957 ], [ 23.882, -12.799 ], [ 23.909, -12.636 ], [ 23.991, -12.422 ], [ 23.959, -12.118 ], [ 23.984, -11.725 ], [ 23.971, -11.636 ], [ 24.047, -11.405 ], [ 23.966, -10.872 ] ], [ [ 33.903, -1.002 ], [ 33.924, -0.398 ], [ 33.922, -0.017 ], [ 33.943, 0.174 ], [ 34.037, 0.295 ], [ 34.161, 0.605 ], [ 34.273, 0.686 ], [ 34.411, 0.867 ], [ 34.482, 1.042 ], [ 34.649, 1.185 ], [ 34.788, 1.231 ], [ 34.784, 1.381 ], [ 34.965, 1.643 ], [ 34.964, 2.062 ], [ 34.883, 2.418 ], [ 34.906, 2.48 ], [ 34.814, 2.62 ], [ 34.742, 2.818 ], [ 34.589, 2.925 ], [ 34.523, 3.12 ], [ 34.448, 3.163 ], [ 34.399, 3.413 ], [ 34.442, 3.606 ], [ 34.393, 3.692 ], [ 34.165, 3.813 ], [ 33.976, 4.22 ] ], [ [ 33.903, -1.002 ], [ 33.979, -1.002 ], [ 34.984, -1.561 ], [ 35.837, -2.037 ], [ 36.476, -2.394 ], [ 37.644, -3.045 ], [ 37.688, -3.246 ], [ 37.609, -3.46 ], [ 37.797, -3.674 ], [ 38.348, -4.071 ], [ 39.222, -4.692 ] ], [ [ 11.329, 2.167 ], [ 9.98, 2.168 ], [ 9.801, 2.304 ] ], [ [ 11.329, 2.167 ], [ 11.335, 1.0 ], [ 10.028, 1.004 ], [ 9.907, 0.96 ], [ 9.761, 1.075 ], [ 9.591, 1.032 ] ], [ [ 25.259, -17.794 ], [ 24.909, -17.821 ], [ 24.792, -17.865 ], [ 24.531, -18.053 ], [ 24.359, -17.978 ], [ 24.129, -18.078 ], [ 23.898, -18.229 ], [ 23.7, -18.424 ], [ 23.581, -18.453 ], [ 23.46, -18.231 ], [ 23.299, -18.027 ], [ 23.1, -18.01 ], [ 22.011, -18.199 ], [ 21.233, -18.307 ], [ 20.974, -18.319 ], [ 20.976, -19.744 ], [ 20.977, -20.56 ], [ 20.979, -21.376 ], [ 20.971, -22.0 ], [ 19.977, -22.0 ], [ 19.979, -23.103 ], [ 19.979, -23.676 ], [ 19.98, -24.752 ] ], [ [ 19.98, -24.777 ], [ 19.98, -25.642 ], [ 19.98, -26.976 ], [ 19.98, -28.451 ], [ 19.671, -28.504 ], [ 19.483, -28.662 ], [ 19.271, -28.778 ], [ 19.246, -28.902 ], [ 19.026, -28.928 ], [ 18.839, -28.869 ], [ 18.6, -28.855 ], [ 18.311, -28.886 ], [ 18.103, -28.872 ], [ 17.976, -28.811 ], [ 17.699, -28.768 ], [ 17.448, -28.698 ], [ 17.348, -28.501 ], [ 17.386, -28.353 ], [ 17.312, -28.229 ], [ 17.205, -28.199 ], [ 17.056, -28.031 ], [ 16.933, -28.07 ], [ 16.81, -28.265 ], [ 16.756, -28.452 ], [ 16.626, -28.488 ], [ 16.448, -28.618 ] ], [ [ 19.98, -24.752 ], [ 19.98, -24.777 ] ], [ [ 0.9, 10.993 ], [ 0.787, 10.71 ], [ 0.78, 10.36 ], [ 1.33, 9.997 ], [ 1.347, 9.568 ], [ 1.424, 9.285 ], [ 1.566, 9.137 ], [ 1.6, 9.05 ], [ 1.607, 8.559 ], [ 1.625, 8.271 ], [ 1.625, 6.997 ], [ 1.582, 6.877 ], [ 1.578, 6.687 ], [ 1.743, 6.426 ], [ 1.778, 6.295 ], [ 1.623, 6.217 ] ], [ [ 42.799, 16.372 ], [ 43.034, 16.55 ], [ 43.165, 16.689 ], [ 43.184, 16.812 ], [ 43.116, 16.942 ], [ 43.191, 17.359 ], [ 43.418, 17.516 ], [ 43.597, 17.471 ], [ 43.713, 17.366 ], [ 43.917, 17.325 ], [ 44.156, 17.399 ], [ 44.546, 17.404 ], [ 44.747, 17.432 ], [ 45.148, 17.427 ], [ 45.407, 17.32 ], [ 46.31, 17.231 ], [ 46.682, 17.269 ], [ 46.779, 17.212 ], [ 46.976, 16.953 ], [ 47.144, 16.947 ], [ 47.442, 17.112 ], [ 47.58, 17.448 ], [ 48.172, 18.157 ], [ 49.042, 18.582 ], [ 49.192, 18.621 ], [ 50.355, 18.778 ], [ 51.258, 18.899 ], [ 51.978, 18.996 ] ], [ [ 51.978, 18.996 ], [ 52.287, 18.297 ], [ 52.729, 17.3 ], [ 52.801, 17.268 ], [ 53.086, 16.648 ] ], [ [ 55.186, 22.704 ], [ 55.641, 22.002 ], [ 55.314, 21.015 ], [ 54.977, 19.996 ], [ 53.839, 19.616 ], [ 53.151, 19.387 ], [ 51.978, 18.996 ] ], [ [ 55.186, 22.704 ], [ 55.104, 22.621 ], [ 53.832, 22.777 ], [ 52.555, 22.933 ], [ 52.014, 23.576 ], [ 51.593, 24.079 ], [ 51.568, 24.286 ] ], [ [ 42.359, 37.109 ], [ 42.35, 37.061 ], [ 42.084, 36.826 ], [ 41.789, 36.597 ], [ 41.417, 36.515 ], [ 41.296, 36.383 ], [ 41.246, 36.073 ], [ 41.353, 35.81 ], [ 41.354, 35.64 ], [ 41.216, 35.288 ], [ 41.195, 34.769 ], [ 40.987, 34.429 ], [ 40.689, 34.332 ], [ 39.564, 33.768 ], [ 38.774, 33.372 ] ], [ [ 35.787, 32.735 ], [ 35.895, 32.714 ], [ 36.059, 32.534 ], [ 36.22, 32.495 ], [ 36.372, 32.387 ], [ 36.818, 32.317 ], [ 38.056, 32.995 ], [ 38.774, 33.372 ] ], [ [ 35.611, 32.682 ], [ 35.787, 32.735 ] ], [ [ 39.145, 32.124 ], [ 39.293, 32.244 ], [ 39.247, 32.351 ], [ 39.041, 32.306 ], [ 38.982, 32.473 ], [ 39.058, 32.493 ], [ 38.774, 33.372 ] ], [ [ 34.951, 29.354 ], [ 36.015, 29.19 ], [ 36.068, 29.201 ], [ 36.476, 29.495 ], [ 36.704, 29.832 ], [ 36.755, 29.866 ], [ 37.469, 29.995 ], [ 37.634, 30.313 ], [ 37.98, 30.5 ], [ 37.479, 31.008 ], [ 36.959, 31.492 ], [ 37.774, 31.696 ], [ 38.962, 31.995 ], [ 39.145, 32.124 ] ], [ [ 46.531, 29.096 ], [ 46.356, 29.064 ], [ 45.499, 29.132 ], [ 44.691, 29.202 ], [ 43.774, 29.849 ], [ 42.858, 30.495 ], [ 42.074, 31.08 ], [ 40.808, 31.725 ], [ 40.369, 31.939 ], [ 39.145, 32.124 ] ], [ [ 61.588, 25.202 ], [ 61.615, 25.286 ], [ 61.669, 25.769 ], [ 61.754, 25.843 ], [ 61.81, 26.165 ], [ 61.87, 26.242 ], [ 62.239, 26.357 ], [ 62.312, 26.491 ], [ 62.439, 26.561 ], [ 62.787, 26.644 ], [ 63.093, 26.632 ], [ 63.168, 26.666 ], [ 63.186, 26.838 ], [ 63.25, 26.879 ], [ 63.242, 27.078 ], [ 63.305, 27.125 ], [ 63.167, 27.252 ], [ 62.915, 27.218 ], [ 62.763, 27.25 ], [ 62.812, 27.497 ], [ 62.74, 28.002 ], [ 62.763, 28.202 ], [ 62.565, 28.235 ], [ 62.353, 28.415 ], [ 61.89, 28.547 ], [ 61.623, 28.792 ], [ 61.338, 29.265 ], [ 61.318, 29.373 ], [ 60.843, 29.859 ] ], [ [ 60.843, 29.859 ], [ 61.784, 30.832 ], [ 61.814, 31.073 ], [ 61.755, 31.285 ], [ 61.66, 31.382 ], [ 60.854, 31.483 ], [ 60.792, 31.661 ], [ 60.79, 31.987 ], [ 60.829, 32.249 ], [ 60.577, 32.995 ], [ 60.561, 33.138 ], [ 60.917, 33.505 ], [ 60.655, 33.56 ], [ 60.511, 33.639 ], [ 60.527, 33.842 ], [ 60.486, 34.095 ], [ 60.643, 34.307 ], [ 60.889, 34.319 ], [ 60.726, 34.518 ], [ 60.951, 34.654 ], [ 61.08, 34.856 ], [ 61.15, 35.094 ], [ 61.1, 35.272 ], [ 61.189, 35.312 ], [ 61.279, 35.514 ], [ 61.262, 35.62 ] ], [ [ 73.732, 36.888 ], [ 74.002, 36.823 ], [ 74.541, 37.022 ] ], [ [ 60.843, 29.859 ], [ 62.373, 29.425 ], [ 62.477, 29.408 ], [ 63.568, 29.498 ], [ 64.099, 29.392 ], [ 64.266, 29.507 ], [ 64.521, 29.565 ], [ 65.095, 29.559 ], [ 66.177, 29.836 ], [ 66.313, 29.969 ], [ 66.247, 30.043 ], [ 66.305, 30.321 ], [ 66.287, 30.608 ], [ 66.397, 30.912 ], [ 66.567, 30.997 ], [ 66.731, 31.195 ], [ 66.924, 31.306 ], [ 67.287, 31.218 ], [ 67.453, 31.235 ], [ 67.738, 31.344 ], [ 67.578, 31.506 ], [ 67.74, 31.548 ], [ 68.017, 31.678 ], [ 68.214, 31.807 ], [ 68.443, 31.754 ], [ 68.598, 31.803 ], [ 68.782, 31.646 ], [ 68.869, 31.634 ], [ 69.083, 31.738 ], [ 69.279, 31.937 ], [ 69.241, 32.434 ], [ 69.405, 32.683 ], [ 69.502, 33.02 ], [ 69.704, 33.095 ], [ 69.92, 33.112 ], [ 70.261, 33.289 ], [ 70.284, 33.369 ], [ 70.057, 33.72 ], [ 69.868, 33.898 ], [ 69.89, 34.007 ], [ 69.995, 34.052 ], [ 70.416, 33.95 ], [ 70.848, 33.982 ], [ 71.052, 34.05 ], [ 71.091, 34.12 ], [ 71.096, 34.369 ], [ 70.966, 34.53 ], [ 71.294, 34.868 ], [ 71.455, 34.967 ], [ 71.62, 35.183 ], [ 71.545, 35.289 ], [ 71.601, 35.408 ], [ 71.428, 35.834 ], [ 71.185, 36.042 ], [ 71.233, 36.122 ], [ 71.62, 36.436 ], [ 71.822, 36.486 ], [ 72.096, 36.634 ], [ 72.157, 36.701 ], [ 72.623, 36.83 ], [ 73.117, 36.869 ], [ 73.732, 36.888 ] ], [ [ 70.947, 42.249 ], [ 70.715, 42.169 ], [ 70.613, 42.055 ], [ 70.416, 42.079 ], [ 70.096, 41.82 ], [ 69.664, 41.672 ], [ 69.368, 41.491 ], [ 69.065, 41.367 ], [ 68.987, 41.205 ], [ 68.737, 41.042 ], [ 68.584, 40.876 ], [ 68.601, 40.66 ], [ 68.496, 40.609 ], [ 68.292, 40.656 ], [ 68.048, 40.809 ], [ 68.113, 41.029 ], [ 67.936, 41.197 ], [ 66.814, 41.142 ], [ 66.669, 41.271 ], [ 66.538, 41.741 ], [ 66.499, 41.995 ], [ 66.01, 42.005 ], [ 66.016, 42.315 ], [ 66.05, 42.473 ], [ 66.1, 42.991 ], [ 65.803, 42.877 ], [ 65.496, 43.311 ], [ 65.27, 43.418 ], [ 64.905, 43.715 ], [ 64.443, 43.551 ], [ 63.207, 43.628 ], [ 62.072, 43.489 ], [ 61.99, 43.492 ], [ 61.161, 44.169 ], [ 61.008, 44.394 ], [ 59.636, 45.047 ], [ 58.555, 45.555 ], [ 57.477, 45.337 ], [ 55.976, 44.995 ], [ 55.976, 43.618 ], [ 55.977, 42.929 ], [ 55.977, 42.011 ], [ 55.977, 41.322 ] ], [ [ 13.606, 13.705 ], [ 13.448, 14.381 ], [ 13.642, 14.631 ], [ 13.807, 14.966 ], [ 14.368, 15.75 ], [ 14.747, 16.147 ], [ 15.474, 16.908 ], [ 15.562, 17.937 ], [ 15.638, 18.811 ], [ 15.735, 19.904 ], [ 15.949, 20.303 ], [ 15.929, 20.4 ], [ 15.587, 20.733 ], [ 15.54, 20.875 ], [ 15.607, 20.954 ], [ 15.294, 21.412 ], [ 15.182, 21.523 ], [ 15.172, 21.922 ], [ 15.089, 22.418 ], [ 14.979, 22.996 ] ], [ [ 11.968, 23.518 ], [ 13.481, 23.18 ], [ 13.599, 23.12 ], [ 14.201, 22.624 ], [ 14.231, 22.618 ], [ 14.979, 22.996 ] ], [ [ 0.217, 14.911 ], [ 0.286, 14.98 ], [ 0.719, 14.955 ], [ 0.96, 14.987 ], [ 1.3, 15.272 ], [ 1.859, 15.302 ], [ 3.001, 15.341 ], [ 3.06, 15.427 ], [ 3.504, 15.356 ], [ 3.521, 15.483 ], [ 3.877, 15.755 ], [ 4.015, 16.193 ], [ 4.121, 16.358 ], [ 4.182, 16.582 ], [ 4.203, 16.963 ], [ 4.235, 16.996 ], [ 4.232, 17.831 ], [ 4.228, 19.143 ] ], [ [ -0.069, 11.116 ], [ -0.299, 11.167 ], [ -0.492, 11.008 ], [ -0.649, 10.927 ], [ -0.701, 10.989 ], [ -1.042, 11.01 ], [ -1.233, 10.997 ], [ -1.537, 11.023 ], [ -1.6, 10.998 ], [ -2.752, 10.986 ], [ -2.83, 10.998 ], [ -2.907, 10.728 ], [ -2.915, 10.592 ], [ -2.787, 10.402 ], [ -2.783, 10.083 ], [ -2.751, 9.91 ], [ -2.766, 9.658 ], [ -2.696, 9.481 ] ], [ [ -13.293, 9.049 ], [ -13.13, 9.048 ], [ -13.028, 9.104 ], [ -12.959, 9.263 ], [ -12.756, 9.374 ], [ -12.558, 9.705 ], [ -12.501, 9.862 ], [ -12.278, 9.93 ], [ -12.142, 9.875 ], [ -11.923, 9.923 ], [ -11.911, 9.993 ], [ -11.274, 9.997 ], [ -11.206, 9.978 ], [ -11.047, 9.786 ], [ -10.865, 9.516 ], [ -10.691, 9.314 ], [ -10.75, 9.122 ], [ -10.616, 9.059 ], [ -10.606, 8.868 ], [ -10.501, 8.688 ], [ -10.628, 8.53 ], [ -10.712, 8.335 ], [ -10.558, 8.316 ], [ -10.394, 8.481 ], [ -10.283, 8.485 ] ], [ [ 5.79, 49.538 ], [ 5.959, 49.455 ], [ 6.242, 49.494 ], [ 6.344, 49.453 ] ], [ [ 56.08, 26.063 ], [ 56.167, 26.047 ], [ 56.145, 25.691 ], [ 56.298, 25.651 ] ], [ [ 30.51, -1.067 ], [ 30.36, -1.075 ], [ 30.102, -1.369 ], [ 29.991, -1.447 ], [ 29.882, -1.452 ], [ 29.825, -1.336 ], [ 29.577, -1.388 ] ], [ [ 30.51, -1.067 ], [ 30.47, -1.131 ], [ 30.632, -1.367 ], [ 30.711, -1.397 ], [ 30.813, -1.563 ], [ 30.819, -1.967 ], [ 30.877, -2.143 ], [ 30.829, -2.339 ], [ 30.554, -2.4 ] ], [ [ 33.903, -1.002 ], [ 33.261, -1.002 ], [ 32.194, -1.002 ], [ 31.483, -1.002 ], [ 30.742, -1.008 ], [ 30.51, -1.067 ] ], [ [ 34.591, -11.971 ], [ 34.554, -11.982 ], [ 34.542, -12.019 ], [ 34.58, -12.066 ], [ 34.622, -12.067 ], [ 34.642, -12.014 ], [ 34.624, -11.985 ], [ 34.591, -11.971 ], [ 34.591, -11.971 ], [ 34.591, -11.971 ], [ 34.591, -11.971 ], [ 34.591, -11.971 ], [ 34.591, -11.971 ], [ 34.591, -11.971 ], [ 34.591, -11.971 ], [ 34.591, -11.971 ], [ 34.591, -11.971 ], [ 34.591, -11.971 ], [ 34.591, -11.971 ], [ 34.591, -11.971 ], [ 34.591, -11.971 ], [ 34.591, -11.971 ], [ 34.591, -11.971 ], [ 34.591, -11.971 ], [ 34.591, -11.971 ] ], [ [ 87.323, 49.086 ], [ 87.417, 49.077 ], [ 87.516, 49.122 ], [ 87.762, 49.166 ], [ 87.818, 49.162 ] ], [ [ 45.504, 40.665 ], [ 45.479, 40.648 ], [ 45.479, 40.607 ], [ 45.514, 40.6 ], [ 45.552, 40.616 ], [ 45.562, 40.649 ], [ 45.534, 40.664 ], [ 45.504, 40.665 ], [ 45.504, 40.665 ], [ 45.504, 40.665 ], [ 45.504, 40.665 ], [ 45.504, 40.665 ], [ 45.504, 40.665 ], [ 45.504, 40.665 ], [ 45.504, 40.665 ], [ 45.504, 40.665 ], [ 45.504, 40.665 ], [ 45.504, 40.665 ], [ 45.504, 40.665 ], [ 45.504, 40.665 ] ], [ [ 44.994, 41.086 ], [ 44.961, 41.079 ], [ 44.959, 41.053 ], [ 44.969, 41.027 ], [ 45.002, 41.016 ], [ 45.024, 41.027 ], [ 45.029, 41.054 ], [ 45.021, 41.078 ], [ 44.994, 41.086 ], [ 44.994, 41.086 ], [ 44.994, 41.086 ], [ 44.994, 41.086 ], [ 44.994, 41.086 ], [ 44.994, 41.086 ], [ 44.994, 41.086 ], [ 44.994, 41.086 ], [ 44.994, 41.086 ], [ 44.994, 41.086 ], [ 44.994, 41.086 ], [ 44.994, 41.086 ], [ 44.994, 41.086 ] ], [ [ 12.441, 43.982 ], [ 12.397, 43.935 ], [ 12.426, 43.894 ], [ 12.485, 43.901 ], [ 12.515, 43.953 ], [ 12.504, 43.99 ], [ 12.441, 43.982 ], [ 12.441, 43.982 ], [ 12.441, 43.982 ], [ 12.441, 43.982 ], [ 12.441, 43.982 ], [ 12.441, 43.982 ], [ 12.441, 43.982 ], [ 12.441, 43.982 ], [ 12.441, 43.982 ], [ 12.441, 43.982 ], [ 12.441, 43.982 ], [ 12.441, 43.982 ], [ 12.441, 43.982 ] ], [ [ 70.572, 41.025 ], [ 70.55, 41.015 ], [ 70.569, 40.982 ], [ 70.623, 40.934 ], [ 70.653, 40.937 ], [ 70.649, 40.961 ], [ 70.618, 41.002 ], [ 70.572, 41.025 ], [ 70.572, 41.025 ], [ 70.572, 41.025 ], [ 70.572, 41.025 ], [ 70.572, 41.025 ], [ 70.572, 41.025 ], [ 70.572, 41.025 ], [ 70.572, 41.025 ], [ 70.572, 41.025 ], [ 70.572, 41.025 ], [ 70.572, 41.025 ], [ 70.572, 41.025 ], [ 70.572, 41.025 ] ], [ [ -117.128, 32.533 ], [ -115.984, 32.619 ], [ -114.725, 32.715 ], [ -114.836, 32.508 ], [ -113.887, 32.212 ], [ -112.939, 31.916 ], [ -111.99, 31.62 ], [ -111.042, 31.324 ], [ -109.982, 31.326 ], [ -108.921, 31.328 ], [ -108.214, 31.329 ], [ -108.212, 31.779 ], [ -107.552, 31.776 ], [ -106.453, 31.77 ], [ -106.256, 31.545 ], [ -105.813, 31.241 ], [ -105.514, 30.981 ], [ -105.276, 30.807 ], [ -104.979, 30.646 ], [ -104.836, 30.448 ], [ -104.681, 30.134 ], [ -104.681, 29.991 ], [ -104.504, 29.678 ], [ -104.401, 29.574 ], [ -104.111, 29.386 ], [ -103.664, 29.207 ], [ -103.258, 29.001 ], [ -103.09, 29.042 ], [ -102.892, 29.216 ], [ -102.834, 29.444 ], [ -102.734, 29.644 ], [ -102.615, 29.752 ], [ -102.476, 29.769 ], [ -102.269, 29.871 ], [ -101.991, 29.796 ], [ -101.44, 29.777 ], [ -101.304, 29.634 ], [ -101.039, 29.46 ], [ -101.016, 29.401 ], [ -100.755, 29.183 ], [ -100.659, 29.069 ], [ -100.55, 28.821 ], [ -100.332, 28.503 ], [ -100.296, 28.328 ], [ -100.001, 28.048 ], [ -99.89, 27.867 ], [ -99.754, 27.73 ], [ -99.505, 27.548 ], [ -99.51, 27.34 ], [ -99.44, 27.17 ], [ -99.444, 27.037 ], [ -99.23, 26.762 ], [ -99.108, 26.447 ], [ -98.765, 26.34 ], [ -98.598, 26.238 ], [ -98.378, 26.182 ], [ -98.275, 26.111 ], [ -98.083, 26.064 ], [ -97.801, 26.042 ], [ -97.587, 25.984 ], [ -97.358, 25.871 ], [ -97.146, 25.961 ] ], [ [ -92.235, 14.545 ], [ -92.16, 14.691 ], [ -92.186, 14.818 ], [ -92.144, 15.002 ], [ -92.075, 15.074 ], [ -92.204, 15.238 ], [ -92.187, 15.321 ], [ -91.737, 16.07 ], [ -90.447, 16.073 ], [ -90.417, 16.391 ], [ -90.634, 16.511 ], [ -90.711, 16.708 ], [ -90.976, 16.868 ], [ -91.224, 17.112 ], [ -91.41, 17.256 ], [ -90.993, 17.252 ], [ -90.989, 17.816 ], [ -90.184, 17.816 ], [ -89.161, 17.815 ], [ -89.134, 17.971 ], [ -89.05, 18.0 ], [ -88.898, 17.915 ], [ -88.806, 17.966 ], [ -88.586, 18.291 ], [ -88.523, 18.446 ], [ -88.296, 18.472 ], [ -88.249, 18.413 ], [ -88.04, 18.416 ], [ -88.042, 18.195 ], [ -87.826, 18.181 ] ], [ [ -54.616, -25.576 ], [ -54.611, -25.433 ], [ -54.473, -25.22 ], [ -54.413, -24.867 ], [ -54.313, -24.528 ], [ -54.281, -24.306 ], [ -54.318, -24.128 ], [ -54.242, -24.047 ], [ -54.44, -23.902 ], [ -54.625, -23.812 ], [ -54.983, -23.975 ], [ -55.194, -24.018 ], [ -55.366, -23.991 ], [ -55.442, -23.865 ], [ -55.459, -23.687 ], [ -55.538, -23.581 ], [ -55.518, -23.416 ], [ -55.561, -23.154 ], [ -55.601, -23.095 ], [ -55.654, -22.81 ], [ -55.618, -22.671 ], [ -55.747, -22.513 ], [ -55.753, -22.41 ], [ -55.849, -22.308 ], [ -56.19, -22.281 ], [ -56.352, -22.179 ], [ -56.395, -22.093 ], [ -56.524, -22.103 ], [ -56.633, -22.235 ], [ -56.937, -22.271 ], [ -57.238, -22.195 ], [ -57.331, -22.215 ], [ -57.569, -22.182 ], [ -57.721, -22.099 ], [ -57.82, -22.142 ], [ -57.986, -22.046 ], [ -57.933, -21.911 ], [ -57.916, -21.699 ], [ -57.946, -21.494 ], [ -57.873, -21.355 ], [ -57.83, -20.998 ], [ -57.979, -20.657 ], [ -58.002, -20.465 ], [ -58.125, -20.293 ], [ -58.16, -20.165 ] ], [ [ -62.651, -22.234 ], [ -62.626, -22.29 ], [ -62.372, -22.439 ], [ -62.214, -22.612 ], [ -62.067, -22.869 ], [ -61.928, -23.059 ], [ -61.506, -23.392 ], [ -61.208, -23.557 ], [ -61.033, -23.756 ], [ -60.84, -23.858 ], [ -60.505, -23.964 ], [ -60.262, -24.014 ], [ -60.11, -24.009 ], [ -59.892, -24.094 ], [ -59.609, -24.267 ], [ -59.373, -24.454 ], [ -59.187, -24.562 ], [ -58.724, -24.787 ], [ -58.52, -24.843 ], [ -58.365, -24.959 ], [ -58.136, -24.977 ], [ -57.822, -25.136 ], [ -57.587, -25.405 ], [ -57.572, -25.534 ], [ -57.755, -25.697 ], [ -57.891, -26.007 ], [ -58.082, -26.139 ], [ -58.203, -26.381 ], [ -58.191, -26.63 ], [ -58.323, -26.858 ], [ -58.485, -26.968 ], [ -58.642, -27.196 ], [ -58.605, -27.314 ], [ -58.168, -27.273 ], [ -57.812, -27.317 ], [ -57.391, -27.43 ], [ -57.112, -27.47 ], [ -56.872, -27.441 ], [ -56.716, -27.494 ], [ -56.603, -27.468 ], [ -56.437, -27.554 ], [ -56.164, -27.321 ], [ -55.951, -27.326 ], [ -55.79, -27.416 ], [ -55.633, -27.357 ], [ -55.597, -27.208 ], [ -55.427, -27.009 ], [ -55.136, -26.931 ], [ -54.934, -26.703 ], [ -54.826, -26.652 ], [ -54.678, -26.309 ], [ -54.632, -26.006 ], [ -54.616, -25.576 ] ], [ [ -62.651, -22.234 ], [ -62.745, -22.16 ], [ -62.843, -21.997 ], [ -63.819, -22.005 ], [ -63.976, -22.073 ], [ -64.266, -22.603 ], [ -64.374, -22.761 ], [ -64.524, -22.372 ], [ -64.606, -22.229 ], [ -64.843, -22.144 ], [ -65.058, -22.103 ], [ -65.771, -22.1 ], [ -66.099, -21.835 ], [ -66.248, -21.83 ], [ -66.365, -22.114 ], [ -66.712, -22.216 ], [ -66.8, -22.41 ], [ -66.991, -22.51 ], [ -67.055, -22.651 ], [ -67.195, -22.822 ] ], [ [ 26.619, 48.26 ], [ 26.847, 48.387 ], [ 27.228, 48.371 ], [ 27.549, 48.478 ], [ 27.82, 48.416 ], [ 28.088, 48.257 ], [ 28.291, 48.239 ], [ 28.327, 48.161 ], [ 28.774, 48.12 ], [ 28.973, 47.933 ], [ 29.195, 47.882 ], [ 29.211, 47.732 ], [ 29.123, 47.53 ], [ 29.16, 47.456 ], [ 29.549, 47.247 ], [ 29.515, 47.091 ], [ 29.572, 46.964 ], [ 29.878, 46.829 ], [ 29.942, 46.724 ], [ 29.924, 46.539 ], [ 30.131, 46.423 ], [ 29.838, 46.351 ], [ 29.752, 46.438 ], [ 29.615, 46.399 ], [ 29.146, 46.527 ], [ 28.927, 46.424 ], [ 29.006, 46.176 ], [ 28.948, 46.05 ], [ 28.739, 45.937 ], [ 28.729, 45.852 ], [ 28.492, 45.666 ], [ 28.471, 45.507 ], [ 28.212, 45.45 ] ], [ [ 67.759, 37.172 ], [ 67.958, 36.972 ], [ 68.068, 36.95 ], [ 68.387, 37.137 ], [ 68.669, 37.258 ], [ 68.96, 37.325 ], [ 69.265, 37.108 ], [ 69.415, 37.208 ], [ 69.399, 37.399 ], [ 69.492, 37.553 ], [ 69.626, 37.594 ], [ 69.941, 37.6 ], [ 70.045, 37.547 ], [ 70.251, 37.664 ], [ 70.215, 37.924 ], [ 70.418, 38.075 ], [ 70.616, 38.334 ], [ 70.879, 38.456 ], [ 71.052, 38.418 ], [ 71.256, 38.307 ], [ 71.333, 38.17 ], [ 71.279, 37.918 ], [ 71.552, 37.933 ], [ 71.58, 37.864 ], [ 71.505, 37.603 ], [ 71.433, 37.128 ], [ 71.598, 36.733 ], [ 71.802, 36.694 ], [ 72.154, 36.901 ], [ 72.359, 36.983 ], [ 72.657, 37.029 ], [ 72.757, 37.173 ], [ 72.896, 37.268 ], [ 73.211, 37.409 ], [ 73.481, 37.472 ], [ 73.721, 37.419 ], [ 73.75, 37.232 ], [ 74.167, 37.329 ], [ 74.26, 37.415 ], [ 74.659, 37.394 ], [ 74.891, 37.232 ] ], [ [ 66.522, 37.348 ], [ 66.828, 37.371 ], [ 67.069, 37.335 ], [ 67.195, 37.235 ], [ 67.32, 37.21 ], [ 67.517, 37.267 ], [ 67.759, 37.172 ] ], [ [ 61.262, 35.62 ], [ 61.345, 35.63 ], [ 61.543, 35.458 ], [ 61.72, 35.419 ], [ 61.984, 35.444 ], [ 62.253, 35.25 ], [ 62.308, 35.171 ], [ 62.463, 35.251 ], [ 62.611, 35.233 ], [ 63.057, 35.446 ], [ 63.17, 35.678 ], [ 63.109, 35.819 ], [ 63.862, 36.012 ], [ 64.01, 36.012 ], [ 64.092, 36.113 ], [ 64.358, 36.226 ], [ 64.511, 36.341 ], [ 64.816, 37.132 ], [ 65.09, 37.238 ], [ 65.555, 37.251 ], [ 65.641, 37.468 ], [ 65.765, 37.569 ], [ 66.108, 37.415 ], [ 66.522, 37.348 ] ], [ [ 92.575, 21.978 ], [ 92.491, 22.685 ], [ 92.362, 22.929 ], [ 92.334, 23.324 ], [ 92.246, 23.684 ], [ 92.127, 23.721 ], [ 91.93, 23.686 ], [ 91.938, 23.505 ], [ 91.754, 23.287 ], [ 91.774, 23.106 ], [ 91.62, 22.98 ], [ 91.511, 23.034 ], [ 91.436, 23.2 ], [ 91.315, 23.104 ], [ 91.16, 23.661 ], [ 91.232, 23.92 ], [ 91.367, 24.094 ], [ 91.526, 24.091 ], [ 91.669, 24.19 ], [ 91.877, 24.195 ], [ 91.952, 24.357 ], [ 92.064, 24.374 ], [ 92.198, 24.686 ], [ 92.251, 24.895 ], [ 92.443, 24.849 ], [ 92.468, 24.944 ], [ 92.205, 25.111 ], [ 92.05, 25.169 ], [ 91.48, 25.142 ], [ 91.293, 25.178 ], [ 90.439, 25.158 ], [ 90.25, 25.185 ], [ 89.814, 25.305 ], [ 89.825, 25.56 ], [ 89.8, 25.84 ], [ 89.823, 25.941 ], [ 89.71, 26.171 ], [ 89.619, 26.216 ], [ 89.55, 26.005 ], [ 89.467, 25.984 ], [ 89.289, 26.038 ], [ 89.108, 26.202 ], [ 89.067, 26.377 ], [ 88.924, 26.375 ], [ 88.97, 26.251 ], [ 88.683, 26.292 ], [ 88.681, 26.353 ], [ 88.518, 26.518 ], [ 88.346, 26.505 ], [ 88.44, 26.37 ], [ 88.151, 26.087 ], [ 88.085, 25.888 ], [ 88.253, 25.79 ], [ 88.452, 25.574 ], [ 88.593, 25.495 ], [ 88.769, 25.49 ], [ 88.82, 25.366 ], [ 88.944, 25.291 ], [ 88.89, 25.194 ], [ 88.748, 25.169 ], [ 88.456, 25.188 ], [ 88.313, 24.882 ], [ 88.15, 24.915 ], [ 88.023, 24.628 ], [ 88.145, 24.486 ], [ 88.287, 24.48 ], [ 88.397, 24.389 ], [ 88.642, 24.326 ], [ 88.734, 24.231 ], [ 88.7, 24.003 ], [ 88.567, 23.674 ], [ 88.741, 23.437 ], [ 88.724, 23.255 ], [ 88.928, 23.187 ], [ 88.851, 23.041 ], [ 88.921, 22.632 ], [ 89.05, 22.275 ], [ 89.051, 22.093 ] ], [ [ 2.389, 11.897 ], [ 2.413, 11.999 ], [ 2.366, 12.222 ], [ 2.648, 12.297 ], [ 2.805, 12.384 ], [ 2.878, 12.368 ], [ 3.15, 12.118 ], [ 3.36, 11.88 ], [ 3.45, 11.852 ], [ 3.595, 11.696 ] ], [ [ 18.61, 3.478 ], [ 18.622, 3.304 ], [ 18.491, 2.924 ], [ 18.212, 2.415 ], [ 18.072, 2.013 ], [ 18.058, 1.535 ], [ 17.902, 1.118 ], [ 17.886, 0.857 ], [ 17.925, 0.537 ], [ 17.888, 0.234 ], [ 17.773, -0.052 ], [ 17.724, -0.278 ], [ 17.753, -0.549 ], [ 17.543, -0.775 ], [ 17.279, -1.0 ], [ 17.108, -1.064 ], [ 16.88, -1.226 ], [ 16.78, -1.376 ], [ 16.541, -1.84 ], [ 16.215, -2.178 ], [ 16.192, -2.279 ], [ 16.217, -3.03 ], [ 16.147, -3.464 ], [ 15.99, -3.766 ], [ 15.872, -3.934 ], [ 15.6, -4.031 ], [ 15.395, -4.245 ], [ 15.267, -4.308 ], [ 15.106, -4.461 ], [ 14.779, -4.846 ], [ 14.634, -4.885 ], [ 14.411, -4.831 ], [ 14.365, -4.586 ], [ 14.45, -4.449 ], [ 14.358, -4.299 ], [ 13.941, -4.485 ], [ 13.717, -4.454 ], [ 13.685, -4.689 ], [ 13.415, -4.837 ], [ 13.073, -4.635 ] ], [ [ 28.975, -29.999 ], [ 29.098, -29.919 ], [ 29.142, -29.701 ], [ 29.294, -29.567 ], [ 29.391, -29.27 ], [ 29.301, -29.09 ], [ 28.954, -28.881 ], [ 28.626, -28.582 ], [ 28.233, -28.701 ], [ 27.96, -28.873 ], [ 27.736, -28.94 ], [ 27.527, -29.236 ], [ 27.294, -29.519 ], [ 27.095, -29.599 ], [ 27.052, -29.664 ], [ 27.13, -29.84 ], [ 27.355, -30.159 ], [ 27.388, -30.316 ], [ 27.492, -30.364 ], [ 27.753, -30.6 ], [ 28.018, -30.642 ], [ 28.139, -30.45 ], [ 28.392, -30.148 ], [ 28.634, -30.129 ], [ 28.975, -29.999 ] ], [ [ 29.365, -22.194 ], [ 29.663, -22.146 ], [ 29.902, -22.184 ], [ 30.19, -22.291 ], [ 30.46, -22.329 ], [ 30.712, -22.298 ], [ 31.073, -22.308 ], [ 31.288, -22.402 ] ], [ [ 19.98, -24.777 ], [ 20.345, -25.03 ], [ 20.473, -25.221 ], [ 20.609, -25.491 ], [ 20.793, -25.916 ], [ 20.815, -26.165 ], [ 20.627, -26.444 ], [ 20.641, -26.742 ], [ 20.74, -26.849 ], [ 20.871, -26.809 ], [ 21.071, -26.852 ], [ 21.455, -26.833 ], [ 21.646, -26.854 ], [ 21.833, -26.678 ], [ 22.091, -26.58 ], [ 22.218, -26.389 ], [ 22.549, -26.178 ], [ 22.64, -26.071 ], [ 22.879, -25.458 ], [ 23.022, -25.324 ], [ 23.266, -25.267 ], [ 23.521, -25.344 ], [ 23.894, -25.601 ], [ 24.193, -25.633 ], [ 24.331, -25.743 ], [ 24.748, -25.817 ], [ 24.999, -25.754 ], [ 25.213, -25.756 ], [ 25.444, -25.714 ], [ 25.584, -25.606 ], [ 25.852, -24.935 ], [ 25.912, -24.747 ], [ 26.131, -24.671 ], [ 26.397, -24.614 ], [ 26.618, -24.395 ], [ 26.835, -24.241 ], [ 26.987, -23.705 ], [ 27.146, -23.524 ], [ 27.399, -23.384 ], [ 27.499, -23.368 ], [ 27.593, -23.253 ], [ 27.717, -23.22 ], [ 27.891, -23.074 ], [ 28.028, -22.874 ], [ 28.21, -22.694 ], [ 28.382, -22.593 ], [ 28.543, -22.573 ], [ 28.84, -22.481 ], [ 29.014, -22.278 ], [ 29.13, -22.213 ], [ 29.365, -22.194 ] ], [ [ 34.959, -11.578 ], [ 35.631, -11.582 ], [ 35.785, -11.453 ], [ 35.911, -11.455 ], [ 36.082, -11.537 ], [ 36.191, -11.671 ], [ 36.519, -11.716 ], [ 36.674, -11.684 ], [ 36.771, -11.61 ], [ 36.979, -11.567 ], [ 37.218, -11.687 ], [ 37.373, -11.71 ], [ 37.542, -11.675 ], [ 37.725, -11.581 ], [ 37.829, -11.482 ], [ 37.92, -11.295 ], [ 38.177, -11.279 ], [ 38.315, -11.311 ], [ 38.492, -11.413 ], [ 38.795, -11.229 ], [ 38.988, -11.167 ], [ 39.171, -11.167 ], [ 39.322, -11.123 ], [ 39.563, -10.979 ], [ 39.817, -10.912 ], [ 39.989, -10.821 ], [ 40.464, -10.464 ] ], [ [ -84.348, 10.98 ], [ -84.168, 10.78 ], [ -83.811, 10.743 ], [ -83.659, 10.837 ], [ -83.642, 10.917 ] ], [ [ 28.148, 56.143 ], [ 27.896, 56.076 ], [ 27.642, 55.912 ], [ 27.577, 55.799 ], [ 27.053, 55.831 ], [ 26.822, 55.709 ], [ 26.594, 55.668 ] ], [ [ 28.212, 45.45 ], [ 28.451, 45.292 ], [ 28.761, 45.234 ], [ 29.224, 45.403 ], [ 29.404, 45.42 ], [ 29.568, 45.371 ], [ 29.706, 45.26 ] ], [ [ 21.36, 44.827 ], [ 21.636, 44.71 ], [ 21.909, 44.666 ], [ 22.093, 44.542 ], [ 22.351, 44.676 ], [ 22.498, 44.706 ], [ 22.721, 44.606 ], [ 22.554, 44.54 ], [ 22.495, 44.435 ], [ 22.705, 44.238 ] ], [ [ 56.234, 25.304 ], [ 56.216, 25.267 ], [ 56.211, 25.213 ], [ 56.24, 25.209 ], [ 56.282, 25.236 ], [ 56.288, 25.279 ], [ 56.277, 25.301 ], [ 56.234, 25.304 ], [ 56.234, 25.304 ], [ 56.234, 25.304 ], [ 56.234, 25.304 ], [ 56.234, 25.304 ] ], [ [ 32.113, -26.839 ], [ 32.353, -26.862 ], [ 32.886, -26.849 ] ], [ [ 71.737, 39.981 ], [ 71.681, 39.969 ], [ 71.669, 39.946 ], [ 71.706, 39.917 ], [ 71.753, 39.907 ], [ 71.78, 39.95 ], [ 71.79, 39.995 ], [ 71.765, 39.993 ], [ 71.737, 39.981 ], [ 71.737, 39.981 ], [ 71.737, 39.981 ], [ 71.737, 39.981 ], [ 71.737, 39.981 ] ], [ [ -122.686, 48.993 ], [ -121.834, 48.993 ], [ -120.554, 48.993 ], [ -119.702, 48.993 ], [ -118.423, 48.993 ], [ -117.57, 48.993 ], [ -116.291, 48.993 ], [ -115.438, 48.993 ], [ -114.159, 48.993 ], [ -112.453, 48.993 ], [ -111.174, 48.993 ], [ -110.321, 48.993 ], [ -109.042, 48.993 ], [ -107.763, 48.993 ], [ -106.057, 48.993 ], [ -104.778, 48.993 ], [ -103.926, 48.993 ], [ -102.646, 48.993 ], [ -100.941, 48.993 ], [ -100.088, 48.993 ], [ -98.809, 48.993 ], [ -97.53, 48.993 ], [ -96.677, 48.993 ], [ -95.162, 48.992 ], [ -95.155, 49.37 ], [ -94.854, 49.305 ], [ -94.843, 49.119 ], [ -94.705, 48.809 ], [ -94.621, 48.743 ], [ -94.055, 48.659 ], [ -93.708, 48.525 ], [ -93.378, 48.617 ], [ -92.996, 48.612 ], [ -92.501, 48.435 ], [ -92.415, 48.277 ], [ -92.172, 48.338 ], [ -92.005, 48.302 ], [ -91.858, 48.198 ], [ -91.518, 48.058 ], [ -91.221, 48.105 ], [ -91.043, 48.194 ], [ -90.84, 48.201 ], [ -90.744, 48.105 ], [ -90.092, 48.118 ], [ -89.994, 48.015 ], [ -89.456, 47.996 ], [ -89.186, 48.047 ], [ -88.612, 48.264 ], [ -88.378, 48.303 ], [ -87.208, 47.849 ], [ -86.429, 47.54 ], [ -84.876, 46.9 ], [ -84.779, 46.637 ], [ -84.562, 46.457 ], [ -84.192, 46.55 ], [ -84.088, 46.227 ], [ -83.978, 46.085 ], [ -83.616, 46.117 ], [ -83.469, 45.995 ], [ -83.593, 45.817 ], [ -82.551, 45.347 ], [ -82.281, 44.192 ], [ -82.138, 43.571 ], [ -82.408, 43.073 ], [ -82.488, 42.74 ], [ -82.545, 42.625 ], [ -82.868, 42.385 ], [ -83.073, 42.3 ], [ -83.15, 42.142 ], [ -83.142, 41.976 ], [ -83.03, 41.833 ], [ -82.69, 41.675 ], [ -82.439, 41.675 ], [ -81.278, 42.209 ], [ -80.248, 42.366 ], [ -79.037, 42.802 ], [ -78.915, 42.909 ], [ -79.066, 43.106 ], [ -79.059, 43.278 ], [ -79.172, 43.467 ], [ -78.72, 43.625 ], [ -76.82, 43.629 ], [ -76.465, 44.058 ], [ -76.151, 44.304 ], [ -75.876, 44.417 ], [ -75.401, 44.772 ], [ -75.179, 44.899 ], [ -74.857, 45.004 ], [ -73.182, 45.006 ], [ -71.518, 45.008 ], [ -71.327, 45.29 ], [ -71.135, 45.263 ], [ -71.0, 45.337 ], [ -70.898, 45.262 ], [ -70.702, 45.551 ], [ -70.421, 45.738 ], [ -70.296, 45.906 ], [ -70.305, 46.057 ], [ -70.248, 46.251 ], [ -70.067, 46.441 ], [ -70.008, 46.709 ], [ -69.243, 47.463 ], [ -69.05, 47.427 ], [ -69.049, 47.274 ], [ -68.829, 47.203 ], [ -68.311, 47.354 ], [ -68.097, 47.275 ], [ -67.807, 47.083 ], [ -67.785, 45.702 ], [ -67.433, 45.603 ], [ -67.494, 45.474 ], [ -67.428, 45.378 ], [ -67.473, 45.276 ], [ -67.367, 45.174 ], [ -67.125, 45.169 ] ], [ [ 34.959, -11.577 ], [ 34.937, -11.463 ], [ 34.774, -11.342 ], [ 34.608, -11.081 ], [ 34.662, -10.71 ], [ 34.584, -10.525 ], [ 34.57, -10.241 ], [ 34.524, -10.03 ], [ 34.321, -9.732 ], [ 34.089, -9.538 ], [ 33.996, -9.495 ], [ 33.889, -9.67 ] ], [ [ 107.973, 21.508 ], [ 107.802, 21.645 ], [ 107.471, 21.598 ], [ 107.351, 21.609 ], [ 107.272, 21.711 ], [ 107.179, 21.717 ], [ 107.006, 21.893 ], [ 106.73, 22.0 ], [ 106.664, 21.979 ], [ 106.654, 22.241 ], [ 106.536, 22.395 ], [ 106.582, 22.573 ], [ 106.702, 22.638 ], [ 106.78, 22.779 ], [ 106.542, 22.908 ], [ 106.249, 22.869 ], [ 106.148, 22.97 ], [ 106.001, 22.975 ], [ 105.843, 22.923 ], [ 105.691, 23.03 ], [ 105.548, 23.073 ], [ 105.495, 23.181 ], [ 105.275, 23.345 ], [ 105.189, 23.281 ], [ 104.865, 23.136 ], [ 104.796, 22.911 ], [ 104.687, 22.822 ], [ 104.527, 22.804 ], [ 104.372, 22.704 ], [ 104.212, 22.809 ], [ 104.054, 22.752 ], [ 103.971, 22.551 ], [ 103.915, 22.538 ], [ 103.62, 22.782 ], [ 103.471, 22.597 ], [ 103.356, 22.755 ], [ 103.138, 22.593 ], [ 103.005, 22.453 ], [ 102.83, 22.587 ], [ 102.517, 22.741 ], [ 102.428, 22.733 ], [ 102.237, 22.466 ], [ 102.127, 22.379 ] ], [ [ 7.439, 43.75 ], [ 7.378, 43.732 ] ], [ [ 12.431, 41.905 ], [ 12.438, 41.906 ], [ 12.439, 41.898 ], [ 12.431, 41.898 ], [ 12.427, 41.901 ], [ 12.431, 41.905 ], [ 12.431, 41.905 ] ], [ [ 113.548, 22.223 ], [ 113.479, 22.196 ] ], [ [ 114.015, 22.512 ], [ 114.188, 22.565 ], [ 114.266, 22.541 ] ], [ [ 70.612, 39.787 ], [ 70.56, 39.791 ], [ 70.519, 39.828 ], [ 70.489, 39.863 ], [ 70.483, 39.883 ], [ 70.498, 39.882 ], [ 70.567, 39.867 ], [ 70.664, 39.855 ], [ 70.698, 39.846 ], [ 70.702, 39.825 ], [ 70.612, 39.787 ] ], [ [ 71.216, 39.907 ], [ 71.012, 39.895 ], [ 71.08, 40.08 ], [ 71.229, 40.048 ], [ 71.216, 39.907 ] ], [ [ 145.94, 43.1 ], [ 145.84, 43.417 ], [ 145.687, 43.546 ], [ 145.538, 43.513 ], [ 145.427, 43.637 ], [ 145.262, 43.732 ], [ 145.274, 43.906 ], [ 145.532, 44.143 ], [ 145.664, 44.448 ], [ 145.579, 44.785 ] ], [ [ -1.275, 32.089 ], [ -1.226, 32.107 ], [ -1.24, 32.338 ], [ -1.066, 32.468 ], [ -1.111, 32.552 ], [ -1.352, 32.703 ], [ -1.51, 32.878 ], [ -1.551, 33.074 ], [ -1.679, 33.319 ], [ -1.631, 33.567 ], [ -1.703, 33.717 ], [ -1.707, 34.176 ], [ -1.792, 34.368 ], [ -1.733, 34.467 ], [ -1.85, 34.607 ], [ -1.796, 34.752 ], [ -2.132, 34.971 ], [ -2.22, 35.104 ] ], [ [ 29.0, 9.61 ], [ 29.242, 9.718 ], [ 29.473, 9.769 ], [ 29.604, 9.921 ], [ 29.606, 10.065 ], [ 30.003, 10.277 ], [ 30.475, 9.979 ], [ 30.739, 9.743 ], [ 31.154, 9.771 ], [ 31.225, 9.799 ], [ 31.655, 10.221 ], [ 31.854, 10.479 ], [ 31.933, 10.662 ], [ 32.404, 11.058 ], [ 32.354, 11.247 ], [ 32.335, 11.716 ], [ 32.072, 12.007 ], [ 32.737, 12.01 ], [ 32.719, 12.219 ], [ 33.199, 12.217 ], [ 33.135, 11.942 ], [ 33.123, 11.693 ], [ 33.073, 11.591 ], [ 33.172, 10.85 ], [ 33.141, 10.738 ], [ 33.361, 10.658 ], [ 33.459, 10.551 ], [ 33.892, 10.199 ], [ 33.952, 10.071 ], [ 33.962, 9.856 ], [ 33.895, 9.718 ], [ 33.891, 9.462 ], [ 34.077, 9.462 ] ], [ [ 24.147, 8.666 ], [ 24.214, 8.768 ], [ 24.532, 8.887 ], [ 24.549, 9.007 ], [ 24.648, 9.179 ], [ 24.663, 9.338 ], [ 24.783, 9.527 ], [ 24.785, 9.775 ], [ 25.003, 10.055 ], [ 25.067, 10.294 ], [ 25.285, 10.318 ], [ 25.749, 10.407 ], [ 25.858, 10.406 ], [ 25.891, 10.203 ], [ 26.17, 9.966 ], [ 26.551, 9.526 ], [ 26.763, 9.499 ], [ 27.074, 9.614 ], [ 27.8, 9.588 ], [ 27.881, 9.602 ] ], [ [ 27.881, 9.602 ], [ 28.049, 9.329 ], [ 28.844, 9.326 ], [ 28.839, 9.459 ], [ 29.0, 9.61 ] ], [ [ -56.483, 1.942 ], [ -56.704, 2.036 ], [ -56.931, 2.395 ], [ -57.029, 2.637 ], [ -57.21, 2.883 ], [ -57.232, 3.109 ], [ -57.278, 3.164 ], [ -57.304, 3.377 ], [ -57.595, 3.368 ] ], [ [ -54.616, 2.327 ], [ -54.536, 2.343 ], [ -54.402, 2.462 ], [ -54.196, 2.818 ], [ -54.171, 2.994 ], [ -54.203, 3.138 ], [ -54.082, 3.327 ] ], [ [ 33.889, -9.67 ], [ 33.698, -9.598 ], [ 33.421, -9.608 ], [ 33.331, -9.519 ], [ 33.131, -9.496 ], [ 32.92, -9.407 ] ], [ [ 33.594, 46.096 ], [ 33.66, 46.22 ], [ 33.807, 46.208 ], [ 34.027, 46.107 ], [ 34.354, 46.062 ], [ 34.45, 45.966 ], [ 34.687, 45.977 ], [ 34.8, 45.791 ], [ 35.002, 45.733 ] ], [ [ 77.049, 35.11 ], [ 76.767, 35.662 ] ], [ [ 77.049, 35.11 ], [ 77.799, 35.496 ] ], [ [ 79.117, 33.225 ], [ 79.355, 33.17 ], [ 79.335, 32.976 ], [ 79.499, 32.73 ], [ 79.47, 32.643 ], [ 79.292, 32.507 ], [ 79.219, 32.501 ] ], [ [ 79.219, 32.501 ], [ 79.067, 32.388 ], [ 78.919, 32.358 ], [ 78.771, 32.468 ], [ 78.701, 32.597 ], [ 78.413, 32.558 ], [ 78.39, 32.52 ], [ 78.487, 32.234 ] ], [ [ 78.487, 32.234 ], [ 78.735, 31.958 ], [ 78.717, 31.88 ] ], [ [ 78.717, 31.88 ], [ 78.693, 31.74 ], [ 78.803, 31.618 ], [ 78.727, 31.472 ], [ 78.743, 31.324 ], [ 78.843, 31.301 ] ], [ [ 78.843, 31.301 ], [ 79.107, 31.403 ], [ 79.37, 31.079 ] ], [ [ 79.37, 31.079 ], [ 79.565, 30.949 ], [ 79.795, 30.968 ], [ 79.91, 30.898 ] ], [ [ 79.91, 30.898 ], [ 80.081, 30.782 ], [ 80.194, 30.759 ], [ 80.191, 30.569 ] ], [ [ 80.191, 30.569 ], [ 80.682, 30.415 ], [ 80.985, 30.237 ], [ 81.01, 30.165 ] ], [ [ 90.334, 28.118 ], [ 90.348, 28.244 ], [ 90.105, 28.302 ], [ 89.898, 28.294 ], [ 89.799, 28.238 ] ], [ [ 89.799, 28.238 ], [ 89.537, 28.107 ], [ 89.16, 27.711 ], [ 89.116, 27.621 ] ], [ [ 89.116, 27.621 ], [ 89.021, 27.515 ] ], [ [ 89.021, 27.515 ], [ 88.891, 27.316 ] ], [ [ 75.304, 32.318 ], [ 75.254, 32.14 ], [ 75.072, 32.089 ], [ 74.739, 31.949 ], [ 74.556, 31.819 ], [ 74.51, 31.713 ], [ 74.594, 31.465 ], [ 74.518, 31.186 ], [ 74.633, 31.035 ], [ 74.216, 30.769 ], [ 74.009, 30.52 ], [ 73.899, 30.435 ], [ 73.933, 30.222 ], [ 73.809, 30.093 ], [ 73.382, 29.934 ], [ 73.231, 29.551 ], [ 72.903, 29.029 ], [ 72.342, 28.752 ], [ 72.179, 28.422 ], [ 71.948, 28.177 ], [ 71.87, 27.963 ], [ 71.543, 27.87 ], [ 71.185, 27.832 ], [ 70.875, 27.714 ], [ 70.737, 27.729 ], [ 70.629, 27.937 ], [ 70.404, 28.025 ], [ 70.145, 27.849 ], [ 69.896, 27.474 ], [ 69.568, 27.175 ], [ 69.47, 26.804 ], [ 69.507, 26.743 ], [ 69.736, 26.627 ], [ 70.059, 26.579 ], [ 70.157, 26.471 ], [ 70.133, 26.215 ], [ 70.078, 26.072 ], [ 70.1, 25.91 ], [ 70.265, 25.707 ], [ 70.648, 25.667 ], [ 70.652, 25.423 ], [ 70.878, 25.063 ], [ 71.048, 24.688 ], [ 70.976, 24.619 ], [ 70.973, 24.487 ], [ 71.044, 24.4 ], [ 70.716, 24.238 ], [ 70.579, 24.279 ], [ 70.547, 24.418 ], [ 70.098, 24.287 ], [ 70.021, 24.192 ], [ 69.716, 24.173 ], [ 69.559, 24.273 ], [ 69.12, 24.269 ], [ 68.901, 24.292 ], [ 68.728, 24.266 ], [ 68.724, 23.965 ], [ 68.489, 23.967 ], [ 68.283, 23.928 ], [ 68.165, 23.857 ] ], [ [ 36.694, 45.622 ], [ 36.691, 45.431 ], [ 36.509, 45.2 ], [ 36.612, 44.953 ] ], [ [ -55.806, -31.035 ], [ -56.005, -31.079 ], [ -56.001, -30.854 ] ], [ [ -56.001, -30.854 ], [ -56.176, -30.628 ], [ -56.833, -30.107 ], [ -57.121, -30.144 ], [ -57.214, -30.283 ], [ -57.552, -30.261 ], [ -57.609, -30.188 ] ], [ [ -73.481, -49.765 ], [ -73.576, -49.583 ], [ -73.462, -49.314 ], [ -73.135, -49.301 ] ], [ [ -73.135, -49.301 ], [ -73.149, -49.188 ], [ -72.982, -48.977 ], [ -72.728, -48.896 ], [ -72.614, -48.793 ], [ -72.608, -48.519 ], [ -72.355, -48.366 ], [ -72.293, -48.229 ], [ -72.328, -48.11 ], [ -72.509, -47.973 ], [ -72.518, -47.876 ], [ -72.342, -47.572 ], [ -72.346, -47.493 ], [ -71.905, -47.202 ], [ -71.963, -47.016 ], [ -71.94, -46.831 ], [ -71.733, -46.706 ], [ -71.695, -46.578 ], [ -71.778, -46.28 ], [ -71.876, -46.161 ], [ -71.684, -46.042 ], [ -71.632, -45.954 ], [ -71.751, -45.839 ], [ -71.773, -45.724 ], [ -71.693, -45.535 ], [ -71.508, -45.513 ], [ -71.349, -45.332 ], [ -71.354, -45.231 ], [ -71.596, -44.979 ], [ -72.042, -44.904 ], [ -71.957, -44.791 ], [ -71.455, -44.75 ], [ -71.261, -44.763 ], [ -71.151, -44.494 ], [ -71.213, -44.441 ], [ -71.82, -44.383 ], [ -71.812, -44.106 ], [ -71.68, -43.93 ], [ -71.795, -43.753 ], [ -71.751, -43.59 ], [ -71.905, -43.44 ], [ -71.905, -43.348 ], [ -71.764, -43.295 ], [ -71.781, -43.167 ], [ -72.055, -43.102 ], [ -72.146, -42.99 ], [ -72.114, -42.777 ], [ -72.144, -42.577 ], [ -72.053, -42.473 ], [ -72.125, -42.298 ], [ -72.026, -42.148 ], [ -71.761, -42.101 ], [ -71.77, -41.969 ], [ -71.911, -41.65 ], [ -71.873, -40.893 ], [ -71.932, -40.692 ], [ -71.805, -40.439 ], [ -71.695, -40.335 ], [ -71.818, -40.177 ], [ -71.66, -40.021 ], [ -71.638, -39.887 ], [ -71.72, -39.635 ], [ -71.539, -39.602 ], [ -71.42, -39.287 ], [ -71.426, -38.986 ], [ -71.286, -38.845 ], [ -70.952, -38.738 ], [ -70.848, -38.542 ], [ -70.968, -38.446 ], [ -71.028, -38.041 ], [ -71.168, -37.762 ], [ -71.187, -37.631 ], [ -71.135, -37.445 ], [ -71.2, -37.3 ], [ -71.118, -37.114 ], [ -71.192, -36.844 ], [ -71.066, -36.644 ], [ -71.056, -36.524 ], [ -70.905, -36.42 ], [ -70.749, -36.393 ], [ -70.722, -36.283 ], [ -70.405, -36.062 ], [ -70.38, -35.772 ], [ -70.47, -35.326 ], [ -70.555, -35.247 ], [ -70.393, -35.147 ], [ -70.29, -34.733 ], [ -70.101, -34.432 ], [ -70.052, -34.301 ], [ -69.852, -34.224 ], [ -69.894, -33.731 ], [ -69.883, -33.601 ], [ -69.798, -33.399 ], [ -69.82, -33.284 ], [ -70.02, -33.272 ], [ -70.085, -33.202 ], [ -70.093, -33.027 ], [ -70.022, -32.885 ], [ -70.116, -32.807 ], [ -70.177, -32.626 ], [ -70.17, -32.472 ], [ -70.32, -32.267 ], [ -70.364, -32.083 ], [ -70.254, -31.958 ], [ -70.45, -31.842 ], [ -70.585, -31.569 ], [ -70.52, -31.148 ], [ -70.388, -31.121 ], [ -70.309, -31.023 ], [ -70.348, -30.902 ], [ -70.161, -30.44 ], [ -69.956, -30.358 ], [ -69.863, -30.12 ], [ -69.96, -30.078 ], [ -69.928, -29.769 ], [ -70.027, -29.324 ], [ -69.828, -29.103 ], [ -69.743, -28.784 ], [ -69.735, -28.641 ], [ -69.657, -28.414 ], [ -69.251, -27.974 ], [ -69.174, -27.925 ], [ -68.999, -27.449 ], [ -68.942, -27.405 ], [ -68.846, -27.154 ], [ -68.652, -27.148 ], [ -68.346, -27.028 ], [ -68.319, -26.878 ], [ -68.581, -26.518 ], [ -68.53, -26.277 ], [ -68.415, -26.154 ], [ -68.511, -25.741 ], [ -68.6, -25.486 ], [ -68.541, -25.237 ], [ -68.384, -25.092 ], [ -68.466, -24.925 ], [ -68.562, -24.838 ], [ -68.507, -24.63 ], [ -68.25, -24.392 ], [ -67.356, -24.034 ], [ -67.009, -23.001 ], [ -67.195, -22.822 ] ], [ [ 75.319, 34.582 ], [ 75.188, 34.639 ], [ 74.952, 34.646 ], [ 74.3, 34.765 ], [ 73.961, 34.653 ], [ 73.812, 34.422 ], [ 73.81, 34.325 ], [ 73.979, 34.191 ], [ 73.904, 34.108 ], [ 73.95, 34.019 ], [ 74.247, 33.99 ], [ 74.216, 33.887 ], [ 74.001, 33.788 ], [ 74.004, 33.632 ], [ 74.15, 33.507 ], [ 74.118, 33.384 ], [ 73.994, 33.242 ], [ 74.126, 33.075 ], [ 74.304, 32.992 ], [ 74.306, 32.81 ] ], [ [ 23.605, 51.518 ], [ 23.545, 51.71 ], [ 23.626, 51.809 ], [ 23.652, 52.04 ], [ 23.458, 52.17 ], [ 23.197, 52.257 ], [ 23.204, 52.338 ], [ 23.48, 52.552 ], [ 23.845, 52.664 ], [ 23.915, 52.77 ], [ 23.887, 53.028 ], [ 23.789, 53.271 ], [ 23.599, 53.599 ], [ 23.485, 53.94 ] ], [ [ 34.078, 9.461 ], [ 34.12, 9.73 ], [ 34.291, 10.125 ], [ 34.315, 10.252 ], [ 34.276, 10.528 ], [ 34.431, 10.788 ], [ 34.572, 10.88 ], [ 34.771, 10.746 ], [ 34.931, 10.865 ], [ 34.961, 11.277 ], [ 35.112, 11.817 ], [ 35.252, 11.957 ], [ 35.596, 12.537 ], [ 35.67, 12.624 ], [ 35.821, 12.685 ], [ 36.107, 12.726 ], [ 36.16, 13.093 ], [ 36.212, 13.271 ], [ 36.391, 13.626 ], [ 36.447, 13.842 ], [ 36.444, 13.988 ], [ 36.524, 14.257 ] ], [ [ 2.389, 11.897 ], [ 2.287, 11.691 ], [ 1.98, 11.418 ], [ 1.858, 11.443 ], [ 1.6, 11.401 ], [ 1.427, 11.447 ], [ 1.317, 11.295 ], [ 1.146, 11.252 ], [ 1.062, 11.058 ], [ 0.9, 10.993 ] ], [ [ 31.948, -25.958 ], [ 31.871, -25.982 ], [ 31.415, -25.747 ], [ 31.207, -25.843 ], [ 30.803, -26.413 ], [ 30.794, -26.764 ], [ 30.883, -26.792 ], [ 31.063, -27.112 ], [ 31.274, -27.238 ], [ 31.47, -27.296 ], [ 31.958, -27.306 ], [ 31.946, -27.174 ], [ 31.995, -26.817 ], [ 32.113, -26.839 ] ], [ [ 32.113, -26.839 ], [ 32.106, -26.52 ], [ 32.041, -26.281 ], [ 32.061, -26.018 ], [ 31.948, -25.958 ] ], [ [ 76.767, 35.662 ], [ 76.563, 35.773 ], [ 76.551, 35.887 ], [ 76.252, 35.811 ], [ 76.148, 35.829 ], [ 76.071, 35.983 ], [ 75.945, 36.018 ], [ 75.974, 36.382 ] ], [ [ 27.332, 5.186 ], [ 27.403, 5.109 ], [ 27.491, 4.968 ], [ 27.664, 4.846 ], [ 27.788, 4.645 ], [ 27.981, 4.532 ], [ 28.192, 4.35 ], [ 28.428, 4.324 ], [ 28.727, 4.505 ], [ 28.939, 4.487 ], [ 29.151, 4.388 ], [ 29.385, 4.498 ], [ 29.47, 4.612 ], [ 29.677, 4.587 ], [ 29.87, 4.327 ], [ 30.195, 3.982 ], [ 30.508, 3.836 ], [ 30.559, 3.653 ], [ 30.757, 3.624 ], [ 30.839, 3.491 ] ], [ [ 22.86, 10.92 ], [ 22.964, 10.752 ], [ 23.312, 10.388 ], [ 23.545, 10.03 ], [ 23.646, 9.823 ], [ 23.656, 9.71 ], [ 23.623, 9.341 ], [ 23.468, 9.115 ], [ 23.552, 8.943 ], [ 23.537, 8.816 ], [ 23.679, 8.732 ], [ 24.147, 8.666 ] ], [ [ 46.114, 38.878 ], [ 46.491, 38.907 ] ], [ [ 44.783, 39.685 ], [ 44.817, 39.65 ], [ 45.141, 39.254 ], [ 45.48, 39.006 ], [ 45.575, 38.973 ], [ 46.114, 38.878 ] ], [ [ 46.491, 38.907 ], [ 46.555, 38.904 ], [ 46.853, 39.148 ], [ 46.989, 39.18 ], [ 47.188, 39.341 ], [ 47.773, 39.649 ], [ 47.996, 39.684 ], [ 48.322, 39.399 ], [ 48.136, 39.312 ], [ 48.125, 39.172 ], [ 48.274, 39.099 ], [ 48.242, 38.979 ], [ 48.05, 38.935 ], [ 48.023, 38.819 ], [ 48.205, 38.724 ], [ 48.306, 38.613 ], [ 48.417, 38.586 ], [ 48.593, 38.411 ], [ 48.869, 38.436 ] ], [ [ 81.01, 30.165 ], [ 80.908, 30.172 ], [ 80.549, 29.9 ], [ 80.402, 29.73 ], [ 80.255, 29.423 ], [ 80.233, 29.195 ], [ 80.13, 29.1 ], [ 80.071, 28.83 ], [ 80.419, 28.612 ], [ 80.587, 28.65 ], [ 80.751, 28.54 ], [ 81.169, 28.335 ], [ 81.311, 28.176 ], [ 81.486, 28.062 ], [ 81.853, 27.867 ], [ 81.988, 27.914 ], [ 82.451, 27.672 ], [ 82.677, 27.673 ], [ 82.733, 27.519 ], [ 83.29, 27.371 ], [ 83.447, 27.465 ], [ 83.829, 27.378 ], [ 84.091, 27.491 ], [ 84.61, 27.299 ], [ 84.685, 27.041 ], [ 85.02, 26.879 ], [ 85.152, 26.847 ], [ 85.293, 26.741 ], [ 85.568, 26.84 ], [ 85.7, 26.782 ], [ 85.737, 26.64 ], [ 85.856, 26.6 ], [ 86.007, 26.649 ], [ 86.366, 26.574 ], [ 86.701, 26.435 ], [ 87.016, 26.555 ], [ 87.09, 26.433 ], [ 87.287, 26.36 ], [ 87.414, 26.423 ], [ 87.633, 26.399 ], [ 87.849, 26.437 ], [ 87.995, 26.382 ], [ 88.055, 26.43 ], [ 88.162, 26.725 ], [ 88.111, 26.928 ], [ 87.984, 27.134 ], [ 88.024, 27.409 ], [ 88.147, 27.749 ], [ 88.11, 27.871 ] ], [ [ 75.974, 36.382 ], [ 75.84, 36.65 ], [ 75.667, 36.742 ], [ 75.424, 36.738 ], [ 75.347, 36.913 ], [ 75.054, 36.987 ], [ 74.889, 36.952 ], [ 74.692, 37.036 ], [ 74.541, 37.022 ] ] ] } }
]
}
