{
"type": "FeatureCollection",
"name": "lakes",
"crs": { "type": "name", "properties": { "name": "urn:ogc:def:crs:OGC:1.3:CRS84" } },
"xy_coordinate_resolution": 0.001,
"features": [
{ "type": "Feature", "properties": { }, "geometry": { "type": "Polygon", "coordinates": [ [ [ 17.98, 59.329 ], [ 17.773, 59.414 ], [ 17.809, 59.553 ], [ 17.534, 59.539 ], [ 17.391, 59.584 ], [ 17.372, 59.496 ], [ 17.063, 59.569 ], [ 16.841, 59.587 ], [ 16.752, 59.543 ], [ 16.574, 59.612 ], [ 16.473, 59.519 ], [ 16.252, 59.493 ], [ 16.144, 59.448 ], [ 16.61, 59.454 ], [ 16.742, 59.431 ], [ 16.914, 59.446 ], [ 17.066, 59.373 ], [ 17.175, 59.356 ], [ 17.305, 59.272 ], [ 17.371, 59.295 ], [ 17.571, 59.268 ], [ 17.876, 59.271 ], [ 17.98, 59.329 ] ] ] } },
{ "type": "Feature", "properties": { }, "geometry": { "type": "Polygon", "coordinates": [ [ [ 29.837, 61.226 ], [ 29.857, 61.188 ], [ 30.125, 61.087 ], [ 30.409, 60.928 ], [ 30.528, 60.812 ], [ 30.534, 60.63 ], [ 30.724, 60.562 ], [ 30.776, 60.448 ], [ 30.849, 60.443 ], [ 30.957, 60.264 ], [ 31.109, 60.146 ], [ 31.145, 60.006 ], [ 31.106, 59.928 ], [ 31.274, 59.938 ], [ 31.51, 59.92 ], [ 31.567, 59.967 ], [ 31.548, 60.072 ], [ 31.599, 60.17 ], [ 31.699, 60.236 ], [ 31.843, 60.248 ], [ 32.057, 60.227 ], [ 32.362, 60.148 ], [ 32.5, 60.177 ], [ 32.612, 60.245 ], [ 32.595, 60.355 ], [ 32.677, 60.392 ], [ 32.6, 60.533 ], [ 32.841, 60.497 ], [ 32.944, 60.643 ], [ 32.812, 60.756 ], [ 32.765, 60.886 ], [ 32.593, 60.998 ], [ 32.527, 61.118 ], [ 31.899, 61.324 ], [ 31.637, 61.463 ], [ 31.365, 61.627 ], [ 31.098, 61.62 ], [ 31.026, 61.714 ], [ 30.852, 61.775 ], [ 30.594, 61.606 ], [ 30.606, 61.541 ], [ 30.466, 61.487 ], [ 30.285, 61.517 ], [ 30.179, 61.373 ], [ 30.174, 61.314 ], [ 30.029, 61.254 ], [ 29.891, 61.295 ], [ 29.837, 61.226 ] ] ] } },
{ "type": "Feature", "properties": { }, "geometry": { "type": "Polygon", "coordinates": [ [ [ 31.472, 2.385 ], [ 31.431, 2.388 ], [ 31.344, 2.291 ], [ 31.259, 2.153 ], [ 31.179, 2.073 ], [ 30.868, 1.859 ], [ 30.479, 1.467 ], [ 30.387, 1.297 ], [ 30.4, 1.256 ], [ 30.495, 1.23 ], [ 30.501, 1.05 ], [ 30.594, 1.041 ], [ 30.719, 1.191 ], [ 30.785, 1.309 ], [ 30.969, 1.527 ], [ 31.166, 1.605 ], [ 31.268, 1.688 ], [ 31.343, 1.834 ], [ 31.4, 1.896 ], [ 31.384, 2.261 ], [ 31.472, 2.385 ] ] ] } },
{ "type": "Feature", "properties": { }, "geometry": { "type": "Polygon", "coordinates": [ [ [ -83.105, 42.286 ], [ -83.188, 42.083 ], [ -83.177, 42.049 ], [ -83.262, 41.946 ], [ -83.362, 41.88 ], [ -83.456, 41.742 ], [ -82.911, 41.538 ], [ -82.831, 41.58 ], [ -82.7, 41.521 ], [ -82.524, 41.407 ], [ -82.387, 41.427 ], [ -82.121, 41.493 ], [ -81.723, 41.511 ], [ -81.637, 41.548 ], [ -81.447, 41.671 ], [ -81.229, 41.77 ], [ -80.869, 41.893 ], [ -80.334, 42.041 ], [ -79.704, 42.3 ], [ -79.512, 42.391 ], [ -79.416, 42.457 ], [ -79.209, 42.555 ], [ -79.063, 42.68 ], [ -78.878, 42.799 ], [ -78.92, 42.948 ], [ -78.908, 43.07 ], [ -79.066, 43.106 ], [ -79.04, 43.021 ], [ -78.936, 42.907 ], [ -79.057, 42.862 ], [ -79.386, 42.881 ], [ -79.594, 42.854 ], [ -79.747, 42.858 ], [ -80.22, 42.774 ], [ -80.451, 42.613 ], [ -80.105, 42.572 ], [ -80.094, 42.546 ], [ -80.617, 42.596 ], [ -80.827, 42.643 ], [ -81.039, 42.662 ], [ -81.252, 42.654 ], [ -81.404, 42.63 ], [ -81.495, 42.591 ], [ -81.73, 42.447 ], [ -81.887, 42.274 ], [ -82.044, 42.257 ], [ -82.311, 42.158 ], [ -82.462, 42.058 ], [ -82.512, 41.932 ], [ -82.604, 42.025 ], [ -82.69, 42.036 ], [ -82.834, 41.997 ], [ -82.937, 42.006 ], [ -83.108, 42.071 ], [ -83.105, 42.215 ], [ -83.076, 42.275 ], [ -83.105, 42.286 ] ] ] } },
{ "type": "Feature", "properties": { }, "geometry": { "type": "Polygon", "coordinates": [ [ [ 14.742, 13.078 ], [ 14.668, 13.195 ], [ 14.496, 13.239 ], [ 14.342, 13.162 ], [ 14.282, 13.014 ], [ 14.275, 12.903 ], [ 14.347, 12.877 ], [ 14.516, 12.98 ], [ 14.661, 12.982 ], [ 14.742, 13.078 ] ] ] } },
{ "type": "Feature", "properties": { }, "geometry": { "type": "Polygon", "coordinates": [ [ [ 35.26, -14.277 ], [ 35.097, -13.825 ], [ 35.03, -13.73 ], [ 34.888, -13.717 ], [ 34.859, -13.616 ], [ 34.862, -13.46 ], [ 34.846, -13.366 ], [ 34.8, -13.258 ], [ 34.81, -13.142 ], [ 34.77, -12.963 ], [ 34.772, -12.87 ], [ 34.808, -12.767 ], [ 34.791, -12.643 ], [ 34.694, -12.422 ], [ 34.711, -12.364 ], [ 34.726, -12.157 ], [ 34.857, -12.048 ], [ 34.934, -11.871 ], [ 34.957, -11.735 ], [ 34.959, -11.577 ], [ 34.937, -11.463 ], [ 34.851, -11.352 ], [ 34.774, -11.342 ], [ 34.688, -11.177 ], [ 34.598, -11.037 ], [ 34.652, -10.873 ], [ 34.662, -10.71 ], [ 34.584, -10.525 ], [ 34.57, -10.241 ], [ 34.524, -10.03 ], [ 34.321, -9.732 ], [ 34.089, -9.538 ], [ 33.996, -9.495 ], [ 33.95, -9.565 ], [ 33.954, -9.658 ], [ 33.916, -9.713 ], [ 33.907, -9.802 ], [ 33.985, -10.024 ], [ 34.057, -10.157 ], [ 34.155, -10.256 ], [ 34.248, -10.4 ], [ 34.26, -10.448 ], [ 34.195, -10.567 ], [ 34.234, -11.073 ], [ 34.23, -11.228 ], [ 34.289, -11.425 ], [ 34.323, -11.653 ], [ 34.222, -11.788 ], [ 34.164, -11.925 ], [ 34.059, -12.049 ], [ 34.033, -12.209 ], [ 34.074, -12.353 ], [ 34.15, -12.393 ], [ 34.197, -12.481 ], [ 34.196, -12.642 ], [ 34.263, -12.73 ], [ 34.275, -12.825 ], [ 34.33, -12.945 ], [ 34.344, -13.158 ], [ 34.321, -13.379 ], [ 34.41, -13.53 ], [ 34.547, -13.6 ], [ 34.605, -13.669 ], [ 34.622, -13.751 ], [ 34.538, -13.985 ], [ 34.6, -14.159 ], [ 34.729, -14.268 ], [ 34.819, -14.217 ], [ 34.857, -14.014 ], [ 34.942, -14.071 ], [ 34.958, -14.148 ], [ 35.048, -14.177 ], [ 35.13, -14.289 ], [ 35.236, -14.401 ], [ 35.284, -14.365 ], [ 35.26, -14.277 ] ], [ [ 34.622, -12.067 ], [ 34.542, -12.019 ], [ 34.591, -11.971 ], [ 34.642, -12.014 ], [ 34.622, -12.067 ] ], [ [ 34.662, -12.101 ], [ 34.68, -12.009 ], [ 34.756, -12.031 ], [ 34.746, -12.088 ], [ 34.662, -12.101 ] ] ] } },
{ "type": "Feature", "properties": { }, "geometry": { "type": "Polygon", "coordinates": [ [ [ 34.718, -0.092 ], [ 34.538, -0.144 ], [ 34.42, -0.196 ], [ 34.37, -0.243 ], [ 34.353, -0.314 ], [ 34.285, -0.35 ], [ 34.226, -0.259 ], [ 34.117, -0.163 ], [ 34.115, -0.079 ], [ 34.029, -0.062 ], [ 33.982, 0.025 ], [ 33.975, 0.213 ], [ 33.861, 0.185 ], [ 33.745, 0.208 ], [ 33.713, 0.308 ], [ 33.64, 0.3 ], [ 33.58, 0.222 ], [ 33.483, 0.218 ], [ 33.441, 0.271 ], [ 33.461, 0.334 ], [ 33.332, 0.369 ], [ 33.368, 0.453 ], [ 33.273, 0.463 ], [ 33.201, 0.388 ], [ 33.137, 0.252 ], [ 33.076, 0.239 ], [ 33.021, 0.147 ], [ 32.915, 0.096 ], [ 32.879, 0.169 ], [ 32.779, 0.119 ], [ 32.692, 0.108 ], [ 32.647, 0.253 ], [ 32.588, 0.193 ], [ 32.533, 0.07 ], [ 32.384, 0.066 ], [ 32.351, 0.015 ], [ 32.209, 0.009 ], [ 32.159, -0.04 ], [ 32.055, -0.057 ], [ 31.95, -0.132 ], [ 31.94, -0.18 ], [ 32.001, -0.255 ], [ 31.994, -0.321 ], [ 31.867, -0.481 ], [ 31.723, -0.79 ], [ 31.783, -1.01 ], [ 31.849, -1.017 ], [ 31.865, -1.092 ], [ 31.826, -1.359 ], [ 31.763, -1.492 ], [ 31.664, -1.932 ], [ 31.675, -2.277 ], [ 31.767, -2.399 ], [ 31.786, -2.465 ], [ 31.743, -2.567 ], [ 31.815, -2.621 ], [ 31.784, -2.75 ], [ 31.918, -2.674 ], [ 32.031, -2.516 ], [ 32.13, -2.537 ], [ 32.141, -2.486 ], [ 32.096, -2.394 ], [ 32.174, -2.366 ], [ 32.24, -2.283 ], [ 32.32, -2.304 ], [ 32.357, -2.394 ], [ 32.44, -2.444 ], [ 32.521, -2.454 ], [ 32.548, -2.508 ], [ 32.644, -2.439 ], [ 32.685, -2.491 ], [ 32.811, -2.515 ], [ 32.814, -2.647 ], [ 32.862, -2.757 ], [ 32.764, -2.867 ], [ 32.78, -2.971 ], [ 32.892, -2.862 ], [ 32.963, -2.849 ], [ 32.884, -2.664 ], [ 32.892, -2.484 ], [ 32.945, -2.421 ], [ 33.067, -2.41 ], [ 33.21, -2.489 ], [ 33.416, -2.531 ], [ 33.432, -2.46 ], [ 33.51, -2.43 ], [ 33.594, -2.358 ], [ 33.767, -2.238 ], [ 33.809, -2.192 ], [ 33.753, -2.111 ], [ 33.585, -2.168 ], [ 33.276, -2.124 ], [ 33.233, -2.072 ], [ 33.3, -2.023 ], [ 33.374, -2.032 ], [ 33.412, -1.997 ], [ 33.524, -1.996 ], [ 33.45, -1.915 ], [ 33.298, -1.922 ], [ 33.402, -1.812 ], [ 33.489, -1.822 ], [ 33.593, -1.761 ], [ 33.602, -1.691 ], [ 33.675, -1.638 ], [ 33.646, -1.571 ], [ 33.668, -1.506 ], [ 33.73, -1.48 ], [ 33.889, -1.513 ], [ 33.822, -1.425 ], [ 33.844, -1.342 ], [ 33.942, -1.34 ], [ 33.903, -1.247 ], [ 33.932, -1.188 ], [ 34.121, -0.975 ], [ 34.163, -0.879 ], [ 34.068, -0.725 ], [ 34.079, -0.579 ], [ 34.217, -0.442 ], [ 34.376, -0.459 ], [ 34.425, -0.502 ], [ 34.475, -0.464 ], [ 34.458, -0.369 ], [ 34.577, -0.33 ], [ 34.703, -0.325 ], [ 34.813, -0.276 ], [ 34.718, -0.092 ] ], [ [ 32.054, -2.328 ], [ 31.917, -2.372 ], [ 31.9, -2.443 ], [ 31.783, -2.321 ], [ 31.818, -2.192 ], [ 31.9, -2.284 ], [ 32.045, -2.243 ], [ 32.054, -2.328 ] ], [ [ 32.298, -0.392 ], [ 32.272, -0.472 ], [ 32.132, -0.525 ], [ 32.208, -0.363 ], [ 32.104, -0.322 ], [ 32.086, -0.231 ], [ 32.182, -0.235 ], [ 32.194, -0.332 ], [ 32.269, -0.29 ], [ 32.319, -0.337 ], [ 32.298, -0.392 ] ], [ [ 33.175, -2.159 ], [ 33.125, -2.158 ], [ 32.851, -2.061 ], [ 32.83, -1.938 ], [ 32.949, -1.902 ], [ 32.972, -1.973 ], [ 33.097, -1.965 ], [ 33.175, -2.159 ] ], [ [ 33.372, 0.216 ], [ 33.317, 0.184 ], [ 33.339, 0.08 ], [ 33.218, 0.19 ], [ 33.224, 0.277 ], [ 33.318, 0.298 ], [ 33.388, 0.272 ], [ 33.372, 0.216 ] ] ] } },
{ "type": "Feature", "properties": { }, "geometry": { "type": "Polygon", "coordinates": [ [ [ 109.864, 55.539 ], [ 109.955, 55.672 ], [ 109.847, 55.755 ], [ 109.576, 55.771 ], [ 109.193, 55.536 ], [ 109.213, 55.405 ], [ 109.171, 55.194 ], [ 109.053, 55.028 ], [ 108.917, 54.951 ], [ 108.933, 54.898 ], [ 108.847, 54.8 ], [ 108.786, 54.672 ], [ 108.593, 54.492 ], [ 108.473, 54.277 ], [ 108.362, 54.173 ], [ 108.224, 53.976 ], [ 108.062, 53.849 ], [ 107.789, 53.711 ], [ 107.627, 53.611 ], [ 107.535, 53.439 ], [ 107.072, 53.241 ], [ 106.78, 53.045 ], [ 106.881, 52.973 ], [ 106.757, 52.869 ], [ 106.452, 52.656 ], [ 106.06, 52.512 ], [ 105.86, 52.387 ], [ 105.57, 52.108 ], [ 105.286, 51.979 ], [ 105.165, 51.906 ], [ 104.935, 51.87 ], [ 104.812, 51.87 ], [ 104.662, 51.806 ], [ 104.537, 51.784 ], [ 104.133, 51.769 ], [ 103.791, 51.732 ], [ 103.713, 51.694 ], [ 103.817, 51.634 ], [ 104.156, 51.535 ], [ 104.39, 51.5 ], [ 104.655, 51.482 ], [ 104.826, 51.49 ], [ 105.065, 51.557 ], [ 105.435, 51.614 ], [ 105.798, 51.701 ], [ 105.967, 51.774 ], [ 106.187, 51.956 ], [ 106.281, 52.169 ], [ 106.258, 52.231 ], [ 106.314, 52.323 ], [ 106.497, 52.383 ], [ 106.752, 52.317 ], [ 106.843, 52.356 ], [ 106.938, 52.475 ], [ 107.387, 52.648 ], [ 107.579, 52.701 ], [ 107.763, 52.714 ], [ 107.948, 52.78 ], [ 108.007, 52.837 ], [ 108.234, 52.946 ], [ 108.335, 53.038 ], [ 108.302, 53.109 ], [ 108.661, 53.302 ], [ 108.768, 53.281 ], [ 108.931, 53.344 ], [ 108.989, 53.45 ], [ 108.921, 53.566 ], [ 108.842, 53.587 ], [ 108.619, 53.582 ], [ 108.836, 53.807 ], [ 108.994, 53.869 ], [ 109.061, 53.831 ], [ 109.009, 53.668 ], [ 109.199, 53.66 ], [ 109.198, 53.793 ], [ 109.244, 53.869 ], [ 109.5, 54.061 ], [ 109.554, 54.174 ], [ 109.496, 54.262 ], [ 109.49, 54.38 ], [ 109.544, 54.629 ], [ 109.607, 54.676 ], [ 109.765, 55.04 ], [ 109.744, 55.14 ], [ 109.791, 55.33 ], [ 109.857, 55.446 ], [ 109.864, 55.539 ] ], [ [ 107.767, 53.267 ], [ 107.639, 53.22 ], [ 107.438, 53.103 ], [ 107.314, 53.068 ], [ 106.962, 53.023 ], [ 106.995, 53.107 ], [ 107.584, 53.283 ], [ 107.744, 53.399 ], [ 107.767, 53.267 ] ] ] } },
{ "type": "Feature", "properties": { }, "geometry": { "type": "Polygon", "coordinates": [ [ [ -96.373, 50.729 ], [ -96.367, 50.857 ], [ -96.394, 51.088 ], [ -96.29, 51.251 ], [ -96.495, 51.413 ], [ -96.601, 51.596 ], [ -96.757, 51.763 ], [ -96.707, 51.815 ], [ -96.844, 51.866 ], [ -96.859, 51.993 ], [ -96.958, 52.077 ], [ -97.019, 52.204 ], [ -97.002, 52.269 ], [ -97.198, 52.673 ], [ -97.333, 52.784 ], [ -97.424, 52.965 ], [ -97.352, 53.026 ], [ -97.475, 53.201 ], [ -97.582, 53.291 ], [ -97.707, 53.515 ], [ -97.828, 53.641 ], [ -97.832, 53.736 ], [ -97.938, 53.89 ], [ -98.061, 53.931 ], [ -98.213, 54.025 ], [ -98.083, 54.202 ], [ -97.864, 54.265 ], [ -97.844, 54.317 ], [ -98.021, 54.41 ], [ -98.174, 54.218 ], [ -98.299, 53.965 ], [ -98.204, 53.874 ], [ -97.9, 53.738 ], [ -98.009, 53.71 ], [ -98.299, 53.834 ], [ -98.456, 53.852 ], [ -98.613, 53.843 ], [ -98.811, 53.897 ], [ -98.929, 53.867 ], [ -99.085, 53.48 ], [ -99.202, 53.353 ], [ -99.24, 53.21 ], [ -98.99, 53.048 ], [ -98.696, 53.082 ], [ -98.525, 53.065 ], [ -98.501, 53.018 ], [ -98.773, 52.965 ], [ -98.895, 52.916 ], [ -98.896, 52.856 ], [ -98.809, 52.725 ], [ -98.469, 52.486 ], [ -98.429, 52.382 ], [ -98.188, 52.28 ], [ -98.139, 52.162 ], [ -98.071, 52.1 ], [ -98.036, 51.981 ], [ -97.963, 51.927 ], [ -97.823, 51.889 ], [ -97.735, 52.045 ], [ -97.743, 52.135 ], [ -97.531, 52.137 ], [ -97.495, 52.108 ], [ -97.6, 51.988 ], [ -97.357, 52.04 ], [ -97.25, 51.865 ], [ -97.24, 51.766 ], [ -97.289, 51.593 ], [ -97.276, 51.491 ], [ -97.141, 51.502 ], [ -97.127, 51.608 ], [ -97.065, 51.665 ], [ -96.881, 51.724 ], [ -96.826, 51.71 ], [ -96.742, 51.554 ], [ -96.982, 51.251 ], [ -96.908, 51.206 ], [ -96.725, 51.366 ], [ -96.627, 51.324 ], [ -96.774, 51.221 ], [ -96.841, 51.128 ], [ -96.927, 51.082 ], [ -96.967, 50.927 ], [ -96.956, 50.797 ], [ -96.983, 50.683 ], [ -96.931, 50.461 ], [ -96.866, 50.418 ], [ -96.683, 50.398 ], [ -96.576, 50.468 ], [ -96.608, 50.552 ], [ -96.542, 50.728 ], [ -96.392, 50.629 ], [ -96.373, 50.729 ] ], [ [ -97.938, 52.318 ], [ -98.043, 52.398 ], [ -98.046, 52.46 ], [ -97.944, 52.531 ], [ -97.887, 52.358 ], [ -97.938, 52.318 ] ], [ [ -96.632, 51.148 ], [ -96.68, 51.041 ], [ -96.762, 51.01 ], [ -96.842, 51.066 ], [ -96.737, 51.137 ], [ -96.632, 51.148 ] ] ] } },
{ "type": "Feature", "properties": { }, "geometry": { "type": "Polygon", "coordinates": [ [ [ -109.022, 62.807 ], [ -109.046, 62.829 ], [ -109.89, 62.924 ], [ -110.056, 62.952 ], [ -110.525, 62.945 ], [ -110.673, 62.927 ], [ -111.081, 62.835 ], [ -111.393, 62.722 ], [ -111.512, 62.595 ], [ -111.78, 62.368 ], [ -112.302, 62.134 ], [ -112.529, 62.074 ], [ -113.037, 62.019 ], [ -113.309, 62.005 ], [ -113.574, 62.019 ], [ -113.756, 62.103 ], [ -114.023, 62.268 ], [ -114.247, 62.326 ], [ -114.227, 62.385 ], [ -114.714, 62.376 ], [ -114.902, 62.466 ], [ -115.165, 62.519 ], [ -115.289, 62.607 ], [ -115.672, 62.664 ], [ -115.913, 62.764 ], [ -116.038, 62.726 ], [ -115.867, 62.633 ], [ -115.701, 62.485 ], [ -115.271, 62.467 ], [ -115.309, 62.371 ], [ -115.254, 62.329 ], [ -115.307, 62.254 ], [ -115.167, 62.244 ], [ -115.045, 62.174 ], [ -115.053, 62.119 ], [ -114.848, 62.032 ], [ -114.636, 61.869 ], [ -114.845, 61.768 ], [ -115.162, 61.736 ], [ -115.337, 61.778 ], [ -115.557, 61.74 ], [ -115.745, 61.511 ], [ -115.717, 61.44 ], [ -115.918, 61.423 ], [ -116.039, 61.381 ], [ -115.87, 61.284 ], [ -116.121, 61.228 ], [ -116.199, 61.266 ], [ -116.45, 61.285 ], [ -116.594, 61.324 ], [ -116.763, 61.329 ], [ -116.726, 61.241 ], [ -116.794, 61.206 ], [ -117.067, 61.15 ], [ -117.473, 61.268 ], [ -117.505, 61.24 ], [ -117.278, 61.097 ], [ -117.089, 61.051 ], [ -116.528, 61.029 ], [ -116.425, 60.953 ], [ -116.057, 60.868 ], [ -115.473, 60.838 ], [ -115.333, 60.845 ], [ -114.913, 60.91 ], [ -114.727, 60.907 ], [ -114.338, 60.988 ], [ -114.173, 61.006 ], [ -113.973, 60.979 ], [ -113.729, 61.028 ], [ -113.63, 61.106 ], [ -113.677, 61.301 ], [ -113.359, 61.445 ], [ -113.148, 61.466 ], [ -113.007, 61.449 ], [ -112.969, 61.39 ], [ -112.676, 61.463 ], [ -112.208, 61.624 ], [ -112.09, 61.736 ], [ -111.62, 61.95 ], [ -111.502, 62.049 ], [ -111.587, 62.129 ], [ -111.307, 62.233 ], [ -111.294, 62.281 ], [ -111.06, 62.381 ], [ -110.95, 62.403 ], [ -110.705, 62.395 ], [ -110.683, 62.516 ], [ -110.33, 62.569 ], [ -110.187, 62.554 ], [ -109.958, 62.576 ], [ -109.864, 62.673 ], [ -110.411, 62.685 ], [ -110.536, 62.66 ], [ -110.836, 62.666 ], [ -111.272, 62.617 ], [ -111.269, 62.661 ], [ -110.756, 62.763 ], [ -110.662, 62.829 ], [ -109.944, 62.814 ], [ -109.301, 62.717 ], [ -109.252, 62.597 ], [ -109.006, 62.69 ], [ -108.919, 62.788 ], [ -109.022, 62.807 ] ], [ [ -111.745, 62.081 ], [ -111.787, 62.002 ], [ -111.927, 61.916 ], [ -112.137, 61.837 ], [ -112.331, 61.65 ], [ -112.596, 61.584 ], [ -112.73, 61.65 ], [ -112.754, 61.764 ], [ -112.92, 61.762 ], [ -112.971, 61.832 ], [ -112.524, 61.875 ], [ -112.071, 61.974 ], [ -111.828, 62.113 ], [ -111.745, 62.081 ] ] ] } },
{ "type": "Feature", "properties": { }, "geometry": { "type": "Polygon", "coordinates": [ [ [ -75.787, 44.484 ], [ -76.057, 44.367 ], [ -76.341, 44.295 ], [ -76.49, 44.244 ], [ -76.589, 44.238 ], [ -76.787, 44.182 ], [ -76.992, 44.074 ], [ -77.059, 44.205 ], [ -77.117, 44.079 ], [ -77.024, 43.987 ], [ -77.054, 43.883 ], [ -77.151, 43.866 ], [ -77.289, 43.923 ], [ -77.325, 43.972 ], [ -77.503, 43.963 ], [ -77.583, 44.038 ], [ -78.0, 43.979 ], [ -78.186, 43.966 ], [ -78.528, 43.905 ], [ -78.669, 43.902 ], [ -79.061, 43.835 ], [ -79.303, 43.69 ], [ -79.446, 43.647 ], [ -79.569, 43.578 ], [ -79.774, 43.32 ], [ -79.728, 43.253 ], [ -79.528, 43.21 ], [ -79.338, 43.198 ], [ -79.053, 43.285 ], [ -78.689, 43.361 ], [ -78.457, 43.388 ], [ -78.175, 43.395 ], [ -77.838, 43.357 ], [ -77.625, 43.279 ], [ -77.529, 43.267 ], [ -77.271, 43.295 ], [ -76.976, 43.277 ], [ -76.693, 43.361 ], [ -76.58, 43.454 ], [ -76.473, 43.507 ], [ -76.29, 43.537 ], [ -76.203, 43.575 ], [ -76.195, 43.645 ], [ -76.235, 43.799 ], [ -76.198, 43.874 ], [ -76.099, 43.967 ], [ -76.198, 44.083 ], [ -76.281, 44.046 ], [ -76.352, 44.106 ], [ -76.238, 44.183 ], [ -75.832, 44.397 ], [ -75.787, 44.484 ] ], [ [ -76.237, 44.233 ], [ -76.33, 44.208 ], [ -76.423, 44.122 ], [ -76.483, 44.179 ], [ -76.43, 44.227 ], [ -76.237, 44.233 ] ] ] } },
{ "type": "Feature", "properties": { }, "geometry": { "type": "Polygon", "coordinates": [ [ [ -117.842, 66.424 ], [ -117.734, 66.551 ], [ -117.726, 66.659 ], [ -118.004, 66.601 ], [ -118.192, 66.515 ], [ -118.337, 66.399 ], [ -118.756, 66.331 ], [ -119.105, 66.326 ], [ -119.489, 66.338 ], [ -119.592, 66.307 ], [ -120.016, 66.38 ], [ -120.445, 66.395 ], [ -120.325, 66.47 ], [ -120.33, 66.537 ], [ -120.13, 66.6 ], [ -120.084, 66.654 ], [ -119.762, 66.696 ], [ -119.252, 66.829 ], [ -119.097, 66.909 ], [ -119.878, 67.029 ], [ -121.233, 66.832 ], [ -121.455, 66.74 ], [ -121.98, 66.636 ], [ -122.529, 66.56 ], [ -122.844, 66.533 ], [ -123.088, 66.473 ], [ -123.177, 66.517 ], [ -123.56, 66.427 ], [ -124.404, 66.309 ], [ -124.525, 66.276 ], [ -124.806, 66.28 ], [ -125.063, 66.248 ], [ -125.09, 66.157 ], [ -125.02, 66.057 ], [ -124.817, 65.941 ], [ -124.732, 66.04 ], [ -124.499, 66.153 ], [ -124.261, 66.157 ], [ -124.051, 66.13 ], [ -123.396, 66.135 ], [ -123.198, 66.104 ], [ -122.993, 66.173 ], [ -123.016, 66.255 ], [ -122.436, 66.251 ], [ -122.11, 66.234 ], [ -121.695, 66.178 ], [ -121.533, 66.122 ], [ -121.278, 66.092 ], [ -121.293, 66.001 ], [ -121.475, 65.957 ], [ -121.772, 65.948 ], [ -122.387, 66.007 ], [ -122.531, 65.944 ], [ -122.164, 65.817 ], [ -122.206, 65.753 ], [ -122.374, 65.657 ], [ -122.887, 65.487 ], [ -122.769, 65.409 ], [ -122.853, 65.278 ], [ -123.444, 65.185 ], [ -123.446, 65.116 ], [ -122.891, 65.068 ], [ -122.04, 64.961 ], [ -121.615, 65.093 ], [ -121.606, 65.229 ], [ -121.548, 65.364 ], [ -120.978, 65.553 ], [ -120.663, 65.605 ], [ -120.466, 65.585 ], [ -120.368, 65.509 ], [ -120.406, 65.411 ], [ -120.55, 65.289 ], [ -120.991, 65.082 ], [ -121.089, 65.004 ], [ -121.397, 64.969 ], [ -121.471, 64.879 ], [ -121.23, 64.827 ], [ -121.073, 64.9 ], [ -120.466, 65.073 ], [ -120.095, 65.203 ], [ -119.885, 65.325 ], [ -119.556, 65.344 ], [ -119.541, 65.408 ], [ -119.988, 65.586 ], [ -119.974, 65.617 ], [ -119.698, 65.714 ], [ -119.619, 65.782 ], [ -119.276, 65.796 ], [ -118.944, 65.784 ], [ -118.569, 65.644 ], [ -118.034, 65.693 ], [ -117.943, 65.723 ], [ -117.874, 65.847 ], [ -118.157, 65.831 ], [ -118.199, 65.905 ], [ -117.987, 66.105 ], [ -117.68, 66.253 ], [ -117.674, 66.336 ], [ -117.514, 66.46 ], [ -117.842, 66.424 ] ] ] } },
{ "type": "Feature", "properties": { }, "geometry": { "type": "Polygon", "coordinates": [ [ [ -83.076, 42.275 ], [ -82.971, 42.327 ], [ -82.867, 42.335 ], [ -82.59, 42.315 ], [ -82.428, 42.367 ], [ -82.418, 42.472 ], [ -82.613, 42.525 ], [ -82.633, 42.661 ], [ -82.687, 42.697 ], [ -82.787, 42.665 ], [ -82.796, 42.589 ], [ -82.87, 42.519 ], [ -82.926, 42.375 ], [ -83.105, 42.286 ], [ -83.076, 42.275 ] ] ] } },
{ "type": "Feature", "properties": { }, "geometry": { "type": "Polygon", "coordinates": [ [ [ 14.038, 59.083 ], [ 13.931, 59.09 ], [ 14.047, 59.241 ], [ 14.046, 59.314 ], [ 13.752, 59.331 ], [ 13.628, 59.39 ], [ 13.278, 59.357 ], [ 13.103, 59.274 ], [ 13.244, 58.93 ], [ 13.122, 58.921 ], [ 13.041, 59.014 ], [ 12.818, 59.082 ], [ 12.708, 59.036 ], [ 12.6, 58.846 ], [ 12.474, 58.84 ], [ 12.525, 58.661 ], [ 12.607, 58.617 ], [ 12.488, 58.513 ], [ 12.329, 58.434 ], [ 12.335, 58.374 ], [ 12.507, 58.397 ], [ 12.624, 58.382 ], [ 13.041, 58.604 ], [ 13.24, 58.515 ], [ 13.358, 58.617 ], [ 13.8, 58.722 ], [ 13.975, 58.865 ], [ 14.038, 59.083 ] ] ] } },
{ "type": "Feature", "properties": { }, "geometry": { "type": "Polygon", "coordinates": [ [ [ -80.629, 26.887 ], [ -80.654, 27.054 ], [ -80.759, 27.182 ], [ -80.87, 27.147 ], [ -81.055, 26.991 ], [ -81.071, 26.917 ], [ -80.979, 26.856 ], [ -80.896, 26.752 ], [ -80.784, 26.691 ], [ -80.743, 26.697 ], [ -80.629, 26.887 ] ] ] } },
{ "type": "Feature", "properties": { }, "geometry": { "type": "Polygon", "coordinates": [ [ [ -84.814, 11.26 ], [ -84.916, 11.414 ], [ -85.132, 11.663 ], [ -85.259, 11.783 ], [ -85.441, 11.902 ], [ -85.588, 12.016 ], [ -85.798, 12.107 ], [ -85.871, 12.098 ], [ -85.912, 12.003 ], [ -85.899, 11.702 ], [ -85.864, 11.664 ], [ -85.798, 11.483 ], [ -85.719, 11.353 ], [ -85.64, 11.283 ], [ -85.517, 11.216 ], [ -85.26, 11.123 ], [ -84.897, 11.035 ], [ -84.803, 11.065 ], [ -84.769, 11.118 ], [ -84.814, 11.26 ] ] ] } },
{ "type": "Feature", "properties": { }, "geometry": { "type": "Polygon", "coordinates": [ [ [ 37.286, 11.794 ], [ 37.327, 11.636 ], [ 37.387, 11.632 ], [ 37.44, 11.753 ], [ 37.55, 11.942 ], [ 37.592, 12.117 ], [ 37.555, 12.223 ], [ 37.46, 12.303 ], [ 37.333, 12.272 ], [ 37.269, 12.224 ], [ 37.096, 12.266 ], [ 37.028, 12.165 ], [ 37.002, 11.907 ], [ 37.078, 11.829 ], [ 37.286, 11.794 ] ] ] } },
{ "type": "Feature", "properties": { }, "geometry": { "type": "Polygon", "coordinates": [ [ [ -69.366, -16.223 ], [ -69.222, -16.254 ], [ -69.136, -16.232 ], [ -69.077, -16.081 ], [ -68.947, -16.176 ], [ -68.946, -16.223 ], [ -69.044, -16.281 ], [ -69.052, -16.417 ], [ -69.098, -16.483 ], [ -68.942, -16.582 ], [ -68.856, -16.547 ], [ -68.906, -16.424 ], [ -68.787, -16.407 ], [ -68.693, -16.326 ], [ -68.588, -16.302 ], [ -68.593, -16.239 ], [ -68.829, -16.19 ], [ -68.889, -16.084 ], [ -68.796, -15.972 ], [ -68.831, -15.948 ], [ -68.995, -15.926 ], [ -69.039, -15.796 ], [ -69.103, -15.765 ], [ -69.19, -15.679 ], [ -69.299, -15.621 ], [ -69.361, -15.511 ], [ -69.449, -15.474 ], [ -69.541, -15.372 ], [ -69.625, -15.344 ], [ -69.687, -15.264 ], [ -69.833, -15.31 ], [ -69.938, -15.399 ], [ -69.818, -15.638 ], [ -69.956, -15.646 ], [ -70.017, -15.733 ], [ -70.011, -15.828 ], [ -69.859, -15.92 ], [ -69.812, -15.828 ], [ -69.627, -15.967 ], [ -69.447, -16.029 ], [ -69.449, -16.112 ], [ -69.487, -16.161 ], [ -69.366, -16.223 ] ] ] } },
{ "type": "Feature", "properties": { }, "geometry": { "type": "Polygon", "coordinates": [ [ [ -99.349, 53.199 ], [ -99.438, 53.337 ], [ -99.894, 53.255 ], [ -99.948, 53.355 ], [ -99.929, 53.407 ], [ -100.019, 53.533 ], [ -100.219, 53.632 ], [ -99.926, 53.76 ], [ -99.908, 53.827 ], [ -99.776, 53.835 ], [ -99.602, 54.011 ], [ -99.66, 54.034 ], [ -99.963, 53.876 ], [ -100.118, 53.837 ], [ -100.094, 53.941 ], [ -100.18, 54.042 ], [ -99.928, 54.154 ], [ -100.163, 54.252 ], [ -100.358, 54.202 ], [ -100.306, 54.098 ], [ -100.303, 53.973 ], [ -100.483, 53.95 ], [ -100.324, 53.669 ], [ -100.323, 53.593 ], [ -100.634, 53.569 ], [ -100.641, 53.495 ], [ -100.855, 53.501 ], [ -100.842, 53.426 ], [ -100.542, 53.307 ], [ -100.412, 53.27 ], [ -100.2, 53.152 ], [ -99.972, 53.098 ], [ -99.605, 53.163 ], [ -99.539, 53.067 ], [ -99.395, 53.085 ], [ -99.349, 53.199 ] ] ] } },
{ "type": "Feature", "properties": { }, "geometry": { "type": "Polygon", "coordinates": [ [ [ 36.419, 61.392 ], [ 36.247, 61.493 ], [ 36.061, 61.654 ], [ 35.871, 61.855 ], [ 35.818, 61.951 ], [ 35.689, 62.04 ], [ 35.823, 62.352 ], [ 35.803, 62.461 ], [ 35.74, 62.52 ], [ 35.464, 62.604 ], [ 34.91, 62.815 ], [ 34.48, 62.874 ], [ 34.621, 62.712 ], [ 34.839, 62.591 ], [ 34.943, 62.643 ], [ 35.147, 62.559 ], [ 35.352, 62.523 ], [ 35.54, 62.354 ], [ 35.554, 62.236 ], [ 35.341, 62.149 ], [ 35.096, 62.218 ], [ 35.165, 62.081 ], [ 35.029, 62.078 ], [ 34.892, 62.187 ], [ 34.852, 62.294 ], [ 34.696, 62.365 ], [ 34.609, 62.339 ], [ 34.658, 62.245 ], [ 34.653, 62.109 ], [ 34.591, 62.096 ], [ 34.343, 62.199 ], [ 34.328, 62.264 ], [ 34.054, 62.495 ], [ 33.978, 62.408 ], [ 34.098, 62.379 ], [ 34.257, 62.262 ], [ 34.255, 62.169 ], [ 34.537, 61.999 ], [ 34.586, 61.938 ], [ 34.562, 61.824 ], [ 34.388, 61.796 ], [ 34.531, 61.704 ], [ 34.772, 61.601 ], [ 35.154, 61.485 ], [ 35.457, 61.356 ], [ 35.611, 61.197 ], [ 35.632, 61.108 ], [ 35.583, 61.034 ], [ 35.441, 61.063 ], [ 35.142, 61.077 ], [ 34.974, 61.212 ], [ 34.838, 61.194 ], [ 34.796, 61.096 ], [ 35.184, 61.005 ], [ 35.45, 61.023 ], [ 35.551, 60.938 ], [ 35.829, 60.867 ], [ 35.88, 60.948 ], [ 36.099, 61.063 ], [ 36.279, 61.114 ], [ 36.395, 61.206 ], [ 36.374, 61.271 ], [ 36.419, 61.392 ] ], [ [ 35.326, 61.935 ], [ 35.274, 61.87 ], [ 35.16, 61.859 ], [ 35.196, 61.988 ], [ 35.326, 61.935 ] ] ] } },
{ "type": "Feature", "properties": { }, "geometry": { "type": "Polygon", "coordinates": [ [ [ -111.974, 41.002 ], [ -112.083, 41.065 ], [ -112.304, 41.283 ], [ -112.241, 41.345 ], [ -112.114, 41.336 ], [ -112.092, 41.408 ], [ -112.243, 41.393 ], [ -112.402, 41.432 ], [ -112.366, 41.248 ], [ -112.437, 41.219 ], [ -112.527, 41.421 ], [ -112.604, 41.431 ], [ -112.738, 41.537 ], [ -112.707, 41.603 ], [ -112.8, 41.667 ], [ -113.014, 41.597 ], [ -112.961, 41.377 ], [ -112.814, 41.224 ], [ -112.728, 41.019 ], [ -112.58, 40.849 ], [ -112.508, 40.919 ], [ -112.446, 40.875 ], [ -112.37, 40.701 ], [ -112.19, 40.769 ], [ -112.097, 40.881 ], [ -111.961, 40.942 ], [ -111.974, 41.002 ] ] ] } },
{ "type": "Feature", "properties": { }, "geometry": { "type": "Polygon", "coordinates": [ [ [ -84.763, 45.792 ], [ -84.757, 45.863 ], [ -84.972, 45.989 ], [ -85.101, 46.046 ], [ -85.26, 46.088 ], [ -85.479, 46.108 ], [ -85.615, 46.02 ], [ -85.959, 45.941 ], [ -86.123, 45.969 ], [ -86.272, 45.937 ], [ -86.4, 45.801 ], [ -86.527, 45.753 ], [ -86.644, 45.625 ], [ -86.691, 45.701 ], [ -86.559, 45.806 ], [ -86.563, 45.883 ], [ -86.799, 45.832 ], [ -86.837, 45.765 ], [ -86.974, 45.723 ], [ -86.993, 45.842 ], [ -87.039, 45.845 ], [ -87.085, 45.73 ], [ -87.216, 45.607 ], [ -87.399, 45.365 ], [ -87.602, 45.157 ], [ -87.627, 45.032 ], [ -87.83, 44.942 ], [ -87.952, 44.764 ], [ -88.028, 44.618 ], [ -87.969, 44.552 ], [ -87.788, 44.652 ], [ -87.677, 44.79 ], [ -87.604, 44.847 ], [ -87.42, 44.866 ], [ -87.337, 44.776 ], [ -87.487, 44.509 ], [ -87.527, 44.386 ], [ -87.535, 44.174 ], [ -87.658, 44.059 ], [ -87.724, 43.907 ], [ -87.7, 43.724 ], [ -87.774, 43.599 ], [ -87.824, 43.443 ], [ -87.881, 43.347 ], [ -87.902, 43.245 ], [ -87.893, 43.041 ], [ -87.787, 42.809 ], [ -87.812, 42.543 ], [ -87.797, 42.211 ], [ -87.695, 42.084 ], [ -87.602, 41.859 ], [ -87.515, 41.721 ], [ -87.412, 41.656 ], [ -87.253, 41.638 ], [ -87.073, 41.669 ], [ -86.798, 41.789 ], [ -86.632, 41.911 ], [ -86.407, 42.224 ], [ -86.3, 42.418 ], [ -86.233, 42.65 ], [ -86.222, 42.9 ], [ -86.248, 43.029 ], [ -86.329, 43.224 ], [ -86.435, 43.407 ], [ -86.542, 43.637 ], [ -86.441, 43.794 ], [ -86.449, 43.924 ], [ -86.519, 44.074 ], [ -86.415, 44.169 ], [ -86.296, 44.331 ], [ -86.242, 44.551 ], [ -86.261, 44.669 ], [ -86.237, 44.72 ], [ -86.126, 44.748 ], [ -86.058, 44.916 ], [ -85.953, 44.967 ], [ -85.858, 44.962 ], [ -85.784, 45.012 ], [ -85.689, 45.128 ], [ -85.588, 45.161 ], [ -85.605, 44.97 ], [ -85.647, 44.837 ], [ -85.485, 44.84 ], [ -85.389, 45.033 ], [ -85.376, 45.277 ], [ -85.223, 45.356 ], [ -84.967, 45.393 ], [ -85.088, 45.507 ], [ -85.088, 45.605 ], [ -84.977, 45.707 ], [ -84.952, 45.775 ], [ -84.763, 45.792 ] ], [ [ -85.492, 45.76 ], [ -85.492, 45.663 ], [ -85.612, 45.609 ], [ -85.573, 45.738 ], [ -85.492, 45.76 ] ], [ [ -87.049, 45.303 ], [ -87.059, 45.102 ], [ -87.179, 44.983 ], [ -87.188, 44.922 ], [ -87.28, 44.835 ], [ -87.382, 44.864 ], [ -87.396, 44.954 ], [ -87.316, 45.031 ], [ -87.259, 45.138 ], [ -87.122, 45.225 ], [ -87.049, 45.303 ] ] ] } },
{ "type": "Feature", "properties": { }, "geometry": { "type": "Polygon", "coordinates": [ [ [ -84.344, 46.531 ], [ -84.501, 46.483 ], [ -84.569, 46.577 ], [ -84.438, 46.723 ], [ -84.561, 46.73 ], [ -84.553, 46.806 ], [ -84.367, 46.88 ], [ -84.435, 46.931 ], [ -84.625, 46.922 ], [ -84.75, 46.981 ], [ -84.772, 47.037 ], [ -84.594, 47.32 ], [ -84.716, 47.427 ], [ -84.936, 47.54 ], [ -85.014, 47.639 ], [ -84.922, 47.793 ], [ -84.855, 47.95 ], [ -84.964, 47.96 ], [ -85.615, 47.941 ], [ -85.778, 47.97 ], [ -85.914, 48.03 ], [ -86.104, 48.21 ], [ -86.216, 48.423 ], [ -86.257, 48.548 ], [ -86.396, 48.731 ], [ -86.459, 48.765 ], [ -86.581, 48.753 ], [ -86.643, 48.795 ], [ -86.82, 48.773 ], [ -87.009, 48.789 ], [ -87.224, 48.776 ], [ -87.407, 48.835 ], [ -87.966, 48.959 ], [ -88.023, 48.999 ], [ -88.264, 48.974 ], [ -88.224, 48.867 ], [ -88.109, 48.776 ], [ -88.138, 48.683 ], [ -88.233, 48.597 ], [ -88.567, 48.528 ], [ -88.334, 48.709 ], [ -88.329, 48.776 ], [ -88.395, 48.845 ], [ -88.503, 48.833 ], [ -88.565, 48.64 ], [ -88.706, 48.476 ], [ -88.734, 48.384 ], [ -88.888, 48.337 ], [ -88.775, 48.583 ], [ -89.086, 48.498 ], [ -89.201, 48.451 ], [ -89.221, 48.311 ], [ -89.345, 48.121 ], [ -89.438, 48.099 ], [ -89.547, 48.013 ], [ -89.672, 47.979 ], [ -89.829, 47.901 ], [ -90.197, 47.786 ], [ -90.597, 47.688 ], [ -90.847, 47.585 ], [ -90.957, 47.524 ], [ -91.386, 47.215 ], [ -91.645, 47.05 ], [ -92.065, 46.819 ], [ -92.073, 46.736 ], [ -91.987, 46.699 ], [ -91.836, 46.702 ], [ -91.499, 46.766 ], [ -91.357, 46.811 ], [ -91.218, 46.886 ], [ -91.127, 46.868 ], [ -90.946, 46.954 ], [ -90.84, 46.962 ], [ -90.768, 46.908 ], [ -90.865, 46.761 ], [ -90.923, 46.603 ], [ -90.77, 46.645 ], [ -90.737, 46.689 ], [ -90.469, 46.584 ], [ -90.154, 46.654 ], [ -89.861, 46.793 ], [ -89.695, 46.839 ], [ -89.355, 46.882 ], [ -89.155, 46.989 ], [ -88.948, 47.043 ], [ -88.83, 47.146 ], [ -88.65, 47.232 ], [ -88.633, 47.167 ], [ -88.515, 47.096 ], [ -88.456, 46.963 ], [ -88.476, 46.837 ], [ -88.216, 46.952 ], [ -87.778, 46.888 ], [ -87.638, 46.827 ], [ -87.509, 46.683 ], [ -87.394, 46.59 ], [ -87.358, 46.524 ], [ -87.171, 46.514 ], [ -87.034, 46.543 ], [ -86.851, 46.47 ], [ -86.733, 46.49 ], [ -86.638, 46.453 ], [ -86.531, 46.524 ], [ -86.231, 46.656 ], [ -85.947, 46.702 ], [ -85.616, 46.691 ], [ -85.442, 46.707 ], [ -85.281, 46.752 ], [ -85.015, 46.783 ], [ -84.998, 46.74 ], [ -85.034, 46.506 ], [ -84.779, 46.468 ], [ -84.697, 46.491 ], [ -84.528, 46.436 ], [ -84.358, 46.505 ], [ -84.344, 46.531 ] ], [ [ -88.057, 48.837 ], [ -87.915, 48.865 ], [ -87.765, 48.841 ], [ -87.816, 48.768 ], [ -88.076, 48.741 ], [ -88.057, 48.837 ] ], [ [ -88.911, 47.936 ], [ -88.97, 47.881 ], [ -89.157, 47.841 ], [ -89.199, 47.872 ], [ -89.147, 47.953 ], [ -88.588, 48.158 ], [ -88.625, 48.042 ], [ -88.911, 47.936 ] ], [ [ -87.79, 47.411 ], [ -88.021, 47.392 ], [ -88.016, 47.321 ], [ -88.222, 47.211 ], [ -88.237, 47.159 ], [ -88.439, 47.011 ], [ -88.434, 47.122 ], [ -88.616, 47.174 ], [ -88.562, 47.272 ], [ -88.394, 47.389 ], [ -88.11, 47.473 ], [ -87.878, 47.484 ], [ -87.79, 47.411 ] ], [ [ -85.606, 47.742 ], [ -85.859, 47.719 ], [ -85.827, 47.804 ], [ -85.641, 47.782 ], [ -85.606, 47.742 ] ] ] } },
{ "type": "Feature", "properties": { }, "geometry": { "type": "Polygon", "coordinates": [ [ [ -84.344, 46.531 ], [ -84.358, 46.505 ], [ -84.229, 46.366 ], [ -84.204, 46.247 ], [ -84.227, 46.184 ], [ -84.109, 46.178 ], [ -84.041, 46.088 ], [ -83.894, 46.001 ], [ -83.979, 45.962 ], [ -84.341, 46.0 ], [ -84.521, 45.995 ], [ -84.632, 46.053 ], [ -84.725, 45.958 ], [ -84.757, 45.863 ], [ -84.763, 45.792 ], [ -84.441, 45.676 ], [ -84.326, 45.666 ], [ -84.189, 45.611 ], [ -84.128, 45.532 ], [ -83.479, 45.339 ], [ -83.397, 45.274 ], [ -83.396, 45.221 ], [ -83.32, 45.139 ], [ -83.448, 45.025 ], [ -83.436, 44.961 ], [ -83.328, 44.869 ], [ -83.294, 44.683 ], [ -83.331, 44.375 ], [ -83.463, 44.265 ], [ -83.513, 44.271 ], [ -83.614, 44.058 ], [ -83.692, 44.014 ], [ -83.879, 43.963 ], [ -83.922, 43.875 ], [ -83.938, 43.738 ], [ -83.848, 43.664 ], [ -83.735, 43.627 ], [ -83.622, 43.636 ], [ -83.573, 43.697 ], [ -83.469, 43.731 ], [ -83.353, 43.879 ], [ -83.338, 43.929 ], [ -83.209, 43.994 ], [ -82.947, 44.067 ], [ -82.788, 44.004 ], [ -82.663, 43.854 ], [ -82.597, 43.634 ], [ -82.516, 43.28 ], [ -82.461, 43.081 ], [ -82.417, 43.017 ], [ -82.181, 43.085 ], [ -82.033, 43.186 ], [ -81.785, 43.327 ], [ -81.713, 43.474 ], [ -81.718, 43.982 ], [ -81.732, 44.06 ], [ -81.595, 44.311 ], [ -81.519, 44.399 ], [ -81.402, 44.461 ], [ -81.278, 44.644 ], [ -81.278, 44.79 ], [ -81.415, 44.987 ], [ -81.59, 45.166 ], [ -81.683, 45.203 ], [ -81.595, 45.262 ], [ -81.296, 45.249 ], [ -81.313, 45.156 ], [ -81.26, 45.028 ], [ -81.074, 44.914 ], [ -81.022, 44.802 ], [ -80.891, 44.761 ], [ -80.925, 44.633 ], [ -80.79, 44.7 ], [ -80.65, 44.721 ], [ -80.593, 44.639 ], [ -80.46, 44.578 ], [ -80.226, 44.51 ], [ -80.085, 44.489 ], [ -80.008, 44.572 ], [ -79.997, 44.652 ], [ -80.108, 44.807 ], [ -79.997, 44.856 ], [ -79.827, 44.768 ], [ -79.772, 44.819 ], [ -79.828, 44.936 ], [ -80.086, 45.109 ], [ -80.023, 45.136 ], [ -80.111, 45.259 ], [ -80.041, 45.342 ], [ -80.092, 45.393 ], [ -80.271, 45.36 ], [ -80.385, 45.458 ], [ -80.389, 45.574 ], [ -80.511, 45.59 ], [ -80.656, 45.79 ], [ -80.818, 45.951 ], [ -81.097, 45.942 ], [ -81.237, 45.974 ], [ -81.595, 45.996 ], [ -81.64, 46.04 ], [ -81.615, 46.119 ], [ -81.769, 46.104 ], [ -82.196, 46.134 ], [ -82.35, 46.193 ], [ -82.664, 46.176 ], [ -82.719, 46.207 ], [ -83.025, 46.181 ], [ -83.459, 46.238 ], [ -83.661, 46.29 ], [ -83.843, 46.302 ], [ -83.882, 46.333 ], [ -84.092, 46.361 ], [ -84.087, 46.507 ], [ -84.165, 46.563 ], [ -84.344, 46.531 ] ], [ [ -83.345, 45.993 ], [ -83.269, 45.947 ], [ -83.387, 45.869 ], [ -83.48, 45.907 ], [ -83.437, 45.963 ], [ -83.345, 45.993 ] ], [ [ -83.529, 46.024 ], [ -83.518, 45.958 ], [ -83.731, 45.943 ], [ -83.866, 45.979 ], [ -83.608, 46.097 ], [ -83.529, 46.024 ] ], [ [ -83.829, 46.148 ], [ -83.907, 46.097 ], [ -83.979, 46.109 ], [ -84.097, 46.288 ], [ -83.971, 46.303 ], [ -83.822, 46.253 ], [ -83.829, 46.148 ] ], [ [ -84.133, 46.341 ], [ -84.189, 46.36 ], [ -84.274, 46.487 ], [ -84.142, 46.531 ], [ -84.164, 46.41 ], [ -84.133, 46.341 ] ], [ [ -82.962, 45.833 ], [ -83.16, 45.875 ], [ -83.125, 45.938 ], [ -82.965, 45.945 ], [ -82.845, 45.99 ], [ -82.765, 45.858 ], [ -82.58, 45.896 ], [ -82.332, 45.982 ], [ -82.236, 45.946 ], [ -82.143, 45.869 ], [ -82.055, 45.955 ], [ -81.939, 45.979 ], [ -81.897, 45.91 ], [ -81.763, 45.821 ], [ -81.593, 45.792 ], [ -81.755, 45.591 ], [ -81.881, 45.535 ], [ -82.029, 45.566 ], [ -82.323, 45.684 ], [ -82.736, 45.797 ], [ -82.937, 45.811 ], [ -82.962, 45.833 ] ] ] } },
{ "type": "Feature", "properties": { }, "geometry": { "type": "Polygon", "coordinates": [ [ [ -97.427, 25.354 ], [ -97.473, 25.44 ], [ -97.518, 25.435 ], [ -97.531, 25.327 ], [ -97.68, 25.346 ], [ -97.754, 25.257 ], [ -97.699, 25.159 ], [ -97.729, 24.994 ], [ -97.643, 24.908 ], [ -97.703, 24.845 ], [ -97.689, 24.663 ], [ -97.725, 24.501 ], [ -97.8, 24.546 ], [ -97.805, 24.444 ], [ -97.741, 24.391 ], [ -97.687, 24.476 ], [ -97.537, 25.082 ], [ -97.427, 25.354 ] ] ] } },
{ "type": "Feature", "properties": { }, "geometry": { "type": "Polygon", "coordinates": [ [ [ -102.837, 58.33 ], [ -102.803, 58.412 ], [ -102.952, 58.533 ], [ -103.221, 58.525 ], [ -103.239, 58.472 ], [ -103.384, 58.432 ], [ -103.495, 58.462 ], [ -103.61, 58.409 ], [ -103.662, 58.284 ], [ -103.619, 58.234 ], [ -103.706, 58.127 ], [ -103.673, 58.037 ], [ -103.793, 57.964 ], [ -103.559, 57.869 ], [ -103.269, 57.87 ], [ -103.281, 57.984 ], [ -103.231, 58.081 ], [ -102.941, 58.173 ], [ -103.001, 58.243 ], [ -102.948, 58.306 ], [ -102.837, 58.33 ] ] ] } },
{ "type": "Feature", "properties": { }, "geometry": { "type": "Polygon", "coordinates": [ [ [ -109.233, 59.127 ], [ -109.103, 59.098 ], [ -108.211, 59.161 ], [ -107.837, 59.216 ], [ -107.734, 59.336 ], [ -107.589, 59.292 ], [ -107.452, 59.304 ], [ -106.71, 59.263 ], [ -106.042, 59.252 ], [ -106.021, 59.29 ], [ -107.239, 59.348 ], [ -107.558, 59.396 ], [ -107.953, 59.434 ], [ -108.219, 59.473 ], [ -108.538, 59.435 ], [ -108.748, 59.387 ], [ -108.863, 59.406 ], [ -108.795, 59.504 ], [ -109.036, 59.498 ], [ -109.172, 59.587 ], [ -109.398, 59.597 ], [ -109.547, 59.57 ], [ -109.801, 59.445 ], [ -109.777, 59.413 ], [ -110.612, 59.041 ], [ -110.872, 58.837 ], [ -111.019, 58.764 ], [ -111.28, 58.788 ], [ -111.262, 58.703 ], [ -111.098, 58.616 ], [ -111.107, 58.547 ], [ -110.877, 58.629 ], [ -110.411, 58.631 ], [ -110.403, 58.768 ], [ -110.276, 58.86 ], [ -110.074, 58.949 ], [ -109.886, 59.006 ], [ -109.233, 59.127 ] ] ] } },
{ "type": "Feature", "properties": { }, "geometry": { "type": "Polygon", "coordinates": [ [ [ -72.9, 51.146 ], [ -72.719, 51.217 ], [ -72.811, 51.244 ], [ -73.041, 51.154 ], [ -73.067, 51.206 ], [ -72.851, 51.305 ], [ -72.89, 51.354 ], [ -73.067, 51.39 ], [ -73.378, 51.24 ], [ -73.641, 51.078 ], [ -73.892, 50.981 ], [ -73.845, 50.888 ], [ -73.954, 50.722 ], [ -74.104, 50.448 ], [ -73.932, 50.458 ], [ -73.88, 50.297 ], [ -73.788, 50.39 ], [ -73.817, 50.499 ], [ -73.8, 50.595 ], [ -73.631, 50.824 ], [ -73.573, 50.835 ], [ -73.293, 51.077 ], [ -73.173, 51.158 ], [ -73.129, 51.106 ], [ -73.262, 50.977 ], [ -73.394, 50.893 ], [ -73.459, 50.793 ], [ -73.114, 50.997 ], [ -72.9, 51.146 ] ] ] } },
{ "type": "Feature", "properties": { }, "geometry": { "type": "Polygon", "coordinates": [ [ [ 5.867, 52.563 ], [ 5.835, 52.609 ], [ 5.653, 52.63 ], [ 5.613, 52.684 ], [ 5.657, 52.851 ], [ 5.42, 52.874 ], [ 5.398, 53.042 ], [ 5.269, 53.027 ], [ 5.068, 52.923 ], [ 5.118, 52.836 ], [ 5.247, 52.73 ], [ 5.242, 52.67 ], [ 5.066, 52.624 ], [ 5.069, 52.451 ], [ 5.04, 52.344 ], [ 5.495, 52.252 ], [ 5.795, 52.428 ], [ 5.87, 52.485 ], [ 5.867, 52.563 ] ], [ [ 5.801, 52.466 ], [ 5.499, 52.302 ], [ 5.242, 52.334 ], [ 5.169, 52.379 ], [ 5.377, 52.49 ], [ 5.658, 52.588 ], [ 5.797, 52.565 ], [ 5.801, 52.466 ] ] ] } },
{ "type": "Feature", "properties": { }, "geometry": { "type": "Polygon", "coordinates": [ [ [ 38.681, 58.108 ], [ 38.692, 58.207 ], [ 38.812, 58.251 ], [ 38.871, 58.331 ], [ 39.005, 58.358 ], [ 38.989, 58.496 ], [ 38.753, 58.547 ], [ 38.427, 58.747 ], [ 38.119, 58.955 ], [ 37.858, 59.075 ], [ 38.027, 59.128 ], [ 37.987, 59.177 ], [ 37.645, 59.157 ], [ 37.673, 59.025 ], [ 37.499, 58.944 ], [ 37.777, 58.926 ], [ 37.918, 58.858 ], [ 37.996, 58.862 ], [ 38.024, 58.746 ], [ 37.988, 58.672 ], [ 38.096, 58.634 ], [ 38.074, 58.542 ], [ 37.768, 58.618 ], [ 37.565, 58.553 ], [ 37.538, 58.613 ], [ 37.41, 58.67 ], [ 37.423, 58.727 ], [ 37.308, 58.76 ], [ 37.151, 58.849 ], [ 37.155, 58.695 ], [ 37.417, 58.613 ], [ 37.507, 58.535 ], [ 37.897, 58.292 ], [ 37.944, 58.301 ], [ 38.221, 58.237 ], [ 38.259, 58.071 ], [ 38.383, 58.122 ], [ 38.681, 58.108 ] ] ] } },
{ "type": "Feature", "properties": { }, "geometry": { "type": "Polygon", "coordinates": [ [ [ 78.303, 42.588 ], [ 78.136, 42.608 ], [ 78.119, 42.642 ], [ 78.249, 42.734 ], [ 77.684, 42.702 ], [ 77.535, 42.651 ], [ 77.337, 42.67 ], [ 76.965, 42.612 ], [ 76.453, 42.489 ], [ 76.226, 42.461 ], [ 76.263, 42.328 ], [ 76.432, 42.32 ], [ 76.578, 42.291 ], [ 76.921, 42.19 ], [ 77.137, 42.168 ], [ 77.515, 42.182 ], [ 77.716, 42.24 ], [ 77.854, 42.367 ], [ 77.871, 42.428 ], [ 78.158, 42.55 ], [ 78.303, 42.588 ] ] ] } },
{ "type": "Feature", "properties": { }, "geometry": { "type": "Polygon", "coordinates": [ [ [ -94.052, 49.373 ], [ -94.144, 49.427 ], [ -94.173, 49.497 ], [ -94.302, 49.515 ], [ -94.346, 49.724 ], [ -94.451, 49.738 ], [ -94.53, 49.853 ], [ -94.588, 49.988 ], [ -94.678, 49.953 ], [ -94.576, 49.807 ], [ -94.588, 49.724 ], [ -94.823, 49.69 ], [ -94.84, 49.613 ], [ -95.099, 49.639 ], [ -95.152, 49.622 ], [ -95.107, 49.463 ], [ -94.911, 49.526 ], [ -94.822, 49.512 ], [ -94.941, 49.4 ], [ -94.936, 49.24 ], [ -94.983, 49.195 ], [ -95.199, 49.166 ], [ -95.277, 49.105 ], [ -95.267, 49.029 ], [ -95.315, 48.97 ], [ -95.274, 48.886 ], [ -95.179, 48.897 ], [ -95.003, 48.964 ], [ -94.818, 48.868 ], [ -94.713, 48.863 ], [ -94.537, 48.945 ], [ -94.265, 49.114 ], [ -94.197, 49.096 ], [ -94.099, 49.167 ], [ -94.24, 49.181 ], [ -94.354, 49.266 ], [ -94.464, 49.232 ], [ -94.745, 49.409 ], [ -94.646, 49.445 ], [ -94.365, 49.483 ], [ -94.254, 49.471 ], [ -94.221, 49.394 ], [ -94.109, 49.263 ], [ -94.047, 49.268 ], [ -94.052, 49.373 ] ], [ [ -94.702, 49.191 ], [ -94.515, 49.215 ], [ -94.446, 49.179 ], [ -94.528, 49.041 ], [ -94.731, 49.092 ], [ -94.702, 49.191 ] ] ] } },
{ "type": "Feature", "properties": { }, "geometry": { "type": "Polygon", "coordinates": [ [ [ -88.03, 49.961 ], [ -88.133, 50.035 ], [ -88.222, 50.059 ], [ -88.171, 50.135 ], [ -88.232, 50.213 ], [ -88.551, 50.239 ], [ -88.639, 50.277 ], [ -88.769, 50.213 ], [ -88.893, 50.057 ], [ -88.888, 49.933 ], [ -88.941, 49.82 ], [ -89.092, 49.776 ], [ -89.008, 49.714 ], [ -88.93, 49.755 ], [ -88.869, 49.521 ], [ -88.773, 49.458 ], [ -88.622, 49.428 ], [ -88.494, 49.462 ], [ -88.439, 49.394 ], [ -88.305, 49.459 ], [ -88.18, 49.466 ], [ -88.166, 49.58 ], [ -88.112, 49.711 ], [ -88.108, 49.868 ], [ -88.145, 49.912 ], [ -88.03, 49.961 ] ] ] } },
{ "type": "Feature", "properties": { }, "geometry": { "type": "Polygon", "coordinates": [ [ [ -101.724, 57.91 ], [ -101.847, 57.898 ], [ -101.803, 58.02 ], [ -102.013, 58.003 ], [ -102.151, 58.038 ], [ -102.205, 57.931 ], [ -102.44, 57.799 ], [ -102.523, 57.73 ], [ -102.692, 57.688 ], [ -102.694, 57.564 ], [ -102.89, 57.451 ], [ -102.919, 57.295 ], [ -102.789, 57.283 ], [ -102.693, 57.21 ], [ -102.742, 57.101 ], [ -102.584, 57.046 ], [ -102.544, 56.93 ], [ -102.57, 56.83 ], [ -102.732, 56.716 ], [ -102.862, 56.683 ], [ -102.978, 56.562 ], [ -103.051, 56.569 ], [ -103.106, 56.853 ], [ -103.153, 56.62 ], [ -103.257, 56.475 ], [ -103.288, 56.304 ], [ -103.137, 56.414 ], [ -102.977, 56.369 ], [ -102.885, 56.473 ], [ -102.465, 56.608 ], [ -102.313, 56.838 ], [ -102.177, 56.864 ], [ -101.962, 57.025 ], [ -102.048, 57.114 ], [ -102.032, 57.191 ], [ -101.888, 57.305 ], [ -102.094, 57.368 ], [ -102.048, 57.484 ], [ -101.828, 57.579 ], [ -101.543, 57.816 ], [ -101.544, 57.92 ], [ -101.724, 57.91 ] ] ] } },
{ "type": "Feature", "properties": { }, "geometry": { "type": "Polygon", "coordinates": [ [ [ -75.75, 43.226 ], [ -76.06, 43.263 ], [ -75.959, 43.177 ], [ -75.8, 43.181 ], [ -75.75, 43.226 ] ] ] } },
{ "type": "Feature", "properties": { }, "geometry": { "type": "Polygon", "coordinates": [ [ [ -153.971, 59.769 ], [ -154.328, 59.791 ], [ -154.993, 59.705 ], [ -155.26, 59.662 ], [ -155.846, 59.538 ], [ -155.914, 59.456 ], [ -155.881, 59.377 ], [ -155.743, 59.335 ], [ -154.907, 59.432 ], [ -154.614, 59.451 ], [ -154.534, 59.628 ], [ -154.109, 59.718 ], [ -153.971, 59.769 ] ] ] } },
{ "type": "Feature", "properties": { }, "geometry": { "type": "Polygon", "coordinates": [ [ [ -155.961, 57.87 ], [ -155.976, 57.909 ], [ -156.279, 58.006 ], [ -156.638, 58.086 ], [ -156.817, 58.067 ], [ -156.884, 57.999 ], [ -156.832, 57.931 ], [ -156.605, 57.879 ], [ -155.993, 57.763 ], [ -155.961, 57.87 ] ] ] } },
{ "type": "Feature", "properties": { }, "geometry": { "type": "Polygon", "coordinates": [ [ [ -119.943, 39.025 ], [ -119.918, 39.207 ], [ -119.936, 39.254 ], [ -120.059, 39.221 ], [ -120.139, 39.091 ], [ -120.081, 38.971 ], [ -119.966, 38.957 ], [ -119.943, 39.025 ] ] ] } },
{ "type": "Feature", "properties": { }, "geometry": { "type": "Polygon", "coordinates": [ [ [ 35.324, -14.619 ], [ 35.268, -14.517 ], [ 35.208, -14.531 ], [ 35.197, -14.682 ], [ 35.27, -14.733 ], [ 35.324, -14.619 ] ] ] } },
{ "type": "Feature", "properties": { }, "geometry": { "type": "Polygon", "coordinates": [ [ [ 84.516, 47.93 ], [ 84.334, 48.023 ], [ 84.051, 48.083 ], [ 83.74, 48.198 ], [ 83.581, 48.267 ], [ 83.682, 48.353 ], [ 83.907, 48.374 ], [ 83.919, 48.397 ], [ 83.613, 48.437 ], [ 83.517, 48.617 ], [ 83.487, 48.718 ], [ 83.514, 48.813 ], [ 83.609, 48.91 ], [ 84.149, 49.086 ], [ 84.329, 49.125 ], [ 84.361, 49.161 ], [ 84.288, 49.238 ], [ 83.729, 49.535 ], [ 83.74, 49.631 ], [ 83.608, 49.606 ], [ 83.391, 49.652 ], [ 83.479, 49.538 ], [ 83.539, 49.532 ], [ 83.66, 49.443 ], [ 83.849, 49.417 ], [ 84.1, 49.238 ], [ 84.121, 49.159 ], [ 84.036, 49.111 ], [ 83.747, 49.039 ], [ 83.589, 48.962 ], [ 83.471, 48.858 ], [ 83.423, 48.743 ], [ 83.392, 48.5 ], [ 83.533, 48.375 ], [ 83.435, 48.27 ], [ 83.039, 48.25 ], [ 83.027, 48.212 ], [ 83.259, 48.095 ], [ 83.625, 48.013 ], [ 83.994, 47.843 ], [ 84.242, 47.706 ], [ 84.357, 47.732 ], [ 84.427, 47.857 ], [ 84.516, 47.93 ] ] ] } },
{ "type": "Feature", "properties": { }, "geometry": { "type": "Polygon", "coordinates": [ [ [ -88.325, 44.068 ], [ -88.321, 44.18 ], [ -88.418, 44.195 ], [ -88.519, 44.029 ], [ -88.465, 43.813 ], [ -88.334, 43.938 ], [ -88.325, 44.068 ] ] ] } },
{ "type": "Feature", "properties": { }, "geometry": { "type": "Polygon", "coordinates": [ [ [ -71.438, 66.596 ], [ -71.306, 66.515 ], [ -71.127, 66.331 ], [ -71.194, 66.151 ], [ -71.226, 65.954 ], [ -71.104, 65.991 ], [ -70.851, 66.156 ], [ -70.582, 66.289 ], [ -70.376, 66.195 ], [ -69.975, 66.258 ], [ -69.77, 66.203 ], [ -69.585, 66.203 ], [ -69.511, 66.268 ], [ -69.221, 66.406 ], [ -69.646, 66.442 ], [ -69.527, 66.503 ], [ -69.49, 66.581 ], [ -69.945, 66.688 ], [ -70.288, 66.748 ], [ -70.463, 66.753 ], [ -70.826, 66.994 ], [ -71.174, 67.028 ], [ -71.209, 66.862 ], [ -71.438, 66.596 ] ] ] } },
{ "type": "Feature", "properties": { }, "geometry": { "type": "Polygon", "coordinates": [ [ [ 36.685, 2.538 ], [ 36.697, 2.727 ], [ 36.652, 2.858 ], [ 36.538, 2.924 ], [ 36.427, 3.011 ], [ 36.311, 3.207 ], [ 36.221, 3.473 ], [ 36.226, 3.88 ], [ 36.197, 4.431 ], [ 36.174, 4.632 ], [ 36.098, 4.623 ], [ 36.074, 4.555 ], [ 35.95, 4.553 ], [ 35.919, 4.27 ], [ 35.847, 3.775 ], [ 35.872, 3.598 ], [ 35.937, 3.482 ], [ 35.966, 3.368 ], [ 36.113, 3.167 ], [ 36.154, 3.038 ], [ 36.331, 2.874 ], [ 36.424, 2.734 ], [ 36.535, 2.448 ], [ 36.633, 2.425 ], [ 36.685, 2.538 ] ] ] } },
{ "type": "Feature", "properties": { }, "geometry": { "type": "Polygon", "coordinates": [ [ [ -101.935, 63.221 ], [ -102.16, 63.165 ], [ -102.035, 62.925 ], [ -101.823, 62.881 ], [ -101.755, 62.801 ], [ -101.499, 62.74 ], [ -101.414, 62.911 ], [ -101.322, 62.828 ], [ -101.392, 62.721 ], [ -101.29, 62.666 ], [ -101.028, 62.761 ], [ -101.059, 62.858 ], [ -100.884, 62.956 ], [ -100.884, 63.007 ], [ -101.061, 63.06 ], [ -101.113, 63.171 ], [ -101.041, 63.292 ], [ -100.864, 63.294 ], [ -100.673, 63.373 ], [ -100.644, 63.468 ], [ -100.706, 63.546 ], [ -100.902, 63.53 ], [ -101.008, 63.463 ], [ -101.365, 63.397 ], [ -101.548, 63.456 ], [ -101.583, 63.397 ], [ -101.749, 63.337 ], [ -101.807, 63.267 ], [ -101.935, 63.221 ] ] ] } },
{ "type": "Feature", "properties": { }, "geometry": { "type": "Polygon", "coordinates": [ [ [ -94.626, 64.159 ], [ -94.65, 64.197 ], [ -95.251, 64.274 ], [ -96.203, 64.325 ], [ -96.273, 64.301 ], [ -96.227, 64.193 ], [ -95.946, 64.127 ], [ -95.784, 64.056 ], [ -95.299, 64.079 ], [ -94.86, 64.066 ], [ -94.455, 63.996 ], [ -94.312, 64.012 ], [ -94.247, 64.124 ], [ -94.626, 64.159 ] ] ] } },
{ "type": "Feature", "properties": { }, "geometry": { "type": "Polygon", "coordinates": [ [ [ 19.764, 54.434 ], [ 19.929, 54.517 ], [ 20.405, 54.682 ], [ 20.084, 54.673 ], [ 19.988, 54.71 ], [ 19.879, 54.589 ], [ 19.717, 54.482 ], [ 19.764, 54.434 ] ] ] } },
{ "type": "Feature", "properties": { }, "geometry": { "type": "Polygon", "coordinates": [ [ [ 19.717, 54.482 ], [ 19.503, 54.381 ], [ 19.279, 54.338 ], [ 19.347, 54.268 ], [ 19.481, 54.3 ], [ 19.764, 54.434 ], [ 19.717, 54.482 ] ] ] } },
{ "type": "Feature", "properties": { }, "geometry": { "type": "Polygon", "coordinates": [ [ [ -73.373, 44.148 ], [ -73.228, 44.445 ], [ -73.263, 44.542 ], [ -73.214, 44.586 ], [ -73.173, 44.919 ], [ -73.193, 44.957 ], [ -73.088, 45.046 ], [ -73.147, 45.073 ], [ -73.296, 44.914 ], [ -73.383, 44.936 ], [ -73.4, 44.775 ], [ -73.444, 44.638 ], [ -73.354, 44.281 ], [ -73.444, 44.193 ], [ -73.451, 44.083 ], [ -73.403, 43.866 ], [ -73.369, 43.876 ], [ -73.405, 44.054 ], [ -73.373, 44.148 ] ] ] } },
{ "type": "Feature", "properties": { }, "geometry": { "type": "Polygon", "coordinates": [ [ [ -115.612, 33.274 ], [ -115.66, 33.321 ], [ -115.884, 33.452 ], [ -115.948, 33.519 ], [ -116.053, 33.502 ], [ -116.062, 33.433 ], [ -115.911, 33.303 ], [ -115.789, 33.147 ], [ -115.698, 33.138 ], [ -115.616, 33.223 ], [ -115.612, 33.274 ] ] ] } },
{ "type": "Feature", "properties": { }, "geometry": { "type": "Polygon", "coordinates": [ [ [ -117.319, 63.209 ], [ -117.575, 63.372 ], [ -117.764, 63.404 ], [ -118.1, 63.57 ], [ -118.344, 63.513 ], [ -118.564, 63.428 ], [ -118.627, 63.337 ], [ -118.201, 63.283 ], [ -118.107, 63.223 ], [ -117.738, 63.113 ], [ -117.554, 63.113 ], [ -117.36, 63.146 ], [ -117.319, 63.209 ] ] ] } },
{ "type": "Feature", "properties": { }, "geometry": { "type": "Polygon", "coordinates": [ [ [ -72.967, -41.285 ], [ -72.876, -41.294 ], [ -72.727, -41.2 ], [ -72.599, -41.184 ], [ -72.703, -41.026 ], [ -72.849, -40.974 ], [ -72.974, -41.087 ], [ -72.994, -41.15 ], [ -72.967, -41.285 ] ] ] } },
{ "type": "Feature", "properties": { }, "geometry": { "type": "Polygon", "coordinates": [ [ [ 118.605, 33.172 ], [ 118.653, 33.174 ], [ 118.716, 33.089 ], [ 118.778, 33.176 ], [ 118.861, 33.357 ], [ 118.774, 33.443 ], [ 118.664, 33.463 ], [ 118.608, 33.515 ], [ 118.571, 33.62 ], [ 118.493, 33.623 ], [ 118.488, 33.54 ], [ 118.57, 33.372 ], [ 118.446, 33.407 ], [ 118.318, 33.268 ], [ 118.322, 33.182 ], [ 118.454, 33.16 ], [ 118.47, 33.128 ], [ 118.407, 33.01 ], [ 118.34, 32.994 ], [ 118.275, 33.045 ], [ 118.175, 33.21 ], [ 117.912, 33.181 ], [ 117.979, 33.142 ], [ 118.182, 33.139 ], [ 118.234, 33.046 ], [ 118.267, 32.925 ], [ 118.492, 32.998 ], [ 118.605, 33.172 ] ] ] } },
{ "type": "Feature", "properties": { }, "geometry": { "type": "Polygon", "coordinates": [ [ [ 100.787, 51.397 ], [ 100.559, 51.61 ], [ 100.38, 51.466 ], [ 100.402, 51.392 ], [ 100.284, 51.25 ], [ 100.296, 51.109 ], [ 100.248, 50.743 ], [ 100.179, 50.531 ], [ 100.193, 50.494 ], [ 100.444, 50.568 ], [ 100.445, 50.659 ], [ 100.507, 50.809 ], [ 100.688, 50.983 ], [ 100.787, 51.397 ] ] ] } },
{ "type": "Feature", "properties": { }, "geometry": { "type": "Polygon", "coordinates": [ [ [ 92.316, 50.302 ], [ 92.382, 50.142 ], [ 92.601, 50.005 ], [ 92.722, 50.01 ], [ 92.913, 50.056 ], [ 93.095, 50.198 ], [ 93.216, 50.251 ], [ 93.362, 50.282 ], [ 93.076, 50.428 ], [ 92.978, 50.54 ], [ 92.99, 50.608 ], [ 92.893, 50.658 ], [ 92.348, 50.475 ], [ 92.235, 50.413 ], [ 92.316, 50.302 ] ] ] } },
{ "type": "Feature", "properties": { }, "geometry": { "type": "Polygon", "coordinates": [ [ [ 29.128, -8.662 ], [ 29.078, -8.6 ], [ 28.954, -8.521 ], [ 28.867, -8.513 ], [ 28.643, -8.768 ], [ 28.367, -9.101 ], [ 28.326, -9.237 ], [ 28.333, -9.45 ], [ 28.377, -9.503 ], [ 28.51, -9.485 ], [ 28.521, -9.404 ], [ 28.696, -9.396 ], [ 28.891, -9.092 ], [ 29.021, -8.922 ], [ 29.107, -8.74 ], [ 29.128, -8.662 ] ] ] } },
{ "type": "Feature", "properties": { }, "geometry": { "type": "Polygon", "coordinates": [ [ [ 132.81, 45.052 ], [ 132.808, 45.149 ], [ 132.725, 45.23 ], [ 132.579, 45.296 ], [ 132.402, 45.329 ], [ 132.23, 45.328 ], [ 132.071, 45.287 ], [ 132.005, 45.214 ], [ 132.015, 45.074 ], [ 132.109, 44.969 ], [ 132.069, 44.743 ], [ 132.241, 44.63 ], [ 132.276, 44.569 ], [ 132.366, 44.529 ], [ 132.614, 44.711 ], [ 132.81, 45.052 ] ] ] } },
{ "type": "Feature", "properties": { }, "geometry": { "type": "Polygon", "coordinates": [ [ [ 104.57, 12.426 ], [ 104.555, 12.514 ], [ 104.471, 12.559 ], [ 104.44, 12.724 ], [ 104.235, 12.764 ], [ 104.1, 13.036 ], [ 103.981, 13.179 ], [ 103.842, 13.235 ], [ 103.731, 13.25 ], [ 103.699, 13.207 ], [ 103.755, 13.039 ], [ 103.806, 12.947 ], [ 103.895, 12.867 ], [ 104.008, 12.804 ], [ 104.105, 12.789 ], [ 104.14, 12.671 ], [ 104.258, 12.564 ], [ 104.401, 12.508 ], [ 104.464, 12.506 ], [ 104.57, 12.426 ] ] ] } },
{ "type": "Feature", "properties": { }, "geometry": { "type": "Polygon", "coordinates": [ [ [ 100.753, 36.811 ], [ 100.586, 36.903 ], [ 100.448, 37.025 ], [ 100.275, 37.15 ], [ 100.104, 37.202 ], [ 99.956, 37.218 ], [ 99.787, 37.149 ], [ 99.834, 36.988 ], [ 99.816, 36.955 ], [ 99.681, 36.947 ], [ 99.65, 36.911 ], [ 99.827, 36.739 ], [ 99.958, 36.679 ], [ 100.228, 36.645 ], [ 100.431, 36.641 ], [ 100.523, 36.58 ], [ 100.628, 36.557 ], [ 100.704, 36.589 ], [ 100.723, 36.745 ], [ 100.753, 36.811 ] ] ] } },
{ "type": "Feature", "properties": { }, "geometry": { "type": "Polygon", "coordinates": [ [ [ 71.239, 67.99 ], [ 71.381, 68.025 ], [ 71.093, 68.103 ], [ 70.964, 68.098 ], [ 70.971, 68.012 ], [ 71.239, 67.99 ] ] ] } },
{ "type": "Feature", "properties": { }, "geometry": { "type": "Polygon", "coordinates": [ [ [ 43.261, 33.728 ], [ 43.42, 33.706 ], [ 43.478, 33.729 ], [ 43.493, 33.888 ], [ 43.467, 33.95 ], [ 43.239, 34.141 ], [ 43.116, 34.329 ], [ 43.066, 34.258 ], [ 43.074, 34.113 ], [ 43.106, 33.915 ], [ 43.261, 33.728 ] ] ] } },
{ "type": "Feature", "properties": { }, "geometry": { "type": "Polygon", "coordinates": [ [ [ 43.878, 32.688 ], [ 43.72, 32.808 ], [ 43.55, 33.079 ], [ 43.469, 33.011 ], [ 43.475, 32.919 ], [ 43.432, 32.869 ], [ 43.438, 32.715 ], [ 43.482, 32.642 ], [ 43.668, 32.553 ], [ 43.793, 32.535 ], [ 43.863, 32.612 ], [ 43.878, 32.688 ] ] ] } },
{ "type": "Feature", "properties": { }, "geometry": { "type": "Polygon", "coordinates": [ [ [ 35.585, 31.724 ], [ 35.559, 31.766 ], [ 35.463, 31.71 ], [ 35.421, 31.619 ], [ 35.403, 31.348 ], [ 35.521, 31.327 ], [ 35.545, 31.359 ], [ 35.585, 31.724 ] ] ] } },
{ "type": "Feature", "properties": { }, "geometry": { "type": "Polygon", "coordinates": [ [ [ 27.497, 58.184 ], [ 27.624, 58.014 ], [ 27.803, 57.99 ], [ 27.911, 57.896 ], [ 28.102, 57.86 ], [ 28.169, 57.915 ], [ 28.097, 58.044 ], [ 27.865, 58.173 ], [ 27.592, 58.175 ], [ 27.569, 58.215 ], [ 27.497, 58.184 ] ] ] } },
{ "type": "Feature", "properties": { }, "geometry": { "type": "Polygon", "coordinates": [ [ [ -72.055, 48.454 ], [ -71.924, 48.444 ], [ -71.781, 48.518 ], [ -71.776, 48.61 ], [ -72.0, 48.724 ], [ -72.158, 48.755 ], [ -72.291, 48.733 ], [ -72.331, 48.669 ], [ -72.165, 48.481 ], [ -72.055, 48.454 ] ] ] } },
{ "type": "Feature", "properties": { }, "geometry": { "type": "Polygon", "coordinates": [ [ [ -77.058, 42.644 ], [ -77.113, 42.569 ], [ -77.148, 42.568 ], [ -77.203, 42.437 ], [ -77.107, 42.521 ], [ -77.058, 42.644 ] ] ] } },
{ "type": "Feature", "properties": { }, "geometry": { "type": "Polygon", "coordinates": [ [ [ -76.52, 42.501 ], [ -76.665, 42.668 ], [ -76.751, 42.925 ], [ -76.773, 42.778 ], [ -76.667, 42.603 ], [ -76.52, 42.501 ] ] ] } },
{ "type": "Feature", "properties": { }, "geometry": { "type": "Polygon", "coordinates": [ [ [ 4.685, 10.365 ], [ 4.65, 10.517 ], [ 4.68, 10.585 ], [ 4.47, 10.627 ], [ 4.459, 10.46 ], [ 4.4, 10.375 ], [ 4.465, 10.306 ], [ 4.51, 10.148 ], [ 4.468, 10.098 ], [ 4.537, 10.028 ], [ 4.566, 9.903 ], [ 4.659, 9.885 ], [ 4.617, 10.003 ], [ 4.598, 10.196 ], [ 4.685, 10.365 ] ] ] } },
{ "type": "Feature", "properties": { }, "geometry": { "type": "Polygon", "coordinates": [ [ [ 45.666, 37.742 ], [ 45.483, 37.754 ], [ 45.436, 37.806 ], [ 45.447, 37.932 ], [ 45.487, 38.073 ], [ 45.458, 38.173 ], [ 45.357, 38.264 ], [ 45.106, 38.264 ], [ 45.015, 38.144 ], [ 45.171, 38.144 ], [ 45.155, 38.045 ], [ 45.08, 37.988 ], [ 45.087, 37.885 ], [ 45.234, 37.764 ], [ 45.292, 37.438 ], [ 45.365, 37.227 ], [ 45.449, 37.149 ], [ 45.536, 37.135 ], [ 45.663, 37.288 ], [ 45.831, 37.341 ], [ 45.858, 37.426 ], [ 45.755, 37.578 ], [ 45.747, 37.701 ], [ 45.666, 37.742 ] ] ] } },
{ "type": "Feature", "properties": { }, "geometry": { "type": "Polygon", "coordinates": [ [ [ -106.258, 57.696 ], [ -106.655, 57.597 ], [ -106.831, 57.49 ], [ -107.028, 57.426 ], [ -107.083, 57.361 ], [ -107.091, 57.236 ], [ -106.97, 57.254 ], [ -106.804, 57.356 ], [ -106.541, 57.326 ], [ -106.254, 57.374 ], [ -106.095, 57.465 ], [ -106.11, 57.655 ], [ -106.258, 57.696 ] ] ] } },
{ "type": "Feature", "properties": { }, "geometry": { "type": "Polygon", "coordinates": [ [ [ -99.606, 62.959 ], [ -99.764, 62.873 ], [ -99.73, 62.819 ], [ -99.386, 62.817 ], [ -99.142, 62.929 ], [ -99.159, 62.991 ], [ -99.304, 63.048 ], [ -99.348, 63.173 ], [ -99.606, 62.959 ] ] ] } },
{ "type": "Feature", "properties": { }, "geometry": { "type": "Polygon", "coordinates": [ [ [ -102.549, 60.322 ], [ -102.588, 60.246 ], [ -102.382, 60.25 ], [ -102.275, 60.211 ], [ -102.085, 60.019 ], [ -101.885, 59.983 ], [ -101.849, 60.112 ], [ -101.886, 60.238 ], [ -101.998, 60.375 ], [ -102.108, 60.457 ], [ -102.215, 60.615 ], [ -102.352, 60.633 ], [ -102.434, 60.585 ], [ -102.437, 60.5 ], [ -102.315, 60.424 ], [ -102.485, 60.314 ], [ -102.549, 60.322 ] ] ] } },
{ "type": "Feature", "properties": { }, "geometry": { "type": "Polygon", "coordinates": [ [ [ 57.865, 41.773 ], [ 57.845, 41.838 ], [ 57.7, 41.913 ], [ 57.682, 42.01 ], [ 57.613, 42.105 ], [ 57.627, 42.15 ], [ 57.55, 42.261 ], [ 57.392, 42.335 ], [ 57.273, 42.303 ], [ 57.183, 42.185 ], [ 57.094, 41.968 ], [ 57.053, 41.773 ], [ 57.174, 41.735 ], [ 57.346, 41.573 ], [ 57.527, 41.594 ], [ 57.685, 41.636 ], [ 57.818, 41.7 ], [ 57.865, 41.773 ] ] ] } },
{ "type": "Feature", "properties": { }, "geometry": { "type": "Polygon", "coordinates": [ [ [ 76.747, 54.832 ], [ 76.734, 54.717 ], [ 76.826, 54.701 ], [ 77.052, 54.732 ], [ 77.245, 54.723 ], [ 77.574, 54.647 ], [ 77.741, 54.661 ], [ 77.643, 54.803 ], [ 77.777, 54.859 ], [ 78.049, 54.927 ], [ 78.033, 54.975 ], [ 77.57, 55.053 ], [ 77.327, 54.968 ], [ 77.245, 54.856 ], [ 77.134, 54.923 ], [ 76.869, 54.883 ], [ 76.747, 54.832 ] ] ] } },
{ "type": "Feature", "properties": { }, "geometry": { "type": "Polygon", "coordinates": [ [ [ 82.133, 45.764 ], [ 82.064, 45.944 ], [ 82.025, 46.185 ], [ 81.912, 46.351 ], [ 81.761, 46.431 ], [ 81.53, 46.452 ], [ 81.443, 46.392 ], [ 81.399, 46.305 ], [ 81.427, 46.055 ], [ 81.555, 45.965 ], [ 81.749, 45.872 ], [ 82.133, 45.764 ] ] ] } },
{ "type": "Feature", "properties": { }, "geometry": { "type": "Polygon", "coordinates": [ [ [ -90.425, 30.274 ], [ -90.493, 30.348 ], [ -90.58, 30.235 ], [ -90.537, 30.179 ], [ -90.467, 30.198 ], [ -90.425, 30.274 ] ] ] } },
{ "type": "Feature", "properties": { }, "geometry": { "type": "Polygon", "coordinates": [ [ [ -73.99, 56.026 ], [ -74.054, 56.137 ], [ -74.248, 56.161 ], [ -74.312, 56.262 ], [ -74.477, 56.318 ], [ -74.664, 56.336 ], [ -74.819, 56.273 ], [ -74.8, 56.137 ], [ -74.732, 56.091 ], [ -74.336, 56.024 ], [ -74.184, 55.957 ], [ -73.99, 56.026 ] ] ] } },
{ "type": "Feature", "properties": { }, "geometry": { "type": "Polygon", "coordinates": [ [ [ -80.447, 46.282 ], [ -80.293, 46.225 ], [ -80.063, 46.244 ], [ -79.986, 46.161 ], [ -79.772, 46.213 ], [ -79.573, 46.166 ], [ -79.436, 46.235 ], [ -79.494, 46.311 ], [ -79.653, 46.358 ], [ -79.856, 46.34 ], [ -80.053, 46.346 ], [ -80.147, 46.258 ], [ -80.253, 46.249 ], [ -80.346, 46.286 ], [ -80.447, 46.282 ] ] ] } },
{ "type": "Feature", "properties": { }, "geometry": { "type": "Polygon", "coordinates": [ [ [ 117.229, 48.585 ], [ 117.328, 48.694 ], [ 117.516, 48.846 ], [ 117.716, 48.986 ], [ 117.772, 49.059 ], [ 117.964, 49.035 ], [ 118.007, 49.105 ], [ 117.812, 49.125 ], [ 117.686, 49.22 ], [ 117.707, 49.322 ], [ 117.636, 49.342 ], [ 117.529, 49.27 ], [ 117.225, 49.003 ], [ 117.059, 48.907 ], [ 116.988, 48.841 ], [ 117.096, 48.705 ], [ 117.114, 48.561 ], [ 117.229, 48.585 ] ] ] } },
{ "type": "Feature", "properties": { }, "geometry": { "type": "Polygon", "coordinates": [ [ [ 29.995, -11.091 ], [ 30.019, -11.014 ], [ 30.0, -10.938 ], [ 29.927, -10.878 ], [ 29.847, -10.887 ], [ 29.741, -10.931 ], [ 29.565, -11.157 ], [ 29.496, -11.195 ], [ 29.55, -11.248 ], [ 29.588, -11.394 ], [ 29.752, -11.416 ], [ 29.837, -11.38 ], [ 29.917, -11.301 ], [ 29.995, -11.091 ] ] ] } },
{ "type": "Feature", "properties": { }, "geometry": { "type": "Polygon", "coordinates": [ [ [ 28.447, 69.326 ], [ 28.345, 69.323 ], [ 28.084, 69.19 ], [ 27.941, 69.178 ], [ 27.56, 69.062 ], [ 27.484, 69.004 ], [ 27.162, 68.923 ], [ 27.417, 68.841 ], [ 27.464, 68.761 ], [ 27.655, 68.732 ], [ 27.779, 68.792 ], [ 27.992, 68.788 ], [ 27.989, 68.88 ], [ 28.356, 68.872 ], [ 28.092, 68.981 ], [ 28.251, 69.064 ], [ 28.4, 69.082 ], [ 28.566, 69.222 ], [ 28.447, 69.326 ] ] ] } },
{ "type": "Feature", "properties": { }, "geometry": { "type": "Polygon", "coordinates": [ [ [ 26.78, 64.391 ], [ 26.942, 64.238 ], [ 27.287, 64.131 ], [ 27.323, 64.209 ], [ 27.562, 64.274 ], [ 27.653, 64.225 ], [ 28.073, 64.121 ], [ 28.157, 64.16 ], [ 27.765, 64.245 ], [ 27.93, 64.307 ], [ 27.925, 64.381 ], [ 27.727, 64.397 ], [ 27.365, 64.33 ], [ 27.217, 64.414 ], [ 27.214, 64.497 ], [ 26.866, 64.53 ], [ 26.78, 64.391 ] ] ] } },
{ "type": "Feature", "properties": { }, "geometry": { "type": "Polygon", "coordinates": [ [ [ 27.569, 58.215 ], [ 27.583, 58.306 ], [ 27.821, 58.485 ], [ 27.748, 58.912 ], [ 27.683, 58.98 ], [ 27.524, 59.007 ], [ 27.298, 58.995 ], [ 27.107, 58.954 ], [ 26.974, 58.884 ], [ 26.966, 58.806 ], [ 27.157, 58.648 ], [ 27.237, 58.452 ], [ 27.425, 58.303 ], [ 27.497, 58.184 ], [ 27.569, 58.215 ] ] ] } },
{ "type": "Feature", "properties": { }, "geometry": { "type": "Polygon", "coordinates": [ [ [ 29.198, -1.644 ], [ 29.071, -1.605 ], [ 29.033, -1.647 ], [ 28.988, -1.838 ], [ 28.909, -2.008 ], [ 28.916, -2.082 ], [ 28.876, -2.228 ], [ 28.917, -2.288 ], [ 28.857, -2.371 ], [ 28.91, -2.433 ], [ 28.995, -2.36 ], [ 29.077, -2.345 ], [ 29.149, -2.277 ], [ 29.283, -2.095 ], [ 29.358, -2.016 ], [ 29.249, -1.736 ], [ 29.198, -1.644 ] ] ] } },
{ "type": "Feature", "properties": { }, "geometry": { "type": "Polygon", "coordinates": [ [ [ 29.419, -0.63 ], [ 29.51, -0.612 ], [ 29.642, -0.507 ], [ 29.868, -0.303 ], [ 29.887, -0.172 ], [ 29.783, -0.121 ], [ 29.644, -0.12 ], [ 29.496, -0.18 ], [ 29.327, -0.53 ], [ 29.366, -0.64 ], [ 29.419, -0.63 ] ] ] } },
{ "type": "Feature", "properties": { }, "geometry": { "type": "Polygon", "coordinates": [ [ [ 120.602, 31.087 ], [ 120.54, 31.127 ], [ 120.461, 31.081 ], [ 120.44, 31.153 ], [ 120.326, 31.32 ], [ 120.38, 31.429 ], [ 120.271, 31.445 ], [ 120.219, 31.532 ], [ 120.108, 31.492 ], [ 119.987, 31.392 ], [ 119.939, 31.253 ], [ 119.978, 31.091 ], [ 120.103, 30.973 ], [ 120.236, 30.936 ], [ 120.394, 30.971 ], [ 120.602, 31.087 ] ] ] } },
{ "type": "Feature", "properties": { }, "geometry": { "type": "Polygon", "coordinates": [ [ [ -76.547, 56.164 ], [ -76.446, 56.139 ], [ -76.147, 56.127 ], [ -75.953, 56.145 ], [ -75.939, 56.191 ], [ -76.205, 56.322 ], [ -76.245, 56.423 ], [ -76.391, 56.499 ], [ -76.417, 56.306 ], [ -76.547, 56.164 ] ] ] } },
{ "type": "Feature", "properties": { }, "geometry": { "type": "Polygon", "coordinates": [ [ [ -62.23, -30.776 ], [ -62.233, -30.671 ], [ -62.288, -30.589 ], [ -62.644, -30.521 ], [ -62.722, -30.584 ], [ -62.931, -30.649 ], [ -62.979, -30.692 ], [ -62.931, -30.751 ], [ -62.727, -30.917 ], [ -62.571, -30.863 ], [ -62.408, -30.841 ], [ -62.23, -30.776 ] ] ] } },
{ "type": "Feature", "properties": { }, "geometry": { "type": "Polygon", "coordinates": [ [ [ 33.167, 49.019 ], [ 33.194, 49.119 ], [ 33.015, 49.281 ], [ 32.754, 49.485 ], [ 32.632, 49.382 ], [ 32.461, 49.426 ], [ 32.114, 49.541 ], [ 31.955, 49.57 ], [ 31.9, 49.513 ], [ 32.408, 49.302 ], [ 32.77, 49.116 ], [ 33.043, 49.063 ], [ 33.167, 49.019 ] ] ] } },
{ "type": "Feature", "properties": { }, "geometry": { "type": "Polygon", "coordinates": [ [ [ -76.088, 53.666 ], [ -75.907, 53.653 ], [ -76.124, 53.523 ], [ -76.102, 53.475 ], [ -75.934, 53.465 ], [ -75.716, 53.497 ], [ -75.601, 53.582 ], [ -75.633, 53.638 ], [ -75.238, 53.619 ], [ -75.034, 53.639 ], [ -75.027, 53.576 ], [ -74.807, 53.605 ], [ -74.771, 53.654 ], [ -75.265, 53.684 ], [ -75.27, 53.709 ], [ -74.889, 53.794 ], [ -74.799, 53.893 ], [ -75.184, 53.82 ], [ -75.292, 53.897 ], [ -75.552, 53.892 ], [ -75.85, 53.855 ], [ -75.93, 53.766 ], [ -76.1, 53.737 ], [ -76.088, 53.666 ] ] ] } },
{ "type": "Feature", "properties": { }, "geometry": { "type": "Polygon", "coordinates": [ [ [ -76.1, 53.737 ], [ -76.696, 53.699 ], [ -76.433, 53.898 ], [ -76.304, 53.963 ], [ -76.255, 54.073 ], [ -76.183, 54.103 ], [ -76.368, 54.188 ], [ -76.557, 54.157 ], [ -76.472, 54.082 ], [ -76.66, 54.026 ], [ -76.84, 54.088 ], [ -76.888, 54.057 ], [ -76.731, 53.977 ], [ -76.766, 53.91 ], [ -77.016, 53.821 ], [ -77.288, 53.791 ], [ -77.42, 53.798 ], [ -77.685, 53.679 ], [ -77.465, 53.638 ], [ -77.488, 53.56 ], [ -77.397, 53.521 ], [ -77.187, 53.493 ], [ -76.839, 53.499 ], [ -76.515, 53.557 ], [ -76.36, 53.63 ], [ -76.088, 53.666 ], [ -76.1, 53.737 ] ] ] } },
{ "type": "Feature", "properties": { }, "geometry": { "type": "Polygon", "coordinates": [ [ [ -156.548, 57.766 ], [ -156.683, 57.755 ], [ -156.837, 57.653 ], [ -156.893, 57.58 ], [ -157.019, 57.512 ], [ -156.834, 57.443 ], [ -156.777, 57.566 ], [ -156.604, 57.696 ], [ -156.548, 57.766 ] ] ] } },
{ "type": "Feature", "properties": { }, "geometry": { "type": "Polygon", "coordinates": [ [ [ -71.509, 18.47 ], [ -71.683, 18.551 ], [ -71.794, 18.494 ], [ -71.607, 18.421 ], [ -71.509, 18.47 ] ] ] } },
{ "type": "Feature", "properties": { }, "geometry": { "type": "Polygon", "coordinates": [ [ [ -159.665, 66.474 ], [ -159.729, 66.512 ], [ -160.115, 66.544 ], [ -159.945, 66.442 ], [ -159.665, 66.474 ] ] ] } },
{ "type": "Feature", "properties": { }, "geometry": { "type": "Polygon", "coordinates": [ [ [ -115.062, 60.329 ], [ -115.221, 60.337 ], [ -115.531, 60.262 ], [ -115.804, 60.254 ], [ -115.879, 60.163 ], [ -115.605, 60.173 ], [ -115.294, 60.109 ], [ -115.286, 60.16 ], [ -115.157, 60.195 ], [ -115.062, 60.329 ] ] ] } },
{ "type": "Feature", "properties": { }, "geometry": { "type": "Polygon", "coordinates": [ [ [ -76.637, 53.26 ], [ -76.672, 53.34 ], [ -76.523, 53.379 ], [ -76.515, 53.468 ], [ -76.661, 53.417 ], [ -76.72, 53.469 ], [ -76.892, 53.345 ], [ -76.881, 53.216 ], [ -76.938, 53.119 ], [ -76.843, 53.095 ], [ -76.688, 53.17 ], [ -76.637, 53.26 ] ] ] } },
{ "type": "Feature", "properties": { }, "geometry": { "type": "Polygon", "coordinates": [ [ [ -71.982, -50.224 ], [ -72.116, -50.132 ], [ -72.44, -50.173 ], [ -72.8, -50.196 ], [ -72.947, -50.18 ], [ -73.062, -50.133 ], [ -73.188, -49.982 ], [ -73.286, -50.07 ], [ -73.3, -50.185 ], [ -73.163, -50.148 ], [ -72.983, -50.226 ], [ -73.028, -50.289 ], [ -73.214, -50.27 ], [ -73.109, -50.365 ], [ -72.955, -50.62 ], [ -72.782, -50.483 ], [ -72.962, -50.471 ], [ -72.973, -50.357 ], [ -72.794, -50.291 ], [ -72.672, -50.278 ], [ -72.441, -50.307 ], [ -72.274, -50.302 ], [ -71.999, -50.244 ], [ -71.982, -50.224 ] ] ] } },
{ "type": "Feature", "properties": { }, "geometry": { "type": "Polygon", "coordinates": [ [ [ 90.346, 30.524 ], [ 90.714, 30.641 ], [ 91.014, 30.839 ], [ 90.944, 30.924 ], [ 90.866, 30.885 ], [ 90.712, 30.895 ], [ 90.651, 30.84 ], [ 90.579, 30.829 ], [ 90.353, 30.88 ], [ 90.289, 30.847 ], [ 90.292, 30.698 ], [ 90.346, 30.524 ] ] ] } },
{ "type": "Feature", "properties": { }, "geometry": { "type": "Polygon", "coordinates": [ [ [ 33.458, 38.854 ], [ 33.454, 38.992 ], [ 33.424, 39.056 ], [ 33.305, 39.127 ], [ 33.293, 38.967 ], [ 33.158, 38.772 ], [ 33.236, 38.667 ], [ 33.423, 38.559 ], [ 33.533, 38.523 ], [ 33.617, 38.578 ], [ 33.674, 38.712 ], [ 33.597, 38.799 ], [ 33.458, 38.854 ] ] ] } },
{ "type": "Feature", "properties": { }, "geometry": { "type": "Polygon", "coordinates": [ [ [ -105.959, 59.998 ], [ -106.046, 60.05 ], [ -106.028, 60.111 ], [ -105.77, 60.131 ], [ -105.704, 60.184 ], [ -105.873, 60.228 ], [ -106.122, 60.144 ], [ -106.18, 60.035 ], [ -106.308, 60.101 ], [ -106.326, 59.935 ], [ -106.375, 59.831 ], [ -106.167, 59.808 ], [ -106.055, 59.845 ], [ -106.073, 59.959 ], [ -105.959, 59.998 ] ] ] } },
{ "type": "Feature", "properties": { }, "geometry": { "type": "Polygon", "coordinates": [ [ [ 27.535, 60.938 ], [ 27.744, 60.95 ], [ 27.849, 60.984 ], [ 27.81, 61.044 ], [ 27.579, 60.984 ], [ 27.535, 60.938 ] ] ] } },
{ "type": "Feature", "properties": { }, "geometry": { "type": "Polygon", "coordinates": [ [ [ 29.472, 62.869 ], [ 29.458, 62.833 ], [ 29.623, 62.74 ], [ 29.812, 62.732 ], [ 29.747, 62.876 ], [ 29.472, 62.869 ] ] ] } },
{ "type": "Feature", "properties": { }, "geometry": { "type": "Polygon", "coordinates": [ [ [ 29.229, 62.705 ], [ 29.219, 62.65 ], [ 29.454, 62.641 ], [ 29.522, 62.706 ], [ 29.229, 62.705 ] ] ] } },
{ "type": "Feature", "properties": { }, "geometry": { "type": "Polygon", "coordinates": [ [ [ 160.48, 69.25 ], [ 160.325, 69.296 ], [ 159.844, 69.378 ], [ 159.965, 69.282 ], [ 160.256, 69.238 ], [ 160.48, 69.25 ] ] ] } },
{ "type": "Feature", "properties": { }, "geometry": { "type": "Polygon", "coordinates": [ [ [ 71.359, 67.87 ], [ 71.65, 67.895 ], [ 71.776, 67.95 ], [ 71.708, 68.037 ], [ 71.37, 67.947 ], [ 71.359, 67.87 ] ] ] } },
{ "type": "Feature", "properties": { }, "geometry": { "type": "Polygon", "coordinates": [ [ [ 70.489, 70.092 ], [ 70.174, 70.136 ], [ 70.128, 70.076 ], [ 70.371, 70.015 ], [ 70.489, 70.092 ] ] ] } },
{ "type": "Feature", "properties": { }, "geometry": { "type": "Polygon", "coordinates": [ [ [ 70.851, 69.969 ], [ 71.058, 69.988 ], [ 70.837, 70.136 ], [ 70.749, 70.033 ], [ 70.851, 69.969 ] ] ] } },
{ "type": "Feature", "properties": { }, "geometry": { "type": "Polygon", "coordinates": [ [ [ 70.563, 70.123 ], [ 70.696, 70.136 ], [ 70.77, 70.217 ], [ 70.344, 70.2 ], [ 70.563, 70.123 ] ] ] } },
{ "type": "Feature", "properties": { }, "geometry": { "type": "Polygon", "coordinates": [ [ [ 35.013, 63.506 ], [ 34.99, 63.585 ], [ 34.857, 63.721 ], [ 34.428, 63.848 ], [ 34.347, 63.851 ], [ 34.214, 63.676 ], [ 34.358, 63.697 ], [ 34.453, 63.623 ], [ 34.552, 63.459 ], [ 34.702, 63.399 ], [ 34.953, 63.181 ], [ 34.829, 63.434 ], [ 34.872, 63.464 ], [ 35.099, 63.383 ], [ 35.382, 63.434 ], [ 35.374, 63.492 ], [ 35.145, 63.482 ], [ 35.013, 63.506 ] ] ] } },
{ "type": "Feature", "properties": { }, "geometry": { "type": "Polygon", "coordinates": [ [ [ 33.441, 63.444 ], [ 33.257, 63.423 ], [ 33.307, 63.284 ], [ 33.499, 63.216 ], [ 33.897, 63.189 ], [ 34.066, 63.229 ], [ 33.933, 63.418 ], [ 33.697, 63.409 ], [ 33.586, 63.487 ], [ 33.441, 63.444 ] ] ] } },
{ "type": "Feature", "properties": { }, "geometry": { "type": "Polygon", "coordinates": [ [ [ 30.604, 62.876 ], [ 30.502, 62.779 ], [ 30.634, 62.775 ], [ 30.847, 62.954 ], [ 30.755, 63.05 ], [ 30.587, 62.937 ], [ 30.604, 62.876 ] ] ] } },
{ "type": "Feature", "properties": { }, "geometry": { "type": "Polygon", "coordinates": [ [ [ 29.994, 63.293 ], [ 29.784, 63.294 ], [ 29.527, 63.377 ], [ 29.187, 63.514 ], [ 29.042, 63.475 ], [ 29.393, 63.183 ], [ 29.814, 63.145 ], [ 30.033, 62.959 ], [ 30.138, 62.973 ], [ 29.994, 63.14 ], [ 29.994, 63.293 ] ] ] } },
{ "type": "Feature", "properties": { }, "geometry": { "type": "Polygon", "coordinates": [ [ [ 32.517, 65.532 ], [ 32.377, 65.577 ], [ 32.329, 65.7 ], [ 32.139, 65.784 ], [ 31.983, 65.89 ], [ 31.693, 65.856 ], [ 31.507, 65.795 ], [ 31.733, 65.67 ], [ 31.943, 65.622 ], [ 31.996, 65.569 ], [ 32.481, 65.469 ], [ 32.517, 65.532 ] ] ] } },
{ "type": "Feature", "properties": { }, "geometry": { "type": "Polygon", "coordinates": [ [ [ -72.841, 81.68 ], [ -72.22, 81.698 ], [ -70.016, 81.84 ], [ -69.582, 81.918 ], [ -72.347, 81.728 ], [ -72.841, 81.68 ] ] ] } },
{ "type": "Feature", "properties": { }, "geometry": { "type": "Polygon", "coordinates": [ [ [ -89.522, 52.883 ], [ -89.151, 52.854 ], [ -89.044, 52.87 ], [ -88.952, 52.988 ], [ -89.123, 52.966 ], [ -89.283, 53.006 ], [ -89.522, 52.883 ] ] ] } },
{ "type": "Feature", "properties": { }, "geometry": { "type": "Polygon", "coordinates": [ [ [ 87.375, 41.851 ], [ 87.315, 42.017 ], [ 86.889, 42.108 ], [ 86.829, 42.073 ], [ 86.795, 41.975 ], [ 86.735, 41.903 ], [ 86.753, 41.825 ], [ 86.894, 41.87 ], [ 87.102, 41.901 ], [ 87.259, 41.894 ], [ 87.375, 41.851 ] ] ] } },
{ "type": "Feature", "properties": { }, "geometry": { "type": "Polygon", "coordinates": [ [ [ 30.868, 61.974 ], [ 31.053, 61.97 ], [ 30.971, 62.065 ], [ 30.85, 62.083 ], [ 30.868, 61.974 ] ] ] } },
{ "type": "Feature", "properties": { }, "geometry": { "type": "Polygon", "coordinates": [ [ [ 31.531, 58.23 ], [ 31.688, 58.202 ], [ 31.637, 58.388 ], [ 31.511, 58.389 ], [ 31.298, 58.477 ], [ 31.17, 58.359 ], [ 31.019, 58.32 ], [ 30.876, 58.214 ], [ 31.394, 58.142 ], [ 31.531, 58.23 ] ] ] } },
{ "type": "Feature", "properties": { }, "geometry": { "type": "Polygon", "coordinates": [ [ [ 116.706, 29.136 ], [ 116.64, 29.237 ], [ 116.469, 29.25 ], [ 116.368, 29.223 ], [ 116.153, 29.253 ], [ 116.137, 29.309 ], [ 116.196, 29.362 ], [ 116.11, 29.427 ], [ 116.235, 29.666 ], [ 116.198, 29.751 ], [ 116.082, 29.703 ], [ 116.117, 29.653 ], [ 116.091, 29.555 ], [ 116.026, 29.453 ], [ 115.965, 29.311 ], [ 116.097, 29.106 ], [ 116.409, 28.905 ], [ 116.468, 28.805 ], [ 116.53, 28.894 ], [ 116.477, 29.043 ], [ 116.521, 29.143 ], [ 116.635, 29.102 ], [ 116.706, 29.136 ] ] ] } },
{ "type": "Feature", "properties": { }, "geometry": { "type": "Polygon", "coordinates": [ [ [ 116.461, 30.055 ], [ 116.327, 30.087 ], [ 116.259, 30.048 ], [ 116.29, 29.994 ], [ 116.498, 29.964 ], [ 116.461, 30.055 ] ] ] } },
{ "type": "Feature", "properties": { }, "geometry": { "type": "Polygon", "coordinates": [ [ [ 116.195, 30.037 ], [ 116.118, 30.0 ], [ 115.985, 30.016 ], [ 115.977, 29.952 ], [ 116.044, 29.881 ], [ 116.211, 29.908 ], [ 116.254, 29.935 ], [ 116.242, 30.032 ], [ 116.195, 30.037 ] ] ] } },
{ "type": "Feature", "properties": { }, "geometry": { "type": "Polygon", "coordinates": [ [ [ 114.35, 30.196 ], [ 114.408, 30.106 ], [ 114.542, 30.188 ], [ 114.642, 30.133 ], [ 114.603, 30.3 ], [ 114.501, 30.366 ], [ 114.496, 30.289 ], [ 114.406, 30.268 ], [ 114.35, 30.196 ] ] ] } },
{ "type": "Feature", "properties": { }, "geometry": { "type": "Polygon", "coordinates": [ [ [ 89.318, 31.794 ], [ 89.266, 31.872 ], [ 89.12, 31.913 ], [ 88.968, 31.918 ], [ 88.864, 31.887 ], [ 88.814, 31.841 ], [ 88.608, 31.88 ], [ 88.566, 31.844 ], [ 88.685, 31.729 ], [ 88.764, 31.712 ], [ 88.927, 31.728 ], [ 88.946, 31.625 ], [ 89.138, 31.602 ], [ 89.287, 31.788 ], [ 89.318, 31.794 ] ] ] } },
{ "type": "Feature", "properties": { }, "geometry": { "type": "Polygon", "coordinates": [ [ [ 92.787, 48.178 ], [ 92.802, 48.253 ], [ 92.733, 48.31 ], [ 92.638, 48.33 ], [ 92.643, 48.193 ], [ 92.544, 48.138 ], [ 92.405, 48.156 ], [ 92.402, 48.237 ], [ 92.483, 48.339 ], [ 92.287, 48.352 ], [ 92.25, 48.263 ], [ 92.249, 48.13 ], [ 91.976, 48.01 ], [ 91.991, 47.933 ], [ 92.084, 47.816 ], [ 92.2, 47.769 ], [ 92.354, 47.964 ], [ 92.442, 48.03 ], [ 92.787, 48.178 ] ] ] } },
{ "type": "Feature", "properties": { }, "geometry": { "type": "Polygon", "coordinates": [ [ [ 176.066, -38.812 ], [ 176.057, -38.721 ], [ 175.944, -38.677 ], [ 175.809, -38.677 ], [ 175.749, -38.773 ], [ 175.8, -38.845 ], [ 175.795, -38.948 ], [ 176.003, -38.865 ], [ 176.066, -38.812 ] ] ] } },
{ "type": "Feature", "properties": { }, "geometry": { "type": "Polygon", "coordinates": [ [ [ 6.874, 46.432 ], [ 6.819, 46.466 ], [ 6.588, 46.529 ], [ 6.344, 46.458 ], [ 6.158, 46.302 ], [ 6.157, 46.205 ], [ 6.336, 46.361 ], [ 6.665, 46.402 ], [ 6.845, 46.385 ], [ 6.874, 46.432 ] ] ] } },
{ "type": "Feature", "properties": { }, "geometry": { "type": "Polygon", "coordinates": [ [ [ -6.488, 54.723 ], [ -6.585, 54.56 ], [ -6.562, 54.515 ], [ -6.354, 54.502 ], [ -6.282, 54.604 ], [ -6.318, 54.709 ], [ -6.488, 54.723 ] ] ] } },
{ "type": "Feature", "properties": { }, "geometry": { "type": "Polygon", "coordinates": [ [ [ 14.933, 58.784 ], [ 14.932, 58.854 ], [ 14.632, 58.68 ], [ 14.507, 58.561 ], [ 14.213, 58.15 ], [ 14.121, 57.925 ], [ 14.159, 57.796 ], [ 14.245, 57.809 ], [ 14.339, 57.933 ], [ 14.499, 58.085 ], [ 14.686, 58.395 ], [ 14.946, 58.511 ], [ 14.891, 58.592 ], [ 14.933, 58.784 ] ] ] } },
{ "type": "Feature", "properties": { }, "geometry": { "type": "Polygon", "coordinates": [ [ [ 42.989, 38.346 ], [ 43.148, 38.337 ], [ 43.318, 38.489 ], [ 43.287, 38.548 ], [ 43.186, 38.603 ], [ 43.21, 38.716 ], [ 43.292, 38.813 ], [ 43.531, 38.898 ], [ 43.56, 38.978 ], [ 43.436, 38.988 ], [ 43.152, 38.948 ], [ 43.075, 38.916 ], [ 43.163, 38.846 ], [ 43.079, 38.809 ], [ 42.723, 38.782 ], [ 42.526, 38.745 ], [ 42.458, 38.643 ], [ 42.365, 38.549 ], [ 42.353, 38.5 ], [ 42.538, 38.49 ], [ 42.683, 38.457 ], [ 42.882, 38.477 ], [ 42.923, 38.39 ], [ 42.989, 38.346 ] ] ] } },
{ "type": "Feature", "properties": { }, "geometry": { "type": "Polygon", "coordinates": [ [ [ -110.199, 44.335 ], [ -110.264, 44.447 ], [ -110.272, 44.544 ], [ -110.381, 44.556 ], [ -110.45, 44.48 ], [ -110.273, 44.319 ], [ -110.199, 44.335 ] ] ] } },
{ "type": "Feature", "properties": { }, "geometry": { "type": "Polygon", "coordinates": [ [ [ -152.94, 70.569 ], [ -153.014, 70.603 ], [ -153.611, 70.737 ], [ -154.257, 70.661 ], [ -154.019, 70.543 ], [ -153.656, 70.48 ], [ -152.94, 70.569 ] ] ] } },
{ "type": "Feature", "properties": { }, "geometry": { "type": "Polygon", "coordinates": [ [ [ -114.156, 47.933 ], [ -114.25, 47.837 ], [ -114.148, 47.812 ], [ -114.15, 47.714 ], [ -114.056, 47.711 ], [ -114.005, 47.785 ], [ -114.046, 48.015 ], [ -114.134, 48.091 ], [ -114.193, 48.069 ], [ -114.156, 47.933 ] ] ] } },
{ "type": "Feature", "properties": { }, "geometry": { "type": "Polygon", "coordinates": [ [ [ -113.636, 35.831 ], [ -113.633, 35.859 ], [ -113.777, 36.048 ], [ -113.996, 36.244 ], [ -114.03, 36.245 ], [ -114.159, 36.077 ], [ -114.226, 36.05 ], [ -114.37, 36.209 ], [ -114.335, 36.444 ], [ -114.387, 36.483 ], [ -114.432, 36.237 ], [ -114.512, 36.194 ], [ -114.816, 36.121 ], [ -114.769, 36.02 ], [ -114.714, 36.024 ], [ -114.64, 36.106 ], [ -114.373, 36.1 ], [ -114.294, 36.03 ], [ -114.208, 36.006 ], [ -114.11, 36.032 ], [ -114.039, 36.163 ], [ -113.989, 36.165 ], [ -113.795, 36.01 ], [ -113.67, 35.843 ], [ -113.636, 35.831 ] ] ] } },
{ "type": "Feature", "properties": { }, "geometry": { "type": "Polygon", "coordinates": [ [ [ -111.817, 58.56 ], [ -111.717, 58.659 ], [ -111.844, 58.721 ], [ -112.119, 58.736 ], [ -112.154, 58.825 ], [ -112.337, 58.778 ], [ -112.431, 58.683 ], [ -112.393, 58.578 ], [ -112.211, 58.55 ], [ -112.237, 58.46 ], [ -112.08, 58.347 ], [ -111.898, 58.306 ], [ -111.789, 58.331 ], [ -111.843, 58.425 ], [ -111.817, 58.56 ] ] ] } },
{ "type": "Feature", "properties": { }, "geometry": { "type": "Polygon", "coordinates": [ [ [ -63.176, 54.129 ], [ -63.373, 54.14 ], [ -63.584, 54.078 ], [ -63.748, 54.096 ], [ -63.947, 54.243 ], [ -64.138, 54.35 ], [ -64.32, 54.517 ], [ -64.4, 54.511 ], [ -64.425, 54.332 ], [ -64.219, 54.178 ], [ -64.333, 54.166 ], [ -64.583, 54.186 ], [ -64.68, 54.143 ], [ -64.92, 54.171 ], [ -64.96, 54.303 ], [ -65.14, 54.511 ], [ -65.271, 54.608 ], [ -65.305, 54.46 ], [ -65.165, 54.435 ], [ -65.072, 54.34 ], [ -65.011, 54.224 ], [ -64.816, 54.076 ], [ -64.864, 54.053 ], [ -65.13, 54.083 ], [ -65.103, 54.012 ], [ -65.192, 53.993 ], [ -65.345, 54.043 ], [ -65.4, 54.007 ], [ -65.682, 54.176 ], [ -65.938, 54.271 ], [ -66.191, 54.476 ], [ -66.2, 54.577 ], [ -66.354, 54.687 ], [ -66.429, 54.813 ], [ -66.42, 54.901 ], [ -66.345, 54.979 ], [ -66.532, 55.1 ], [ -66.598, 55.029 ], [ -66.6, 54.922 ], [ -66.509, 54.802 ], [ -66.508, 54.654 ], [ -66.621, 54.623 ], [ -66.608, 54.488 ], [ -66.491, 54.273 ], [ -66.382, 54.164 ], [ -66.331, 54.179 ], [ -66.406, 54.338 ], [ -66.349, 54.424 ], [ -66.429, 54.508 ], [ -66.364, 54.541 ], [ -66.254, 54.426 ], [ -66.112, 54.347 ], [ -65.826, 54.135 ], [ -65.728, 54.087 ], [ -65.583, 54.061 ], [ -65.453, 53.914 ], [ -65.338, 53.879 ], [ -65.381, 53.715 ], [ -65.317, 53.605 ], [ -65.388, 53.559 ], [ -65.583, 53.542 ], [ -65.529, 53.49 ], [ -65.02, 53.421 ], [ -65.128, 53.5 ], [ -65.191, 53.674 ], [ -65.295, 53.724 ], [ -65.263, 53.796 ], [ -64.922, 53.916 ], [ -64.751, 53.934 ], [ -64.642, 54.031 ], [ -64.688, 54.081 ], [ -64.564, 54.125 ], [ -64.495, 54.079 ], [ -64.176, 54.012 ], [ -64.124, 53.896 ], [ -64.009, 53.862 ], [ -63.827, 53.858 ], [ -63.77, 53.902 ], [ -63.529, 53.929 ], [ -63.489, 54.012 ], [ -63.2, 53.956 ], [ -63.104, 54.004 ], [ -63.203, 54.074 ], [ -63.176, 54.129 ] ] ] } },
{ "type": "Feature", "properties": { }, "geometry": { "type": "Polygon", "coordinates": [ [ [ 101.023, 73.86 ], [ 101.533, 73.841 ], [ 101.529, 73.953 ], [ 101.156, 74.246 ], [ 101.103, 74.387 ], [ 100.856, 74.463 ], [ 101.213, 74.491 ], [ 101.426, 74.356 ], [ 101.979, 74.236 ], [ 102.19, 74.24 ], [ 101.986, 74.413 ], [ 102.041, 74.502 ], [ 102.464, 74.516 ], [ 103.569, 74.593 ], [ 103.92, 74.633 ], [ 104.508, 74.74 ], [ 105.232, 74.785 ], [ 105.307, 74.855 ], [ 104.864, 74.915 ], [ 104.467, 75.093 ], [ 104.146, 75.112 ], [ 104.117, 75.055 ], [ 103.878, 74.928 ], [ 104.209, 74.859 ], [ 104.234, 74.814 ], [ 103.762, 74.763 ], [ 103.253, 74.676 ], [ 102.484, 74.641 ], [ 101.806, 74.641 ], [ 101.059, 74.681 ], [ 100.707, 74.757 ], [ 100.573, 74.823 ], [ 100.616, 74.982 ], [ 100.463, 75.007 ], [ 100.097, 74.861 ], [ 100.318, 74.8 ], [ 100.434, 74.722 ], [ 100.495, 74.577 ], [ 100.171, 74.44 ], [ 99.972, 74.409 ], [ 99.607, 74.42 ], [ 99.71, 74.34 ], [ 100.218, 74.347 ], [ 100.768, 74.292 ], [ 100.9, 74.256 ], [ 101.062, 74.095 ], [ 101.104, 73.992 ], [ 100.949, 73.894 ], [ 101.023, 73.86 ] ] ] } },
{ "type": "Feature", "properties": { }, "geometry": { "type": "Polygon", "coordinates": [ [ [ -88.878, 15.712 ], [ -88.862, 15.764 ], [ -89.105, 15.602 ], [ -89.388, 15.488 ], [ -89.301, 15.382 ], [ -89.079, 15.444 ], [ -89.022, 15.489 ], [ -88.97, 15.636 ], [ -88.878, 15.712 ] ] ] } },
{ "type": "Feature", "properties": { }, "geometry": { "type": "Polygon", "coordinates": [ [ [ 149.318, 72.037 ], [ 149.224, 72.127 ], [ 148.987, 72.153 ], [ 148.916, 72.034 ], [ 149.01, 71.925 ], [ 149.187, 71.921 ], [ 149.318, 72.037 ] ] ] } },
{ "type": "Feature", "properties": { }, "geometry": { "type": "Polygon", "coordinates": [ [ [ 89.611, 37.495 ], [ 89.645, 37.575 ], [ 89.565, 37.613 ], [ 89.396, 37.633 ], [ 89.082, 37.587 ], [ 89.145, 37.538 ], [ 89.514, 37.485 ], [ 89.611, 37.495 ] ] ] } },
{ "type": "Feature", "properties": { }, "geometry": { "type": "Polygon", "coordinates": [ [ [ 14.084, 63.259 ], [ 14.057, 63.194 ], [ 14.357, 63.087 ], [ 14.612, 63.205 ], [ 14.51, 63.265 ], [ 14.394, 63.262 ], [ 14.063, 63.325 ], [ 14.084, 63.259 ] ] ] } },
{ "type": "Feature", "properties": { }, "geometry": { "type": "Polygon", "coordinates": [ [ [ -91.345, 50.969 ], [ -91.318, 50.918 ], [ -90.937, 50.954 ], [ -90.528, 51.068 ], [ -90.427, 51.119 ], [ -90.604, 51.215 ], [ -90.745, 51.12 ], [ -90.976, 51.011 ], [ -91.274, 51.069 ], [ -91.345, 50.969 ] ] ] } },
{ "type": "Feature", "properties": { }, "geometry": { "type": "Polygon", "coordinates": [ [ [ 32.514, -8.039 ], [ 32.026, -7.633 ], [ 31.897, -7.585 ], [ 31.8, -7.653 ], [ 31.823, -7.783 ], [ 31.921, -7.959 ], [ 31.96, -7.986 ], [ 32.171, -7.963 ], [ 32.521, -8.09 ], [ 32.514, -8.039 ] ] ] } },
{ "type": "Feature", "properties": { }, "geometry": { "type": "Polygon", "coordinates": [ [ [ 102.879, 18.527 ], [ 102.753, 18.599 ], [ 102.747, 18.65 ], [ 102.659, 18.662 ], [ 102.506, 18.746 ], [ 102.546, 18.615 ], [ 102.615, 18.476 ], [ 102.879, 18.527 ] ] ] } },
{ "type": "Feature", "properties": { }, "geometry": { "type": "Polygon", "coordinates": [ [ [ -74.531, 48.461 ], [ -74.463, 48.471 ], [ -74.237, 48.347 ], [ -74.1, 48.372 ], [ -74.37, 48.486 ], [ -74.412, 48.589 ], [ -74.485, 48.58 ], [ -74.58, 48.64 ], [ -74.522, 48.756 ], [ -74.558, 48.802 ], [ -74.723, 48.785 ], [ -74.97, 48.694 ], [ -75.042, 48.712 ], [ -75.181, 48.602 ], [ -75.282, 48.597 ], [ -75.389, 48.483 ], [ -75.269, 48.408 ], [ -75.174, 48.414 ], [ -75.165, 48.526 ], [ -75.07, 48.596 ], [ -75.008, 48.564 ], [ -75.099, 48.478 ], [ -75.082, 48.341 ], [ -74.96, 48.364 ], [ -74.945, 48.576 ], [ -74.867, 48.56 ], [ -74.756, 48.449 ], [ -74.638, 48.414 ], [ -74.531, 48.461 ] ] ] } },
{ "type": "Feature", "properties": { }, "geometry": { "type": "Polygon", "coordinates": [ [ [ 119.407, 32.794 ], [ 119.397, 32.916 ], [ 119.349, 33.078 ], [ 119.245, 33.013 ], [ 119.229, 32.882 ], [ 119.079, 32.855 ], [ 119.173, 32.686 ], [ 119.253, 32.736 ], [ 119.392, 32.751 ], [ 119.407, 32.794 ] ] ] } },
{ "type": "Feature", "properties": { }, "geometry": { "type": "Polygon", "coordinates": [ [ [ 88.161, 69.498 ], [ 88.039, 69.563 ], [ 87.93, 69.756 ], [ 87.682, 69.895 ], [ 87.657, 69.96 ], [ 87.939, 70.025 ], [ 87.925, 70.09 ], [ 87.647, 70.071 ], [ 87.41, 70.004 ], [ 87.349, 69.889 ], [ 87.609, 69.809 ], [ 87.721, 69.624 ], [ 87.728, 69.513 ], [ 87.937, 69.478 ], [ 88.161, 69.498 ] ] ] } },
{ "type": "Feature", "properties": { }, "geometry": { "type": "Polygon", "coordinates": [ [ [ 27.037, 61.662 ], [ 26.9, 61.753 ], [ 26.873, 61.902 ], [ 26.668, 61.868 ], [ 26.575, 61.937 ], [ 26.418, 61.863 ], [ 26.29, 61.854 ], [ 26.77, 61.666 ], [ 26.862, 61.696 ], [ 27.037, 61.662 ] ] ] } },
{ "type": "Feature", "properties": { }, "geometry": { "type": "Polygon", "coordinates": [ [ [ 16.404, 59.309 ], [ 16.187, 59.288 ], [ 15.728, 59.298 ], [ 15.613, 59.317 ], [ 15.52, 59.255 ], [ 15.624, 59.167 ], [ 15.816, 59.149 ], [ 15.921, 59.194 ], [ 16.31, 59.275 ], [ 16.404, 59.309 ] ] ] } },
{ "type": "Feature", "properties": { }, "geometry": { "type": "Polygon", "coordinates": [ [ [ 26.63, 63.114 ], [ 26.741, 63.227 ], [ 26.586, 63.234 ], [ 26.429, 63.164 ], [ 26.462, 63.015 ], [ 26.648, 62.982 ], [ 26.63, 63.114 ] ] ] } },
{ "type": "Feature", "properties": { }, "geometry": { "type": "Polygon", "coordinates": [ [ [ -73.182, 55.098 ], [ -73.433, 55.006 ], [ -73.413, 54.921 ], [ -73.213, 54.968 ], [ -73.045, 54.946 ], [ -72.706, 55.01 ], [ -72.473, 55.083 ], [ -72.29, 55.166 ], [ -72.305, 55.272 ], [ -72.517, 55.221 ], [ -72.923, 55.18 ], [ -73.182, 55.098 ] ] ] } },
{ "type": "Feature", "properties": { }, "geometry": { "type": "Polygon", "coordinates": [ [ [ 37.232, 60.164 ], [ 37.469, 60.088 ], [ 37.968, 60.086 ], [ 37.981, 60.239 ], [ 37.898, 60.301 ], [ 37.737, 60.329 ], [ 37.4, 60.289 ], [ 37.232, 60.164 ] ] ] } },
{ "type": "Feature", "properties": { }, "geometry": { "type": "Polygon", "coordinates": [ [ [ -54.894, 4.783 ], [ -54.838, 4.789 ], [ -54.796, 4.881 ], [ -54.84, 4.912 ], [ -54.938, 4.904 ], [ -55.02, 4.971 ], [ -55.127, 4.999 ], [ -55.173, 4.879 ], [ -55.284, 4.699 ], [ -55.279, 4.621 ], [ -55.335, 4.528 ], [ -55.26, 4.525 ], [ -55.123, 4.462 ], [ -55.048, 4.57 ], [ -54.983, 4.609 ], [ -54.874, 4.601 ], [ -54.941, 4.725 ], [ -54.894, 4.783 ] ] ] } },
{ "type": "Feature", "properties": { }, "geometry": { "type": "Polygon", "coordinates": [ [ [ 35.744, -3.636 ], [ 35.775, -3.757 ], [ 35.838, -3.701 ], [ 35.882, -3.452 ], [ 35.792, -3.48 ], [ 35.744, -3.636 ] ] ] } },
{ "type": "Feature", "properties": { }, "geometry": { "type": "Polygon", "coordinates": [ [ [ 38.055, 6.578 ], [ 38.017, 6.589 ], [ 37.869, 6.491 ], [ 37.887, 6.263 ], [ 37.865, 6.22 ], [ 37.745, 6.136 ], [ 37.709, 6.088 ], [ 37.739, 6.014 ], [ 37.843, 6.073 ], [ 37.944, 6.202 ], [ 38.107, 6.449 ], [ 38.143, 6.56 ], [ 38.055, 6.578 ] ] ] } },
{ "type": "Feature", "properties": { }, "geometry": { "type": "Polygon", "coordinates": [ [ [ 18.184, 67.478 ], [ 18.116, 67.561 ], [ 17.435, 67.714 ], [ 17.131, 67.792 ], [ 17.246, 67.674 ], [ 17.838, 67.586 ], [ 18.184, 67.478 ] ] ] } },
{ "type": "Feature", "properties": { }, "geometry": { "type": "Polygon", "coordinates": [ [ [ 17.586, 46.766 ], [ 18.143, 46.963 ], [ 18.078, 47.055 ], [ 17.824, 46.911 ], [ 17.479, 46.8 ], [ 17.271, 46.76 ], [ 17.277, 46.721 ], [ 17.476, 46.724 ], [ 17.586, 46.766 ] ] ] } },
{ "type": "Feature", "properties": { }, "geometry": { "type": "Polygon", "coordinates": [ [ [ -163.468, 60.414 ], [ -163.852, 60.433 ], [ -163.85, 60.351 ], [ -163.775, 60.286 ], [ -163.77, 60.167 ], [ -163.557, 60.27 ], [ -163.577, 60.342 ], [ -163.468, 60.414 ] ] ] } },
{ "type": "Feature", "properties": { }, "geometry": { "type": "Polygon", "coordinates": [ [ [ -111.288, 42.033 ], [ -111.313, 42.148 ], [ -111.393, 42.131 ], [ -111.407, 41.988 ], [ -111.327, 41.889 ], [ -111.288, 42.033 ] ] ] } },
{ "type": "Feature", "properties": { }, "geometry": { "type": "Polygon", "coordinates": [ [ [ -111.742, 40.19 ], [ -111.69, 40.206 ], [ -111.793, 40.369 ], [ -111.881, 40.377 ], [ -111.852, 40.252 ], [ -111.914, 40.176 ], [ -111.89, 40.117 ], [ -111.742, 40.19 ] ] ] } },
{ "type": "Feature", "properties": { }, "geometry": { "type": "Polygon", "coordinates": [ [ [ -126.414, 66.938 ], [ -126.369, 66.784 ], [ -126.189, 66.796 ], [ -126.129, 66.941 ], [ -126.218, 67.01 ], [ -126.356, 67.011 ], [ -126.414, 66.938 ] ] ] } },
{ "type": "Feature", "properties": { }, "geometry": { "type": "Polygon", "coordinates": [ [ [ -94.245, 47.191 ], [ -94.281, 47.27 ], [ -94.589, 47.202 ], [ -94.395, 47.067 ], [ -94.302, 47.097 ], [ -94.245, 47.191 ] ] ] } },
{ "type": "Feature", "properties": { }, "geometry": { "type": "Polygon", "coordinates": [ [ [ -90.292, 48.935 ], [ -90.361, 48.893 ], [ -90.546, 48.895 ], [ -90.601, 48.811 ], [ -90.375, 48.786 ], [ -90.292, 48.935 ] ] ] } },
{ "type": "Feature", "properties": { }, "geometry": { "type": "Polygon", "coordinates": [ [ [ -75.694, 46.897 ], [ -75.737, 46.997 ], [ -75.831, 46.902 ], [ -75.955, 46.875 ], [ -76.033, 46.759 ], [ -75.864, 46.755 ], [ -75.751, 46.718 ], [ -75.694, 46.897 ] ] ] } },
{ "type": "Feature", "properties": { }, "geometry": { "type": "Polygon", "coordinates": [ [ [ -72.265, -40.26 ], [ -72.273, -40.166 ], [ -72.33, -40.128 ], [ -72.529, -40.172 ], [ -72.547, -40.272 ], [ -72.273, -40.302 ], [ -72.265, -40.26 ] ] ] } },
{ "type": "Feature", "properties": { }, "geometry": { "type": "Polygon", "coordinates": [ [ [ -121.256, 60.448 ], [ -121.091, 60.592 ], [ -121.176, 60.722 ], [ -121.336, 60.771 ], [ -121.316, 60.588 ], [ -121.566, 60.464 ], [ -121.408, 60.4 ], [ -121.256, 60.448 ] ] ] } },
{ "type": "Feature", "properties": { }, "geometry": { "type": "Polygon", "coordinates": [ [ [ -72.306, -49.761 ], [ -72.184, -49.784 ], [ -72.101, -49.736 ], [ -72.132, -49.668 ], [ -72.261, -49.611 ], [ -72.814, -49.478 ], [ -72.93, -49.44 ], [ -73.018, -49.508 ], [ -72.969, -49.588 ], [ -73.029, -49.673 ], [ -72.621, -49.641 ], [ -72.306, -49.761 ] ] ] } },
{ "type": "Feature", "properties": { }, "geometry": { "type": "Polygon", "coordinates": [ [ [ 18.036, -0.957 ], [ 18.129, -0.981 ], [ 18.107, -0.799 ], [ 18.121, -0.731 ], [ 18.089, -0.68 ], [ 17.983, -0.652 ], [ 17.811, -0.672 ], [ 17.901, -0.736 ], [ 17.917, -0.816 ], [ 18.036, -0.957 ] ] ] } },
{ "type": "Feature", "properties": { }, "geometry": { "type": "Polygon", "coordinates": [ [ [ 30.768, 63.834 ], [ 30.883, 63.79 ], [ 30.912, 63.708 ], [ 31.129, 63.613 ], [ 31.1, 63.79 ], [ 30.896, 63.868 ], [ 30.768, 63.834 ] ] ] } },
{ "type": "Feature", "properties": { }, "geometry": { "type": "Polygon", "coordinates": [ [ [ 116.424, 30.108 ], [ 116.526, 30.089 ], [ 116.539, 30.207 ], [ 116.443, 30.207 ], [ 116.357, 30.245 ], [ 116.317, 30.203 ], [ 116.424, 30.108 ] ] ] } },
{ "type": "Feature", "properties": { }, "geometry": { "type": "Polygon", "coordinates": [ [ [ 117.581, 47.686 ], [ 117.729, 47.718 ], [ 117.869, 47.865 ], [ 117.801, 47.95 ], [ 117.709, 47.948 ], [ 117.57, 47.835 ], [ 117.529, 47.739 ], [ 117.581, 47.686 ] ] ] } },
{ "type": "Feature", "properties": { }, "geometry": { "type": "Polygon", "coordinates": [ [ [ 83.23, 31.464 ], [ 83.29, 31.508 ], [ 83.142, 31.597 ], [ 83.1, 31.652 ], [ 82.934, 31.612 ], [ 82.857, 31.541 ], [ 83.23, 31.464 ] ] ] } },
{ "type": "Feature", "properties": { }, "geometry": { "type": "Polygon", "coordinates": [ [ [ 86.777, 31.166 ], [ 86.742, 31.342 ], [ 86.654, 31.367 ], [ 86.607, 31.221 ], [ 86.396, 30.871 ], [ 86.419, 30.807 ], [ 86.494, 30.811 ], [ 86.628, 31.084 ], [ 86.764, 31.136 ], [ 86.777, 31.166 ] ] ] } },
{ "type": "Feature", "properties": { }, "geometry": { "type": "Polygon", "coordinates": [ [ [ 79.77, 52.967 ], [ 79.809, 52.996 ], [ 79.738, 53.092 ], [ 79.594, 53.143 ], [ 79.472, 53.102 ], [ 79.399, 53.041 ], [ 79.4, 52.944 ], [ 79.517, 52.858 ], [ 79.691, 52.83 ], [ 79.77, 52.967 ] ] ] } },
{ "type": "Feature", "properties": { }, "geometry": { "type": "Polygon", "coordinates": [ [ [ 73.387, 53.07 ], [ 73.419, 53.154 ], [ 73.405, 53.361 ], [ 73.204, 53.398 ], [ 72.987, 53.368 ], [ 72.923, 53.281 ], [ 73.088, 53.269 ], [ 73.387, 53.07 ] ] ] } },
{ "type": "Feature", "properties": { }, "geometry": { "type": "Polygon", "coordinates": [ [ [ 80.328, 55.54 ], [ 80.086, 55.55 ], [ 79.823, 55.452 ], [ 79.847, 55.397 ], [ 80.1, 55.413 ], [ 80.308, 55.494 ], [ 80.328, 55.54 ] ] ] } },
{ "type": "Feature", "properties": { }, "geometry": { "type": "Polygon", "coordinates": [ [ [ 38.651, 61.344 ], [ 38.663, 61.217 ], [ 38.837, 61.207 ], [ 38.917, 61.445 ], [ 38.708, 61.421 ], [ 38.651, 61.344 ] ] ] } },
{ "type": "Feature", "properties": { }, "geometry": { "type": "Polygon", "coordinates": [ [ [ 28.869, 66.311 ], [ 28.833, 66.233 ], [ 28.561, 66.186 ], [ 28.506, 66.136 ], [ 28.177, 66.072 ], [ 28.364, 66.034 ], [ 28.626, 66.063 ], [ 28.791, 66.162 ], [ 29.089, 66.299 ], [ 28.869, 66.311 ] ] ] } },
{ "type": "Feature", "properties": { }, "geometry": { "type": "Polygon", "coordinates": [ [ [ 34.194, 67.871 ], [ 34.319, 67.701 ], [ 34.318, 67.545 ], [ 34.534, 67.552 ], [ 34.551, 67.645 ], [ 34.28, 67.887 ], [ 34.194, 67.871 ] ] ] } },
{ "type": "Feature", "properties": { }, "geometry": { "type": "Polygon", "coordinates": [ [ [ 32.315, 66.502 ], [ 32.22, 66.601 ], [ 32.339, 66.674 ], [ 32.18, 66.761 ], [ 32.218, 66.835 ], [ 31.948, 66.841 ], [ 31.861, 66.886 ], [ 31.577, 66.758 ], [ 31.901, 66.741 ], [ 32.119, 66.564 ], [ 31.983, 66.499 ], [ 32.355, 66.425 ], [ 32.315, 66.502 ] ] ] } },
{ "type": "Feature", "properties": { }, "geometry": { "type": "Polygon", "coordinates": [ [ [ 170.656, -43.658 ], [ 170.543, -43.675 ], [ 170.512, -43.853 ], [ 170.576, -43.851 ], [ 170.656, -43.658 ] ] ] } },
{ "type": "Feature", "properties": { }, "geometry": { "type": "Polygon", "coordinates": [ [ [ 142.194, 72.562 ], [ 141.965, 72.608 ], [ 141.586, 72.57 ], [ 141.69, 72.465 ], [ 141.96, 72.484 ], [ 142.194, 72.562 ] ] ] } },
{ "type": "Feature", "properties": { }, "geometry": { "type": "Polygon", "coordinates": [ [ [ 90.931, 28.923 ], [ 90.992, 28.978 ], [ 90.876, 29.024 ], [ 90.788, 28.991 ], [ 90.73, 29.052 ], [ 90.729, 29.13 ], [ 90.633, 29.192 ], [ 90.672, 29.011 ], [ 90.561, 28.874 ], [ 90.454, 28.86 ], [ 90.535, 28.786 ], [ 90.808, 28.938 ], [ 90.931, 28.923 ] ] ] } },
{ "type": "Feature", "properties": { }, "geometry": { "type": "Polygon", "coordinates": [ [ [ 72.003, 56.202 ], [ 71.625, 56.178 ], [ 71.676, 56.067 ], [ 71.947, 56.109 ], [ 72.003, 56.202 ] ] ] } },
{ "type": "Feature", "properties": { }, "geometry": { "type": "Polygon", "coordinates": [ [ [ 67.679, 55.801 ], [ 67.483, 55.806 ], [ 67.382, 55.869 ], [ 67.298, 55.745 ], [ 67.504, 55.713 ], [ 67.679, 55.801 ] ] ] } },
{ "type": "Feature", "properties": { }, "geometry": { "type": "Polygon", "coordinates": [ [ [ 32.91, 65.975 ], [ 32.745, 65.948 ], [ 32.842, 65.876 ], [ 32.704, 65.83 ], [ 32.8, 65.762 ], [ 33.072, 65.833 ], [ 33.087, 65.909 ], [ 32.91, 65.975 ] ] ] } },
{ "type": "Feature", "properties": { }, "geometry": { "type": "Polygon", "coordinates": [ [ [ 158.934, 70.092 ], [ 158.61, 70.138 ], [ 158.642, 70.029 ], [ 158.819, 70.0 ], [ 158.934, 70.092 ] ] ] } },
{ "type": "Feature", "properties": { }, "geometry": { "type": "Polygon", "coordinates": [ [ [ 160.025, 69.456 ], [ 160.056, 69.394 ], [ 160.445, 69.43 ], [ 160.22, 69.519 ], [ 160.025, 69.456 ] ] ] } },
{ "type": "Feature", "properties": { }, "geometry": { "type": "Polygon", "coordinates": [ [ [ 118.78, 31.409 ], [ 118.85, 31.393 ], [ 118.96, 31.465 ], [ 118.941, 31.554 ], [ 118.723, 31.542 ], [ 118.78, 31.409 ] ] ] } },
{ "type": "Feature", "properties": { }, "geometry": { "type": "Polygon", "coordinates": [ [ [ 113.451, 29.94 ], [ 113.362, 29.949 ], [ 113.331, 29.894 ], [ 113.237, 29.848 ], [ 113.312, 29.749 ], [ 113.369, 29.785 ], [ 113.451, 29.94 ] ] ] } },
{ "type": "Feature", "properties": { }, "geometry": { "type": "Polygon", "coordinates": [ [ [ 26.143, 58.327 ], [ 26.121, 58.374 ], [ 25.966, 58.382 ], [ 25.928, 58.305 ], [ 26.051, 58.146 ], [ 26.141, 58.269 ], [ 26.143, 58.327 ] ] ] } },
{ "type": "Feature", "properties": { }, "geometry": { "type": "Polygon", "coordinates": [ [ [ 117.941, 31.521 ], [ 117.919, 31.551 ], [ 117.733, 31.66 ], [ 117.652, 31.654 ], [ 117.543, 31.591 ], [ 117.448, 31.61 ], [ 117.413, 31.694 ], [ 117.315, 31.697 ], [ 117.317, 31.592 ], [ 117.468, 31.467 ], [ 117.623, 31.455 ], [ 117.784, 31.579 ], [ 117.941, 31.521 ] ] ] } },
{ "type": "Feature", "properties": { }, "geometry": { "type": "Polygon", "coordinates": [ [ [ 12.899, 63.652 ], [ 13.01, 63.544 ], [ 13.119, 63.554 ], [ 13.085, 63.65 ], [ 12.899, 63.652 ] ] ] } },
{ "type": "Feature", "properties": { }, "geometry": { "type": "Polygon", "coordinates": [ [ [ -64.966, 44.252 ], [ -65.08, 44.228 ], [ -65.167, 44.257 ], [ -65.198, 44.181 ], [ -65.099, 44.149 ], [ -65.001, 44.182 ], [ -64.966, 44.252 ] ] ] } },
{ "type": "Feature", "properties": { }, "geometry": { "type": "Polygon", "coordinates": [ [ [ -66.106, 45.871 ], [ -65.989, 45.942 ], [ -65.93, 46.034 ], [ -66.027, 46.05 ], [ -66.106, 45.871 ] ] ] } },
{ "type": "Feature", "properties": { }, "geometry": { "type": "Polygon", "coordinates": [ [ [ -120.324, 41.987 ], [ -120.323, 42.04 ], [ -120.411, 42.107 ], [ -120.475, 42.065 ], [ -120.489, 41.988 ], [ -120.466, 41.803 ], [ -120.396, 41.792 ], [ -120.324, 41.987 ] ] ] } },
{ "type": "Feature", "properties": { }, "geometry": { "type": "Polygon", "coordinates": [ [ [ -119.432, 39.903 ], [ -119.483, 39.974 ], [ -119.534, 40.181 ], [ -119.641, 40.191 ], [ -119.696, 40.123 ], [ -119.636, 40.028 ], [ -119.487, 39.878 ], [ -119.432, 39.903 ] ] ] } },
{ "type": "Feature", "properties": { }, "geometry": { "type": "Polygon", "coordinates": [ [ [ 44.99, 40.515 ], [ 45.183, 40.385 ], [ 45.248, 40.197 ], [ 45.313, 40.149 ], [ 45.543, 40.156 ], [ 45.651, 40.195 ], [ 45.602, 40.318 ], [ 45.373, 40.479 ], [ 45.242, 40.51 ], [ 45.015, 40.614 ], [ 44.99, 40.515 ] ] ] } },
{ "type": "Feature", "properties": { }, "geometry": { "type": "Polygon", "coordinates": [ [ [ 114.839, 30.287 ], [ 114.806, 30.345 ], [ 114.674, 30.3 ], [ 114.679, 30.228 ], [ 114.839, 30.287 ] ] ] } },
{ "type": "Feature", "properties": { }, "geometry": { "type": "Polygon", "coordinates": [ [ [ 114.601, 30.662 ], [ 114.696, 30.613 ], [ 114.786, 30.663 ], [ 114.746, 30.738 ], [ 114.646, 30.715 ], [ 114.601, 30.662 ] ] ] } },
{ "type": "Feature", "properties": { }, "geometry": { "type": "Polygon", "coordinates": [ [ [ 117.326, 34.587 ], [ 117.318, 34.621 ], [ 117.179, 34.719 ], [ 117.128, 34.663 ], [ 117.174, 34.543 ], [ 117.25, 34.502 ], [ 117.326, 34.587 ] ] ] } },
{ "type": "Feature", "properties": { }, "geometry": { "type": "Polygon", "coordinates": [ [ [ 114.601, 30.344 ], [ 114.753, 30.429 ], [ 114.701, 30.512 ], [ 114.629, 30.456 ], [ 114.601, 30.344 ] ] ] } },
{ "type": "Feature", "properties": { }, "geometry": { "type": "Polygon", "coordinates": [ [ [ 114.301, 30.025 ], [ 114.253, 30.045 ], [ 114.218, 30.141 ], [ 114.147, 30.083 ], [ 114.171, 29.921 ], [ 114.301, 30.025 ] ] ] } },
{ "type": "Feature", "properties": { }, "geometry": { "type": "Polygon", "coordinates": [ [ [ 114.158, 29.872 ], [ 114.101, 30.022 ], [ 113.941, 29.981 ], [ 114.087, 29.934 ], [ 114.158, 29.872 ] ] ] } },
{ "type": "Feature", "properties": { }, "geometry": { "type": "Polygon", "coordinates": [ [ [ -119.603, 37.057 ], [ -119.672, 37.028 ], [ -119.641, 37.008 ], [ -119.603, 37.057 ] ] ] } },
{ "type": "Feature", "properties": { }, "geometry": { "type": "Polygon", "coordinates": [ [ [ -119.875, 68.558 ], [ -119.835, 68.484 ], [ -119.848, 68.254 ], [ -119.734, 68.255 ], [ -119.525, 68.332 ], [ -119.65, 68.471 ], [ -119.595, 68.574 ], [ -119.47, 68.608 ], [ -119.663, 68.744 ], [ -119.825, 68.661 ], [ -119.875, 68.558 ] ] ] } },
{ "type": "Feature", "properties": { }, "geometry": { "type": "Polygon", "coordinates": [ [ [ -70.08, 49.44 ], [ -69.982, 49.517 ], [ -69.902, 49.481 ], [ -69.856, 49.342 ], [ -69.787, 49.37 ], [ -69.899, 49.545 ], [ -70.073, 49.643 ], [ -70.1, 49.69 ], [ -70.236, 49.699 ], [ -70.471, 49.672 ], [ -70.585, 49.572 ], [ -70.716, 49.525 ], [ -70.736, 49.442 ], [ -70.505, 49.461 ], [ -70.467, 49.532 ], [ -70.354, 49.504 ], [ -70.351, 49.59 ], [ -70.283, 49.641 ], [ -70.137, 49.565 ], [ -70.138, 49.491 ], [ -70.08, 49.44 ] ] ] } },
{ "type": "Feature", "properties": { }, "geometry": { "type": "Polygon", "coordinates": [ [ [ -57.035, 49.265 ], [ -57.262, 49.181 ], [ -57.27, 49.099 ], [ -57.371, 49.011 ], [ -57.563, 48.894 ], [ -57.665, 48.859 ], [ -57.78, 48.774 ], [ -58.013, 48.663 ], [ -57.859, 48.643 ], [ -57.76, 48.672 ], [ -57.578, 48.786 ], [ -57.513, 48.858 ], [ -57.24, 49.056 ], [ -57.035, 49.265 ] ] ] } },
{ "type": "Feature", "properties": { }, "geometry": { "type": "Polygon", "coordinates": [ [ [ -126.357, 67.271 ], [ -126.206, 67.304 ], [ -126.198, 67.403 ], [ -126.494, 67.552 ], [ -126.613, 67.522 ], [ -126.548, 67.442 ], [ -126.495, 67.263 ], [ -126.357, 67.271 ] ] ] } },
{ "type": "Feature", "properties": { }, "geometry": { "type": "Polygon", "coordinates": [ [ [ -125.751, 67.313 ], [ -126.235, 67.215 ], [ -126.222, 67.085 ], [ -126.061, 67.059 ], [ -125.828, 67.124 ], [ -125.751, 67.313 ] ] ] } },
{ "type": "Feature", "properties": { }, "geometry": { "type": "Polygon", "coordinates": [ [ [ -118.666, 64.999 ], [ -118.578, 64.884 ], [ -118.333, 64.781 ], [ -118.146, 64.795 ], [ -118.325, 64.903 ], [ -118.237, 64.986 ], [ -118.279, 65.09 ], [ -118.265, 65.199 ], [ -118.445, 65.291 ], [ -118.659, 65.262 ], [ -118.832, 65.192 ], [ -118.698, 65.109 ], [ -118.666, 64.999 ] ] ] } },
{ "type": "Feature", "properties": { }, "geometry": { "type": "Polygon", "coordinates": [ [ [ -90.357, 53.766 ], [ -90.167, 53.747 ], [ -90.034, 53.685 ], [ -89.814, 53.69 ], [ -89.609, 53.772 ], [ -89.847, 53.815 ], [ -90.002, 53.886 ], [ -90.171, 53.838 ], [ -90.29, 53.868 ], [ -90.357, 53.766 ] ] ] } },
{ "type": "Feature", "properties": { }, "geometry": { "type": "Polygon", "coordinates": [ [ [ -93.165, 51.071 ], [ -93.074, 51.159 ], [ -93.141, 51.273 ], [ -93.37, 51.302 ], [ -93.481, 51.208 ], [ -93.32, 51.075 ], [ -93.235, 51.033 ], [ -93.165, 51.071 ] ] ] } },
{ "type": "Feature", "properties": { }, "geometry": { "type": "Polygon", "coordinates": [ [ [ -94.236, 53.734 ], [ -94.014, 53.798 ], [ -94.002, 53.847 ], [ -94.131, 53.892 ], [ -94.59, 53.858 ], [ -94.754, 53.989 ], [ -94.933, 53.933 ], [ -94.933, 53.827 ], [ -94.682, 53.733 ], [ -94.518, 53.71 ], [ -94.236, 53.734 ] ] ] } },
{ "type": "Feature", "properties": { }, "geometry": { "type": "Polygon", "coordinates": [ [ [ -70.509, 52.996 ], [ -70.691, 52.998 ], [ -70.75, 52.963 ], [ -70.924, 52.938 ], [ -70.982, 52.872 ], [ -70.94, 52.817 ], [ -70.783, 52.899 ], [ -70.78, 52.809 ], [ -70.64, 52.736 ], [ -70.577, 52.803 ], [ -70.468, 52.746 ], [ -70.476, 52.901 ], [ -70.397, 52.974 ], [ -70.509, 52.996 ] ] ] } },
{ "type": "Feature", "properties": { }, "geometry": { "type": "Polygon", "coordinates": [ [ [ -104.396, 55.16 ], [ -104.4, 55.247 ], [ -104.519, 55.257 ], [ -104.621, 55.307 ], [ -104.833, 55.306 ], [ -104.955, 55.28 ], [ -105.081, 55.302 ], [ -105.237, 55.219 ], [ -105.258, 55.074 ], [ -105.237, 54.957 ], [ -105.128, 54.925 ], [ -104.822, 54.994 ], [ -104.69, 55.126 ], [ -104.396, 55.16 ] ] ] } },
{ "type": "Feature", "properties": { }, "geometry": { "type": "Polygon", "coordinates": [ [ [ -93.534, 46.249 ], [ -93.552, 46.341 ], [ -93.607, 46.36 ], [ -93.758, 46.308 ], [ -93.775, 46.2 ], [ -93.668, 46.137 ], [ -93.54, 46.15 ], [ -93.534, 46.249 ] ] ] } },
{ "type": "Feature", "properties": { }, "geometry": { "type": "Polygon", "coordinates": [ [ [ -71.293, 43.635 ], [ -71.374, 43.722 ], [ -71.443, 43.628 ], [ -71.277, 43.532 ], [ -71.216, 43.587 ], [ -71.293, 43.635 ] ] ] } },
{ "type": "Feature", "properties": { }, "geometry": { "type": "Polygon", "coordinates": [ [ [ -79.448, 44.31 ], [ -79.202, 44.384 ], [ -79.163, 44.45 ], [ -79.211, 44.535 ], [ -79.341, 44.636 ], [ -79.445, 44.51 ], [ -79.584, 44.405 ], [ -79.448, 44.31 ] ] ] } },
{ "type": "Feature", "properties": { }, "geometry": { "type": "Polygon", "coordinates": [ [ [ -93.923, 54.835 ], [ -94.272, 54.842 ], [ -94.477, 54.801 ], [ -94.508, 54.669 ], [ -94.65, 54.541 ], [ -94.735, 54.5 ], [ -94.763, 54.412 ], [ -94.465, 54.521 ], [ -94.414, 54.586 ], [ -93.989, 54.671 ], [ -93.912, 54.744 ], [ -93.702, 54.758 ], [ -93.69, 54.792 ], [ -93.923, 54.835 ] ] ] } },
{ "type": "Feature", "properties": { }, "geometry": { "type": "Polygon", "coordinates": [ [ [ 91.316, 35.595 ], [ 91.271, 35.629 ], [ 90.993, 35.653 ], [ 91.043, 35.565 ], [ 91.268, 35.528 ], [ 91.316, 35.595 ] ] ] } },
{ "type": "Feature", "properties": { }, "geometry": { "type": "Polygon", "coordinates": [ [ [ 47.608, 30.689 ], [ 47.5, 30.809 ], [ 47.429, 30.812 ], [ 47.29, 30.772 ], [ 46.983, 30.857 ], [ 46.861, 30.917 ], [ 46.748, 30.903 ], [ 46.719, 30.837 ], [ 46.792, 30.803 ], [ 46.822, 30.725 ], [ 47.104, 30.74 ], [ 47.491, 30.663 ], [ 47.608, 30.689 ] ] ] } },
{ "type": "Feature", "properties": { }, "geometry": { "type": "Polygon", "coordinates": [ [ [ -118.68, 43.29 ], [ -118.612, 43.298 ], [ -118.664, 43.405 ], [ -118.791, 43.425 ], [ -118.929, 43.414 ], [ -118.903, 43.303 ], [ -118.821, 43.24 ], [ -118.68, 43.29 ] ] ] } },
{ "type": "Feature", "properties": { }, "geometry": { "type": "Polygon", "coordinates": [ [ [ -56.483, 48.3 ], [ -56.56, 48.352 ], [ -56.689, 48.219 ], [ -56.586, 48.232 ], [ -56.483, 48.3 ] ] ] } },
{ "type": "Feature", "properties": { }, "geometry": { "type": "Polygon", "coordinates": [ [ [ -95.6, 55.615 ], [ -95.795, 55.569 ], [ -95.896, 55.487 ], [ -95.769, 55.442 ], [ -95.6, 55.615 ] ] ] } },
{ "type": "Feature", "properties": { }, "geometry": { "type": "Polygon", "coordinates": [ [ [ -165.382, 65.205 ], [ -165.82, 65.191 ], [ -165.888, 65.138 ], [ -165.792, 65.091 ], [ -165.597, 65.097 ], [ -165.382, 65.205 ] ] ] } },
{ "type": "Feature", "properties": { }, "geometry": { "type": "Polygon", "coordinates": [ [ [ -163.798, 61.144 ], [ -163.547, 61.231 ], [ -163.826, 61.217 ], [ -163.798, 61.144 ] ] ] } },
{ "type": "Feature", "properties": { }, "geometry": { "type": "Polygon", "coordinates": [ [ [ -162.508, 60.795 ], [ -162.655, 60.843 ], [ -162.75, 60.801 ], [ -162.573, 60.76 ], [ -162.508, 60.795 ] ] ] } },
{ "type": "Feature", "properties": { }, "geometry": { "type": "Polygon", "coordinates": [ [ [ -158.863, 59.201 ], [ -158.945, 59.314 ], [ -158.998, 59.292 ], [ -158.941, 59.18 ], [ -158.863, 59.201 ] ] ] } },
{ "type": "Feature", "properties": { }, "geometry": { "type": "Polygon", "coordinates": [ [ [ -158.223, 59.943 ], [ -158.307, 59.98 ], [ -158.542, 60.016 ], [ -159.0, 59.948 ], [ -158.826, 59.911 ], [ -158.535, 59.961 ], [ -158.223, 59.943 ] ] ] } },
{ "type": "Feature", "properties": { }, "geometry": { "type": "Polygon", "coordinates": [ [ [ -159.159, 60.196 ], [ -159.083, 60.212 ], [ -158.781, 60.19 ], [ -158.919, 60.273 ], [ -159.159, 60.196 ] ] ] } },
{ "type": "Feature", "properties": { }, "geometry": { "type": "Polygon", "coordinates": [ [ [ -158.708, 59.564 ], [ -158.794, 59.603 ], [ -159.046, 59.547 ], [ -158.869, 59.481 ], [ -158.825, 59.543 ], [ -158.708, 59.564 ] ] ] } },
{ "type": "Feature", "properties": { }, "geometry": { "type": "Polygon", "coordinates": [ [ [ 93.799, 49.129 ], [ 93.654, 49.215 ], [ 93.471, 49.205 ], [ 93.26, 49.292 ], [ 93.059, 49.322 ], [ 92.864, 49.306 ], [ 92.865, 49.225 ], [ 93.241, 49.097 ], [ 93.397, 48.991 ], [ 93.779, 49.103 ], [ 93.799, 49.129 ] ] ] } },
{ "type": "Feature", "properties": { }, "geometry": { "type": "Polygon", "coordinates": [ [ [ 85.888, 30.929 ], [ 85.875, 30.978 ], [ 85.725, 31.028 ], [ 85.402, 31.035 ], [ 85.361, 30.992 ], [ 85.377, 30.906 ], [ 85.513, 30.846 ], [ 85.692, 30.87 ], [ 85.757, 30.84 ], [ 85.802, 30.759 ], [ 85.888, 30.929 ] ] ] } },
{ "type": "Feature", "properties": { }, "geometry": { "type": "Polygon", "coordinates": [ [ [ 42.447, 11.677 ], [ 42.399, 11.693 ], [ 42.399, 11.645 ], [ 42.441, 11.64 ], [ 42.447, 11.677 ] ] ] } },
{ "type": "Feature", "properties": { }, "geometry": { "type": "Polygon", "coordinates": [ [ [ -92.918, 48.433 ], [ -92.6, 48.424 ], [ -92.567, 48.468 ], [ -92.603, 48.565 ], [ -92.866, 48.615 ], [ -92.793, 48.695 ], [ -93.119, 48.668 ], [ -93.265, 48.686 ], [ -93.2, 48.746 ], [ -93.322, 48.934 ], [ -93.463, 48.903 ], [ -93.496, 48.813 ], [ -93.365, 48.748 ], [ -93.403, 48.705 ], [ -93.382, 48.616 ], [ -93.279, 48.607 ], [ -93.117, 48.553 ], [ -93.079, 48.591 ], [ -92.698, 48.517 ], [ -92.788, 48.455 ], [ -92.918, 48.433 ] ] ] } },
{ "type": "Feature", "properties": { }, "geometry": { "type": "Polygon", "coordinates": [ [ [ -122.502, 56.084 ], [ -122.345, 56.029 ], [ -122.264, 56.084 ], [ -122.566, 56.158 ], [ -122.971, 56.116 ], [ -123.118, 56.048 ], [ -123.238, 56.029 ], [ -123.788, 56.072 ], [ -123.97, 56.061 ], [ -124.073, 56.154 ], [ -124.053, 56.223 ], [ -124.249, 56.263 ], [ -124.359, 56.345 ], [ -124.459, 56.471 ], [ -124.759, 56.742 ], [ -124.834, 56.713 ], [ -124.481, 56.361 ], [ -124.345, 56.21 ], [ -124.158, 56.087 ], [ -124.21, 56.014 ], [ -124.033, 56.0 ], [ -124.049, 55.922 ], [ -123.921, 55.829 ], [ -123.809, 55.794 ], [ -123.506, 55.613 ], [ -123.325, 55.434 ], [ -123.159, 55.235 ], [ -123.169, 55.393 ], [ -123.232, 55.425 ], [ -123.449, 55.623 ], [ -123.657, 55.752 ], [ -123.76, 55.863 ], [ -123.782, 55.995 ], [ -123.716, 56.015 ], [ -123.429, 55.985 ], [ -123.139, 55.974 ], [ -123.012, 56.04 ], [ -122.603, 56.09 ], [ -122.502, 56.084 ] ] ] } },
{ "type": "Feature", "properties": { }, "geometry": { "type": "Polygon", "coordinates": [ [ [ -96.049, 56.136 ], [ -96.105, 56.203 ], [ -95.865, 56.265 ], [ -95.906, 56.302 ], [ -96.054, 56.273 ], [ -96.279, 56.177 ], [ -96.504, 56.15 ], [ -96.572, 56.086 ], [ -96.245, 56.092 ], [ -96.086, 56.079 ], [ -96.049, 56.136 ] ] ] } },
{ "type": "Feature", "properties": { }, "geometry": { "type": "Polygon", "coordinates": [ [ [ -106.217, 47.585 ], [ -106.253, 47.815 ], [ -106.345, 47.879 ], [ -106.325, 47.985 ], [ -106.433, 48.027 ], [ -106.59, 47.958 ], [ -106.596, 47.86 ], [ -106.769, 47.788 ], [ -106.933, 47.764 ], [ -106.99, 47.716 ], [ -107.38, 47.716 ], [ -107.455, 47.662 ], [ -107.714, 47.688 ], [ -107.719, 47.563 ], [ -107.612, 47.623 ], [ -107.429, 47.635 ], [ -107.333, 47.685 ], [ -107.183, 47.685 ], [ -106.993, 47.644 ], [ -106.813, 47.716 ], [ -106.556, 47.75 ], [ -106.454, 47.879 ], [ -106.384, 47.848 ], [ -106.217, 47.585 ] ] ] } },
{ "type": "Feature", "properties": { }, "geometry": { "type": "Polygon", "coordinates": [ [ [ -102.147, 47.568 ], [ -101.917, 47.464 ], [ -101.59, 47.515 ], [ -101.4, 47.506 ], [ -101.14, 47.606 ], [ -101.276, 47.628 ], [ -101.589, 47.599 ], [ -101.718, 47.567 ], [ -101.884, 47.561 ], [ -102.16, 47.624 ], [ -102.212, 47.677 ], [ -102.311, 47.964 ], [ -102.415, 47.938 ], [ -102.384, 47.82 ], [ -102.575, 47.844 ], [ -102.557, 47.968 ], [ -102.598, 48.053 ], [ -102.79, 48.145 ], [ -103.03, 48.18 ], [ -103.211, 48.145 ], [ -103.353, 48.076 ], [ -103.45, 48.067 ], [ -103.575, 48.153 ], [ -103.666, 48.142 ], [ -103.759, 48.074 ], [ -103.75, 48.017 ], [ -103.583, 48.097 ], [ -103.52, 48.027 ], [ -103.339, 48.03 ], [ -103.186, 48.097 ], [ -103.059, 48.125 ], [ -102.901, 48.12 ], [ -102.761, 48.084 ], [ -102.614, 47.992 ], [ -102.653, 47.916 ], [ -102.616, 47.819 ], [ -102.561, 47.785 ], [ -102.336, 47.757 ], [ -102.237, 47.589 ], [ -102.147, 47.568 ] ] ] } },
{ "type": "Feature", "properties": { }, "geometry": { "type": "Polygon", "coordinates": [ [ [ -132.095, 59.607 ], [ -132.23, 59.849 ], [ -132.364, 59.986 ], [ -132.522, 60.098 ], [ -132.798, 60.192 ], [ -132.98, 60.297 ], [ -133.138, 60.427 ], [ -133.187, 60.382 ], [ -132.958, 60.201 ], [ -132.61, 60.05 ], [ -132.399, 59.922 ], [ -132.159, 59.626 ], [ -132.095, 59.607 ] ] ] } },
{ "type": "Feature", "properties": { }, "geometry": { "type": "Polygon", "coordinates": [ [ [ -117.907, 49.342 ], [ -117.911, 49.375 ], [ -118.048, 49.457 ], [ -118.063, 49.412 ], [ -117.957, 49.336 ], [ -117.907, 49.342 ] ] ] } },
{ "type": "Feature", "properties": { }, "geometry": { "type": "Polygon", "coordinates": [ [ [ -116.215, 48.16 ], [ -116.374, 48.208 ], [ -116.498, 48.115 ], [ -116.553, 47.971 ], [ -116.456, 47.984 ], [ -116.41, 48.107 ], [ -116.215, 48.16 ] ] ] } },
{ "type": "Feature", "properties": { }, "geometry": { "type": "Polygon", "coordinates": [ [ [ -120.011, 47.852 ], [ -120.535, 48.204 ], [ -120.53, 48.162 ], [ -120.205, 47.962 ], [ -120.118, 47.88 ], [ -120.011, 47.852 ] ] ] } },
{ "type": "Feature", "properties": { }, "geometry": { "type": "Polygon", "coordinates": [ [ [ -105.394, 59.128 ], [ -105.012, 59.173 ], [ -104.948, 59.237 ], [ -105.215, 59.296 ], [ -105.806, 59.031 ], [ -105.868, 58.939 ], [ -105.785, 58.922 ], [ -105.66, 59.055 ], [ -105.394, 59.128 ] ] ] } },
{ "type": "Feature", "properties": { }, "geometry": { "type": "Polygon", "coordinates": [ [ [ -146.473, 62.332 ], [ -146.61, 62.414 ], [ -146.704, 62.411 ], [ -146.564, 62.293 ], [ -146.473, 62.332 ] ] ] } },
{ "type": "Feature", "properties": { }, "geometry": { "type": "Polygon", "coordinates": [ [ [ -94.97, 48.032 ], [ -95.086, 48.065 ], [ -95.251, 47.989 ], [ -95.248, 47.907 ], [ -95.111, 47.889 ], [ -94.792, 47.91 ], [ -94.783, 47.97 ], [ -94.97, 48.032 ] ] ] } },
{ "type": "Feature", "properties": { }, "geometry": { "type": "Polygon", "coordinates": [ [ [ -95.02, 48.125 ], [ -95.008, 48.072 ], [ -94.75, 48.066 ], [ -94.6, 48.106 ], [ -94.561, 48.178 ], [ -94.69, 48.203 ], [ -94.84, 48.184 ], [ -95.02, 48.125 ] ] ] } },
{ "type": "Feature", "properties": { }, "geometry": { "type": "Polygon", "coordinates": [ [ [ -97.969, 62.548 ], [ -97.965, 62.474 ], [ -97.78, 62.509 ], [ -97.626, 62.492 ], [ -97.445, 62.422 ], [ -97.318, 62.461 ], [ -97.475, 62.534 ], [ -97.613, 62.663 ], [ -97.662, 62.864 ], [ -97.983, 62.864 ], [ -98.207, 62.81 ], [ -98.458, 62.829 ], [ -98.356, 62.708 ], [ -98.132, 62.664 ], [ -97.969, 62.548 ] ] ] } },
{ "type": "Feature", "properties": { }, "geometry": { "type": "Polygon", "coordinates": [ [ [ -70.647, 64.686 ], [ -70.729, 64.639 ], [ -70.416, 64.581 ], [ -70.48, 64.664 ], [ -70.378, 64.707 ], [ -70.633, 64.908 ], [ -70.771, 65.07 ], [ -71.231, 65.211 ], [ -71.3, 65.266 ], [ -71.665, 65.308 ], [ -71.691, 65.242 ], [ -71.57, 65.129 ], [ -71.555, 65.051 ], [ -71.638, 64.985 ], [ -71.512, 64.906 ], [ -71.873, 64.844 ], [ -71.851, 64.918 ], [ -72.039, 64.925 ], [ -71.899, 64.728 ], [ -71.657, 64.632 ], [ -71.499, 64.609 ], [ -71.225, 64.643 ], [ -71.052, 64.768 ], [ -70.804, 64.774 ], [ -70.647, 64.686 ] ] ] } },
{ "type": "Feature", "properties": { }, "geometry": { "type": "Polygon", "coordinates": [ [ [ -100.918, 29.502 ], [ -100.956, 29.565 ], [ -101.072, 29.51 ], [ -101.275, 29.648 ], [ -101.287, 29.506 ], [ -101.151, 29.467 ], [ -101.039, 29.46 ], [ -100.918, 29.502 ] ] ] } },
{ "type": "Feature", "properties": { }, "geometry": { "type": "Polygon", "coordinates": [ [ [ -76.479, 47.138 ], [ -76.512, 47.171 ], [ -76.475, 47.331 ], [ -76.408, 47.446 ], [ -76.633, 47.51 ], [ -76.522, 47.691 ], [ -76.819, 47.517 ], [ -76.767, 47.449 ], [ -76.789, 47.385 ], [ -76.625, 47.269 ], [ -76.553, 47.121 ], [ -76.479, 47.138 ] ] ] } },
{ "type": "Feature", "properties": { }, "geometry": { "type": "Polygon", "coordinates": [ [ [ -102.711, 20.194 ], [ -102.77, 20.198 ], [ -102.894, 20.319 ], [ -103.002, 20.329 ], [ -103.372, 20.26 ], [ -103.34, 20.231 ], [ -103.17, 20.179 ], [ -103.008, 20.183 ], [ -102.786, 20.124 ], [ -102.711, 20.194 ] ] ] } },
{ "type": "Feature", "properties": { }, "geometry": { "type": "Polygon", "coordinates": [ [ [ -86.104, 12.312 ], [ -86.161, 12.315 ], [ -86.236, 12.383 ], [ -86.294, 12.474 ], [ -86.339, 12.48 ], [ -86.468, 12.428 ], [ -86.589, 12.405 ], [ -86.572, 12.343 ], [ -86.47, 12.274 ], [ -86.323, 12.28 ], [ -86.261, 12.172 ], [ -86.105, 12.208 ], [ -86.104, 12.312 ] ] ] } },
{ "type": "Feature", "properties": { }, "geometry": { "type": "Polygon", "coordinates": [ [ [ -54.183, -24.708 ], [ -54.259, -24.642 ], [ -54.252, -24.286 ], [ -54.283, -24.144 ], [ -54.35, -24.122 ], [ -54.368, -24.211 ], [ -54.313, -24.322 ], [ -54.332, -24.404 ], [ -54.382, -24.416 ], [ -54.419, -24.579 ], [ -54.4, -24.69 ], [ -54.524, -24.75 ], [ -54.466, -24.804 ], [ -54.531, -24.877 ], [ -54.506, -24.965 ], [ -54.528, -25.053 ], [ -54.712, -25.043 ], [ -54.721, -25.088 ], [ -54.576, -25.112 ], [ -54.527, -25.155 ], [ -54.547, -25.235 ], [ -54.634, -25.302 ], [ -54.634, -25.417 ], [ -54.424, -25.389 ], [ -54.433, -25.309 ], [ -54.201, -25.24 ], [ -54.377, -25.18 ], [ -54.318, -25.079 ], [ -54.387, -24.982 ], [ -54.357, -24.892 ], [ -54.221, -24.92 ], [ -54.308, -24.819 ], [ -54.292, -24.751 ], [ -54.183, -24.708 ] ] ] } },
{ "type": "Feature", "properties": { }, "geometry": { "type": "Polygon", "coordinates": [ [ [ -79.671, 9.144 ], [ -79.776, 9.148 ], [ -79.844, 9.222 ], [ -79.809, 9.316 ], [ -79.923, 9.267 ], [ -80.013, 9.097 ], [ -79.96, 9.023 ], [ -79.9, 9.154 ], [ -79.8, 9.073 ], [ -79.691, 9.104 ], [ -79.671, 9.144 ] ] ] } },
{ "type": "Feature", "properties": { }, "geometry": { "type": "Polygon", "coordinates": [ [ [ 28.988, -16.611 ], [ 28.943, -16.576 ], [ 28.854, -16.572 ], [ 28.623, -16.495 ], [ 28.393, -16.586 ], [ 28.298, -16.568 ], [ 28.246, -16.63 ], [ 28.175, -16.655 ], [ 28.168, -16.707 ], [ 28.042, -16.818 ], [ 27.975, -16.819 ], [ 27.899, -16.769 ], [ 27.794, -16.819 ], [ 27.831, -16.901 ], [ 27.718, -16.928 ], [ 27.688, -17.066 ], [ 27.609, -17.073 ], [ 27.431, -17.3 ], [ 27.344, -17.46 ], [ 27.338, -17.55 ], [ 27.172, -17.689 ], [ 27.107, -17.771 ], [ 27.094, -17.848 ], [ 27.018, -17.927 ], [ 27.077, -17.956 ], [ 27.287, -17.673 ], [ 27.353, -17.602 ], [ 27.576, -17.451 ], [ 27.705, -17.207 ], [ 27.841, -17.146 ], [ 27.959, -17.04 ], [ 28.047, -17.065 ], [ 28.102, -16.993 ], [ 28.084, -16.947 ], [ 28.15, -16.839 ], [ 28.341, -16.788 ], [ 28.454, -16.865 ], [ 28.509, -16.759 ], [ 28.655, -16.7 ], [ 28.697, -16.774 ], [ 28.762, -16.808 ], [ 28.829, -16.77 ], [ 28.867, -16.676 ], [ 28.931, -16.689 ], [ 28.988, -16.611 ] ] ] } },
{ "type": "Feature", "properties": { }, "geometry": { "type": "Polygon", "coordinates": [ [ [ 33.487, 1.643 ], [ 33.414, 1.731 ], [ 33.31, 1.656 ], [ 33.237, 1.67 ], [ 33.129, 1.616 ], [ 33.101, 1.634 ], [ 32.999, 1.547 ], [ 32.938, 1.563 ], [ 32.736, 1.545 ], [ 32.611, 1.514 ], [ 32.545, 1.522 ], [ 32.58, 1.411 ], [ 32.742, 1.34 ], [ 32.824, 1.388 ], [ 32.893, 1.311 ], [ 32.899, 1.43 ], [ 33.019, 1.382 ], [ 33.23, 1.254 ], [ 33.26, 1.223 ], [ 33.326, 1.356 ], [ 33.243, 1.386 ], [ 33.14, 1.483 ], [ 33.161, 1.542 ], [ 33.334, 1.623 ], [ 33.487, 1.643 ] ] ] } },
{ "type": "Feature", "properties": { }, "geometry": { "type": "Polygon", "coordinates": [ [ [ 39.267, 59.783 ], [ 39.053, 59.839 ], [ 39.402, 59.624 ], [ 39.734, 59.48 ], [ 39.798, 59.525 ], [ 39.707, 59.634 ], [ 39.267, 59.783 ] ] ] } },
{ "type": "Feature", "properties": { }, "geometry": { "type": "Polygon", "coordinates": [ [ [ 9.731, 47.527 ], [ 9.514, 47.625 ], [ 9.113, 47.772 ], [ 9.25, 47.598 ], [ 9.452, 47.514 ], [ 9.685, 47.506 ], [ 9.731, 47.527 ] ] ] } },
{ "type": "Feature", "properties": { }, "geometry": { "type": "Polygon", "coordinates": [ [ [ 23.241, 61.417 ], [ 23.053, 61.429 ], [ 23.046, 61.386 ], [ 23.241, 61.417 ] ] ] } },
{ "type": "Feature", "properties": { }, "geometry": { "type": "Polygon", "coordinates": [ [ [ 35.522, 31.177 ], [ 35.446, 31.232 ], [ 35.377, 31.178 ], [ 35.417, 31.104 ], [ 35.498, 31.105 ], [ 35.522, 31.177 ] ] ] } },
{ "type": "Feature", "properties": { }, "geometry": { "type": "Polygon", "coordinates": [ [ [ 35.632, 32.782 ], [ 35.623, 32.878 ], [ 35.565, 32.892 ], [ 35.534, 32.803 ], [ 35.632, 32.782 ] ] ] } },
{ "type": "Feature", "properties": { }, "geometry": { "type": "Polygon", "coordinates": [ [ [ 129.032, -16.143 ], [ 128.946, -16.117 ], [ 128.791, -16.171 ], [ 128.737, -16.134 ], [ 128.645, -16.159 ], [ 128.635, -16.25 ], [ 128.568, -16.444 ], [ 128.53, -16.508 ], [ 128.584, -16.542 ], [ 128.583, -16.615 ], [ 128.757, -16.778 ], [ 128.784, -16.694 ], [ 128.802, -16.45 ], [ 128.878, -16.436 ], [ 128.958, -16.302 ], [ 128.944, -16.271 ], [ 129.032, -16.143 ] ] ] } },
{ "type": "Feature", "properties": { }, "geometry": { "type": "Polygon", "coordinates": [ [ [ 97.887, 34.838 ], [ 97.801, 34.932 ], [ 97.763, 35.088 ], [ 97.651, 35.028 ], [ 97.625, 34.953 ], [ 97.547, 34.876 ], [ 97.603, 34.798 ], [ 97.695, 34.831 ], [ 97.887, 34.838 ] ] ] } },
{ "type": "Feature", "properties": { }, "geometry": { "type": "Polygon", "coordinates": [ [ [ 97.468, 34.976 ], [ 97.351, 35.02 ], [ 97.231, 35.023 ], [ 97.067, 34.997 ], [ 97.084, 34.907 ], [ 97.23, 34.826 ], [ 97.36, 34.865 ], [ 97.468, 34.976 ] ] ] } },
{ "type": "Feature", "properties": { }, "geometry": { "type": "Polygon", "coordinates": [ [ [ 73.291, 41.759 ], [ 73.24, 41.801 ], [ 73.086, 41.828 ], [ 72.94, 41.878 ], [ 72.685, 41.9 ], [ 72.658, 41.874 ], [ 72.709, 41.767 ], [ 72.679, 41.663 ], [ 72.839, 41.74 ], [ 72.972, 41.755 ], [ 73.202, 41.745 ], [ 73.291, 41.759 ] ] ] } },
{ "type": "Feature", "properties": { }, "geometry": { "type": "Polygon", "coordinates": [ [ [ 81.309, 30.636 ], [ 81.252, 30.753 ], [ 81.294, 30.817 ], [ 81.234, 30.863 ], [ 81.184, 30.804 ], [ 81.185, 30.721 ], [ 81.126, 30.662 ], [ 81.212, 30.611 ], [ 81.309, 30.636 ] ] ] } },
{ "type": "Feature", "properties": { }, "geometry": { "type": "Polygon", "coordinates": [ [ [ 81.584, 30.7 ], [ 81.524, 30.757 ], [ 81.376, 30.758 ], [ 81.373, 30.659 ], [ 81.434, 30.591 ], [ 81.494, 30.61 ], [ 81.584, 30.7 ] ] ] } },
{ "type": "Feature", "properties": { }, "geometry": { "type": "Polygon", "coordinates": [ [ [ 0.272, 6.675 ], [ 0.237, 6.768 ], [ 0.24, 6.896 ], [ 0.3, 7.071 ], [ 0.271, 7.138 ], [ 0.276, 7.353 ], [ 0.32, 7.542 ], [ 0.282, 7.575 ], [ 0.278, 7.762 ], [ 0.248, 7.803 ], [ 0.258, 7.905 ], [ 0.168, 7.863 ], [ 0.108, 7.939 ], [ 0.161, 8.06 ], [ 0.267, 8.094 ], [ 0.137, 8.254 ], [ 0.17, 8.086 ], [ 0.099, 8.093 ], [ 0.059, 7.92 ], [ 0.055, 7.792 ], [ -0.024, 7.793 ], [ -0.082, 7.876 ], [ -0.128, 8.011 ], [ -0.33, 8.158 ], [ -0.193, 8.186 ], [ -0.245, 8.245 ], [ -0.355, 8.243 ], [ -0.485, 8.209 ], [ -0.554, 8.251 ], [ -0.721, 8.402 ], [ -0.805, 8.52 ], [ -0.707, 8.625 ], [ -0.77, 8.656 ], [ -0.873, 8.586 ], [ -0.931, 8.653 ], [ -1.026, 8.844 ], [ -1.075, 8.853 ], [ -1.121, 8.929 ], [ -1.13, 9.076 ], [ -1.174, 9.074 ], [ -1.174, 8.945 ], [ -1.134, 8.813 ], [ -1.067, 8.75 ], [ -1.126, 8.705 ], [ -1.269, 8.726 ], [ -1.376, 8.805 ], [ -1.591, 8.695 ], [ -1.545, 8.664 ], [ -1.443, 8.731 ], [ -1.351, 8.724 ], [ -1.128, 8.632 ], [ -1.041, 8.646 ], [ -0.912, 8.555 ], [ -0.784, 8.366 ], [ -0.795, 8.315 ], [ -0.724, 8.28 ], [ -0.6, 8.173 ], [ -0.756, 8.102 ], [ -0.591, 8.1 ], [ -0.527, 8.062 ], [ -0.446, 8.091 ], [ -0.315, 8.04 ], [ -0.192, 7.955 ], [ -0.152, 7.841 ], [ -0.161, 7.721 ], [ -0.254, 7.72 ], [ -0.294, 7.667 ], [ -0.422, 7.649 ], [ -0.432, 7.594 ], [ -0.182, 7.647 ], [ -0.064, 7.641 ], [ 0.012, 7.543 ], [ 0.102, 7.343 ], [ 0.184, 7.266 ], [ 0.099, 7.193 ], [ 0.085, 7.147 ], [ 0.123, 6.983 ], [ 0.042, 6.946 ], [ 0.077, 6.87 ], [ -0.042, 6.847 ], [ -0.067, 6.789 ], [ -0.023, 6.748 ], [ -0.057, 6.63 ], [ -0.144, 6.648 ], [ -0.194, 6.741 ], [ -0.335, 6.716 ], [ -0.491, 6.737 ], [ -0.518, 6.794 ], [ -0.634, 6.753 ], [ -0.324, 6.622 ], [ -0.099, 6.49 ], [ -0.011, 6.379 ], [ 0.133, 6.45 ], [ 0.154, 6.597 ], [ 0.23, 6.616 ], [ 0.272, 6.675 ] ], [ [ 0.13, 6.679 ], [ 0.09, 6.659 ], [ 0.011, 6.718 ], [ 0.062, 6.808 ], [ 0.159, 6.767 ], [ 0.13, 6.679 ] ] ] } },
{ "type": "Feature", "properties": { }, "geometry": { "type": "Polygon", "coordinates": [ [ [ 58.312, 45.062 ], [ 58.221, 44.847 ], [ 58.321, 44.603 ], [ 58.237, 44.524 ], [ 58.26, 44.431 ], [ 58.364, 44.425 ], [ 58.483, 44.504 ], [ 58.524, 44.569 ], [ 58.563, 44.772 ], [ 58.624, 44.818 ], [ 58.547, 45.008 ], [ 58.682, 45.13 ], [ 58.629, 45.264 ], [ 58.672, 45.46 ], [ 58.766, 45.563 ], [ 58.869, 45.596 ], [ 58.914, 45.795 ], [ 59.06, 45.895 ], [ 58.849, 45.918 ], [ 58.838, 45.834 ], [ 58.712, 45.835 ], [ 58.653, 45.722 ], [ 58.638, 45.59 ], [ 58.574, 45.532 ], [ 58.549, 45.408 ], [ 58.417, 45.291 ], [ 58.372, 45.131 ], [ 58.312, 45.062 ] ] ] } },
{ "type": "Feature", "properties": { }, "geometry": { "type": "Polygon", "coordinates": [ [ [ 60.783, 46.086 ], [ 60.862, 46.09 ], [ 60.977, 46.17 ], [ 61.217, 46.237 ], [ 61.3, 46.385 ], [ 61.283, 46.448 ], [ 61.45, 46.584 ], [ 61.528, 46.677 ], [ 61.315, 46.648 ], [ 61.203, 46.577 ], [ 61.256, 46.493 ], [ 61.134, 46.45 ], [ 60.892, 46.473 ], [ 60.776, 46.581 ], [ 60.811, 46.747 ], [ 60.58, 46.784 ], [ 60.526, 46.751 ], [ 60.745, 46.653 ], [ 60.58, 46.563 ], [ 60.453, 46.618 ], [ 60.368, 46.617 ], [ 60.287, 46.7 ], [ 60.002, 46.572 ], [ 59.988, 46.438 ], [ 60.133, 46.357 ], [ 60.348, 46.403 ], [ 60.58, 46.293 ], [ 60.722, 46.374 ], [ 60.825, 46.201 ], [ 60.752, 46.118 ], [ 60.783, 46.086 ] ] ] } },
{ "type": "Feature", "properties": { }, "geometry": { "type": "Polygon", "coordinates": [ [ [ 59.729, 46.083 ], [ 59.813, 46.124 ], [ 59.785, 46.284 ], [ 59.731, 46.322 ], [ 59.504, 46.319 ], [ 59.592, 46.209 ], [ 59.729, 46.083 ] ] ] } },
{ "type": "Feature", "properties": { }, "geometry": { "type": "Polygon", "coordinates": [ [ [ 78.991, 46.749 ], [ 78.868, 46.799 ], [ 78.761, 46.724 ], [ 78.63, 46.747 ], [ 78.476, 46.625 ], [ 78.359, 46.623 ], [ 78.348, 46.512 ], [ 78.297, 46.469 ], [ 78.136, 46.595 ], [ 77.86, 46.648 ], [ 77.69, 46.659 ], [ 77.602, 46.64 ], [ 77.266, 46.611 ], [ 77.175, 46.556 ], [ 77.082, 46.625 ], [ 76.859, 46.644 ], [ 76.793, 46.631 ], [ 76.668, 46.673 ], [ 76.496, 46.636 ], [ 76.405, 46.662 ], [ 76.298, 46.753 ], [ 76.203, 46.78 ], [ 75.951, 46.795 ], [ 75.826, 46.818 ], [ 75.427, 46.737 ], [ 75.201, 46.759 ], [ 75.089, 46.814 ], [ 74.939, 46.817 ], [ 74.625, 46.752 ], [ 74.524, 46.623 ], [ 74.28, 46.47 ], [ 74.094, 46.428 ], [ 73.95, 46.288 ], [ 74.027, 46.222 ], [ 73.982, 46.186 ], [ 73.775, 46.206 ], [ 73.646, 46.15 ], [ 73.663, 46.062 ], [ 73.737, 46.013 ], [ 73.56, 45.816 ], [ 73.532, 45.734 ], [ 73.444, 45.657 ], [ 73.465, 45.582 ], [ 73.615, 45.513 ], [ 73.663, 45.436 ], [ 73.84, 45.264 ], [ 73.981, 45.204 ], [ 74.017, 45.013 ], [ 74.136, 45.07 ], [ 74.151, 45.317 ], [ 74.083, 45.352 ], [ 74.101, 45.537 ], [ 74.289, 45.651 ], [ 74.245, 45.74 ], [ 74.303, 45.79 ], [ 74.253, 45.942 ], [ 74.278, 46.004 ], [ 74.37, 46.02 ], [ 74.55, 46.006 ], [ 74.771, 46.108 ], [ 74.888, 46.377 ], [ 75.093, 46.461 ], [ 75.212, 46.427 ], [ 75.278, 46.515 ], [ 75.35, 46.47 ], [ 75.448, 46.498 ], [ 75.404, 46.61 ], [ 75.492, 46.596 ], [ 75.611, 46.507 ], [ 75.867, 46.536 ], [ 76.033, 46.512 ], [ 76.238, 46.555 ], [ 76.742, 46.532 ], [ 76.853, 46.492 ], [ 77.104, 46.454 ], [ 77.165, 46.489 ], [ 77.282, 46.473 ], [ 77.429, 46.5 ], [ 77.563, 46.435 ], [ 77.726, 46.407 ], [ 77.865, 46.429 ], [ 78.018, 46.343 ], [ 78.161, 46.319 ], [ 78.317, 46.35 ], [ 78.409, 46.299 ], [ 78.465, 46.392 ], [ 78.625, 46.38 ], [ 78.711, 46.396 ], [ 78.89, 46.37 ], [ 79.023, 46.447 ], [ 79.095, 46.582 ], [ 79.217, 46.61 ], [ 79.222, 46.72 ], [ 79.084, 46.81 ], [ 78.991, 46.749 ] ] ] } },
{ "type": "Feature", "properties": { }, "geometry": { "type": "Polygon", "coordinates": [ [ [ 30.806, -8.578 ], [ 31.022, -8.787 ], [ 31.133, -8.725 ], [ 31.189, -8.73 ], [ 31.198, -8.652 ], [ 31.151, -8.551 ], [ 31.143, -8.451 ], [ 31.102, -8.385 ], [ 30.964, -8.238 ], [ 30.957, -8.121 ], [ 30.825, -7.911 ], [ 30.725, -7.701 ], [ 30.604, -7.542 ], [ 30.599, -7.376 ], [ 30.577, -7.276 ], [ 30.512, -7.116 ], [ 30.561, -7.065 ], [ 30.563, -6.993 ], [ 30.528, -6.923 ], [ 30.398, -6.778 ], [ 30.299, -6.616 ], [ 30.137, -6.465 ], [ 30.023, -6.469 ], [ 29.965, -6.5 ], [ 29.748, -6.288 ], [ 29.717, -6.196 ], [ 29.729, -6.095 ], [ 29.775, -6.001 ], [ 29.916, -5.938 ], [ 29.951, -5.861 ], [ 29.865, -5.63 ], [ 29.758, -5.467 ], [ 29.752, -5.405 ], [ 29.8, -5.257 ], [ 29.813, -5.109 ], [ 29.749, -4.984 ], [ 29.608, -4.907 ], [ 29.607, -4.789 ], [ 29.653, -4.42 ], [ 29.523, -4.203 ], [ 29.364, -3.856 ], [ 29.335, -3.663 ], [ 29.332, -3.39 ], [ 29.298, -3.355 ], [ 29.196, -3.338 ], [ 29.142, -3.408 ], [ 29.147, -3.617 ], [ 29.103, -3.788 ], [ 29.086, -4.092 ], [ 29.099, -4.206 ], [ 29.063, -4.317 ], [ 29.145, -4.335 ], [ 29.218, -4.118 ], [ 29.254, -4.101 ], [ 29.202, -4.437 ], [ 29.124, -4.586 ], [ 29.114, -4.714 ], [ 29.117, -5.124 ], [ 29.226, -5.371 ], [ 29.372, -5.616 ], [ 29.333, -5.662 ], [ 29.33, -5.799 ], [ 29.19, -5.915 ], [ 29.215, -6.088 ], [ 29.311, -6.191 ], [ 29.424, -6.491 ], [ 29.484, -6.538 ], [ 29.48, -6.633 ], [ 29.511, -6.72 ], [ 29.616, -6.822 ], [ 29.752, -6.995 ], [ 29.836, -7.063 ], [ 30.013, -7.145 ], [ 30.09, -7.214 ], [ 30.147, -7.299 ], [ 30.208, -7.474 ], [ 30.221, -7.67 ], [ 30.294, -7.873 ], [ 30.367, -7.903 ], [ 30.442, -7.997 ], [ 30.567, -8.115 ], [ 30.573, -8.262 ], [ 30.549, -8.313 ], [ 30.461, -8.382 ], [ 30.464, -8.498 ], [ 30.568, -8.514 ], [ 30.672, -8.503 ], [ 30.806, -8.578 ] ] ] } },
{ "type": "Feature", "properties": { }, "geometry": { "type": "Polygon", "coordinates": [ [ [ -52.598, -32.585 ], [ -52.593, -32.499 ], [ -52.69, -32.348 ], [ -52.69, -32.237 ], [ -52.78, -32.263 ], [ -52.81, -32.391 ], [ -52.959, -32.468 ], [ -53.03, -32.598 ], [ -53.092, -32.62 ], [ -53.302, -32.761 ], [ -53.323, -32.883 ], [ -53.406, -32.954 ], [ -53.473, -32.959 ], [ -53.6, -33.079 ], [ -53.624, -33.136 ], [ -53.586, -33.299 ], [ -53.567, -33.483 ], [ -53.508, -33.557 ], [ -53.437, -33.473 ], [ -53.453, -33.351 ], [ -53.409, -33.159 ], [ -53.352, -33.095 ], [ -53.228, -33.055 ], [ -53.131, -32.846 ], [ -53.015, -32.799 ], [ -52.895, -32.91 ], [ -52.773, -32.876 ], [ -52.617, -32.638 ], [ -52.598, -32.585 ] ] ] } },
{ "type": "Feature", "properties": { }, "geometry": { "type": "Polygon", "coordinates": [ [ [ -97.959, 50.357 ], [ -97.971, 50.47 ], [ -98.244, 50.719 ], [ -98.5, 50.86 ], [ -98.72, 50.912 ], [ -98.76, 50.995 ], [ -98.572, 51.243 ], [ -98.754, 51.363 ], [ -98.779, 51.466 ], [ -98.752, 51.552 ], [ -98.865, 51.707 ], [ -98.972, 51.675 ], [ -98.911, 51.513 ], [ -98.999, 51.511 ], [ -99.064, 51.686 ], [ -99.239, 51.646 ], [ -99.338, 51.759 ], [ -99.491, 51.758 ], [ -99.545, 51.714 ], [ -99.542, 51.578 ], [ -99.426, 51.627 ], [ -99.32, 51.617 ], [ -99.163, 51.543 ], [ -99.077, 51.339 ], [ -98.953, 51.202 ], [ -98.897, 51.188 ], [ -98.829, 51.072 ], [ -98.941, 51.008 ], [ -98.853, 50.946 ], [ -98.815, 50.864 ], [ -98.608, 50.568 ], [ -98.549, 50.421 ], [ -98.551, 50.287 ], [ -98.455, 50.211 ], [ -98.33, 50.202 ], [ -98.151, 50.24 ], [ -97.959, 50.357 ] ] ] } },
{ "type": "Feature", "properties": { }, "geometry": { "type": "Polygon", "coordinates": [ [ [ -99.674, 51.613 ], [ -99.624, 51.629 ], [ -99.647, 51.842 ], [ -99.781, 51.761 ], [ -99.798, 51.876 ], [ -99.744, 51.973 ], [ -99.809, 52.095 ], [ -99.839, 52.243 ], [ -99.675, 52.473 ], [ -99.662, 52.61 ], [ -99.705, 52.812 ], [ -99.678, 52.9 ], [ -99.844, 52.975 ], [ -100.105, 53.054 ], [ -100.335, 53.107 ], [ -100.515, 53.171 ], [ -100.644, 53.115 ], [ -100.82, 53.091 ], [ -100.964, 53.147 ], [ -101.102, 53.081 ], [ -101.007, 53.008 ], [ -100.993, 52.88 ], [ -100.823, 52.753 ], [ -100.678, 52.778 ], [ -100.621, 52.886 ], [ -100.665, 52.98 ], [ -100.564, 52.996 ], [ -100.453, 52.953 ], [ -100.418, 52.773 ], [ -100.339, 52.672 ], [ -100.242, 52.64 ], [ -100.279, 52.782 ], [ -100.268, 52.872 ], [ -100.062, 52.763 ], [ -100.045, 52.649 ], [ -99.992, 52.567 ], [ -100.027, 52.464 ], [ -100.136, 52.351 ], [ -100.165, 52.254 ], [ -100.159, 52.116 ], [ -100.113, 51.891 ], [ -100.049, 51.756 ], [ -99.935, 51.717 ], [ -99.775, 51.59 ], [ -99.674, 51.613 ] ] ] } },
{ "type": "Feature", "properties": { }, "geometry": { "type": "Polygon", "coordinates": [ [ [ -68.255, 51.399 ], [ -68.251, 51.465 ], [ -68.319, 51.642 ], [ -68.461, 51.672 ], [ -68.535, 51.755 ], [ -68.636, 51.71 ], [ -69.01, 51.633 ], [ -69.099, 51.709 ], [ -69.155, 51.58 ], [ -69.134, 51.518 ], [ -69.176, 51.324 ], [ -69.148, 51.274 ], [ -68.868, 51.094 ], [ -68.743, 50.922 ], [ -68.447, 51.12 ], [ -68.352, 51.149 ], [ -68.204, 51.306 ], [ -68.255, 51.399 ] ], [ [ -68.538, 51.393 ], [ -68.403, 51.285 ], [ -68.468, 51.214 ], [ -68.683, 51.156 ], [ -68.865, 51.198 ], [ -69.046, 51.302 ], [ -69.101, 51.41 ], [ -69.054, 51.472 ], [ -68.844, 51.6 ], [ -68.605, 51.631 ], [ -68.405, 51.532 ], [ -68.391, 51.368 ], [ -68.538, 51.393 ] ] ] } },
{ "type": "Feature", "properties": { }, "geometry": { "type": "Polygon", "coordinates": [ [ [ 35.399, 45.255 ], [ 35.426, 45.295 ], [ 35.3, 45.364 ], [ 35.182, 45.472 ], [ 34.909, 45.793 ], [ 34.84, 45.843 ], [ 34.789, 46.024 ], [ 34.713, 46.053 ], [ 34.754, 46.131 ], [ 34.64, 46.153 ], [ 34.588, 46.021 ], [ 34.479, 45.983 ], [ 34.429, 46.022 ], [ 34.544, 46.161 ], [ 34.164, 46.203 ], [ 34.03, 46.157 ], [ 33.922, 46.213 ], [ 33.728, 46.228 ], [ 33.771, 46.133 ], [ 33.831, 46.143 ], [ 33.885, 46.06 ], [ 34.072, 46.059 ], [ 34.133, 46.01 ], [ 34.271, 46.027 ], [ 34.362, 46.0 ], [ 34.38, 45.901 ], [ 34.618, 45.915 ], [ 34.645, 45.837 ], [ 35.0, 45.631 ], [ 35.08, 45.499 ], [ 35.04, 45.429 ], [ 35.089, 45.358 ], [ 35.399, 45.255 ] ] ] } },
{ "type": "Feature", "properties": { }, "geometry": { "type": "Polygon", "coordinates": [ [ [ 29.518, 62.123 ], [ 29.708, 62.151 ], [ 29.911, 62.115 ], [ 29.96, 62.164 ], [ 29.648, 62.223 ], [ 29.641, 62.31 ], [ 29.768, 62.313 ], [ 29.926, 62.434 ], [ 29.776, 62.577 ], [ 29.633, 62.597 ], [ 29.589, 62.5 ], [ 29.422, 62.523 ], [ 29.3, 62.476 ], [ 29.265, 62.394 ], [ 29.33, 62.166 ], [ 29.198, 62.177 ], [ 28.826, 62.134 ], [ 28.87, 62.235 ], [ 28.765, 62.348 ], [ 28.608, 62.279 ], [ 28.566, 62.222 ], [ 28.276, 62.256 ], [ 28.067, 62.244 ], [ 27.963, 62.298 ], [ 28.04, 62.409 ], [ 27.915, 62.43 ], [ 27.758, 62.583 ], [ 27.766, 62.68 ], [ 27.979, 62.732 ], [ 28.057, 62.69 ], [ 28.191, 62.448 ], [ 28.274, 62.565 ], [ 28.367, 62.587 ], [ 28.555, 62.523 ], [ 28.529, 62.474 ], [ 28.81, 62.382 ], [ 28.898, 62.39 ], [ 28.653, 62.527 ], [ 28.264, 62.663 ], [ 28.144, 62.825 ], [ 28.154, 62.933 ], [ 28.106, 63.009 ], [ 27.848, 63.071 ], [ 27.774, 62.996 ], [ 27.44, 63.023 ], [ 27.264, 63.146 ], [ 27.337, 63.213 ], [ 27.363, 63.316 ], [ 27.193, 63.289 ], [ 27.176, 63.084 ], [ 27.33, 63.001 ], [ 27.415, 62.902 ], [ 27.56, 62.851 ], [ 27.684, 62.912 ], [ 27.608, 62.601 ], [ 27.669, 62.528 ], [ 27.547, 62.412 ], [ 27.8, 62.429 ], [ 27.877, 62.329 ], [ 27.899, 62.157 ], [ 28.032, 62.108 ], [ 28.297, 62.097 ], [ 28.579, 61.993 ], [ 28.807, 61.828 ], [ 28.539, 61.841 ], [ 28.442, 61.768 ], [ 28.262, 61.744 ], [ 28.185, 61.544 ], [ 28.054, 61.511 ], [ 27.816, 61.728 ], [ 27.593, 61.581 ], [ 27.459, 61.523 ], [ 27.296, 61.557 ], [ 27.27, 61.324 ], [ 27.406, 61.259 ], [ 27.625, 61.214 ], [ 27.862, 61.252 ], [ 28.072, 61.233 ], [ 27.882, 61.157 ], [ 27.987, 61.08 ], [ 28.292, 61.08 ], [ 28.788, 61.204 ], [ 28.867, 61.247 ], [ 28.714, 61.352 ], [ 28.477, 61.332 ], [ 28.345, 61.349 ], [ 28.693, 61.484 ], [ 28.68, 61.558 ], [ 28.76, 61.61 ], [ 28.73, 61.671 ], [ 29.115, 61.6 ], [ 29.266, 61.615 ], [ 29.426, 61.734 ], [ 29.727, 61.848 ], [ 29.777, 61.889 ], [ 29.685, 62.004 ], [ 29.552, 62.003 ], [ 29.47, 62.08 ], [ 29.518, 62.123 ] ], [ [ 27.849, 62.951 ], [ 28.062, 62.976 ], [ 28.109, 62.755 ], [ 27.886, 62.834 ], [ 27.849, 62.951 ] ], [ [ 27.637, 61.273 ], [ 27.588, 61.266 ], [ 27.368, 61.369 ], [ 27.418, 61.437 ], [ 27.629, 61.383 ], [ 27.637, 61.273 ] ], [ [ 27.959, 61.48 ], [ 27.798, 61.405 ], [ 27.7, 61.488 ], [ 27.732, 61.547 ], [ 27.959, 61.48 ] ], [ [ 28.496, 61.478 ], [ 28.416, 61.416 ], [ 28.24, 61.394 ], [ 28.243, 61.539 ], [ 28.308, 61.582 ], [ 28.277, 61.71 ], [ 28.476, 61.723 ], [ 28.536, 61.622 ], [ 28.445, 61.516 ], [ 28.496, 61.478 ] ], [ [ 29.477, 61.967 ], [ 29.342, 61.971 ], [ 29.255, 61.807 ], [ 29.137, 61.775 ], [ 28.99, 61.802 ], [ 28.828, 61.963 ], [ 28.714, 61.995 ], [ 28.703, 62.082 ], [ 29.019, 62.125 ], [ 29.322, 62.13 ], [ 29.477, 61.967 ] ] ] } },
{ "type": "Feature", "properties": { }, "geometry": { "type": "Polygon", "coordinates": [ [ [ -105.042, 21.801 ], [ -105.063, 21.809 ], [ -105.042, 21.796 ], [ -105.042, 21.801 ] ] ] } },
{ "type": "Feature", "properties": { }, "geometry": { "type": "Polygon", "coordinates": [ [ [ -98.295, 57.493 ], [ -98.224, 57.58 ], [ -98.293, 57.638 ], [ -98.472, 57.549 ], [ -98.593, 57.529 ], [ -98.537, 57.456 ], [ -98.508, 57.299 ], [ -98.668, 57.262 ], [ -98.695, 57.117 ], [ -98.857, 57.06 ], [ -98.873, 56.946 ], [ -99.006, 56.927 ], [ -99.124, 57.005 ], [ -99.226, 56.951 ], [ -99.329, 56.988 ], [ -99.546, 56.776 ], [ -99.663, 56.753 ], [ -99.643, 56.681 ], [ -99.47, 56.733 ], [ -99.218, 56.736 ], [ -99.068, 56.846 ], [ -98.855, 56.841 ], [ -98.561, 57.061 ], [ -98.25, 57.112 ], [ -98.109, 57.317 ], [ -97.995, 57.387 ], [ -98.201, 57.405 ], [ -98.295, 57.493 ] ] ] } },
{ "type": "Feature", "properties": { }, "geometry": { "type": "Polygon", "coordinates": [ [ [ 26.57, 61.623 ], [ 26.466, 61.735 ], [ 26.295, 61.716 ], [ 26.237, 61.841 ], [ 26.126, 61.767 ], [ 25.966, 61.743 ], [ 25.9, 61.647 ], [ 26.059, 61.555 ], [ 26.183, 61.629 ], [ 26.077, 61.704 ], [ 26.183, 61.73 ], [ 26.473, 61.612 ], [ 26.57, 61.623 ] ] ] } },
{ "type": "Feature", "properties": { }, "geometry": { "type": "Polygon", "coordinates": [ [ [ 169.995, -44.287 ], [ 169.921, -44.221 ], [ 169.925, -44.091 ], [ 169.874, -44.087 ], [ 169.865, -44.224 ], [ 169.893, -44.277 ], [ 169.995, -44.287 ] ] ] } },
{ "type": "Feature", "properties": { }, "geometry": { "type": "Polygon", "coordinates": [ [ [ -106.217, 47.585 ], [ -106.253, 47.815 ], [ -106.345, 47.879 ], [ -106.325, 47.985 ], [ -106.433, 48.027 ], [ -106.59, 47.958 ], [ -106.596, 47.86 ], [ -106.769, 47.788 ], [ -106.933, 47.764 ], [ -106.99, 47.716 ], [ -107.38, 47.716 ], [ -107.455, 47.662 ], [ -107.714, 47.688 ], [ -107.719, 47.563 ], [ -107.612, 47.623 ], [ -107.429, 47.635 ], [ -107.333, 47.685 ], [ -107.183, 47.685 ], [ -106.993, 47.644 ], [ -106.813, 47.716 ], [ -106.556, 47.75 ], [ -106.454, 47.879 ], [ -106.384, 47.848 ], [ -106.217, 47.585 ] ] ] } },
{ "type": "Feature", "properties": { }, "geometry": { "type": "Polygon", "coordinates": [ [ [ -132.095, 59.607 ], [ -132.23, 59.849 ], [ -132.364, 59.986 ], [ -132.522, 60.098 ], [ -132.798, 60.192 ], [ -132.98, 60.297 ], [ -133.138, 60.427 ], [ -133.187, 60.382 ], [ -132.958, 60.201 ], [ -132.61, 60.05 ], [ -132.399, 59.922 ], [ -132.159, 59.626 ], [ -132.095, 59.607 ] ] ] } },
{ "type": "Feature", "properties": { }, "geometry": { "type": "Polygon", "coordinates": [ [ [ 24.608, 61.654 ], [ 24.454, 61.626 ], [ 24.043, 61.423 ], [ 24.021, 61.282 ], [ 23.875, 61.183 ], [ 24.352, 61.073 ], [ 24.355, 61.162 ], [ 24.242, 61.195 ], [ 24.092, 61.185 ], [ 24.024, 61.247 ], [ 24.24, 61.315 ], [ 24.128, 61.344 ], [ 24.194, 61.457 ], [ 24.608, 61.654 ] ] ] } },
{ "type": "Feature", "properties": { }, "geometry": { "type": "Polygon", "coordinates": [ [ [ 103.533, 53.636 ], [ 103.435, 53.679 ], [ 103.33, 53.779 ], [ 103.298, 53.874 ], [ 103.16, 54.001 ], [ 103.103, 54.147 ], [ 103.144, 54.239 ], [ 103.261, 54.342 ], [ 103.349, 54.323 ], [ 103.286, 54.482 ], [ 103.279, 54.578 ], [ 103.154, 54.801 ], [ 103.185, 54.878 ], [ 103.304, 55.02 ], [ 103.364, 55.219 ], [ 103.334, 55.358 ], [ 103.226, 55.558 ], [ 103.247, 55.714 ], [ 103.062, 55.92 ], [ 103.02, 56.045 ], [ 103.023, 56.214 ], [ 102.872, 56.199 ], [ 102.799, 56.262 ], [ 102.626, 56.253 ], [ 102.582, 56.332 ], [ 102.474, 56.311 ], [ 102.462, 56.253 ], [ 102.255, 56.227 ], [ 101.945, 56.125 ], [ 101.964, 56.227 ], [ 101.803, 56.291 ], [ 101.71, 56.264 ], [ 101.672, 56.135 ], [ 101.732, 56.07 ], [ 101.706, 55.973 ], [ 101.483, 55.968 ], [ 101.411, 55.923 ], [ 101.741, 55.807 ], [ 101.788, 55.772 ], [ 101.806, 55.654 ], [ 101.97, 55.563 ], [ 101.979, 55.523 ], [ 101.757, 55.469 ], [ 101.789, 55.414 ], [ 102.072, 55.457 ], [ 102.217, 55.514 ], [ 102.366, 55.485 ], [ 102.332, 55.59 ], [ 102.102, 55.628 ], [ 101.913, 55.783 ], [ 101.978, 55.903 ], [ 101.986, 56.026 ], [ 102.309, 56.11 ], [ 102.393, 56.088 ], [ 102.506, 56.156 ], [ 102.717, 56.143 ], [ 102.921, 56.063 ], [ 102.99, 55.854 ], [ 103.074, 55.789 ], [ 103.139, 55.685 ], [ 103.179, 55.486 ], [ 103.272, 55.302 ], [ 103.282, 55.159 ], [ 103.226, 55.046 ], [ 103.07, 54.921 ], [ 103.033, 54.782 ], [ 103.186, 54.627 ], [ 103.218, 54.487 ], [ 103.106, 54.415 ], [ 103.017, 54.283 ], [ 102.987, 54.156 ], [ 103.003, 54.068 ], [ 103.208, 53.806 ], [ 103.096, 53.742 ], [ 103.275, 53.677 ], [ 103.343, 53.572 ], [ 103.343, 53.228 ], [ 103.44, 53.223 ], [ 103.425, 53.473 ], [ 103.49, 53.563 ], [ 103.609, 53.552 ], [ 103.725, 53.602 ], [ 103.533, 53.636 ] ] ] } },
{ "type": "Feature", "properties": { }, "geometry": { "type": "Polygon", "coordinates": [ [ [ 15.755, 63.758 ], [ 15.745, 63.83 ], [ 15.578, 63.868 ], [ 15.395, 64.019 ], [ 15.419, 64.075 ], [ 15.21, 64.322 ], [ 14.851, 64.347 ], [ 14.493, 64.417 ], [ 14.356, 64.42 ], [ 14.195, 64.481 ], [ 14.096, 64.557 ], [ 13.802, 64.66 ], [ 13.71, 64.636 ], [ 14.093, 64.519 ], [ 14.328, 64.388 ], [ 15.037, 64.285 ], [ 15.319, 64.11 ], [ 15.316, 64.031 ], [ 15.39, 63.926 ], [ 15.52, 63.85 ], [ 15.755, 63.758 ] ] ] } },
{ "type": "Feature", "properties": { }, "geometry": { "type": "Polygon", "coordinates": [ [ [ 13.29, 64.738 ], [ 13.368, 64.693 ], [ 13.635, 64.686 ], [ 13.399, 64.785 ], [ 13.29, 64.738 ] ] ] } },
{ "type": "Feature", "properties": { }, "geometry": { "type": "Polygon", "coordinates": [ [ [ -99.184, 26.76 ], [ -99.218, 26.805 ], [ -99.218, 26.91 ], [ -99.277, 26.921 ], [ -99.415, 27.044 ], [ -99.364, 26.821 ], [ -99.283, 26.76 ], [ -99.243, 26.584 ], [ -99.15, 26.592 ], [ -99.113, 26.727 ], [ -99.184, 26.76 ] ] ] } },
{ "type": "Feature", "properties": { }, "geometry": { "type": "Polygon", "coordinates": [ [ [ -68.68, 53.798 ], [ -68.846, 53.911 ], [ -68.903, 53.985 ], [ -69.061, 53.958 ], [ -68.814, 53.846 ], [ -68.85, 53.755 ], [ -68.827, 53.676 ], [ -68.947, 53.609 ], [ -69.085, 53.444 ], [ -68.9, 53.483 ], [ -68.853, 53.594 ], [ -68.716, 53.583 ], [ -68.726, 53.689 ], [ -68.68, 53.798 ] ] ] } },
{ "type": "Feature", "properties": { }, "geometry": { "type": "Polygon", "coordinates": [ [ [ -70.233, 54.444 ], [ -70.015, 54.438 ], [ -69.766, 54.466 ], [ -69.839, 54.525 ], [ -69.97, 54.49 ], [ -70.214, 54.479 ], [ -70.233, 54.444 ] ] ] } },
{ "type": "Feature", "properties": { }, "geometry": { "type": "Polygon", "coordinates": [ [ [ -122.232, 40.871 ], [ -122.364, 40.724 ], [ -122.241, 40.754 ], [ -122.232, 40.871 ] ] ] } },
{ "type": "Feature", "properties": { }, "geometry": { "type": "Polygon", "coordinates": [ [ [ -51.416, -20.426 ], [ -51.305, -20.441 ], [ -51.197, -20.499 ], [ -51.177, -20.458 ], [ -51.245, -20.392 ], [ -51.112, -20.337 ], [ -50.983, -20.307 ], [ -50.985, -20.17 ], [ -50.936, -20.09 ], [ -50.792, -19.995 ], [ -50.669, -19.947 ], [ -50.668, -19.841 ], [ -50.807, -19.932 ], [ -50.949, -19.981 ], [ -50.97, -19.727 ], [ -51.051, -19.781 ], [ -51.05, -20.1 ], [ -51.078, -20.175 ], [ -51.15, -20.147 ], [ -51.181, -20.257 ], [ -51.438, -20.284 ], [ -51.396, -20.355 ], [ -51.416, -20.426 ] ] ] } },
{ "type": "Feature", "properties": { }, "geometry": { "type": "Polygon", "coordinates": [ [ [ -72.609, -40.658 ], [ -72.464, -40.704 ], [ -72.391, -40.622 ], [ -72.541, -40.617 ], [ -72.609, -40.658 ] ] ] } },
{ "type": "Feature", "properties": { }, "geometry": { "type": "Polygon", "coordinates": [ [ [ 9.128, 47.671 ], [ 9.094, 47.716 ], [ 8.999, 47.752 ], [ 8.981, 47.702 ], [ 9.128, 47.671 ] ] ] } },
{ "type": "Feature", "properties": { }, "geometry": { "type": "Polygon", "coordinates": [ [ [ 36.867, 62.198 ], [ 37.025, 62.262 ], [ 37.015, 62.428 ], [ 36.813, 62.43 ], [ 36.776, 62.239 ], [ 36.867, 62.198 ] ] ] } },
{ "type": "Feature", "properties": { }, "geometry": { "type": "Polygon", "coordinates": [ [ [ 38.909, 60.586 ], [ 39.008, 60.573 ], [ 39.096, 60.394 ], [ 39.188, 60.496 ], [ 39.173, 60.68 ], [ 38.938, 60.767 ], [ 38.844, 60.734 ], [ 38.909, 60.586 ] ] ] } },
{ "type": "Feature", "properties": { }, "geometry": { "type": "Polygon", "coordinates": [ [ [ 31.545, 64.435 ], [ 32.002, 64.405 ], [ 32.015, 64.495 ], [ 31.898, 64.515 ], [ 31.545, 64.435 ] ] ] } },
{ "type": "Feature", "properties": { }, "geometry": { "type": "Polygon", "coordinates": [ [ [ 32.406, 67.457 ], [ 32.216, 67.539 ], [ 31.944, 67.544 ], [ 31.899, 67.512 ], [ 32.246, 67.415 ], [ 32.406, 67.457 ] ] ] } },
{ "type": "Feature", "properties": { }, "geometry": { "type": "Polygon", "coordinates": [ [ [ 35.159, 67.811 ], [ 35.26, 67.88 ], [ 35.243, 67.956 ], [ 34.995, 67.801 ], [ 35.159, 67.811 ] ] ] } },
{ "type": "Feature", "properties": { }, "geometry": { "type": "Polygon", "coordinates": [ [ [ 139.881, 53.556 ], [ 139.748, 53.524 ], [ 139.658, 53.456 ], [ 139.749, 53.348 ], [ 139.922, 53.527 ], [ 139.881, 53.556 ] ] ] } },
{ "type": "Feature", "properties": { }, "geometry": { "type": "Polygon", "coordinates": [ [ [ -155.453, 58.637 ], [ -155.56, 58.663 ], [ -156.006, 58.688 ], [ -156.153, 58.729 ], [ -156.409, 58.691 ], [ -156.323, 58.629 ], [ -156.162, 58.605 ], [ -155.841, 58.597 ], [ -155.653, 58.52 ], [ -155.655, 58.602 ], [ -155.453, 58.637 ] ] ] } },
{ "type": "Feature", "properties": { }, "geometry": { "type": "Polygon", "coordinates": [ [ [ -162.838, 61.041 ], [ -162.801, 61.081 ], [ -163.002, 61.109 ], [ -163.031, 61.083 ], [ -162.838, 61.041 ] ] ] } },
{ "type": "Feature", "properties": { }, "geometry": { "type": "Polygon", "coordinates": [ [ [ -151.166, 60.227 ], [ -151.06, 60.218 ], [ -150.831, 60.128 ], [ -150.654, 60.121 ], [ -150.894, 60.272 ], [ -151.065, 60.305 ], [ -151.166, 60.227 ] ] ] } },
{ "type": "Feature", "properties": { }, "geometry": { "type": "Polygon", "coordinates": [ [ [ -160.002, 61.35 ], [ -160.038, 61.422 ], [ -160.131, 61.358 ], [ -160.002, 61.35 ] ] ] } },
{ "type": "Feature", "properties": { }, "geometry": { "type": "Polygon", "coordinates": [ [ [ -162.307, 60.951 ], [ -162.397, 60.95 ], [ -162.37, 60.83 ], [ -162.204, 60.853 ], [ -162.307, 60.951 ] ] ] } },
{ "type": "Feature", "properties": { }, "geometry": { "type": "Polygon", "coordinates": [ [ [ -163.706, 61.562 ], [ -163.931, 61.648 ], [ -163.959, 61.619 ], [ -163.729, 61.523 ], [ -163.706, 61.562 ] ] ] } },
{ "type": "Feature", "properties": { }, "geometry": { "type": "Polygon", "coordinates": [ [ [ -163.459, 62.671 ], [ -163.619, 62.675 ], [ -163.582, 62.6 ], [ -163.459, 62.671 ] ] ] } },
{ "type": "Feature", "properties": { }, "geometry": { "type": "Polygon", "coordinates": [ [ [ -87.661, 34.814 ], [ -87.637, 34.765 ], [ -87.513, 34.792 ], [ -87.323, 34.767 ], [ -86.959, 34.565 ], [ -87.006, 34.683 ], [ -87.383, 34.851 ], [ -87.542, 34.851 ], [ -87.661, 34.814 ] ] ] } },
{ "type": "Feature", "properties": { }, "geometry": { "type": "Polygon", "coordinates": [ [ [ 90.401, 33.526 ], [ 90.319, 33.702 ], [ 90.289, 33.638 ], [ 90.29, 33.475 ], [ 90.186, 33.416 ], [ 90.047, 33.445 ], [ 90.033, 33.385 ], [ 90.247, 33.325 ], [ 90.394, 33.436 ], [ 90.401, 33.526 ] ] ] } },
{ "type": "Feature", "properties": { }, "geometry": { "type": "Polygon", "coordinates": [ [ [ 89.71, 33.469 ], [ 89.786, 33.417 ], [ 89.806, 33.286 ], [ 89.919, 33.376 ], [ 89.97, 33.48 ], [ 89.935, 33.523 ], [ 89.832, 33.48 ], [ 89.71, 33.469 ] ] ] } },
{ "type": "Feature", "properties": { }, "geometry": { "type": "Polygon", "coordinates": [ [ [ 76.169, 31.9 ], [ 76.171, 31.962 ], [ 76.095, 32.073 ], [ 75.983, 32.153 ], [ 75.936, 32.139 ], [ 75.975, 31.972 ], [ 76.082, 31.909 ], [ 76.169, 31.9 ] ] ] } },
{ "type": "Feature", "properties": { }, "geometry": { "type": "Polygon", "coordinates": [ [ [ 91.469, 31.947 ], [ 91.529, 31.966 ], [ 91.532, 32.08 ], [ 91.424, 32.062 ], [ 91.469, 31.947 ] ] ] } },
{ "type": "Feature", "properties": { }, "geometry": { "type": "Polygon", "coordinates": [ [ [ 87.415, 31.852 ], [ 87.53, 31.847 ], [ 87.596, 31.903 ], [ 87.546, 31.969 ], [ 87.424, 31.912 ], [ 87.415, 31.852 ] ] ] } },
{ "type": "Feature", "properties": { }, "geometry": { "type": "Polygon", "coordinates": [ [ [ -76.677, 51.373 ], [ -76.819, 51.416 ], [ -76.903, 51.355 ], [ -76.751, 51.288 ], [ -76.677, 51.373 ] ] ] } },
{ "type": "Feature", "properties": { }, "geometry": { "type": "Polygon", "coordinates": [ [ [ -91.418, 51.12 ], [ -91.441, 51.163 ], [ -91.609, 51.166 ], [ -91.542, 51.085 ], [ -91.418, 51.12 ] ] ] } },
{ "type": "Feature", "properties": { }, "geometry": { "type": "Polygon", "coordinates": [ [ [ -91.97, 51.958 ], [ -91.991, 51.937 ], [ -91.932, 51.894 ], [ -91.895, 51.952 ], [ -91.97, 51.958 ] ] ] } },
{ "type": "Feature", "properties": { }, "geometry": { "type": "Polygon", "coordinates": [ [ [ -78.616, 51.077 ], [ -78.794, 51.146 ], [ -78.813, 51.097 ], [ -78.616, 51.077 ] ] ] } },
{ "type": "Feature", "properties": { }, "geometry": { "type": "Polygon", "coordinates": [ [ [ -78.628, 47.597 ], [ -78.612, 47.681 ], [ -78.792, 47.691 ], [ -78.763, 47.57 ], [ -78.628, 47.597 ] ] ] } },
{ "type": "Feature", "properties": { }, "geometry": { "type": "Polygon", "coordinates": [ [ [ -77.273, 47.591 ], [ -77.322, 47.573 ], [ -77.27, 47.463 ], [ -77.289, 47.386 ], [ -77.165, 47.389 ], [ -77.119, 47.477 ], [ -76.966, 47.442 ], [ -76.963, 47.502 ], [ -77.065, 47.508 ], [ -77.129, 47.561 ], [ -77.273, 47.591 ] ] ] } },
{ "type": "Feature", "properties": { }, "geometry": { "type": "Polygon", "coordinates": [ [ [ -108.09, 64.715 ], [ -107.987, 64.71 ], [ -108.016, 64.745 ], [ -108.09, 64.715 ] ] ] } },
{ "type": "Feature", "properties": { }, "geometry": { "type": "Polygon", "coordinates": [ [ [ -108.189, 64.646 ], [ -108.24, 64.684 ], [ -108.494, 64.598 ], [ -108.481, 64.559 ], [ -108.189, 64.646 ] ] ] } },
{ "type": "Feature", "properties": { }, "geometry": { "type": "Polygon", "coordinates": [ [ [ -108.929, 64.6 ], [ -108.93, 64.706 ], [ -109.062, 64.727 ], [ -109.09, 64.587 ], [ -108.929, 64.6 ] ] ] } },
{ "type": "Feature", "properties": { }, "geometry": { "type": "Polygon", "coordinates": [ [ [ -109.251, 64.594 ], [ -109.284, 64.702 ], [ -109.24, 64.74 ], [ -109.347, 64.758 ], [ -109.34, 64.655 ], [ -109.251, 64.594 ] ] ] } },
{ "type": "Feature", "properties": { }, "geometry": { "type": "Polygon", "coordinates": [ [ [ -78.866, 71.16 ], [ -79.277, 71.175 ], [ -79.211, 71.097 ], [ -78.896, 71.089 ], [ -78.866, 71.16 ] ] ] } },
{ "type": "Feature", "properties": { }, "geometry": { "type": "Polygon", "coordinates": [ [ [ -104.511, 69.718 ], [ -104.358, 69.815 ], [ -104.862, 69.856 ], [ -104.646, 69.733 ], [ -104.511, 69.718 ] ] ] } },
{ "type": "Feature", "properties": { }, "geometry": { "type": "Polygon", "coordinates": [ [ [ -98.382, 67.384 ], [ -98.486, 67.421 ], [ -98.552, 67.272 ], [ -98.421, 67.192 ], [ -98.229, 67.332 ], [ -98.382, 67.384 ] ] ] } },
{ "type": "Feature", "properties": { }, "geometry": { "type": "Polygon", "coordinates": [ [ [ -96.285, 55.238 ], [ -96.106, 55.217 ], [ -95.733, 55.308 ], [ -95.676, 55.364 ], [ -95.789, 55.4 ], [ -96.055, 55.287 ], [ -96.285, 55.238 ] ] ] } },
{ "type": "Feature", "properties": { }, "geometry": { "type": "Polygon", "coordinates": [ [ [ -102.363, 54.578 ], [ -102.378, 54.516 ], [ -102.256, 54.449 ], [ -102.128, 54.494 ], [ -102.116, 54.708 ], [ -102.287, 54.715 ], [ -102.363, 54.578 ] ] ] } },
{ "type": "Feature", "properties": { }, "geometry": { "type": "Polygon", "coordinates": [ [ [ -105.812, 54.234 ], [ -105.805, 54.078 ], [ -105.714, 54.086 ], [ -105.673, 54.222 ], [ -105.57, 54.327 ], [ -105.568, 54.459 ], [ -105.683, 54.509 ], [ -105.812, 54.234 ] ] ] } },
{ "type": "Feature", "properties": { }, "geometry": { "type": "Polygon", "coordinates": [ [ [ -70.932, 53.519 ], [ -71.019, 53.596 ], [ -71.125, 53.565 ], [ -70.98, 53.431 ], [ -70.861, 53.452 ], [ -70.932, 53.519 ] ] ] } },
{ "type": "Feature", "properties": { }, "geometry": { "type": "Polygon", "coordinates": [ [ [ -60.904, 52.55 ], [ -61.15, 52.589 ], [ -60.79, 52.424 ], [ -60.724, 52.444 ], [ -60.904, 52.55 ] ] ] } },
{ "type": "Feature", "properties": { }, "geometry": { "type": "Polygon", "coordinates": [ [ [ -111.996, 64.66 ], [ -111.887, 64.701 ], [ -112.114, 64.848 ], [ -112.326, 64.86 ], [ -111.988, 64.69 ], [ -111.996, 64.66 ] ] ] } },
{ "type": "Feature", "properties": { }, "geometry": { "type": "Polygon", "coordinates": [ [ [ -83.611, 48.378 ], [ -83.721, 48.421 ], [ -83.854, 48.337 ], [ -83.781, 48.305 ], [ -83.611, 48.378 ] ] ] } },
{ "type": "Feature", "properties": { }, "geometry": { "type": "Polygon", "coordinates": [ [ [ -107.063, 55.82 ], [ -107.009, 55.806 ], [ -106.88, 55.908 ], [ -106.947, 55.921 ], [ -107.063, 55.82 ] ] ] } },
{ "type": "Feature", "properties": { }, "geometry": { "type": "Polygon", "coordinates": [ [ [ -106.472, 55.631 ], [ -106.341, 55.662 ], [ -106.344, 55.76 ], [ -106.539, 55.689 ], [ -106.472, 55.631 ] ] ] } },
{ "type": "Feature", "properties": { }, "geometry": { "type": "Polygon", "coordinates": [ [ [ -102.597, 62.657 ], [ -102.66, 62.76 ], [ -102.774, 62.704 ], [ -102.677, 62.56 ], [ -102.737, 62.41 ], [ -102.576, 62.45 ], [ -102.551, 62.499 ], [ -102.597, 62.657 ] ] ] } },
{ "type": "Feature", "properties": { }, "geometry": { "type": "Polygon", "coordinates": [ [ [ -103.447, 61.366 ], [ -103.296, 61.521 ], [ -103.456, 61.513 ], [ -103.447, 61.366 ] ] ] } },
{ "type": "Feature", "properties": { }, "geometry": { "type": "Polygon", "coordinates": [ [ [ -103.836, 58.609 ], [ -103.668, 58.545 ], [ -103.6, 58.661 ], [ -103.786, 58.691 ], [ -103.836, 58.609 ] ] ] } },
{ "type": "Feature", "properties": { }, "geometry": { "type": "Polygon", "coordinates": [ [ [ -69.153, 56.507 ], [ -69.274, 56.504 ], [ -69.123, 56.332 ], [ -69.153, 56.507 ] ] ] } },
{ "type": "Feature", "properties": { }, "geometry": { "type": "Polygon", "coordinates": [ [ [ -88.93, 66.577 ], [ -89.075, 66.556 ], [ -89.089, 66.483 ], [ -88.93, 66.577 ] ] ] } },
{ "type": "Feature", "properties": { }, "geometry": { "type": "Polygon", "coordinates": [ [ [ -88.202, 66.633 ], [ -88.341, 66.705 ], [ -88.615, 66.711 ], [ -88.711, 66.632 ], [ -88.396, 66.657 ], [ -88.202, 66.633 ] ] ] } },
{ "type": "Feature", "properties": { }, "geometry": { "type": "Polygon", "coordinates": [ [ [ 137.914, -29.1 ], [ 138.014, -29.051 ], [ 137.905, -28.985 ], [ 137.786, -28.84 ], [ 137.676, -28.645 ], [ 137.712, -28.537 ], [ 137.733, -28.39 ], [ 137.774, -28.35 ], [ 137.72, -28.28 ], [ 137.702, -28.143 ], [ 137.453, -28.087 ], [ 137.328, -27.974 ], [ 137.033, -27.859 ], [ 136.891, -27.911 ], [ 136.8, -27.967 ], [ 136.785, -28.019 ], [ 136.889, -28.064 ], [ 136.969, -28.199 ], [ 136.99, -28.314 ], [ 136.966, -28.394 ], [ 136.883, -28.45 ], [ 136.922, -28.689 ], [ 136.894, -28.832 ], [ 136.949, -28.953 ], [ 137.018, -29.015 ], [ 137.12, -28.978 ], [ 137.146, -28.887 ], [ 137.239, -28.892 ], [ 137.344, -29.025 ], [ 137.478, -29.012 ], [ 137.619, -29.051 ], [ 137.777, -29.038 ], [ 137.914, -29.1 ] ] ] } }
]
}
